data,hora,corrente,potencia
2026-08-04,16:03:55,1.370,174.0
2026-08-04,16:03:55,1.370,174.0
2026-08-04,16:03:55,1.370,174.0
2026-08-04,16:03:55,1.370,174.0
2026-08-04,16:03:56,1.370,173.9
2026-08-04,16:03:56,1.369,173.9
2026-08-04,16:03:56,1.369,173.9
2026-08-04,16:03:56,1.369,173.9
2026-08-04,16:03:56,1.369,173.9
2026-08-04,16:03:56,1.369,173.8
2026-08-04,16:03:56,1.369,173.8
2026-08-04,16:03:57,1.369,173.8
2026-08-04,16:03:57,1.369,173.8
2026-08-04,16:03:57,1.369,173.8
2026-08-04,16:03:57,1.369,173.8
2026-08-04,16:03:57,1.369,173.8
2026-08-04,16:03:57,1.369,173.9
2026-08-04,16:03:58,1.369,173.9
2026-08-04,16:03:58,1.369,173.9
2026-08-04,16:03:58,1.369,173.9
2026-08-04,16:03:58,1.369,173.9
2026-08-04,16:03:58,1.369,173.9
2026-08-04,16:03:58,1.369,173.9
2026-08-04,16:03:59,1.369,173.9
2026-08-04,16:03:59,1.369,173.8
2026-08-04,16:03:59,1.369,173.8
2026-08-04,16:03:59,1.369,173.8
2026-08-04,16:03:59,1.369,173.8
2026-08-04,16:03:59,1.369,173.8
2026-08-04,16:04:00,1.369,173.8
2026-08-04,16:04:00,1.369,173.8
2026-08-04,16:04:00,1.368,173.8
2026-08-04,16:04:00,1.368,173.8
2026-08-04,16:04:00,1.368,173.8
2026-08-04,16:04:00,1.368,173.8
2026-08-04,16:04:01,1.368,173.8
2026-08-04,16:04:01,1.368,173.8
2026-08-04,16:04:01,1.368,173.8
2026-08-04,16:04:01,1.368,173.8
2026-08-04,16:04:01,1.368,173.8
2026-08-04,16:04:01,1.368,173.8
2026-08-04,16:04:02,1.368,173.8
2026-08-04,16:04:02,1.368,173.8
2026-08-04,16:04:02,1.368,173.8
2026-08-04,16:04:02,1.368,173.8
2026-08-04,16:04:02,1.368,173.8
2026-08-04,16:04:02,1.368,173.8
2026-08-04,16:04:03,1.368,173.8
2026-08-04,16:04:03,1.368,173.8
2026-08-04,16:04:03,1.368,173.8
2026-08-04,16:04:03,1.368,173.8
2026-08-04,16:04:03,1.368,173.8
2026-08-04,16:04:03,1.368,173.8
2026-08-04,16:04:04,1.368,173.7
2026-08-04,16:04:04,1.368,173.7
2026-08-04,16:04:04,1.368,173.7
2026-08-04,16:04:04,1.368,173.7
2026-08-04,16:04:04,1.368,173.7
2026-08-04,16:04:04,1.368,173.7
2026-08-04,16:04:05,1.368,173.7
2026-08-04,16:04:05,1.368,173.7
2026-08-04,16:04:05,1.368,173.7
2026-08-04,16:04:05,1.368,173.7
2026-08-04,16:04:05,1.368,173.7
2026-08-04,16:04:05,1.368,173.7
2026-08-04,16:04:06,1.368,173.7
2026-08-04,16:04:06,1.368,173.7
2026-08-04,16:04:06,1.368,173.7
2026-08-04,16:04:06,1.368,173.7
2026-08-04,16:04:06,1.368,173.7
2026-08-04,16:04:06,1.368,173.7
2026-08-04,16:04:07,1.368,173.7
2026-08-04,16:04:07,1.368,173.7
2026-08-04,16:04:07,1.368,173.7
2026-08-04,16:04:07,1.368,173.7
2026-08-04,16:04:07,1.368,173.7
2026-08-04,16:04:07,1.368,173.7
2026-08-04,16:04:08,1.368,173.7
2026-08-04,16:04:08,1.368,173.7
2026-08-04,16:04:08,1.368,173.7
2026-08-04,16:04:08,1.368,173.8
2026-08-04,16:04:08,1.368,173.8
2026-08-04,16:04:08,1.368,173.8
2026-08-04,16:04:09,1.369,173.8
2026-08-04,16:04:09,1.369,173.8
2026-08-04,16:04:09,1.368,173.8
2026-08-04,16:04:09,1.368,173.8
2026-08-04,16:04:09,1.368,173.8
2026-08-04,16:04:09,1.368,173.7
2026-08-04,16:04:10,1.368,173.7
2026-08-04,16:04:10,1.368,173.7
2026-08-04,16:04:10,1.368,173.7
2026-08-04,16:04:10,1.367,173.7
2026-08-04,16:04:10,1.367,173.6
2026-08-04,16:04:10,1.367,173.6
2026-08-04,16:04:11,1.367,173.6
2026-08-04,16:04:11,1.367,173.6
2026-08-04,16:04:11,1.366,173.5
2026-08-04,16:04:11,1.366,173.5
2026-08-04,16:04:11,1.366,173.5
2026-08-04,16:04:11,1.366,173.5
2026-08-04,16:04:12,1.366,173.5
2026-08-04,16:04:12,1.366,173.4
2026-08-04,16:04:12,1.366,173.4
2026-08-04,16:04:12,1.366,173.4
2026-08-04,16:04:12,1.366,173.4
2026-08-04,16:04:12,1.366,173.4
2026-08-04,16:04:13,1.366,173.4
2026-08-04,16:04:13,1.366,173.4
2026-08-04,16:04:13,1.366,173.4
2026-08-04,16:04:13,1.366,173.4
2026-08-04,16:04:13,1.365,173.4
2026-08-04,16:04:13,1.365,173.4
2026-08-04,16:04:13,1.365,173.4
2026-08-04,16:04:14,1.365,173.4
2026-08-04,16:04:14,1.365,173.4
2026-08-04,16:04:14,1.365,173.4
2026-08-04,16:04:14,1.365,173.4
2026-08-04,16:04:14,1.365,173.4
2026-08-04,16:04:14,1.365,173.4
2026-08-04,16:04:15,1.365,173.4
2026-08-04,16:04:15,1.365,173.4
2026-08-04,16:04:15,1.365,173.4
2026-08-04,16:04:15,1.365,173.4
2026-08-04,16:04:15,1.365,173.4
2026-08-04,16:04:15,1.365,173.4
2026-08-04,16:04:16,1.365,173.4
2026-08-04,16:04:16,1.365,173.4
2026-08-04,16:04:16,1.365,173.4
2026-08-04,16:04:16,1.365,173.4
2026-08-04,16:04:16,1.365,173.4
2026-08-04,16:04:16,1.365,173.4
2026-08-04,16:04:17,1.365,173.3
2026-08-04,16:04:17,1.365,173.3
2026-08-04,16:04:17,1.365,173.3
2026-08-04,16:04:17,1.365,173.3
2026-08-04,16:04:17,1.364,173.3
2026-08-04,16:04:17,1.364,173.3
2026-08-04,16:04:18,1.364,173.3
2026-08-04,16:04:18,1.364,173.3
2026-08-04,16:04:18,1.364,173.2
2026-08-04,16:04:18,1.364,173.2
2026-08-04,16:04:18,1.364,173.2
2026-08-04,16:04:18,1.364,173.2
2026-08-04,16:04:19,1.364,173.2
2026-08-04,16:04:19,1.364,173.2
2026-08-04,16:04:19,1.364,173.2
2026-08-04,16:04:19,1.364,173.2
2026-08-04,16:04:19,1.364,173.2
2026-08-04,16:04:19,1.364,173.2
2026-08-04,16:04:20,1.364,173.2
2026-08-04,16:04:20,1.364,173.2
2026-08-04,16:04:20,1.364,173.2
2026-08-04,16:04:20,1.364,173.2
2026-08-04,16:04:20,1.364,173.3
2026-08-04,16:04:20,1.364,173.2
2026-08-04,16:04:21,1.364,173.3
2026-08-04,16:04:21,1.364,173.3
2026-08-04,16:04:21,1.364,173.3
2026-08-04,16:04:21,1.364,173.3
2026-08-04,16:04:21,1.364,173.3
2026-08-04,16:04:21,1.364,173.3
2026-08-04,16:04:22,1.364,173.3
2026-08-04,16:04:22,1.364,173.3
2026-08-04,16:04:22,1.364,173.3
2026-08-04,16:04:22,1.364,173.3
2026-08-04,16:04:22,1.364,173.3
2026-08-04,16:04:22,1.364,173.3
2026-08-04,16:04:23,1.365,173.3
2026-08-04,16:04:23,1.365,173.3
2026-08-04,16:04:23,1.365,173.3
2026-08-04,16:04:23,1.365,173.4
2026-08-04,16:04:23,1.365,173.4
2026-08-04,16:04:23,1.365,173.4
2026-08-04,16:04:24,1.365,173.4
2026-08-04,16:04:24,1.365,173.4
2026-08-04,16:04:24,1.365,173.4
2026-08-04,16:04:24,1.365,173.4
2026-08-04,16:04:24,1.365,173.4
2026-08-04,16:04:24,1.365,173.4
2026-08-04,16:04:25,1.365,173.4
2026-08-04,16:04:25,1.365,173.4
2026-08-04,16:04:25,1.365,173.4
2026-08-04,16:04:25,1.365,173.4
2026-08-04,16:04:25,1.365,173.4
2026-08-04,16:04:25,1.365,173.4
2026-08-04,16:04:26,1.365,173.4
2026-08-04,16:04:26,1.365,173.4
2026-08-04,16:04:26,1.365,173.4
2026-08-04,16:04:26,1.365,173.4
2026-08-04,16:04:26,1.365,173.4
2026-08-04,16:04:26,1.365,173.4
2026-08-04,16:04:27,1.365,173.4
2026-08-04,16:04:27,1.365,173.4
2026-08-04,16:04:27,1.365,173.4
2026-08-04,16:04:27,1.365,173.4
2026-08-04,16:04:27,1.366,173.4
2026-08-04,16:04:27,1.366,173.4
2026-08-04,16:04:28,1.366,173.4
2026-08-04,16:04:28,1.366,173.5
2026-08-04,16:04:28,1.366,173.5
2026-08-04,16:04:28,1.366,173.5
2026-08-04,16:04:28,1.366,173.5
2026-08-04,16:04:28,1.366,173.5
2026-08-04,16:04:29,1.366,173.5
2026-08-04,16:04:29,1.366,173.5
2026-08-04,16:04:29,1.366,173.5
2026-08-04,16:04:29,1.366,173.5
2026-08-04,16:04:29,1.366,173.5
2026-08-04,16:04:29,1.366,173.4
2026-08-04,16:04:30,1.366,173.4
2026-08-04,16:04:30,1.366,173.4
2026-08-04,16:04:30,1.365,173.4
2026-08-04,16:04:30,1.365,173.4
2026-08-04,16:04:30,1.365,173.4
2026-08-04,16:04:30,1.365,173.3
2026-08-04,16:04:30,1.365,173.3
2026-08-04,16:04:31,1.365,173.4
2026-08-04,16:04:31,1.365,173.4
2026-08-04,16:04:31,1.365,173.4
2026-08-04,16:04:31,1.365,173.4
2026-08-04,16:04:31,1.365,173.4
2026-08-04,16:04:31,1.365,173.4
2026-08-04,16:04:32,1.365,173.4
2026-08-04,16:04:32,1.365,173.4
2026-08-04,16:04:32,1.365,173.4
2026-08-04,16:04:32,1.365,173.4
2026-08-04,16:04:32,1.365,173.4
2026-08-04,16:04:32,1.365,173.4
2026-08-04,16:04:33,1.365,173.4
2026-08-04,16:04:33,1.365,173.4
2026-08-04,16:04:33,1.366,173.4
2026-08-04,16:04:33,1.366,173.4
2026-08-04,16:04:33,1.366,173.5
2026-08-04,16:04:33,1.366,173.5
2026-08-04,16:04:34,1.366,173.5
2026-08-04,16:04:34,1.366,173.5
2026-08-04,16:04:34,1.366,173.5
2026-08-04,16:04:34,1.366,173.5
2026-08-04,16:04:34,1.366,173.5
2026-08-04,16:04:34,1.366,173.4
2026-08-04,16:04:35,1.366,173.4
2026-08-04,16:04:35,1.366,173.4
2026-08-04,16:04:35,1.366,173.4
2026-08-04,16:04:35,1.366,173.4
2026-08-04,16:04:35,1.366,173.4
2026-08-04,16:04:35,1.366,173.4
2026-08-04,16:04:36,1.366,173.4
2026-08-04,16:04:36,1.365,173.4
2026-08-04,16:04:36,1.365,173.4
2026-08-04,16:04:36,1.365,173.4
2026-08-04,16:04:36,1.365,173.4
2026-08-04,16:04:36,1.365,173.4
2026-08-04,16:04:37,1.365,173.4
2026-08-04,16:04:37,1.365,173.4
2026-08-04,16:04:37,1.365,173.4
2026-08-04,16:04:37,1.365,173.4
2026-08-04,16:04:37,1.365,173.4
2026-08-04,16:04:37,1.365,173.4
2026-08-04,16:04:38,1.365,173.4
2026-08-04,16:04:38,1.365,173.3
2026-08-04,16:04:38,1.365,173.3
2026-08-04,16:04:38,1.365,173.3
2026-08-04,16:04:38,1.365,173.4
2026-08-04,16:04:38,1.365,173.4
2026-08-04,16:04:39,1.365,173.4
2026-08-04,16:04:39,1.365,173.4
2026-08-04,16:04:39,1.365,173.4
2026-08-04,16:04:39,1.365,173.4
2026-08-04,16:04:39,1.366,173.4
2026-08-04,16:04:39,1.366,173.5
2026-08-04,16:04:40,1.366,173.5
2026-08-04,16:04:40,1.366,173.5
2026-08-04,16:04:40,1.366,173.5
2026-08-04,16:04:40,1.366,173.5
2026-08-04,16:04:40,1.366,173.5
2026-08-04,16:04:40,1.366,173.5
2026-08-04,16:04:41,1.366,173.5
2026-08-04,16:04:41,1.366,173.5
2026-08-04,16:04:41,1.366,173.5
2026-08-04,16:04:41,1.366,173.5
2026-08-04,16:04:41,1.366,173.5
2026-08-04,16:04:41,1.366,173.5
2026-08-04,16:04:42,1.366,173.5
2026-08-04,16:04:42,1.366,173.4
2026-08-04,16:04:42,1.366,173.4
2026-08-04,16:04:42,1.366,173.4
2026-08-04,16:04:42,1.365,173.4
2026-08-04,16:04:42,1.365,173.4
2026-08-04,16:04:43,1.365,173.4
2026-08-04,16:04:43,1.365,173.4
2026-08-04,16:04:43,1.365,173.3
2026-08-04,16:04:43,1.365,173.3
2026-08-04,16:04:43,1.365,173.3
2026-08-04,16:04:43,1.364,173.3
2026-08-04,16:04:44,1.364,173.3
2026-08-04,16:04:44,1.364,173.3
2026-08-04,16:04:44,1.364,173.2
2026-08-04,16:04:44,1.364,173.2
2026-08-04,16:04:44,1.364,173.2
2026-08-04,16:04:44,1.364,173.2
2026-08-04,16:04:45,1.363,173.2
2026-08-04,16:04:45,1.363,173.2
2026-08-04,16:04:45,1.363,173.2
2026-08-04,16:04:45,1.363,173.2
2026-08-04,16:04:45,1.363,173.2
2026-08-04,16:04:45,1.363,173.2
2026-08-04,16:04:46,1.363,173.2
2026-08-04,16:04:46,1.363,173.1
2026-08-04,16:04:46,1.363,173.1
2026-08-04,16:04:46,1.363,173.1
2026-08-04,16:04:46,1.363,173.1
2026-08-04,16:04:46,1.363,173.1
2026-08-04,16:04:46,1.363,173.1
2026-08-04,16:04:47,1.363,173.1
2026-08-04,16:04:47,1.363,173.1
2026-08-04,16:04:47,1.363,173.1
2026-08-04,16:04:47,1.363,173.1
2026-08-04,16:04:47,1.363,173.1
2026-08-04,16:04:47,1.363,173.1
2026-08-04,16:04:48,1.363,173.1
2026-08-04,16:04:48,1.363,173.1
2026-08-04,16:04:48,1.363,173.1
2026-08-04,16:04:48,1.363,173.1
2026-08-04,16:04:48,1.363,173.1
2026-08-04,16:04:48,1.363,173.1
2026-08-04,16:04:49,1.363,173.1
2026-08-04,16:04:49,1.363,173.1
2026-08-04,16:04:49,1.363,173.1
2026-08-04,16:04:49,1.363,173.1
2026-08-04,16:04:49,1.363,173.1
2026-08-04,16:04:49,1.363,173.1
2026-08-04,16:04:50,1.363,173.1
2026-08-04,16:04:50,1.363,173.1
2026-08-04,16:04:50,1.363,173.1
2026-08-04,16:04:50,1.363,173.1
2026-08-04,16:04:50,1.363,173.1
2026-08-04,16:04:50,1.363,173.1
2026-08-04,16:04:51,1.363,173.1
2026-08-04,16:04:51,1.363,173.1
2026-08-04,16:04:51,1.363,173.1
2026-08-04,16:04:51,1.363,173.2
2026-08-04,16:04:51,1.363,173.2
2026-08-04,16:04:51,1.364,173.2
2026-08-04,16:04:52,1.364,173.2
2026-08-04,16:04:52,1.364,173.2
2026-08-04,16:04:52,1.364,173.2
2026-08-04,16:04:52,1.364,173.2
2026-08-04,16:04:52,1.364,173.2
2026-08-04,16:04:52,1.364,173.2
2026-08-04,16:04:53,1.364,173.2
2026-08-04,16:04:53,1.364,173.3
2026-08-04,16:04:53,1.364,173.3
2026-08-04,16:04:53,1.364,173.3
2026-08-04,16:04:53,1.364,173.3
2026-08-04,16:04:53,1.364,173.3
2026-08-04,16:04:54,1.364,173.3
2026-08-04,16:04:54,1.364,173.3
2026-08-04,16:04:54,1.364,173.3
2026-08-04,16:04:54,1.364,173.3
2026-08-04,16:04:54,1.364,173.2
2026-08-04,16:04:54,1.364,173.2
2026-08-04,16:04:55,1.364,173.2
2026-08-04,16:04:55,1.364,173.2
2026-08-04,16:04:55,1.364,173.2
2026-08-04,16:04:55,1.364,173.2
2026-08-04,16:04:55,1.364,173.2
2026-08-04,16:04:55,1.364,173.2
2026-08-04,16:04:56,1.364,173.2
2026-08-04,16:04:56,1.364,173.2
2026-08-04,16:04:56,1.364,173.2
2026-08-04,16:04:56,1.364,173.2
2026-08-04,16:04:56,1.364,173.2
2026-08-04,16:04:56,1.364,173.2
2026-08-04,16:04:57,1.364,173.2
2026-08-04,16:04:57,1.364,173.2
2026-08-04,16:04:57,1.364,173.2
2026-08-04,16:04:57,1.364,173.2
2026-08-04,16:04:57,1.364,173.2
2026-08-04,16:04:57,1.364,173.2
2026-08-04,16:04:58,1.364,173.2
2026-08-04,16:04:58,1.364,173.2
2026-08-04,16:04:58,1.364,173.2
2026-08-04,16:04:58,1.364,173.2
2026-08-04,16:04:58,1.364,173.2
2026-08-04,16:04:58,1.364,173.2
2026-08-04,16:04:59,1.364,173.2
2026-08-04,16:04:59,1.364,173.2
2026-08-04,16:04:59,1.364,173.2
2026-08-04,16:04:59,1.364,173.2
2026-08-04,16:04:59,1.364,173.2
2026-08-04,16:04:59,1.364,173.2
2026-08-04,16:05:00,1.364,173.2
2026-08-04,16:05:00,1.364,173.2
2026-08-04,16:05:00,1.364,173.2
2026-08-04,16:05:00,1.364,173.2
2026-08-04,16:05:00,1.364,173.2
2026-08-04,16:05:00,1.363,173.2
2026-08-04,16:05:01,1.363,173.2
2026-08-04,16:05:01,1.363,173.1
2026-08-04,16:05:01,1.363,173.1
2026-08-04,16:05:01,1.363,173.1
2026-08-04,16:05:01,1.363,173.1
2026-08-04,16:05:01,1.363,173.1
2026-08-04,16:05:02,1.363,173.1
2026-08-04,16:05:02,1.363,173.1
2026-08-04,16:05:02,1.363,173.1
2026-08-04,16:05:02,1.363,173.1
2026-08-04,16:05:02,1.363,173.1
2026-08-04,16:05:02,1.363,173.1
2026-08-04,16:05:03,1.363,173.1
2026-08-04,16:05:03,1.363,173.1
2026-08-04,16:05:03,1.363,173.1
2026-08-04,16:05:03,1.363,173.1
2026-08-04,16:05:03,1.363,173.1
2026-08-04,16:05:03,1.363,173.1
2026-08-04,16:05:03,1.363,173.1
2026-08-04,16:05:04,1.363,173.1
2026-08-04,16:05:04,1.363,173.1
2026-08-04,16:05:04,1.363,173.1
2026-08-04,16:05:04,1.363,173.1
2026-08-04,16:05:04,1.363,173.1
2026-08-04,16:05:04,1.363,173.1
2026-08-04,16:05:05,1.363,173.1
2026-08-04,16:05:05,1.363,173.1
2026-08-04,16:05:05,1.363,173.1
2026-08-04,16:05:05,1.363,173.1
2026-08-04,16:05:05,1.363,173.1
2026-08-04,16:05:05,1.363,173.1
2026-08-04,16:05:06,1.363,173.1
2026-08-04,16:05:06,1.363,173.1
2026-08-04,16:05:06,1.363,173.1
2026-08-04,16:05:06,1.363,173.1
2026-08-04,16:05:06,1.363,173.1
2026-08-04,16:05:06,1.363,173.1
2026-08-04,16:05:07,1.363,173.1
2026-08-04,16:05:07,1.363,173.1
2026-08-04,16:05:07,1.363,173.1
2026-08-04,16:05:07,1.363,173.1
2026-08-04,16:05:07,1.363,173.1
2026-08-04,16:05:07,1.363,173.1
2026-08-04,16:05:08,1.363,173.1
2026-08-04,16:05:08,1.363,173.1
2026-08-04,16:05:08,1.363,173.1
2026-08-04,16:05:08,1.363,173.0
2026-08-04,16:05:08,1.362,173.0
2026-08-04,16:05:08,1.362,173.0
2026-08-04,16:05:09,1.362,173.0
2026-08-04,16:05:09,1.362,173.0
2026-08-04,16:05:09,1.362,173.0
2026-08-04,16:05:09,1.362,173.0
2026-08-04,16:05:09,1.362,173.0
2026-08-04,16:05:09,1.362,173.0
2026-08-04,16:05:10,1.362,173.0
2026-08-04,16:05:10,1.362,173.0
2026-08-04,16:05:10,1.362,173.0
2026-08-04,16:05:10,1.362,173.0
2026-08-04,16:05:10,1.362,173.0
2026-08-04,16:05:10,1.362,173.0
2026-08-04,16:05:11,1.362,173.0
2026-08-04,16:05:11,1.362,173.0
2026-08-04,16:05:11,1.362,173.0
2026-08-04,16:05:11,1.362,173.0
2026-08-04,16:05:11,1.362,173.0
2026-08-04,16:05:11,1.362,173.0
2026-08-04,16:05:12,1.362,173.0
2026-08-04,16:05:12,1.362,172.9
2026-08-04,16:05:12,1.362,172.9
2026-08-04,16:05:12,1.362,172.9
2026-08-04,16:05:12,1.362,172.9
2026-08-04,16:05:12,1.362,172.9
2026-08-04,16:05:13,1.362,172.9
2026-08-04,16:05:13,1.361,172.9
2026-08-04,16:05:13,1.361,172.9
2026-08-04,16:05:13,1.361,172.9
2026-08-04,16:05:13,1.361,172.9
2026-08-04,16:05:13,1.361,172.9
2026-08-04,16:05:14,1.361,172.9
2026-08-04,16:05:14,1.361,172.9
2026-08-04,16:05:14,1.361,172.9
2026-08-04,16:05:14,1.361,172.9
2026-08-04,16:05:14,1.361,172.9
2026-08-04,16:05:14,1.361,172.9
2026-08-04,16:05:15,1.361,172.9
2026-08-04,16:05:15,1.361,172.9
2026-08-04,16:05:15,1.361,172.9
2026-08-04,16:05:15,1.361,172.9
2026-08-04,16:05:15,1.361,172.9
2026-08-04,16:05:15,1.361,172.9
2026-08-04,16:05:16,1.361,172.9
2026-08-04,16:05:16,1.361,172.9
2026-08-04,16:05:16,1.361,172.9
2026-08-04,16:05:16,1.361,172.9
2026-08-04,16:05:16,1.361,172.9
2026-08-04,16:05:16,1.361,172.9
2026-08-04,16:05:17,1.361,172.9
2026-08-04,16:05:17,1.361,172.9
2026-08-04,16:05:17,1.361,172.9
2026-08-04,16:05:17,1.361,172.9
2026-08-04,16:05:17,1.361,172.9
2026-08-04,16:05:17,1.362,172.9
2026-08-04,16:05:18,1.362,172.9
2026-08-04,16:05:18,1.362,172.9
2026-08-04,16:05:18,1.362,172.9
2026-08-04,16:05:18,1.362,172.9
2026-08-04,16:05:18,1.362,172.9
2026-08-04,16:05:18,1.362,172.9
2026-08-04,16:05:19,1.362,173.0
2026-08-04,16:05:19,1.362,173.0
2026-08-04,16:05:19,1.362,173.0
2026-08-04,16:05:19,1.362,173.0
2026-08-04,16:05:19,1.362,173.0
2026-08-04,16:05:19,1.362,173.0
2026-08-04,16:05:19,1.362,173.0
2026-08-04,16:05:20,1.362,173.0
2026-08-04,16:05:20,1.362,173.0
2026-08-04,16:05:20,1.362,173.0
2026-08-04,16:05:20,1.362,173.0
2026-08-04,16:05:20,1.362,173.0
2026-08-04,16:05:20,1.362,173.0
2026-08-04,16:05:21,1.362,172.9
2026-08-04,16:05:21,1.362,172.9
2026-08-04,16:05:21,1.362,172.9
2026-08-04,16:05:21,1.362,172.9
2026-08-04,16:05:21,1.362,172.9
2026-08-04,16:05:21,1.362,172.9
2026-08-04,16:05:22,1.362,172.9
2026-08-04,16:05:22,1.362,172.9
2026-08-04,16:05:22,1.362,172.9
2026-08-04,16:05:22,1.362,172.9
2026-08-04,16:05:22,1.362,173.0
2026-08-04,16:05:22,1.362,173.0
2026-08-04,16:05:23,1.362,173.0
2026-08-04,16:05:23,1.362,173.0
2026-08-04,16:05:23,1.362,173.0
2026-08-04,16:05:23,1.362,173.0
2026-08-04,16:05:23,1.362,173.0
2026-08-04,16:05:23,1.362,173.0
2026-08-04,16:05:24,1.363,173.0
2026-08-04,16:05:24,1.363,173.1
2026-08-04,16:05:24,1.363,173.1
2026-08-04,16:05:24,1.363,173.1
2026-08-04,16:05:24,1.363,173.1
2026-08-04,16:05:24,1.363,173.1
2026-08-04,16:05:25,1.363,173.1
2026-08-04,16:05:25,1.363,173.1
2026-08-04,16:05:25,1.363,173.1
2026-08-04,16:05:25,1.363,173.1
2026-08-04,16:05:25,1.363,173.1
2026-08-04,16:05:25,1.363,173.1
2026-08-04,16:05:26,1.363,173.1
2026-08-04,16:05:26,1.363,173.1
2026-08-04,16:05:26,1.363,173.1
2026-08-04,16:05:26,1.363,173.1
2026-08-04,16:05:26,1.363,173.1
2026-08-04,16:05:26,1.363,173.1
2026-08-04,16:05:27,1.363,173.1
2026-08-04,16:05:27,1.363,173.1
2026-08-04,16:05:27,1.363,173.1
2026-08-04,16:05:27,1.363,173.1
2026-08-04,16:05:27,1.363,173.1
2026-08-04,16:05:27,1.363,173.1
2026-08-04,16:05:28,1.363,173.1
2026-08-04,16:05:28,1.363,173.1
2026-08-04,16:05:28,1.363,173.1
2026-08-04,16:05:28,1.363,173.1
2026-08-04,16:05:28,1.363,173.1
2026-08-04,16:05:28,1.363,173.1
2026-08-04,16:05:29,1.363,173.1
2026-08-04,16:05:29,1.363,173.1
2026-08-04,16:05:29,1.363,173.1
2026-08-04,16:05:29,1.363,173.1
2026-08-04,16:05:29,1.363,173.1
2026-08-04,16:05:29,1.363,173.1
2026-08-04,16:05:30,1.363,173.1
2026-08-04,16:05:30,1.363,173.1
2026-08-04,16:05:30,1.363,173.1
2026-08-04,16:05:30,1.363,173.1
2026-08-04,16:05:30,1.363,173.1
2026-08-04,16:05:30,1.363,173.1
2026-08-04,16:05:31,1.363,173.1
2026-08-04,16:05:31,1.363,173.1
2026-08-04,16:05:31,1.363,173.2
2026-08-04,16:05:31,1.363,173.2
2026-08-04,16:05:31,1.364,173.2
2026-08-04,16:05:31,1.364,173.2
2026-08-04,16:05:32,1.364,173.2
2026-08-04,16:05:32,1.364,173.2
2026-08-04,16:05:32,1.364,173.2
2026-08-04,16:05:32,1.364,173.2
2026-08-04,16:05:32,1.364,173.2
2026-08-04,16:05:32,1.364,173.2
2026-08-04,16:05:33,1.364,173.2
2026-08-04,16:05:33,1.364,173.2
2026-08-04,16:05:33,1.364,173.2
2026-08-04,16:05:33,1.364,173.2
2026-08-04,16:05:33,1.364,173.2
2026-08-04,16:05:33,1.364,173.2
2026-08-04,16:05:34,1.364,173.2
2026-08-04,16:05:34,1.364,173.2
2026-08-04,16:05:34,1.364,173.2
2026-08-04,16:05:34,1.364,173.2
2026-08-04,16:05:34,1.364,173.2
2026-08-04,16:05:34,1.364,173.2
2026-08-04,16:05:35,1.364,173.2
2026-08-04,16:05:35,1.364,173.3
2026-08-04,16:05:35,1.364,173.3
2026-08-04,16:05:35,1.364,173.3
2026-08-04,16:05:35,1.364,173.3
2026-08-04,16:05:35,1.364,173.3
2026-08-04,16:05:36,1.364,173.3
2026-08-04,16:05:36,1.364,173.3
2026-08-04,16:05:36,1.364,173.3
2026-08-04,16:05:36,1.364,173.3
2026-08-04,16:05:36,1.364,173.3
2026-08-04,16:05:36,1.364,173.3
2026-08-04,16:05:36,1.364,173.2
2026-08-04,16:05:37,1.364,173.2
2026-08-04,16:05:37,1.364,173.2
2026-08-04,16:05:37,1.364,173.2
2026-08-04,16:05:37,1.364,173.2
2026-08-04,16:05:37,1.364,173.2
2026-08-04,16:05:37,1.364,173.2
2026-08-04,16:05:38,1.364,173.2
2026-08-04,16:05:38,1.364,173.2
2026-08-04,16:05:38,1.364,173.2
2026-08-04,16:05:38,1.364,173.2
2026-08-04,16:05:38,1.364,173.2
2026-08-04,16:05:38,1.364,173.2
2026-08-04,16:05:39,1.363,173.2
2026-08-04,16:05:39,1.363,173.1
2026-08-04,16:05:39,1.363,173.1
2026-08-04,16:05:39,1.363,173.1
2026-08-04,16:05:39,1.363,173.1
2026-08-04,16:05:39,1.363,173.1
2026-08-04,16:05:40,1.363,173.1
2026-08-04,16:05:40,1.363,173.1
2026-08-04,16:05:40,1.363,173.1
2026-08-04,16:05:40,1.363,173.2
2026-08-04,16:05:40,1.364,173.2
2026-08-04,16:05:40,1.364,173.2
2026-08-04,16:05:41,1.364,173.2
2026-08-04,16:05:41,1.364,173.2
2026-08-04,16:05:41,1.364,173.2
2026-08-04,16:05:41,1.364,173.2
2026-08-04,16:05:41,1.364,173.2
2026-08-04,16:05:41,1.364,173.3
2026-08-04,16:05:42,1.364,173.3
2026-08-04,16:05:42,1.364,173.3
2026-08-04,16:05:42,1.364,173.3
2026-08-04,16:05:42,1.365,173.3
2026-08-04,16:05:42,1.365,173.3
2026-08-04,16:05:42,1.365,173.3
2026-08-04,16:05:43,1.365,173.3
2026-08-04,16:05:43,1.365,173.3
2026-08-04,16:05:43,1.365,173.3
2026-08-04,16:05:43,1.365,173.4
2026-08-04,16:05:43,1.365,173.4
2026-08-04,16:05:43,1.365,173.4
2026-08-04,16:05:44,1.365,173.4
2026-08-04,16:05:44,1.365,173.4
2026-08-04,16:05:44,1.365,173.4
2026-08-04,16:05:44,1.365,173.4
2026-08-04,16:05:44,1.365,173.4
2026-08-04,16:05:44,1.365,173.3
2026-08-04,16:05:45,1.365,173.3
2026-08-04,16:05:45,1.365,173.3
2026-08-04,16:05:45,1.365,173.3
2026-08-04,16:05:45,1.365,173.3
2026-08-04,16:05:45,1.365,173.3
2026-08-04,16:05:45,1.364,173.3
2026-08-04,16:05:46,1.364,173.3
2026-08-04,16:05:46,1.364,173.3
2026-08-04,16:05:46,1.364,173.2
2026-08-04,16:05:46,1.364,173.2
2026-08-04,16:05:46,1.364,173.2
2026-08-04,16:05:46,1.364,173.2
2026-08-04,16:05:47,1.364,173.2
2026-08-04,16:05:47,1.364,173.2
2026-08-04,16:05:47,1.364,173.2
2026-08-04,16:05:47,1.364,173.2
2026-08-04,16:05:47,1.364,173.2
2026-08-04,16:05:47,1.364,173.2
2026-08-04,16:05:48,1.364,173.2
2026-08-04,16:05:48,1.364,173.2
2026-08-04,16:05:48,1.364,173.2
2026-08-04,16:05:48,1.364,173.2
2026-08-04,16:05:48,1.364,173.2
2026-08-04,16:05:48,1.364,173.2
2026-08-04,16:05:49,1.364,173.2
2026-08-04,16:05:49,1.364,173.2
2026-08-04,16:05:49,1.364,173.2
2026-08-04,16:05:49,1.364,173.2
2026-08-04,16:05:49,1.364,173.2
2026-08-04,16:05:49,1.364,173.2
2026-08-04,16:05:50,1.364,173.2
2026-08-04,16:05:50,1.364,173.2
2026-08-04,16:05:50,1.364,173.2
2026-08-04,16:05:50,1.364,173.2
2026-08-04,16:05:50,1.364,173.2
2026-08-04,16:05:50,1.364,173.2
2026-08-04,16:05:51,1.364,173.2
2026-08-04,16:05:51,1.364,173.2
2026-08-04,16:05:51,1.364,173.2
2026-08-04,16:05:51,1.364,173.2
2026-08-04,16:05:51,1.364,173.2
2026-08-04,16:05:51,1.364,173.2
2026-08-04,16:05:52,1.364,173.2
2026-08-04,16:05:52,1.364,173.2
2026-08-04,16:05:52,1.364,173.2
2026-08-04,16:05:52,1.364,173.2
2026-08-04,16:05:52,1.364,173.2
2026-08-04,16:05:52,1.364,173.2
2026-08-04,16:05:52,1.364,173.2
2026-08-04,16:05:53,1.364,173.2
2026-08-04,16:05:53,1.364,173.2
2026-08-04,16:05:53,1.364,173.2
2026-08-04,16:05:53,1.364,173.2
2026-08-04,16:05:53,1.364,173.2
2026-08-04,16:05:53,1.364,173.2
2026-08-04,16:05:54,1.364,173.2
2026-08-04,16:05:54,1.364,173.2
2026-08-04,16:05:54,1.364,173.2
2026-08-04,16:05:54,1.364,173.2
2026-08-04,16:05:54,1.364,173.2
2026-08-04,16:05:54,1.364,173.2
2026-08-04,16:05:55,1.364,173.2
2026-08-04,16:05:55,1.364,173.2
2026-08-04,16:05:55,1.364,173.2
2026-08-04,16:05:55,1.364,173.2
2026-08-04,16:05:55,1.364,173.2
2026-08-04,16:05:55,1.364,173.2
2026-08-04,16:05:56,1.364,173.2
2026-08-04,16:05:56,1.364,173.2
2026-08-04,16:05:56,1.364,173.2
2026-08-04,16:05:56,1.364,173.2
2026-08-04,16:05:56,1.364,173.2
2026-08-04,16:05:56,1.364,173.2
2026-08-04,16:05:57,1.364,173.2
2026-08-04,16:05:57,1.364,173.2
2026-08-04,16:05:57,1.364,173.2
2026-08-04,16:05:57,1.364,173.2
2026-08-04,16:05:57,1.364,173.2
2026-08-04,16:05:57,1.364,173.2
2026-08-04,16:05:58,1.364,173.2
2026-08-04,16:05:58,1.364,173.2
2026-08-04,16:05:58,1.364,173.2
2026-08-04,16:05:58,1.364,173.2
2026-08-04,16:05:58,1.364,173.2
2026-08-04,16:05:58,1.364,173.2
2026-08-04,16:05:59,1.364,173.2
2026-08-04,16:05:59,1.364,173.2
2026-08-04,16:05:59,1.364,173.2
2026-08-04,16:05:59,1.364,173.2
2026-08-04,16:05:59,1.364,173.2
2026-08-04,16:05:59,1.364,173.2
2026-08-04,16:06:00,1.364,173.2
2026-08-04,16:06:00,1.364,173.2
2026-08-04,16:06:00,1.363,173.2
2026-08-04,16:06:00,1.363,173.2
2026-08-04,16:06:00,1.363,173.2
2026-08-04,16:06:00,1.363,173.1
2026-08-04,16:06:01,1.363,173.1
2026-08-04,16:06:01,1.363,173.1
2026-08-04,16:06:01,1.363,173.1
2026-08-04,16:06:01,1.363,173.1
2026-08-04,16:06:01,1.363,173.1
2026-08-04,16:06:01,1.363,173.1
2026-08-04,16:06:02,1.363,173.1
2026-08-04,16:06:02,1.363,173.1
2026-08-04,16:06:02,1.363,173.1
2026-08-04,16:06:02,1.363,173.1
2026-08-04,16:06:02,1.363,173.1
2026-08-04,16:06:02,1.363,173.1
2026-08-04,16:06:03,1.363,173.1
2026-08-04,16:06:03,1.363,173.1
2026-08-04,16:06:03,1.363,173.1
2026-08-04,16:06:03,1.363,173.1
2026-08-04,16:06:03,1.363,173.1
2026-08-04,16:06:03,1.363,173.0
2026-08-04,16:06:04,1.363,173.0
2026-08-04,16:06:04,1.363,173.0
2026-08-04,16:06:04,1.362,173.0
2026-08-04,16:06:04,1.362,173.0
2026-08-04,16:06:04,1.362,173.0
2026-08-04,16:06:04,1.362,173.0
2026-08-04,16:06:05,1.362,173.0
2026-08-04,16:06:05,1.362,173.0
2026-08-04,16:06:05,1.362,173.0
2026-08-04,16:06:05,1.362,173.0
2026-08-04,16:06:05,1.363,173.0
2026-08-04,16:06:05,1.363,173.1
2026-08-04,16:06:06,1.363,173.1
2026-08-04,16:06:06,1.363,173.1
2026-08-04,16:06:06,1.363,173.1
2026-08-04,16:06:06,1.363,173.1
2026-08-04,16:06:06,1.363,173.1
2026-08-04,16:06:06,1.363,173.1
2026-08-04,16:06:07,1.363,173.1
2026-08-04,16:06:07,1.363,173.1
2026-08-04,16:06:07,1.363,173.1
2026-08-04,16:06:07,1.363,173.1
2026-08-04,16:06:07,1.363,173.1
2026-08-04,16:06:07,1.363,173.1
2026-08-04,16:06:08,1.363,173.1
2026-08-04,16:06:08,1.363,173.1
2026-08-04,16:06:08,1.363,173.1
2026-08-04,16:06:08,1.363,173.1
2026-08-04,16:06:08,1.363,173.1
2026-08-04,16:06:08,1.363,173.1
2026-08-04,16:06:09,1.363,173.1
2026-08-04,16:06:09,1.363,173.1
2026-08-04,16:06:09,1.363,173.1
2026-08-04,16:06:09,1.363,173.1
2026-08-04,16:06:09,1.363,173.1
2026-08-04,16:06:09,1.363,173.1
2026-08-04,16:06:09,1.363,173.1
2026-08-04,16:06:10,1.363,173.1
2026-08-04,16:06:10,1.363,173.1
2026-08-04,16:06:10,1.363,173.1
2026-08-04,16:06:10,1.363,173.1
2026-08-04,16:06:10,1.363,173.1
2026-08-04,16:06:10,1.363,173.1
2026-08-04,16:06:11,1.363,173.1
2026-08-04,16:06:11,1.363,173.1
2026-08-04,16:06:11,1.363,173.1
2026-08-04,16:06:11,1.363,173.1
2026-08-04,16:06:11,1.363,173.1
2026-08-04,16:06:11,1.363,173.1
2026-08-04,16:06:12,1.363,173.1
2026-08-04,16:06:12,1.363,173.1
2026-08-04,16:06:12,1.363,173.1
2026-08-04,16:06:12,1.363,173.1
2026-08-04,16:06:12,1.363,173.1
2026-08-04,16:06:12,1.363,173.1
2026-08-04,16:06:13,1.363,173.1
2026-08-04,16:06:13,1.363,173.1
2026-08-04,16:06:13,1.363,173.1
2026-08-04,16:06:13,1.363,173.1
2026-08-04,16:06:13,1.363,173.1
2026-08-04,16:06:13,1.363,173.1
2026-08-04,16:06:14,1.363,173.1
2026-08-04,16:06:14,1.363,173.1
2026-08-04,16:06:14,1.363,173.2
2026-08-04,16:06:14,1.364,173.2
2026-08-04,16:06:14,1.364,173.2
2026-08-04,16:06:14,1.364,173.2
2026-08-04,16:06:15,1.364,173.2
2026-08-04,16:06:15,1.364,173.2
2026-08-04,16:06:15,1.364,173.2
2026-08-04,16:06:15,1.364,173.2
2026-08-04,16:06:15,1.364,173.2
2026-08-04,16:06:15,1.364,173.2
2026-08-04,16:06:16,1.364,173.2
2026-08-04,16:06:16,1.364,173.2
2026-08-04,16:06:16,1.364,173.2
2026-08-04,16:06:16,1.363,173.2
2026-08-04,16:06:16,1.363,173.2
2026-08-04,16:06:16,1.363,173.1
2026-08-04,16:06:17,1.363,173.1
2026-08-04,16:06:17,1.363,173.1
2026-08-04,16:06:17,1.363,173.1
2026-08-04,16:06:17,1.363,173.1
2026-08-04,16:06:17,1.363,173.1
2026-08-04,16:06:17,1.363,173.1
2026-08-04,16:06:18,1.363,173.1
2026-08-04,16:06:18,1.363,173.1
2026-08-04,16:06:18,1.363,173.1
2026-08-04,16:06:18,1.363,173.1
2026-08-04,16:06:18,1.363,173.1
2026-08-04,16:06:18,1.363,173.1
2026-08-04,16:06:19,1.363,173.2
2026-08-04,16:06:19,1.363,173.2
2026-08-04,16:06:19,1.363,173.2
2026-08-04,16:06:19,1.363,173.2
2026-08-04,16:06:19,1.363,173.2
2026-08-04,16:06:19,1.363,173.2
2026-08-04,16:06:20,1.363,173.1
2026-08-04,16:06:20,1.363,173.1
2026-08-04,16:06:20,1.363,173.1
2026-08-04,16:06:20,1.363,173.1
2026-08-04,16:06:20,1.363,173.1
2026-08-04,16:06:20,1.363,173.1
2026-08-04,16:06:21,1.363,173.1
2026-08-04,16:06:21,1.363,173.1
2026-08-04,16:06:21,1.363,173.1
2026-08-04,16:06:21,1.363,173.1
2026-08-04,16:06:21,1.363,173.1
2026-08-04,16:06:21,1.363,173.2
2026-08-04,16:06:22,1.363,173.2
2026-08-04,16:06:22,1.363,173.2
2026-08-04,16:06:22,1.363,173.2
2026-08-04,16:06:22,1.364,173.2
2026-08-04,16:06:22,1.364,173.2
2026-08-04,16:06:22,1.364,173.2
2026-08-04,16:06:23,1.364,173.2
2026-08-04,16:06:23,1.364,173.2
2026-08-04,16:06:23,1.364,173.2
2026-08-04,16:06:23,1.363,173.2
2026-08-04,16:06:23,1.363,173.2
2026-08-04,16:06:23,1.363,173.1
2026-08-04,16:06:24,1.363,173.1
2026-08-04,16:06:24,1.363,173.1
2026-08-04,16:06:24,1.363,173.1
2026-08-04,16:06:24,1.363,173.1
2026-08-04,16:06:24,1.363,173.1
2026-08-04,16:06:24,1.363,173.1
2026-08-04,16:06:25,1.363,173.1
2026-08-04,16:06:25,1.363,173.1
2026-08-04,16:06:25,1.363,173.1
2026-08-04,16:06:25,1.363,173.1
2026-08-04,16:06:25,1.363,173.1
2026-08-04,16:06:25,1.363,173.1
2026-08-04,16:06:25,1.363,173.1
2026-08-04,16:06:26,1.363,173.1
2026-08-04,16:06:26,1.363,173.2
2026-08-04,16:06:26,1.363,173.2
2026-08-04,16:06:26,1.363,173.2
2026-08-04,16:06:26,1.363,173.2
2026-08-04,16:06:26,1.363,173.1
2026-08-04,16:06:27,1.363,173.1
2026-08-04,16:06:27,1.363,173.1
2026-08-04,16:06:27,1.363,173.1
2026-08-04,16:06:27,1.363,173.1
2026-08-04,16:06:27,1.363,173.1
2026-08-04,16:06:27,1.363,173.1
2026-08-04,16:06:28,1.363,173.1
2026-08-04,16:06:28,1.363,173.1
2026-08-04,16:06:28,1.363,173.1
2026-08-04,16:06:28,1.363,173.1
2026-08-04,16:06:28,1.363,173.1
2026-08-04,16:06:28,1.363,173.1
2026-08-04,16:06:29,1.363,173.1
2026-08-04,16:06:29,1.363,173.1
2026-08-04,16:06:29,1.363,173.1
2026-08-04,16:06:29,1.363,173.1
2026-08-04,16:06:29,1.363,173.1
2026-08-04,16:06:29,1.363,173.1
2026-08-04,16:06:30,1.363,173.1
2026-08-04,16:06:30,1.363,173.1
2026-08-04,16:06:30,1.363,173.1
2026-08-04,16:06:30,1.363,173.1
2026-08-04,16:06:30,1.363,173.1
2026-08-04,16:06:30,1.363,173.1
2026-08-04,16:06:31,1.363,173.1
2026-08-04,16:06:31,1.363,173.1
2026-08-04,16:06:31,1.363,173.1
2026-08-04,16:06:31,1.363,173.1
2026-08-04,16:06:31,1.363,173.1
2026-08-04,16:06:31,1.363,173.1
2026-08-04,16:06:32,1.363,173.1
2026-08-04,16:06:32,1.363,173.1
2026-08-04,16:06:32,1.363,173.1
2026-08-04,16:06:32,1.363,173.1
2026-08-04,16:06:32,1.363,173.1
2026-08-04,16:06:32,1.363,173.1
2026-08-04,16:06:33,1.363,173.1
2026-08-04,16:06:33,1.363,173.1
2026-08-04,16:06:33,1.363,173.1
2026-08-04,16:06:33,1.363,173.1
2026-08-04,16:06:33,1.363,173.1
2026-08-04,16:06:33,1.363,173.1
2026-08-04,16:06:34,1.363,173.1
2026-08-04,16:06:34,1.363,173.1
2026-08-04,16:06:34,1.363,173.1
2026-08-04,16:06:34,1.363,173.1
2026-08-04,16:06:34,1.363,173.1
2026-08-04,16:06:34,1.363,173.1
2026-08-04,16:06:35,1.363,173.1
2026-08-04,16:06:35,1.363,173.1
2026-08-04,16:06:35,1.363,173.1
2026-08-04,16:06:35,1.363,173.1
2026-08-04,16:06:35,1.363,173.1
2026-08-04,16:06:35,1.363,173.1
2026-08-04,16:06:36,1.363,173.1
2026-08-04,16:06:36,1.363,173.1
2026-08-04,16:06:36,1.363,173.1
2026-08-04,16:06:36,1.363,173.1
2026-08-04,16:06:36,1.363,173.1
2026-08-04,16:06:36,1.363,173.1
2026-08-04,16:06:37,1.363,173.1
2026-08-04,16:06:37,1.363,173.1
2026-08-04,16:06:37,1.363,173.1
2026-08-04,16:06:37,1.363,173.1
2026-08-04,16:06:37,1.363,173.1
2026-08-04,16:06:37,1.363,173.1
2026-08-04,16:06:38,1.363,173.1
2026-08-04,16:06:38,1.363,173.1
2026-08-04,16:06:38,1.363,173.1
2026-08-04,16:06:38,1.363,173.1
2026-08-04,16:06:38,1.363,173.1
2026-08-04,16:06:38,1.363,173.1
2026-08-04,16:06:39,1.363,173.1
2026-08-04,16:06:39,1.363,173.1
2026-08-04,16:06:39,1.363,173.1
2026-08-04,16:06:39,1.363,173.1
2026-08-04,16:06:39,1.363,173.1
2026-08-04,16:06:39,1.363,173.1
2026-08-04,16:06:40,1.363,173.1
2026-08-04,16:06:40,1.363,173.1
2026-08-04,16:06:40,1.363,173.1
2026-08-04,16:06:40,1.363,173.1
2026-08-04,16:06:40,1.363,173.1
2026-08-04,16:06:40,1.363,173.1
2026-08-04,16:06:41,1.363,173.2
2026-08-04,16:06:41,1.363,173.2
2026-08-04,16:06:41,1.363,173.2
2026-08-04,16:06:41,1.363,173.2
2026-08-04,16:06:41,1.363,173.2
2026-08-04,16:06:41,1.363,173.2
2026-08-04,16:06:42,1.363,173.1
2026-08-04,16:06:42,1.363,173.1
2026-08-04,16:06:42,1.363,173.1
2026-08-04,16:06:42,1.363,173.1
2026-08-04,16:06:42,1.363,173.1
2026-08-04,16:06:42,1.363,173.1
2026-08-04,16:06:42,1.363,173.1
2026-08-04,16:06:43,1.363,173.1
2026-08-04,16:06:43,1.363,173.2
2026-08-04,16:06:43,1.363,173.2
2026-08-04,16:06:43,1.364,173.2
2026-08-04,16:06:43,1.364,173.2
2026-08-04,16:06:43,1.364,173.2
2026-08-04,16:06:44,1.364,173.2
2026-08-04,16:06:44,1.364,173.2
2026-08-04,16:06:44,1.364,173.2
2026-08-04,16:06:44,1.364,173.2
2026-08-04,16:06:44,1.364,173.2
2026-08-04,16:06:44,1.364,173.2
2026-08-04,16:06:45,1.364,173.2
2026-08-04,16:06:45,1.364,173.2
2026-08-04,16:06:45,1.364,173.2
2026-08-04,16:06:45,1.364,173.2
2026-08-04,16:06:45,1.364,173.2
2026-08-04,16:06:45,1.364,173.2
2026-08-04,16:06:46,1.364,173.2
2026-08-04,16:06:46,1.364,173.2
2026-08-04,16:06:46,1.364,173.2
2026-08-04,16:06:46,1.364,173.2
2026-08-04,16:06:46,1.364,173.2
2026-08-04,16:06:46,1.364,173.2
2026-08-04,16:06:47,1.364,173.2
2026-08-04,16:06:47,1.364,173.2
2026-08-04,16:06:47,1.364,173.2
2026-08-04,16:06:47,1.364,173.2
2026-08-04,16:06:47,1.364,173.2
2026-08-04,16:06:47,1.364,173.2
2026-08-04,16:06:48,1.364,173.2
2026-08-04,16:06:48,1.364,173.2
2026-08-04,16:06:48,1.364,173.2
2026-08-04,16:06:48,1.364,173.2
2026-08-04,16:06:48,1.364,173.2
2026-08-04,16:06:48,1.364,173.2
2026-08-04,16:06:49,1.364,173.2
2026-08-04,16:06:49,1.364,173.2
2026-08-04,16:06:49,1.364,173.2
2026-08-04,16:06:49,1.364,173.2
2026-08-04,16:06:49,1.364,173.2
2026-08-04,16:06:49,1.364,173.2
2026-08-04,16:06:50,1.364,173.2
2026-08-04,16:06:50,1.364,173.2
2026-08-04,16:06:50,1.364,173.2
2026-08-04,16:06:50,1.364,173.3
2026-08-04,16:06:50,1.364,173.3
2026-08-04,16:06:50,1.364,173.3
2026-08-04,16:06:51,1.364,173.3
2026-08-04,16:06:51,1.364,173.2
2026-08-04,16:06:51,1.364,173.2
2026-08-04,16:06:51,1.364,173.2
2026-08-04,16:06:51,1.364,173.2
2026-08-04,16:06:51,1.364,173.2
2026-08-04,16:06:52,1.364,173.2
2026-08-04,16:06:52,1.364,173.2
2026-08-04,16:06:52,1.364,173.2
2026-08-04,16:06:52,1.364,173.2
2026-08-04,16:06:52,1.364,173.2
2026-08-04,16:06:52,1.363,173.2
2026-08-04,16:06:53,1.363,173.2
2026-08-04,16:06:53,1.363,173.1
2026-08-04,16:06:53,1.363,173.1
2026-08-04,16:06:53,1.363,173.1
2026-08-04,16:06:53,1.363,173.1
2026-08-04,16:06:53,1.363,173.1
2026-08-04,16:06:54,1.363,173.1
2026-08-04,16:06:54,1.363,173.1
2026-08-04,16:06:54,1.363,173.1
2026-08-04,16:06:54,1.363,173.1
2026-08-04,16:06:54,1.363,173.1
2026-08-04,16:06:54,1.363,173.1
2026-08-04,16:06:55,1.363,173.1
2026-08-04,16:06:55,1.363,173.1
2026-08-04,16:06:55,1.363,173.1
2026-08-04,16:06:55,1.363,173.1
2026-08-04,16:06:55,1.363,173.1
2026-08-04,16:06:55,1.363,173.1
2026-08-04,16:06:56,1.363,173.1
2026-08-04,16:06:56,1.363,173.1
2026-08-04,16:06:56,1.363,173.1
2026-08-04,16:06:56,1.363,173.1
2026-08-04,16:06:56,1.363,173.1
2026-08-04,16:06:56,1.363,173.1
2026-08-04,16:06:57,1.363,173.1
2026-08-04,16:06:57,1.363,173.1
2026-08-04,16:06:57,1.363,173.1
2026-08-04,16:06:57,1.363,173.1
2026-08-04,16:06:57,1.363,173.1
2026-08-04,16:06:57,1.363,173.2
2026-08-04,16:06:58,1.364,173.2
2026-08-04,16:06:58,1.364,173.2
2026-08-04,16:06:58,1.364,173.2
2026-08-04,16:06:58,1.364,173.2
2026-08-04,16:06:58,1.364,173.2
2026-08-04,16:06:58,1.364,173.2
2026-08-04,16:06:58,1.364,173.2
2026-08-04,16:06:59,1.364,173.2
2026-08-04,16:06:59,1.364,173.3
2026-08-04,16:06:59,1.364,173.3
2026-08-04,16:06:59,1.364,173.3
2026-08-04,16:06:59,1.364,173.3
2026-08-04,16:06:59,1.364,173.3
2026-08-04,16:07:00,1.365,173.3
2026-08-04,16:07:00,1.365,173.3
2026-08-04,16:07:00,1.364,173.3
2026-08-04,16:07:00,1.364,173.3
2026-08-04,16:07:00,1.364,173.3
2026-08-04,16:07:00,1.364,173.3
2026-08-04,16:07:01,1.364,173.3
2026-08-04,16:07:01,1.364,173.3
2026-08-04,16:07:01,1.364,173.3
2026-08-04,16:07:01,1.364,173.3
2026-08-04,16:07:01,1.364,173.3
2026-08-04,16:07:01,1.364,173.3
2026-08-04,16:07:02,1.364,173.3
2026-08-04,16:07:02,1.364,173.3
2026-08-04,16:07:02,1.364,173.3
2026-08-04,16:07:02,1.364,173.3
2026-08-04,16:07:02,1.364,173.3
2026-08-04,16:07:02,1.364,173.3
2026-08-04,16:07:03,1.364,173.3
2026-08-04,16:07:03,1.364,173.3
2026-08-04,16:07:03,1.364,173.3
2026-08-04,16:07:03,1.364,173.3
2026-08-04,16:07:03,1.364,173.3
2026-08-04,16:07:03,1.364,173.3
2026-08-04,16:07:04,1.364,173.3
2026-08-04,16:07:04,1.364,173.3
2026-08-04,16:07:04,1.364,173.3
2026-08-04,16:07:04,1.364,173.3
2026-08-04,16:07:04,1.364,173.2
2026-08-04,16:07:04,1.364,173.2
2026-08-04,16:07:05,1.364,173.2
2026-08-04,16:07:05,1.364,173.2
2026-08-04,16:07:05,1.364,173.2
2026-08-04,16:07:05,1.364,173.2
2026-08-04,16:07:05,1.364,173.2
2026-08-04,16:07:05,1.364,173.2
2026-08-04,16:07:06,1.364,173.2
2026-08-04,16:07:06,1.364,173.2
2026-08-04,16:07:06,1.364,173.3
2026-08-04,16:07:06,1.364,173.3
2026-08-04,16:07:06,1.364,173.3
2026-08-04,16:07:06,1.364,173.3
2026-08-04,16:07:07,1.364,173.2
2026-08-04,16:07:07,1.364,173.2
2026-08-04,16:07:07,1.364,173.2
2026-08-04,16:07:07,1.364,173.2
2026-08-04,16:07:07,1.364,173.2
2026-08-04,16:07:07,1.364,173.2
2026-08-04,16:07:08,1.364,173.2
2026-08-04,16:07:08,1.364,173.2
2026-08-04,16:07:08,1.364,173.2
2026-08-04,16:07:08,1.364,173.2
2026-08-04,16:07:08,1.364,173.2
2026-08-04,16:07:08,1.364,173.2
2026-08-04,16:07:09,1.364,173.2
2026-08-04,16:07:09,1.364,173.2
2026-08-04,16:07:09,1.364,173.2
2026-08-04,16:07:09,1.364,173.2
2026-08-04,16:07:09,1.364,173.2
2026-08-04,16:07:09,1.364,173.2
2026-08-04,16:07:10,1.364,173.2
2026-08-04,16:07:10,1.364,173.2
2026-08-04,16:07:10,1.364,173.2
2026-08-04,16:07:10,1.364,173.2
2026-08-04,16:07:10,1.364,173.2
2026-08-04,16:07:10,1.364,173.2
2026-08-04,16:07:11,1.364,173.2
2026-08-04,16:07:11,1.364,173.2
2026-08-04,16:07:11,1.363,173.2
2026-08-04,16:07:11,1.363,173.2
2026-08-04,16:07:11,1.363,173.2
2026-08-04,16:07:11,1.363,173.1
2026-08-04,16:07:12,1.363,173.1
2026-08-04,16:07:12,1.363,173.1
2026-08-04,16:07:12,1.363,173.1
2026-08-04,16:07:12,1.363,173.1
2026-08-04,16:07:12,1.363,173.1
2026-08-04,16:07:12,1.363,173.1
2026-08-04,16:07:13,1.363,173.1
2026-08-04,16:07:13,1.363,173.1
2026-08-04,16:07:13,1.363,173.1
2026-08-04,16:07:13,1.363,173.1
2026-08-04,16:07:13,1.363,173.1
2026-08-04,16:07:13,1.363,173.2
2026-08-04,16:07:14,1.363,173.2
2026-08-04,16:07:14,1.363,173.2
2026-08-04,16:07:14,1.363,173.2
2026-08-04,16:07:14,1.363,173.2
2026-08-04,16:07:14,1.363,173.2
2026-08-04,16:07:14,1.363,173.2
2026-08-04,16:07:15,1.363,173.2
2026-08-04,16:07:15,1.364,173.2
2026-08-04,16:07:15,1.364,173.2
2026-08-04,16:07:15,1.364,173.2
2026-08-04,16:07:15,1.364,173.2
2026-08-04,16:07:15,1.364,173.2
2026-08-04,16:07:15,1.364,173.2
2026-08-04,16:07:16,1.364,173.2
2026-08-04,16:07:16,1.364,173.2
2026-08-04,16:07:16,1.364,173.2
2026-08-04,16:07:16,1.364,173.2
2026-08-04,16:07:16,1.364,173.2
2026-08-04,16:07:16,1.364,173.2
2026-08-04,16:07:17,1.364,173.2
2026-08-04,16:07:17,1.364,173.2
2026-08-04,16:07:17,1.364,173.2
2026-08-04,16:07:17,1.364,173.2
2026-08-04,16:07:17,1.364,173.2
2026-08-04,16:07:17,1.364,173.2
2026-08-04,16:07:18,1.364,173.2
2026-08-04,16:07:18,1.364,173.2
2026-08-04,16:07:18,1.363,173.2
2026-08-04,16:07:18,1.363,173.2
2026-08-04,16:07:18,1.363,173.2
2026-08-04,16:07:18,1.363,173.2
2026-08-04,16:07:19,1.363,173.2
2026-08-04,16:07:19,1.363,173.1
2026-08-04,16:07:19,1.363,173.1
2026-08-04,16:07:19,1.363,173.1
2026-08-04,16:07:19,1.363,173.1
2026-08-04,16:07:19,1.363,173.1
2026-08-04,16:07:20,1.363,173.1
2026-08-04,16:07:20,1.363,173.1
2026-08-04,16:07:20,1.363,173.1
2026-08-04,16:07:20,1.363,173.1
2026-08-04,16:07:20,1.363,173.1
2026-08-04,16:07:20,1.363,173.1
2026-08-04,16:07:21,1.363,173.1
2026-08-04,16:07:21,1.363,173.1
2026-08-04,16:07:21,1.363,173.1
2026-08-04,16:07:21,1.363,173.1
2026-08-04,16:07:21,1.363,173.1
2026-08-04,16:07:21,1.363,173.1
2026-08-04,16:07:22,1.363,173.1
2026-08-04,16:07:22,1.363,173.1
2026-08-04,16:07:22,1.363,173.1
2026-08-04,16:07:22,1.363,173.1
2026-08-04,16:07:22,1.363,173.1
2026-08-04,16:07:22,1.363,173.1
2026-08-04,16:07:23,1.363,173.1
2026-08-04,16:07:23,1.363,173.1
2026-08-04,16:07:23,1.363,173.1
2026-08-04,16:07:23,1.363,173.1
2026-08-04,16:07:23,1.363,173.1
2026-08-04,16:07:23,1.363,173.1
2026-08-04,16:07:24,1.363,173.1
2026-08-04,16:07:24,1.363,173.1
2026-08-04,16:07:24,1.363,173.1
2026-08-04,16:07:24,1.363,173.1
2026-08-04,16:07:24,1.363,173.1
2026-08-04,16:07:24,1.363,173.1
2026-08-04,16:07:25,1.363,173.1
2026-08-04,16:07:25,1.363,173.1
2026-08-04,16:07:25,1.363,173.1
2026-08-04,16:07:25,1.363,173.1
2026-08-04,16:07:25,1.363,173.1
2026-08-04,16:07:25,1.363,173.1
2026-08-04,16:07:26,1.363,173.1
2026-08-04,16:07:26,1.363,173.1
2026-08-04,16:07:26,1.363,173.1
2026-08-04,16:07:26,1.363,173.1
2026-08-04,16:07:26,1.363,173.1
2026-08-04,16:07:26,1.363,173.1
2026-08-04,16:07:27,1.363,173.0
2026-08-04,16:07:27,1.363,173.0
2026-08-04,16:07:27,1.363,173.0
2026-08-04,16:07:27,1.362,173.0
2026-08-04,16:07:27,1.362,173.0
2026-08-04,16:07:27,1.362,173.0
2026-08-04,16:07:28,1.362,173.0
2026-08-04,16:07:28,1.362,173.0
2026-08-04,16:07:28,1.362,173.0
2026-08-04,16:07:28,1.362,173.0
2026-08-04,16:07:28,1.362,173.0
2026-08-04,16:07:28,1.362,173.0
2026-08-04,16:07:29,1.362,173.0
2026-08-04,16:07:29,1.362,173.0
2026-08-04,16:07:29,1.362,173.0
2026-08-04,16:07:29,1.362,173.0
2026-08-04,16:07:29,1.362,173.0
2026-08-04,16:07:29,1.362,173.0
2026-08-04,16:07:30,1.363,173.0
2026-08-04,16:07:30,1.363,173.1
2026-08-04,16:07:30,1.363,173.1
2026-08-04,16:07:30,1.363,173.1
2026-08-04,16:07:30,1.363,173.1
2026-08-04,16:07:30,1.363,173.1
2026-08-04,16:07:31,1.363,173.1
2026-08-04,16:07:31,1.363,173.1
2026-08-04,16:07:31,1.363,173.1
2026-08-04,16:07:31,1.363,173.1
2026-08-04,16:07:31,1.363,173.1
2026-08-04,16:07:31,1.363,173.1
2026-08-04,16:07:31,1.363,173.1
2026-08-04,16:07:32,1.363,173.1
2026-08-04,16:07:32,1.363,173.1
2026-08-04,16:07:32,1.363,173.1
2026-08-04,16:07:32,1.363,173.1
2026-08-04,16:07:32,1.363,173.1
2026-08-04,16:07:32,1.363,173.1
2026-08-04,16:07:33,1.363,173.1
2026-08-04,16:07:33,1.363,173.1
2026-08-04,16:07:33,1.363,173.1
2026-08-04,16:07:33,1.363,173.1
2026-08-04,16:07:33,1.363,173.1
2026-08-04,16:07:33,1.363,173.1
2026-08-04,16:07:34,1.363,173.1
2026-08-04,16:07:34,1.363,173.1
2026-08-04,16:07:34,1.363,173.1
2026-08-04,16:07:34,1.363,173.2
2026-08-04,16:07:34,1.363,173.2
2026-08-04,16:07:34,1.364,173.2
2026-08-04,16:07:35,1.364,173.2
2026-08-04,16:07:35,1.364,173.2
2026-08-04,16:07:35,1.364,173.2
2026-08-04,16:07:35,1.364,173.2
2026-08-04,16:07:35,1.364,173.2
2026-08-04,16:07:35,1.364,173.2
2026-08-04,16:07:36,1.364,173.2
2026-08-04,16:07:36,1.364,173.2
2026-08-04,16:07:36,1.364,173.2
2026-08-04,16:07:36,1.364,173.2
2026-08-04,16:07:36,1.364,173.2
2026-08-04,16:07:36,1.364,173.2
2026-08-04,16:07:37,1.364,173.2
2026-08-04,16:07:37,1.364,173.2
2026-08-04,16:07:37,1.364,173.2
2026-08-04,16:07:37,1.364,173.2
2026-08-04,16:07:37,1.364,173.2
2026-08-04,16:07:37,1.364,173.2
2026-08-04,16:07:38,1.364,173.2
2026-08-04,16:07:38,1.364,173.2
2026-08-04,16:07:38,1.364,173.2
2026-08-04,16:07:38,1.364,173.2
2026-08-04,16:07:38,1.364,173.2
2026-08-04,16:07:38,1.363,173.2
2026-08-04,16:07:39,1.363,173.1
2026-08-04,16:07:39,1.363,173.1
2026-08-04,16:07:39,1.363,173.1
2026-08-04,16:07:39,1.363,173.1
2026-08-04,16:07:39,1.363,173.1
2026-08-04,16:07:39,1.363,173.1
2026-08-04,16:07:40,1.363,173.2
2026-08-04,16:07:40,1.363,173.2
2026-08-04,16:07:40,1.363,173.2
2026-08-04,16:07:40,1.364,173.2
2026-08-04,16:07:40,1.364,173.2
2026-08-04,16:07:40,1.364,173.2
2026-08-04,16:07:41,1.364,173.2
2026-08-04,16:07:41,1.364,173.2
2026-08-04,16:07:41,1.364,173.2
2026-08-04,16:07:41,1.364,173.2
2026-08-04,16:07:41,1.364,173.2
2026-08-04,16:07:41,1.364,173.2
2026-08-04,16:07:42,1.364,173.2
2026-08-04,16:07:42,1.364,173.2
2026-08-04,16:07:42,1.364,173.2
2026-08-04,16:07:42,1.364,173.2
2026-08-04,16:07:42,1.364,173.2
2026-08-04,16:07:42,1.364,173.2
2026-08-04,16:07:43,1.364,173.2
2026-08-04,16:07:43,1.364,173.2
2026-08-04,16:07:43,1.364,173.2
2026-08-04,16:07:43,1.364,173.2
2026-08-04,16:07:43,1.364,173.2
2026-08-04,16:07:43,1.364,173.2
2026-08-04,16:07:44,1.364,173.2
2026-08-04,16:07:44,1.364,173.2
2026-08-04,16:07:44,1.364,173.2
2026-08-04,16:07:44,1.364,173.2
2026-08-04,16:07:44,1.363,173.2
2026-08-04,16:07:44,1.363,173.2
2026-08-04,16:07:45,1.363,173.1
2026-08-04,16:07:45,1.363,173.1
2026-08-04,16:07:45,1.363,173.1
2026-08-04,16:07:45,1.363,173.1
2026-08-04,16:07:45,1.363,173.1
2026-08-04,16:07:45,1.363,173.1
2026-08-04,16:07:46,1.363,173.1
2026-08-04,16:07:46,1.363,173.1
2026-08-04,16:07:46,1.363,173.1
2026-08-04,16:07:46,1.363,173.1
2026-08-04,16:07:46,1.363,173.1
2026-08-04,16:07:46,1.363,173.1
2026-08-04,16:07:47,1.363,173.1
2026-08-04,16:07:47,1.363,173.1
2026-08-04,16:07:47,1.363,173.1
2026-08-04,16:07:47,1.363,173.1
2026-08-04,16:07:47,1.363,173.1
2026-08-04,16:07:47,1.363,173.1
2026-08-04,16:07:48,1.363,173.1
2026-08-04,16:07:48,1.363,173.1
2026-08-04,16:07:48,1.363,173.1
2026-08-04,16:07:48,1.363,173.1
2026-08-04,16:07:48,1.363,173.1
2026-08-04,16:07:48,1.363,173.2
2026-08-04,16:07:48,1.363,173.2
2026-08-04,16:07:49,1.364,173.2
2026-08-04,16:07:49,1.364,173.2
2026-08-04,16:07:49,1.364,173.2
2026-08-04,16:07:49,1.364,173.2
2026-08-04,16:07:49,1.364,173.2
2026-08-04,16:07:49,1.364,173.2
2026-08-04,16:07:50,1.364,173.2
2026-08-04,16:07:50,1.364,173.2
2026-08-04,16:07:50,1.364,173.2
2026-08-04,16:07:50,1.364,173.2
2026-08-04,16:07:50,1.364,173.2
2026-08-04,16:07:50,1.364,173.2
2026-08-04,16:07:51,1.364,173.2
2026-08-04,16:07:51,1.364,173.2
2026-08-04,16:07:51,1.364,173.2
2026-08-04,16:07:51,1.364,173.2
2026-08-04,16:07:51,1.364,173.2
2026-08-04,16:07:51,1.364,173.2
2026-08-04,16:07:52,1.364,173.2
2026-08-04,16:07:52,1.364,173.2
2026-08-04,16:07:52,1.364,173.2
2026-08-04,16:07:52,1.364,173.2
2026-08-04,16:07:52,1.364,173.2
2026-08-04,16:07:52,1.364,173.2
2026-08-04,16:07:53,1.364,173.2
2026-08-04,16:07:53,1.364,173.2
2026-08-04,16:07:53,1.364,173.2
2026-08-04,16:07:53,1.364,173.2
2026-08-04,16:07:53,1.364,173.2
2026-08-04,16:07:53,1.364,173.2
2026-08-04,16:07:54,1.364,173.2
2026-08-04,16:07:54,1.364,173.2
2026-08-04,16:07:54,1.364,173.2
2026-08-04,16:07:54,1.364,173.2
2026-08-04,16:07:54,1.364,173.2
2026-08-04,16:07:54,1.364,173.2
2026-08-04,16:07:55,1.364,173.2
2026-08-04,16:07:55,1.364,173.2
2026-08-04,16:07:55,1.364,173.2
2026-08-04,16:07:55,1.364,173.2
2026-08-04,16:07:55,1.364,173.2
2026-08-04,16:07:55,1.364,173.2
2026-08-04,16:07:56,1.364,173.2
2026-08-04,16:07:56,1.364,173.2
2026-08-04,16:07:56,1.364,173.2
2026-08-04,16:07:56,1.364,173.2
2026-08-04,16:07:56,1.364,173.2
2026-08-04,16:07:56,1.364,173.2
2026-08-04,16:07:57,1.364,173.2
2026-08-04,16:07:57,1.364,173.2
2026-08-04,16:07:57,1.364,173.2
2026-08-04,16:07:57,1.364,173.2
2026-08-04,16:07:57,1.364,173.2
2026-08-04,16:07:57,1.364,173.2
2026-08-04,16:07:58,1.364,173.2
2026-08-04,16:07:58,1.364,173.2
2026-08-04,16:07:58,1.364,173.2
2026-08-04,16:07:58,1.364,173.2
2026-08-04,16:07:58,1.364,173.2
2026-08-04,16:07:58,1.364,173.2
2026-08-04,16:07:59,1.364,173.2
2026-08-04,16:07:59,1.364,173.2
2026-08-04,16:07:59,1.364,173.2
2026-08-04,16:07:59,1.364,173.2
2026-08-04,16:07:59,1.364,173.2
2026-08-04,16:07:59,1.364,173.2
2026-08-04,16:08:00,1.364,173.2
2026-08-04,16:08:00,1.364,173.2
2026-08-04,16:08:00,1.364,173.2
2026-08-04,16:08:00,1.364,173.2
2026-08-04,16:08:00,1.364,173.2
2026-08-04,16:08:00,1.364,173.2
2026-08-04,16:08:01,1.364,173.2
2026-08-04,16:08:01,1.364,173.2
2026-08-04,16:08:01,1.364,173.2
2026-08-04,16:08:01,1.364,173.2
2026-08-04,16:08:01,1.364,173.2
2026-08-04,16:08:01,1.364,173.2
2026-08-04,16:08:02,1.364,173.2
2026-08-04,16:08:02,1.364,173.2
2026-08-04,16:08:02,1.364,173.2
2026-08-04,16:08:02,1.364,173.2
2026-08-04,16:08:02,1.364,173.2
2026-08-04,16:08:02,1.364,173.2
2026-08-04,16:08:03,1.364,173.2
2026-08-04,16:08:03,1.364,173.2
2026-08-04,16:08:03,1.364,173.2
2026-08-04,16:08:03,1.364,173.2
2026-08-04,16:08:03,1.364,173.2
2026-08-04,16:08:03,1.364,173.2
2026-08-04,16:08:04,1.364,173.2
2026-08-04,16:08:04,1.364,173.2
2026-08-04,16:08:04,1.364,173.2
2026-08-04,16:08:04,1.364,173.2
2026-08-04,16:08:04,1.364,173.2
2026-08-04,16:08:04,1.364,173.2
2026-08-04,16:08:04,1.364,173.2
2026-08-04,16:08:05,1.364,173.2
2026-08-04,16:08:05,1.364,173.2
2026-08-04,16:08:05,1.364,173.2
2026-08-04,16:08:05,1.364,173.2
2026-08-04,16:08:05,1.364,173.2
2026-08-04,16:08:05,1.364,173.2
2026-08-04,16:08:06,1.364,173.2
2026-08-04,16:08:06,1.364,173.2
2026-08-04,16:08:06,1.364,173.2
2026-08-04,16:08:06,1.364,173.3
2026-08-04,16:08:06,1.364,173.3
2026-08-04,16:08:06,1.364,173.3
2026-08-04,16:08:07,1.364,173.3
2026-08-04,16:08:07,1.364,173.2
2026-08-04,16:08:07,1.364,173.2
2026-08-04,16:08:07,1.364,173.2
2026-08-04,16:08:07,1.364,173.2
2026-08-04,16:08:07,1.364,173.2
2026-08-04,16:08:08,1.364,173.2
2026-08-04,16:08:08,1.364,173.2
2026-08-04,16:08:08,1.364,173.2
2026-08-04,16:08:08,1.364,173.2
2026-08-04,16:08:08,1.364,173.2
2026-08-04,16:08:08,1.364,173.2
2026-08-04,16:08:09,1.364,173.2
2026-08-04,16:08:09,1.364,173.2
2026-08-04,16:08:09,1.364,173.2
2026-08-04,16:08:09,1.364,173.2
2026-08-04,16:08:09,1.364,173.2
2026-08-04,16:08:09,1.364,173.2
2026-08-04,16:08:10,1.364,173.2
2026-08-04,16:08:10,1.364,173.2
2026-08-04,16:08:10,1.363,173.2
2026-08-04,16:08:10,1.363,173.2
2026-08-04,16:08:10,1.363,173.2
2026-08-04,16:08:10,1.363,173.2
2026-08-04,16:08:11,1.363,173.2
2026-08-04,16:08:11,1.363,173.2
2026-08-04,16:08:11,1.363,173.2
2026-08-04,16:08:11,1.364,173.2
2026-08-04,16:08:11,1.364,173.2
2026-08-04,16:08:11,1.364,173.2
2026-08-04,16:08:12,1.364,173.2
2026-08-04,16:08:12,1.364,173.2
2026-08-04,16:08:12,1.364,173.2
2026-08-04,16:08:12,1.364,173.2
2026-08-04,16:08:12,1.364,173.2
2026-08-04,16:08:12,1.364,173.2
2026-08-04,16:08:13,1.364,173.2
2026-08-04,16:08:13,1.364,173.2
2026-08-04,16:08:13,1.364,173.2
2026-08-04,16:08:13,1.364,173.2
2026-08-04,16:08:13,1.364,173.2
2026-08-04,16:08:13,1.364,173.2
2026-08-04,16:08:14,1.364,173.2
2026-08-04,16:08:14,1.364,173.2
2026-08-04,16:08:14,1.364,173.2
2026-08-04,16:08:14,1.364,173.2
2026-08-04,16:08:14,1.364,173.2
2026-08-04,16:08:14,1.364,173.2
2026-08-04,16:08:15,1.364,173.2
2026-08-04,16:08:15,1.364,173.2
2026-08-04,16:08:15,1.364,173.2
2026-08-04,16:08:15,1.364,173.3
2026-08-04,16:08:15,1.364,173.3
2026-08-04,16:08:15,1.364,173.3
2026-08-04,16:08:16,1.364,173.3
2026-08-04,16:08:16,1.364,173.2
2026-08-04,16:08:16,1.364,173.2
2026-08-04,16:08:16,1.364,173.2
2026-08-04,16:08:16,1.364,173.2
2026-08-04,16:08:16,1.364,173.2
2026-08-04,16:08:17,1.364,173.2
2026-08-04,16:08:17,1.364,173.2
2026-08-04,16:08:17,1.364,173.2
2026-08-04,16:08:17,1.364,173.2
2026-08-04,16:08:17,1.364,173.2
2026-08-04,16:08:17,1.364,173.2
2026-08-04,16:08:18,1.364,173.2
2026-08-04,16:08:18,1.364,173.2
2026-08-04,16:08:18,1.364,173.2
2026-08-04,16:08:18,1.364,173.2
2026-08-04,16:08:18,1.364,173.2
2026-08-04,16:08:18,1.364,173.2
2026-08-04,16:08:19,1.364,173.2
2026-08-04,16:08:19,1.364,173.2
2026-08-04,16:08:19,1.364,173.2
2026-08-04,16:08:19,1.364,173.2
2026-08-04,16:08:19,1.364,173.2
2026-08-04,16:08:19,1.363,173.2
2026-08-04,16:08:20,1.363,173.2
2026-08-04,16:08:20,1.363,173.1
2026-08-04,16:08:20,1.363,173.1
2026-08-04,16:08:20,1.363,173.1
2026-08-04,16:08:20,1.363,173.1
2026-08-04,16:08:20,1.363,173.1
2026-08-04,16:08:21,1.363,173.1
2026-08-04,16:08:21,1.363,173.1
2026-08-04,16:08:21,1.363,173.1
2026-08-04,16:08:21,1.363,173.1
2026-08-04,16:08:21,1.363,173.1
2026-08-04,16:08:21,1.363,173.1
2026-08-04,16:08:21,1.363,173.1
2026-08-04,16:08:22,1.363,173.1
2026-08-04,16:08:22,1.363,173.1
2026-08-04,16:08:22,1.363,173.1
2026-08-04,16:08:22,1.363,173.1
2026-08-04,16:08:22,1.363,173.1
2026-08-04,16:08:22,1.363,173.1
2026-08-04,16:08:23,1.363,173.1
2026-08-04,16:08:23,1.363,173.1
2026-08-04,16:08:23,1.363,173.1
2026-08-04,16:08:23,1.363,173.1
2026-08-04,16:08:23,1.363,173.1
2026-08-04,16:08:23,1.363,173.1
2026-08-04,16:08:24,1.363,173.1
2026-08-04,16:08:24,1.363,173.1
2026-08-04,16:08:24,1.363,173.1
2026-08-04,16:08:24,1.363,173.1
2026-08-04,16:08:24,1.363,173.1
2026-08-04,16:08:24,1.363,173.1
2026-08-04,16:08:25,1.363,173.1
2026-08-04,16:08:25,1.363,173.1
2026-08-04,16:08:25,1.363,173.1
2026-08-04,16:08:25,1.363,173.1
2026-08-04,16:08:25,1.363,173.1
2026-08-04,16:08:25,1.363,173.1
2026-08-04,16:08:26,1.363,173.1
2026-08-04,16:08:26,1.363,173.1
2026-08-04,16:08:26,1.363,173.1
2026-08-04,16:08:26,1.363,173.1
2026-08-04,16:08:26,1.363,173.1
2026-08-04,16:08:26,1.363,173.1
2026-08-04,16:08:27,1.363,173.1
2026-08-04,16:08:27,1.363,173.1
2026-08-04,16:08:27,1.363,173.1
2026-08-04,16:08:27,1.363,173.1
2026-08-04,16:08:27,1.363,173.1
2026-08-04,16:08:27,1.363,173.1
2026-08-04,16:08:28,1.363,173.1
2026-08-04,16:08:28,1.363,173.1
2026-08-04,16:08:28,1.363,173.1
2026-08-04,16:08:28,1.363,173.1
2026-08-04,16:08:28,1.363,173.1
2026-08-04,16:08:28,1.363,173.1
2026-08-04,16:08:29,1.363,173.1
2026-08-04,16:08:29,1.363,173.1
2026-08-04,16:08:29,1.363,173.1
2026-08-04,16:08:29,1.363,173.1
2026-08-04,16:08:29,1.363,173.0
2026-08-04,16:08:29,1.363,173.0
2026-08-04,16:08:30,1.362,173.0
2026-08-04,16:08:30,1.362,173.0
2026-08-04,16:08:30,1.362,173.0
2026-08-04,16:08:30,1.362,173.0
2026-08-04,16:08:30,1.362,173.0
2026-08-04,16:08:30,1.362,173.0
2026-08-04,16:08:31,1.362,173.0
2026-08-04,16:08:31,1.362,173.0
2026-08-04,16:08:31,1.363,173.0
2026-08-04,16:08:31,1.363,173.1
2026-08-04,16:08:31,1.363,173.1
2026-08-04,16:08:31,1.363,173.1
2026-08-04,16:08:32,1.363,173.1
2026-08-04,16:08:32,1.363,173.1
2026-08-04,16:08:32,1.363,173.1
2026-08-04,16:08:32,1.363,173.1
2026-08-04,16:08:32,1.363,173.1
2026-08-04,16:08:32,1.363,173.1
2026-08-04,16:08:33,1.363,173.1
2026-08-04,16:08:33,1.363,173.1
2026-08-04,16:08:33,1.363,173.1
2026-08-04,16:08:33,1.363,173.1
2026-08-04,16:08:33,1.363,173.1
2026-08-04,16:08:33,1.363,173.1
2026-08-04,16:08:34,1.363,173.1
2026-08-04,16:08:34,1.363,173.1
2026-08-04,16:08:34,1.363,173.1
2026-08-04,16:08:34,1.363,173.1
2026-08-04,16:08:34,1.363,173.1
2026-08-04,16:08:34,1.363,173.1
2026-08-04,16:08:35,1.363,173.1
2026-08-04,16:08:35,1.363,173.1
2026-08-04,16:08:35,1.363,173.1
2026-08-04,16:08:35,1.363,173.1
2026-08-04,16:08:35,1.363,173.1
2026-08-04,16:08:35,1.363,173.1
2026-08-04,16:08:36,1.363,173.1
2026-08-04,16:08:36,1.363,173.1
2026-08-04,16:08:36,1.363,173.0
2026-08-04,16:08:36,1.363,173.0
2026-08-04,16:08:36,1.362,173.0
2026-08-04,16:08:36,1.362,173.0
2026-08-04,16:08:37,1.362,173.0
2026-08-04,16:08:37,1.362,173.0
2026-08-04,16:08:37,1.362,173.0
2026-08-04,16:08:37,1.362,173.0
2026-08-04,16:08:37,1.362,173.0
2026-08-04,16:08:37,1.362,173.0
2026-08-04,16:08:37,1.362,173.0
2026-08-04,16:08:38,1.362,173.0
2026-08-04,16:08:38,1.362,173.0
2026-08-04,16:08:38,1.362,173.0
2026-08-04,16:08:38,1.362,173.0
2026-08-04,16:08:38,1.362,173.0
2026-08-04,16:08:38,1.362,173.0
2026-08-04,16:08:39,1.362,173.0
2026-08-04,16:08:39,1.362,173.0
2026-08-04,16:08:39,1.362,173.0
2026-08-04,16:08:39,1.362,173.0
2026-08-04,16:08:39,1.362,173.0
2026-08-04,16:08:39,1.362,173.0
2026-08-04,16:08:40,1.362,173.0
2026-08-04,16:08:40,1.362,173.0
2026-08-04,16:08:40,1.363,173.0
2026-08-04,16:08:40,1.363,173.0
2026-08-04,16:08:40,1.363,173.1
2026-08-04,16:08:40,1.363,173.1
2026-08-04,16:08:41,1.363,173.1
2026-08-04,16:08:41,1.363,173.1
2026-08-04,16:08:41,1.363,173.1
2026-08-04,16:08:41,1.363,173.1
2026-08-04,16:08:41,1.363,173.1
2026-08-04,16:08:41,1.363,173.1
2026-08-04,16:08:42,1.363,173.1
2026-08-04,16:08:42,1.363,173.1
2026-08-04,16:08:42,1.363,173.1
2026-08-04,16:08:42,1.363,173.1
2026-08-04,16:08:42,1.363,173.1
2026-08-04,16:08:42,1.363,173.1
2026-08-04,16:08:43,1.363,173.1
2026-08-04,16:08:43,1.363,173.1
2026-08-04,16:08:43,1.363,173.1
2026-08-04,16:08:43,1.363,173.1
2026-08-04,16:08:43,1.363,173.1
2026-08-04,16:08:43,1.363,173.1
2026-08-04,16:08:44,1.363,173.1
2026-08-04,16:08:44,1.363,173.1
2026-08-04,16:08:44,1.363,173.1
2026-08-04,16:08:44,1.363,173.1
2026-08-04,16:08:44,1.363,173.1
2026-08-04,16:08:44,1.363,173.1
2026-08-04,16:08:45,1.363,173.1
2026-08-04,16:08:45,1.363,173.1
2026-08-04,16:08:45,1.363,173.1
2026-08-04,16:08:45,1.363,173.1
2026-08-04,16:08:45,1.363,173.1
2026-08-04,16:08:45,1.363,173.1
2026-08-04,16:08:46,1.363,173.1
2026-08-04,16:08:46,1.363,173.1
2026-08-04,16:08:46,1.363,173.1
2026-08-04,16:08:46,1.363,173.1
2026-08-04,16:08:46,1.363,173.1
2026-08-04,16:08:46,1.363,173.1
2026-08-04,16:08:47,1.363,173.1
2026-08-04,16:08:47,1.363,173.1
2026-08-04,16:08:47,1.363,173.1
2026-08-04,16:08:47,1.363,173.1
2026-08-04,16:08:47,1.363,173.0
2026-08-04,16:08:47,1.363,173.0
2026-08-04,16:08:48,1.363,173.0
2026-08-04,16:08:48,1.363,173.0
2026-08-04,16:08:48,1.363,173.0
2026-08-04,16:08:48,1.363,173.0
2026-08-04,16:08:48,1.363,173.0
2026-08-04,16:08:48,1.363,173.0
2026-08-04,16:08:49,1.363,173.0
2026-08-04,16:08:49,1.363,173.0
2026-08-04,16:08:49,1.363,173.1
2026-08-04,16:08:49,1.363,173.1
2026-08-04,16:08:49,1.363,173.1
2026-08-04,16:08:49,1.363,173.1
2026-08-04,16:08:50,1.363,173.1
2026-08-04,16:08:50,1.363,173.1
2026-08-04,16:08:50,1.363,173.1
2026-08-04,16:08:50,1.363,173.1
2026-08-04,16:08:50,1.363,173.1
2026-08-04,16:08:50,1.363,173.1
2026-08-04,16:08:51,1.363,173.1
2026-08-04,16:08:51,1.363,173.1
2026-08-04,16:08:51,1.363,173.1
2026-08-04,16:08:51,1.363,173.1
2026-08-04,16:08:51,1.363,173.1
2026-08-04,16:08:51,1.363,173.1
2026-08-04,16:08:52,1.363,173.1
2026-08-04,16:08:52,1.363,173.1
2026-08-04,16:08:52,1.363,173.1
2026-08-04,16:08:52,1.363,173.1
2026-08-04,16:08:52,1.363,173.1
2026-08-04,16:08:52,1.363,173.1
2026-08-04,16:08:53,1.363,173.1
2026-08-04,16:08:53,1.363,173.1
2026-08-04,16:08:53,1.363,173.1
2026-08-04,16:08:53,1.363,173.1
2026-08-04,16:08:53,1.363,173.1
2026-08-04,16:08:53,1.363,173.1
2026-08-04,16:08:54,1.363,173.1
2026-08-04,16:08:54,1.363,173.1
2026-08-04,16:08:54,1.363,173.1
2026-08-04,16:08:54,1.363,173.1
2026-08-04,16:08:54,1.363,173.0
2026-08-04,16:08:54,1.363,173.0
2026-08-04,16:08:54,1.363,173.0
2026-08-04,16:08:55,1.362,173.0
2026-08-04,16:08:55,1.362,173.0
2026-08-04,16:08:55,1.362,173.0
2026-08-04,16:08:55,1.362,173.0
2026-08-04,16:08:55,1.362,173.0
2026-08-04,16:08:55,1.363,173.0
2026-08-04,16:08:56,1.363,173.0
2026-08-04,16:08:56,1.363,173.0
2026-08-04,16:08:56,1.363,173.0
2026-08-04,16:08:56,1.363,173.0
2026-08-04,16:08:56,1.363,173.0
2026-08-04,16:08:56,1.363,173.0
2026-08-04,16:08:57,1.363,173.0
2026-08-04,16:08:57,1.362,173.0
2026-08-04,16:08:57,1.362,173.0
2026-08-04,16:08:57,1.362,173.0
2026-08-04,16:08:57,1.362,173.0
2026-08-04,16:08:57,1.362,173.0
2026-08-04,16:08:58,1.362,173.0
2026-08-04,16:08:58,1.362,173.0
2026-08-04,16:08:58,1.362,173.0
2026-08-04,16:08:58,1.362,173.0
2026-08-04,16:08:58,1.362,173.0
2026-08-04,16:08:58,1.362,173.0
2026-08-04,16:08:59,1.362,173.0
2026-08-04,16:08:59,1.362,173.0
2026-08-04,16:08:59,1.362,173.0
2026-08-04,16:08:59,1.362,173.0
2026-08-04,16:08:59,1.362,173.0
2026-08-04,16:08:59,1.362,173.0
2026-08-04,16:09:00,1.362,173.0
2026-08-04,16:09:00,1.362,173.0
2026-08-04,16:09:00,1.362,173.0
2026-08-04,16:09:00,1.362,173.0
2026-08-04,16:09:00,1.362,173.0
2026-08-04,16:09:00,1.362,173.0
2026-08-04,16:09:01,1.362,173.0
2026-08-04,16:09:01,1.362,173.0
2026-08-04,16:09:01,1.362,173.0
2026-08-04,16:09:01,1.362,173.0
2026-08-04,16:09:01,1.362,173.0
2026-08-04,16:09:01,1.362,173.0
2026-08-04,16:09:02,1.362,173.0
2026-08-04,16:09:02,1.362,173.0
2026-08-04,16:09:02,1.362,173.0
2026-08-04,16:09:02,1.362,173.0
2026-08-04,16:09:02,1.362,173.0
2026-08-04,16:09:02,1.362,173.0
2026-08-04,16:09:03,1.362,173.0
2026-08-04,16:09:03,1.362,173.0
2026-08-04,16:09:03,1.362,173.0
2026-08-04,16:09:03,1.363,173.0
2026-08-04,16:09:03,1.363,173.1
2026-08-04,16:09:03,1.363,173.1
2026-08-04,16:09:04,1.363,173.1
2026-08-04,16:09:04,1.363,173.1
2026-08-04,16:09:04,1.363,173.1
2026-08-04,16:09:04,1.363,173.1
2026-08-04,16:09:04,1.363,173.1
2026-08-04,16:09:04,1.363,173.1
2026-08-04,16:09:05,1.363,173.1
2026-08-04,16:09:05,1.363,173.1
2026-08-04,16:09:05,1.363,173.1
2026-08-04,16:09:05,1.363,173.1
2026-08-04,16:09:05,1.363,173.1
2026-08-04,16:09:05,1.363,173.1
2026-08-04,16:09:06,1.363,173.1
2026-08-04,16:09:06,1.363,173.1
2026-08-04,16:09:06,1.363,173.1
2026-08-04,16:09:06,1.363,173.1
2026-08-04,16:09:06,1.363,173.1
2026-08-04,16:09:06,1.363,173.1
2026-08-04,16:09:07,1.363,173.1
2026-08-04,16:09:07,1.363,173.1
2026-08-04,16:09:07,1.363,173.1
2026-08-04,16:09:07,1.363,173.1
2026-08-04,16:09:07,1.363,173.1
2026-08-04,16:09:07,1.363,173.1
2026-08-04,16:09:08,1.363,173.1
2026-08-04,16:09:08,1.363,173.1
2026-08-04,16:09:08,1.363,173.1
2026-08-04,16:09:08,1.363,173.1
2026-08-04,16:09:08,1.363,173.1
2026-08-04,16:09:08,1.363,173.1
2026-08-04,16:09:09,1.363,173.1
2026-08-04,16:09:09,1.363,173.1
2026-08-04,16:09:09,1.363,173.1
2026-08-04,16:09:09,1.363,173.1
2026-08-04,16:09:09,1.363,173.1
2026-08-04,16:09:09,1.363,173.1
2026-08-04,16:09:10,1.363,173.1
2026-08-04,16:09:10,1.363,173.1
2026-08-04,16:09:10,1.363,173.0
2026-08-04,16:09:10,1.362,173.0
2026-08-04,16:09:10,1.362,173.0
2026-08-04,16:09:10,1.362,173.0
2026-08-04,16:09:11,1.362,173.0
2026-08-04,16:09:11,1.362,173.0
2026-08-04,16:09:11,1.362,173.0
2026-08-04,16:09:11,1.362,173.0
2026-08-04,16:09:11,1.362,173.0
2026-08-04,16:09:11,1.362,173.0
2026-08-04,16:09:11,1.362,173.0
2026-08-04,16:09:12,1.362,172.9
2026-08-04,16:09:12,1.362,172.9
2026-08-04,16:09:12,1.362,172.9
2026-08-04,16:09:12,1.362,172.9
2026-08-04,16:09:12,1.362,172.9
2026-08-04,16:09:12,1.362,172.9
2026-08-04,16:09:13,1.362,172.9
2026-08-04,16:09:13,1.362,172.9
2026-08-04,16:09:13,1.361,172.9
2026-08-04,16:09:13,1.361,172.9
2026-08-04,16:09:13,1.361,172.9
2026-08-04,16:09:13,1.361,172.9
2026-08-04,16:09:14,1.361,172.9
2026-08-04,16:09:14,1.362,172.9
2026-08-04,16:09:14,1.362,172.9
2026-08-04,16:09:14,1.362,172.9
2026-08-04,16:09:14,1.362,172.9
2026-08-04,16:09:14,1.362,172.9
2026-08-04,16:09:15,1.362,172.9
2026-08-04,16:09:15,1.362,172.9
2026-08-04,16:09:15,1.362,172.9
2026-08-04,16:09:15,1.362,172.9
2026-08-04,16:09:15,1.362,172.9
2026-08-04,16:09:15,1.362,172.9
2026-08-04,16:09:16,1.362,172.9
2026-08-04,16:09:16,1.362,172.9
2026-08-04,16:09:16,1.362,172.9
2026-08-04,16:09:16,1.362,172.9
2026-08-04,16:09:16,1.362,172.9
2026-08-04,16:09:16,1.362,172.9
2026-08-04,16:09:17,1.362,172.9
2026-08-04,16:09:17,1.362,172.9
2026-08-04,16:09:17,1.362,172.9
2026-08-04,16:09:17,1.362,172.9
2026-08-04,16:09:17,1.362,172.9
2026-08-04,16:09:17,1.362,172.9
2026-08-04,16:09:18,1.362,172.9
2026-08-04,16:09:18,1.362,172.9
2026-08-04,16:09:18,1.362,172.9
2026-08-04,16:09:18,1.362,172.9
2026-08-04,16:09:18,1.362,172.9
2026-08-04,16:09:18,1.362,172.9
2026-08-04,16:09:19,1.362,172.9
2026-08-04,16:09:19,1.362,172.9
2026-08-04,16:09:19,1.362,172.9
2026-08-04,16:09:19,1.362,172.9
2026-08-04,16:09:19,1.362,172.9
2026-08-04,16:09:19,1.362,172.9
2026-08-04,16:09:20,1.362,172.9
2026-08-04,16:09:20,1.362,172.9
2026-08-04,16:09:20,1.362,172.9
2026-08-04,16:09:20,1.362,172.9
2026-08-04,16:09:20,1.362,172.9
2026-08-04,16:09:20,1.362,172.9
2026-08-04,16:09:21,1.362,173.0
2026-08-04,16:09:21,1.362,173.0
2026-08-04,16:09:21,1.362,173.0
2026-08-04,16:09:21,1.362,173.0
2026-08-04,16:09:21,1.362,173.0
2026-08-04,16:09:21,1.362,173.0
2026-08-04,16:09:22,1.362,173.0
2026-08-04,16:09:22,1.362,173.0
2026-08-04,16:09:22,1.362,173.0
2026-08-04,16:09:22,1.362,173.0
2026-08-04,16:09:22,1.362,173.0
2026-08-04,16:09:22,1.362,173.0
2026-08-04,16:09:23,1.362,173.0
2026-08-04,16:09:23,1.362,173.0
2026-08-04,16:09:23,1.362,173.0
2026-08-04,16:09:23,1.362,173.0
2026-08-04,16:09:23,1.362,173.0
2026-08-04,16:09:23,1.362,173.0
2026-08-04,16:09:24,1.362,173.0
2026-08-04,16:09:24,1.362,173.0
2026-08-04,16:09:24,1.362,173.0
2026-08-04,16:09:24,1.362,173.0
2026-08-04,16:09:24,1.362,173.0
2026-08-04,16:09:24,1.362,173.0
2026-08-04,16:09:25,1.362,173.0
2026-08-04,16:09:25,1.362,173.0
2026-08-04,16:09:25,1.362,173.0
2026-08-04,16:09:25,1.362,173.0
2026-08-04,16:09:25,1.362,173.0
2026-08-04,16:09:25,1.362,173.0
2026-08-04,16:09:26,1.362,173.0
2026-08-04,16:09:26,1.362,173.0
2026-08-04,16:09:26,1.362,173.0
2026-08-04,16:09:26,1.362,173.0
2026-08-04,16:09:26,1.362,173.0
2026-08-04,16:09:26,1.362,173.0
2026-08-04,16:09:27,1.362,173.0
2026-08-04,16:09:27,1.362,173.0
2026-08-04,16:09:27,1.362,173.0
2026-08-04,16:09:27,1.362,173.0
2026-08-04,16:09:27,1.362,173.0
2026-08-04,16:09:27,1.362,173.0
2026-08-04,16:09:27,1.362,173.0
2026-08-04,16:09:28,1.362,173.0
2026-08-04,16:09:28,1.362,173.0
2026-08-04,16:09:28,1.362,173.0
2026-08-04,16:09:28,1.362,173.0
2026-08-04,16:09:28,1.362,173.0
2026-08-04,16:09:28,1.362,173.0
2026-08-04,16:09:29,1.362,173.0
2026-08-04,16:09:29,1.362,173.0
2026-08-04,16:09:29,1.362,173.0
2026-08-04,16:09:29,1.362,173.0
2026-08-04,16:09:29,1.362,173.0
2026-08-04,16:09:29,1.362,173.0
2026-08-04,16:09:30,1.362,173.0
2026-08-04,16:09:30,1.362,173.0
2026-08-04,16:09:30,1.362,173.0
2026-08-04,16:09:30,1.362,173.0
2026-08-04,16:09:30,1.362,173.0
2026-08-04,16:09:30,1.362,173.0
2026-08-04,16:09:31,1.362,173.0
2026-08-04,16:09:31,1.362,173.0
2026-08-04,16:09:31,1.362,173.0
2026-08-04,16:09:31,1.362,173.0
2026-08-04,16:09:31,1.362,173.0
2026-08-04,16:09:31,1.362,173.0
2026-08-04,16:09:32,1.362,173.0
2026-08-04,16:09:32,1.362,173.0
2026-08-04,16:09:32,1.362,173.0
2026-08-04,16:09:32,1.362,173.0
2026-08-04,16:09:32,1.362,173.0
2026-08-04,16:09:32,1.362,173.0
2026-08-04,16:09:33,1.362,173.0
2026-08-04,16:09:33,1.362,173.0
2026-08-04,16:09:33,1.362,173.0
2026-08-04,16:09:33,1.362,173.0
2026-08-04,16:09:33,1.362,173.0
2026-08-04,16:09:33,1.362,173.0
2026-08-04,16:09:34,1.362,173.0
2026-08-04,16:09:34,1.362,173.0
2026-08-04,16:09:34,1.362,173.0
2026-08-04,16:09:34,1.362,173.0
2026-08-04,16:09:34,1.362,173.0
2026-08-04,16:09:34,1.363,173.0
2026-08-04,16:09:35,1.363,173.0
2026-08-04,16:09:35,1.363,173.0
2026-08-04,16:09:35,1.363,173.0
2026-08-04,16:09:35,1.363,173.1
2026-08-04,16:09:35,1.363,173.0
2026-08-04,16:09:35,1.363,173.1
2026-08-04,16:09:36,1.363,173.1
2026-08-04,16:09:36,1.363,173.1
2026-08-04,16:09:36,1.363,173.1
2026-08-04,16:09:36,1.363,173.1
2026-08-04,16:09:36,1.363,173.1
2026-08-04,16:09:36,1.363,173.0
2026-08-04,16:09:37,1.363,173.0
2026-08-04,16:09:37,1.363,173.0
2026-08-04,16:09:37,1.363,173.0
2026-08-04,16:09:37,1.363,173.0
2026-08-04,16:09:37,1.363,173.1
2026-08-04,16:09:37,1.363,173.1
2026-08-04,16:09:38,1.363,173.1
2026-08-04,16:09:38,1.363,173.0
2026-08-04,16:09:38,1.363,173.0
2026-08-04,16:09:38,1.363,173.0
2026-08-04,16:09:38,1.363,173.0
2026-08-04,16:09:38,1.362,173.0
2026-08-04,16:09:39,1.362,173.0
2026-08-04,16:09:39,1.362,173.0
2026-08-04,16:09:39,1.362,173.0
2026-08-04,16:09:39,1.362,173.0
2026-08-04,16:09:39,1.362,173.0
2026-08-04,16:09:39,1.362,173.0
2026-08-04,16:09:40,1.362,173.0
2026-08-04,16:09:40,1.362,173.0
2026-08-04,16:09:40,1.362,173.0
2026-08-04,16:09:40,1.362,173.0
2026-08-04,16:09:40,1.362,173.0
2026-08-04,16:09:40,1.362,173.0
2026-08-04,16:09:41,1.362,173.0
2026-08-04,16:09:41,1.362,173.0
2026-08-04,16:09:41,1.362,173.0
2026-08-04,16:09:41,1.362,173.0
2026-08-04,16:09:41,1.362,173.0
2026-08-04,16:09:41,1.362,173.0
2026-08-04,16:09:42,1.362,173.0
2026-08-04,16:09:42,1.362,173.0
2026-08-04,16:09:42,1.362,173.0
2026-08-04,16:09:42,1.362,173.0
2026-08-04,16:09:42,1.362,173.0
2026-08-04,16:09:42,1.362,173.0
2026-08-04,16:09:43,1.362,173.0
2026-08-04,16:09:43,1.362,173.0
2026-08-04,16:09:43,1.362,173.0
2026-08-04,16:09:43,1.362,173.0
2026-08-04,16:09:43,1.362,173.0
2026-08-04,16:09:43,1.362,173.0
2026-08-04,16:09:44,1.362,173.0
2026-08-04,16:09:44,1.362,173.0
2026-08-04,16:09:44,1.362,173.0
2026-08-04,16:09:44,1.362,173.0
2026-08-04,16:09:44,1.362,173.0
2026-08-04,16:09:44,1.362,173.0
2026-08-04,16:09:44,1.362,173.0
2026-08-04,16:09:45,1.362,173.0
2026-08-04,16:09:45,1.362,173.0
2026-08-04,16:09:45,1.362,173.0
2026-08-04,16:09:45,1.362,173.0
2026-08-04,16:09:45,1.362,173.0
2026-08-04,16:09:45,1.362,173.0
2026-08-04,16:09:46,1.362,173.0
2026-08-04,16:09:46,1.362,173.0
2026-08-04,16:09:46,1.362,173.0
2026-08-04,16:09:46,1.362,173.0
2026-08-04,16:09:46,1.362,173.0
2026-08-04,16:09:46,1.362,173.0
2026-08-04,16:09:47,1.362,173.0
2026-08-04,16:09:47,1.362,173.0
2026-08-04,16:09:47,1.362,173.0
2026-08-04,16:09:47,1.362,173.0
2026-08-04,16:09:47,1.362,173.0
2026-08-04,16:09:47,1.362,173.0
2026-08-04,16:09:48,1.362,173.0
2026-08-04,16:09:48,1.362,173.0
2026-08-04,16:09:48,1.362,173.0
2026-08-04,16:09:48,1.362,173.0
2026-08-04,16:09:48,1.362,173.0
2026-08-04,16:09:48,1.362,173.0
2026-08-04,16:09:49,1.362,173.0
2026-08-04,16:09:49,1.362,173.0
2026-08-04,16:09:49,1.362,173.0
2026-08-04,16:09:49,1.362,173.0
2026-08-04,16:09:49,1.362,173.0
2026-08-04,16:09:49,1.362,173.0
2026-08-04,16:09:50,1.362,173.0
2026-08-04,16:09:50,1.362,173.0
2026-08-04,16:09:50,1.362,173.0
2026-08-04,16:09:50,1.362,173.0
2026-08-04,16:09:50,1.362,173.0
2026-08-04,16:09:50,1.362,173.0
2026-08-04,16:09:51,1.362,173.0
2026-08-04,16:09:51,1.362,173.0
2026-08-04,16:09:51,1.362,173.0
2026-08-04,16:09:51,1.362,173.0
2026-08-04,16:09:51,1.362,173.0
2026-08-04,16:09:51,1.362,173.0
2026-08-04,16:09:52,1.362,173.0
2026-08-04,16:09:52,1.362,173.0
2026-08-04,16:09:52,1.362,173.0
2026-08-04,16:09:52,1.362,173.0
2026-08-04,16:09:52,1.362,173.0
2026-08-04,16:09:52,1.362,173.0
2026-08-04,16:09:53,1.362,173.0
2026-08-04,16:09:53,1.362,173.0
2026-08-04,16:09:53,1.362,173.0
2026-08-04,16:09:53,1.362,173.0
2026-08-04,16:09:53,1.362,173.0
2026-08-04,16:09:53,1.362,173.0
2026-08-04,16:09:54,1.362,173.0
2026-08-04,16:09:54,1.362,173.0
2026-08-04,16:09:54,1.362,173.0
2026-08-04,16:09:54,1.362,173.0
2026-08-04,16:09:54,1.362,173.0
2026-08-04,16:09:54,1.362,173.0
2026-08-04,16:09:55,1.362,173.0
2026-08-04,16:09:55,1.362,173.0
2026-08-04,16:09:55,1.362,173.0
2026-08-04,16:09:55,1.362,173.0
2026-08-04,16:09:55,1.362,173.0
2026-08-04,16:09:55,1.362,173.0
2026-08-04,16:09:56,1.362,173.0
2026-08-04,16:09:56,1.362,173.0
2026-08-04,16:09:56,1.362,173.0
2026-08-04,16:09:56,1.362,173.0
2026-08-04,16:09:56,1.362,173.0
2026-08-04,16:09:56,1.362,173.0
2026-08-04,16:09:57,1.362,173.0
2026-08-04,16:09:57,1.362,173.0
2026-08-04,16:09:57,1.362,173.0
2026-08-04,16:09:57,1.362,173.0
2026-08-04,16:09:57,1.362,173.0
2026-08-04,16:09:57,1.362,173.0
2026-08-04,16:09:58,1.362,173.0
2026-08-04,16:09:58,1.362,173.0
2026-08-04,16:09:58,1.362,173.0
2026-08-04,16:09:58,1.362,173.0
2026-08-04,16:09:58,1.362,173.0
2026-08-04,16:09:58,1.362,173.0
2026-08-04,16:09:59,1.362,173.0
2026-08-04,16:09:59,1.362,173.0
2026-08-04,16:09:59,1.362,173.0
2026-08-04,16:09:59,1.362,173.0
2026-08-04,16:09:59,1.362,173.0
2026-08-04,16:09:59,1.362,173.0
2026-08-04,16:10:00,1.362,173.0
2026-08-04,16:10:00,1.362,173.0
2026-08-04,16:10:00,1.362,173.0
2026-08-04,16:10:00,1.362,173.0
2026-08-04,16:10:00,1.362,173.0
2026-08-04,16:10:00,1.362,173.0
2026-08-04,16:10:00,1.362,173.0
2026-08-04,16:10:01,1.362,173.0
2026-08-04,16:10:01,1.362,173.0
2026-08-04,16:10:01,1.362,173.0
2026-08-04,16:10:01,1.362,172.9
2026-08-04,16:10:01,1.362,172.9
2026-08-04,16:10:01,1.362,172.9
2026-08-04,16:10:02,1.362,172.9
2026-08-04,16:10:02,1.362,172.9
2026-08-04,16:10:02,1.362,172.9
2026-08-04,16:10:02,1.362,172.9
2026-08-04,16:10:02,1.362,172.9
2026-08-04,16:10:02,1.362,172.9
2026-08-04,16:10:03,1.362,172.9
2026-08-04,16:10:03,1.362,172.9
2026-08-04,16:10:03,1.361,172.9
2026-08-04,16:10:03,1.361,172.9
2026-08-04,16:10:03,1.361,172.9
2026-08-04,16:10:03,1.361,172.9
2026-08-04,16:10:04,1.361,172.9
2026-08-04,16:10:04,1.361,172.9
2026-08-04,16:10:04,1.361,172.9
2026-08-04,16:10:04,1.361,172.9
2026-08-04,16:10:04,1.361,172.9
2026-08-04,16:10:04,1.361,172.9
2026-08-04,16:10:05,1.361,172.9
2026-08-04,16:10:05,1.361,172.9
2026-08-04,16:10:05,1.362,172.9
2026-08-04,16:10:05,1.362,172.9
2026-08-04,16:10:05,1.362,172.9
2026-08-04,16:10:05,1.362,172.9
2026-08-04,16:10:06,1.362,172.9
2026-08-04,16:10:06,1.362,172.9
2026-08-04,16:10:06,1.362,172.9
2026-08-04,16:10:06,1.362,173.0
2026-08-04,16:10:06,1.362,173.0
2026-08-04,16:10:06,1.362,173.0
2026-08-04,16:10:07,1.362,173.0
2026-08-04,16:10:07,1.362,173.0
2026-08-04,16:10:07,1.362,173.0
2026-08-04,16:10:07,1.362,173.0
2026-08-04,16:10:07,1.362,173.0
2026-08-04,16:10:07,1.362,173.0
2026-08-04,16:10:08,1.362,173.0
2026-08-04,16:10:08,1.362,173.0
2026-08-04,16:10:08,1.362,173.0
2026-08-04,16:10:08,1.362,173.0
2026-08-04,16:10:08,1.362,173.0
2026-08-04,16:10:08,1.362,173.0
2026-08-04,16:10:09,1.362,173.0
2026-08-04,16:10:09,1.362,173.0
2026-08-04,16:10:09,1.362,173.0
2026-08-04,16:10:09,1.362,173.0
2026-08-04,16:10:09,1.362,173.0
2026-08-04,16:10:09,1.362,173.0
2026-08-04,16:10:10,1.362,173.0
2026-08-04,16:10:10,1.362,173.0
2026-08-04,16:10:10,1.362,173.0
2026-08-04,16:10:10,1.362,173.0
2026-08-04,16:10:10,1.362,173.0
2026-08-04,16:10:10,1.362,173.0
2026-08-04,16:10:11,1.362,173.0
2026-08-04,16:10:11,1.362,173.0
2026-08-04,16:10:11,1.362,173.0
2026-08-04,16:10:11,1.362,173.0
2026-08-04,16:10:11,1.362,173.0
2026-08-04,16:10:11,1.362,173.0
2026-08-04,16:10:12,1.362,173.0
2026-08-04,16:10:12,1.362,173.0
2026-08-04,16:10:12,1.362,173.0
2026-08-04,16:10:12,1.362,173.0
2026-08-04,16:10:12,1.362,173.0
2026-08-04,16:10:12,1.362,172.9
2026-08-04,16:10:13,1.362,172.9
2026-08-04,16:10:13,1.362,172.9
2026-08-04,16:10:13,1.362,172.9
2026-08-04,16:10:13,1.362,172.9
2026-08-04,16:10:13,1.362,172.9
2026-08-04,16:10:13,1.362,172.9
2026-08-04,16:10:14,1.362,172.9
2026-08-04,16:10:14,1.362,172.9
2026-08-04,16:10:14,1.362,172.9
2026-08-04,16:10:14,1.362,172.9
2026-08-04,16:10:14,1.362,172.9
2026-08-04,16:10:14,1.362,172.9
2026-08-04,16:10:15,1.362,172.9
2026-08-04,16:10:15,1.362,172.9
2026-08-04,16:10:15,1.362,172.9
2026-08-04,16:10:15,1.362,172.9
2026-08-04,16:10:15,1.362,172.9
2026-08-04,16:10:15,1.362,172.9
2026-08-04,16:10:16,1.362,172.9
2026-08-04,16:10:16,1.362,172.9
2026-08-04,16:10:16,1.362,172.9
2026-08-04,16:10:16,1.362,172.9
2026-08-04,16:10:16,1.362,172.9
2026-08-04,16:10:16,1.362,172.9
2026-08-04,16:10:17,1.361,172.9
2026-08-04,16:10:17,1.361,172.9
2026-08-04,16:10:17,1.361,172.9
2026-08-04,16:10:17,1.361,172.9
2026-08-04,16:10:17,1.361,172.9
2026-08-04,16:10:17,1.361,172.9
2026-08-04,16:10:17,1.361,172.9
2026-08-04,16:10:18,1.361,172.9
2026-08-04,16:10:18,1.361,172.9
2026-08-04,16:10:18,1.361,172.9
2026-08-04,16:10:18,1.361,172.9
2026-08-04,16:10:18,1.361,172.9
2026-08-04,16:10:18,1.361,172.9
2026-08-04,16:10:19,1.361,172.9
2026-08-04,16:10:19,1.361,172.9
2026-08-04,16:10:19,1.361,172.9
2026-08-04,16:10:19,1.361,172.9
2026-08-04,16:10:19,1.361,172.9
2026-08-04,16:10:19,1.361,172.9
2026-08-04,16:10:20,1.361,172.9
2026-08-04,16:10:20,1.361,172.9
2026-08-04,16:10:20,1.361,172.9
2026-08-04,16:10:20,1.361,172.9
2026-08-04,16:10:20,1.361,172.9
2026-08-04,16:10:20,1.361,172.9
2026-08-04,16:10:21,1.361,172.9
2026-08-04,16:10:21,1.361,172.9
2026-08-04,16:10:21,1.361,172.9
2026-08-04,16:10:21,1.361,172.9
2026-08-04,16:10:21,1.361,172.9
2026-08-04,16:10:21,1.361,172.9
2026-08-04,16:10:22,1.361,172.9
2026-08-04,16:10:22,1.361,172.9
2026-08-04,16:10:22,1.361,172.9
2026-08-04,16:10:22,1.361,172.9
2026-08-04,16:10:22,1.361,172.9
2026-08-04,16:10:22,1.361,172.9
2026-08-04,16:10:23,1.361,172.9
2026-08-04,16:10:23,1.361,172.9
2026-08-04,16:10:23,1.361,172.9
2026-08-04,16:10:23,1.361,172.9
2026-08-04,16:10:23,1.361,172.9
2026-08-04,16:10:23,1.361,172.9
2026-08-04,16:10:24,1.361,172.9
2026-08-04,16:10:24,1.361,172.9
2026-08-04,16:10:24,1.361,172.9
2026-08-04,16:10:24,1.361,172.9
2026-08-04,16:10:24,1.361,172.9
2026-08-04,16:10:24,1.361,172.9
2026-08-04,16:10:25,1.361,172.9
2026-08-04,16:10:25,1.361,172.9
2026-08-04,16:10:25,1.361,172.9
2026-08-04,16:10:25,1.361,172.9
2026-08-04,16:10:25,1.361,172.9
2026-08-04,16:10:25,1.362,172.9
2026-08-04,16:10:26,1.362,172.9
2026-08-04,16:10:26,1.362,172.9
2026-08-04,16:10:26,1.362,172.9
2026-08-04,16:10:26,1.361,172.9
2026-08-04,16:10:26,1.361,172.9
2026-08-04,16:10:26,1.361,172.9
2026-08-04,16:10:27,1.361,172.9
2026-08-04,16:10:27,1.361,172.9
2026-08-04,16:10:27,1.361,172.9
2026-08-04,16:10:27,1.361,172.9
2026-08-04,16:10:27,1.361,172.9
2026-08-04,16:10:27,1.361,172.9
2026-08-04,16:10:28,1.361,172.9
2026-08-04,16:10:28,1.361,172.9
2026-08-04,16:10:28,1.361,172.9
2026-08-04,16:10:28,1.361,172.9
2026-08-04,16:10:28,1.361,172.8
2026-08-04,16:10:28,1.361,172.8
2026-08-04,16:10:29,1.361,172.8
2026-08-04,16:10:29,1.361,172.8
2026-08-04,16:10:29,1.361,172.8
2026-08-04,16:10:29,1.361,172.8
2026-08-04,16:10:29,1.361,172.8
2026-08-04,16:10:29,1.361,172.8
2026-08-04,16:10:30,1.361,172.8
2026-08-04,16:10:30,1.361,172.8
2026-08-04,16:10:30,1.361,172.9
2026-08-04,16:10:30,1.361,172.9
2026-08-04,16:10:30,1.361,172.9
2026-08-04,16:10:30,1.361,172.8
2026-08-04,16:10:31,1.361,172.8
2026-08-04,16:10:31,1.361,172.8
2026-08-04,16:10:31,1.361,172.9
2026-08-04,16:10:31,1.361,172.9
2026-08-04,16:10:31,1.361,172.9
2026-08-04,16:10:31,1.361,172.8
2026-08-04,16:10:32,1.361,172.8
2026-08-04,16:10:32,1.361,172.8
2026-08-04,16:10:32,1.361,172.8
2026-08-04,16:10:32,1.361,172.8
2026-08-04,16:10:32,1.361,172.8
2026-08-04,16:10:32,1.361,172.8
2026-08-04,16:10:33,1.361,172.8
2026-08-04,16:10:33,1.361,172.8
2026-08-04,16:10:33,1.361,172.8
2026-08-04,16:10:33,1.361,172.9
2026-08-04,16:10:33,1.361,172.9
2026-08-04,16:10:33,1.361,172.9
2026-08-04,16:10:33,1.361,172.9
2026-08-04,16:10:34,1.361,172.9
2026-08-04,16:10:34,1.361,172.9
2026-08-04,16:10:34,1.361,172.9
2026-08-04,16:10:34,1.361,172.9
2026-08-04,16:10:34,1.361,172.9
2026-08-04,16:10:34,1.361,172.9
2026-08-04,16:10:35,1.361,172.9
2026-08-04,16:10:35,1.361,172.9
2026-08-04,16:10:35,1.361,172.9
2026-08-04,16:10:35,1.361,172.9
2026-08-04,16:10:35,1.361,172.9
2026-08-04,16:10:35,1.361,172.9
2026-08-04,16:10:36,1.361,172.9
2026-08-04,16:10:36,1.361,172.9
2026-08-04,16:10:36,1.361,172.9
2026-08-04,16:10:36,1.361,172.9
2026-08-04,16:10:36,1.361,172.9
2026-08-04,16:10:36,1.361,172.9
2026-08-04,16:10:37,1.361,172.9
2026-08-04,16:10:37,1.361,172.9
2026-08-04,16:10:37,1.361,172.9
2026-08-04,16:10:37,1.361,172.9
2026-08-04,16:10:37,1.361,172.9
2026-08-04,16:10:37,1.361,172.9
2026-08-04,16:10:38,1.361,172.9
2026-08-04,16:10:38,1.361,172.9
2026-08-04,16:10:38,1.361,172.9
2026-08-04,16:10:38,1.361,172.9
2026-08-04,16:10:38,1.361,172.9
2026-08-04,16:10:38,1.361,172.9
2026-08-04,16:10:39,1.361,172.9
2026-08-04,16:10:39,1.361,172.9
2026-08-04,16:10:39,1.361,172.9
2026-08-04,16:10:39,1.361,172.9
2026-08-04,16:10:39,1.361,172.9
2026-08-04,16:10:39,1.361,172.9
2026-08-04,16:10:40,1.361,172.9
2026-08-04,16:10:40,1.361,172.9
2026-08-04,16:10:40,1.361,172.9
2026-08-04,16:10:40,1.361,172.9
2026-08-04,16:10:40,1.361,172.9
2026-08-04,16:10:40,1.362,172.9
2026-08-04,16:10:41,1.362,172.9
2026-08-04,16:10:41,1.362,172.9
2026-08-04,16:10:41,1.362,172.9
2026-08-04,16:10:41,1.362,172.9
2026-08-04,16:10:41,1.362,172.9
2026-08-04,16:10:41,1.362,172.9
2026-08-04,16:10:42,1.362,172.9
2026-08-04,16:10:42,1.362,172.9
2026-08-04,16:10:42,1.362,172.9
2026-08-04,16:10:42,1.361,172.9
2026-08-04,16:10:42,1.361,172.9
2026-08-04,16:10:42,1.361,172.9
2026-08-04,16:10:43,1.361,172.9
2026-08-04,16:10:43,1.361,172.9
2026-08-04,16:10:43,1.361,172.9
2026-08-04,16:10:43,1.361,172.9
2026-08-04,16:10:43,1.361,172.9
2026-08-04,16:10:43,1.361,172.9
2026-08-04,16:10:44,1.361,172.9
2026-08-04,16:10:44,1.361,172.9
2026-08-04,16:10:44,1.361,172.9
2026-08-04,16:10:44,1.361,172.9
2026-08-04,16:10:44,1.361,172.9
2026-08-04,16:10:44,1.361,172.9
2026-08-04,16:10:45,1.361,172.9
2026-08-04,16:10:45,1.361,172.9
2026-08-04,16:10:45,1.362,172.9
2026-08-04,16:10:45,1.362,172.9
2026-08-04,16:10:45,1.362,172.9
2026-08-04,16:10:45,1.362,172.9
2026-08-04,16:10:46,1.362,172.9
2026-08-04,16:10:46,1.362,172.9
2026-08-04,16:10:46,1.362,172.9
2026-08-04,16:10:46,1.362,172.9
2026-08-04,16:10:46,1.362,172.9
2026-08-04,16:10:46,1.362,172.9
2026-08-04,16:10:47,1.362,172.9
2026-08-04,16:10:47,1.362,172.9
2026-08-04,16:10:47,1.361,172.9
2026-08-04,16:10:47,1.361,172.9
2026-08-04,16:10:47,1.361,172.9
2026-08-04,16:10:47,1.361,172.9
2026-08-04,16:10:48,1.361,172.9
2026-08-04,16:10:48,1.361,172.9
2026-08-04,16:10:48,1.361,172.9
2026-08-04,16:10:48,1.361,172.9
2026-08-04,16:10:48,1.361,172.9
2026-08-04,16:10:48,1.361,172.9
2026-08-04,16:10:49,1.361,172.9
2026-08-04,16:10:49,1.362,172.9
2026-08-04,16:10:49,1.362,172.9
2026-08-04,16:10:49,1.362,172.9
2026-08-04,16:10:49,1.362,172.9
2026-08-04,16:10:49,1.362,172.9
2026-08-04,16:10:50,1.362,172.9
2026-08-04,16:10:50,1.362,172.9
2026-08-04,16:10:50,1.362,172.9
2026-08-04,16:10:50,1.362,172.9
2026-08-04,16:10:50,1.362,172.9
2026-08-04,16:10:50,1.362,172.9
2026-08-04,16:10:50,1.362,172.9
2026-08-04,16:10:51,1.362,172.9
2026-08-04,16:10:51,1.362,172.9
2026-08-04,16:10:51,1.362,172.9
2026-08-04,16:10:51,1.362,172.9
2026-08-04,16:10:51,1.362,172.9
2026-08-04,16:10:51,1.362,172.9
2026-08-04,16:10:52,1.362,172.9
2026-08-04,16:10:52,1.362,172.9
2026-08-04,16:10:52,1.362,172.9
2026-08-04,16:10:52,1.362,172.9
2026-08-04,16:10:52,1.362,172.9
2026-08-04,16:10:52,1.362,172.9
2026-08-04,16:10:53,1.362,172.9
2026-08-04,16:10:53,1.362,172.9
2026-08-04,16:10:53,1.362,172.9
2026-08-04,16:10:53,1.362,172.9
2026-08-04,16:10:53,1.362,172.9
2026-08-04,16:10:53,1.362,172.9
2026-08-04,16:10:54,1.362,172.9
2026-08-04,16:10:54,1.362,172.9
2026-08-04,16:10:54,1.361,172.9
2026-08-04,16:10:54,1.361,172.9
2026-08-04,16:10:54,1.361,172.9
2026-08-04,16:10:54,1.361,172.9
2026-08-04,16:10:55,1.361,172.9
2026-08-04,16:10:55,1.361,172.9
2026-08-04,16:10:55,1.361,172.9
2026-08-04,16:10:55,1.361,172.9
2026-08-04,16:10:55,1.361,172.9
2026-08-04,16:10:55,1.361,172.9
2026-08-04,16:10:56,1.361,172.9
2026-08-04,16:10:56,1.361,172.9
2026-08-04,16:10:56,1.361,172.9
2026-08-04,16:10:56,1.361,172.9
2026-08-04,16:10:56,1.362,172.9
2026-08-04,16:10:56,1.362,172.9
2026-08-04,16:10:57,1.362,172.9
2026-08-04,16:10:57,1.362,172.9
2026-08-04,16:10:57,1.362,172.9
2026-08-04,16:10:57,1.362,172.9
2026-08-04,16:10:57,1.362,172.9
2026-08-04,16:10:57,1.362,172.9
2026-08-04,16:10:58,1.362,172.9
2026-08-04,16:10:58,1.362,172.9
2026-08-04,16:10:58,1.362,172.9
2026-08-04,16:10:58,1.362,172.9
2026-08-04,16:10:58,1.362,172.9
2026-08-04,16:10:58,1.362,172.9
2026-08-04,16:10:59,1.362,172.9
2026-08-04,16:10:59,1.362,172.9
2026-08-04,16:10:59,1.362,172.9
2026-08-04,16:10:59,1.362,172.9
2026-08-04,16:10:59,1.362,172.9
2026-08-04,16:10:59,1.362,172.9
2026-08-04,16:11:00,1.362,172.9
2026-08-04,16:11:00,1.362,172.9
2026-08-04,16:11:00,1.362,172.9
2026-08-04,16:11:00,1.362,172.9
2026-08-04,16:11:00,1.362,172.9
2026-08-04,16:11:00,1.362,172.9
2026-08-04,16:11:01,1.362,172.9
2026-08-04,16:11:01,1.361,172.9
2026-08-04,16:11:01,1.361,172.9
2026-08-04,16:11:01,1.361,172.9
2026-08-04,16:11:01,1.361,172.9
2026-08-04,16:11:01,1.361,172.9
2026-08-04,16:11:02,1.361,172.9
2026-08-04,16:11:02,1.361,172.9
2026-08-04,16:11:02,1.361,172.9
2026-08-04,16:11:02,1.361,172.9
2026-08-04,16:11:02,1.361,172.9
2026-08-04,16:11:02,1.361,172.9
2026-08-04,16:11:03,1.361,172.9
2026-08-04,16:11:03,1.361,172.9
2026-08-04,16:11:03,1.361,172.9
2026-08-04,16:11:03,1.361,172.9
2026-08-04,16:11:03,1.361,172.9
2026-08-04,16:11:03,1.361,172.9
2026-08-04,16:11:04,1.361,172.9
2026-08-04,16:11:04,1.361,172.9
2026-08-04,16:11:04,1.361,172.9
2026-08-04,16:11:04,1.361,172.9
2026-08-04,16:11:04,1.361,172.9
2026-08-04,16:11:04,1.361,172.9
2026-08-04,16:11:05,1.361,172.9
2026-08-04,16:11:05,1.361,172.9
2026-08-04,16:11:05,1.361,172.9
2026-08-04,16:11:05,1.361,172.9
2026-08-04,16:11:05,1.361,172.9
2026-08-04,16:11:05,1.361,172.9
2026-08-04,16:11:06,1.361,172.9
2026-08-04,16:11:06,1.361,172.9
2026-08-04,16:11:06,1.361,172.9
2026-08-04,16:11:06,1.361,172.9
2026-08-04,16:11:06,1.361,172.9
2026-08-04,16:11:06,1.361,172.9
2026-08-04,16:11:06,1.361,172.9
2026-08-04,16:11:07,1.361,172.9
2026-08-04,16:11:07,1.361,172.9
2026-08-04,16:11:07,1.361,172.9
2026-08-04,16:11:07,1.361,172.9
2026-08-04,16:11:07,1.361,172.9
2026-08-04,16:11:07,1.361,172.9
2026-08-04,16:11:08,1.361,172.9
2026-08-04,16:11:08,1.361,172.9
2026-08-04,16:11:08,1.361,172.9
2026-08-04,16:11:08,1.361,172.9
2026-08-04,16:11:08,1.361,172.9
2026-08-04,16:11:08,1.361,172.9
2026-08-04,16:11:09,1.361,172.9
2026-08-04,16:11:09,1.361,172.9
2026-08-04,16:11:09,1.361,172.9
2026-08-04,16:11:09,1.361,172.9
2026-08-04,16:11:09,1.361,172.9
2026-08-04,16:11:09,1.361,172.9
2026-08-04,16:11:10,1.361,172.9
2026-08-04,16:11:10,1.361,172.9
2026-08-04,16:11:10,1.361,172.9
2026-08-04,16:11:10,1.361,172.9
2026-08-04,16:11:10,1.361,172.9
2026-08-04,16:11:10,1.361,172.9
2026-08-04,16:11:11,1.361,172.9
2026-08-04,16:11:11,1.361,172.9
2026-08-04,16:11:11,1.361,172.9
2026-08-04,16:11:11,1.361,172.9
2026-08-04,16:11:11,1.361,172.9
2026-08-04,16:11:11,1.361,172.9
2026-08-04,16:11:12,1.361,172.9
2026-08-04,16:11:12,1.361,172.9
2026-08-04,16:11:12,1.361,172.9
2026-08-04,16:11:12,1.361,172.9
2026-08-04,16:11:12,1.361,172.9
2026-08-04,16:11:12,1.361,172.9
2026-08-04,16:11:13,1.361,172.9
2026-08-04,16:11:13,1.361,172.9
2026-08-04,16:11:13,1.361,172.9
2026-08-04,16:11:13,1.361,172.9
2026-08-04,16:11:13,1.361,172.9
2026-08-04,16:11:13,1.361,172.9
2026-08-04,16:11:14,1.361,172.9
2026-08-04,16:11:14,1.361,172.9
2026-08-04,16:11:14,1.361,172.9
2026-08-04,16:11:14,1.361,172.9
2026-08-04,16:11:14,1.361,172.9
2026-08-04,16:11:14,1.361,172.9
2026-08-04,16:11:15,1.361,172.9
2026-08-04,16:11:15,1.361,172.9
2026-08-04,16:11:15,1.361,172.9
2026-08-04,16:11:15,1.361,172.9
2026-08-04,16:11:15,1.361,172.9
2026-08-04,16:11:15,1.361,172.9
2026-08-04,16:11:16,1.362,172.9
2026-08-04,16:11:16,1.361,172.9
2026-08-04,16:11:16,1.361,172.9
2026-08-04,16:11:16,1.361,172.9
2026-08-04,16:11:16,1.361,172.9
2026-08-04,16:11:16,1.361,172.9
2026-08-04,16:11:17,1.361,172.9
2026-08-04,16:11:17,1.361,172.9
2026-08-04,16:11:17,1.361,172.9
2026-08-04,16:11:17,1.361,172.9
2026-08-04,16:11:17,1.361,172.9
2026-08-04,16:11:17,1.361,172.9
2026-08-04,16:11:18,1.361,172.9
2026-08-04,16:11:18,1.361,172.9
2026-08-04,16:11:18,1.361,172.9
2026-08-04,16:11:18,1.361,172.9
2026-08-04,16:11:18,1.361,172.9
2026-08-04,16:11:18,1.361,172.9
2026-08-04,16:11:19,1.361,172.9
2026-08-04,16:11:19,1.361,172.9
2026-08-04,16:11:19,1.361,172.9
2026-08-04,16:11:19,1.361,172.9
2026-08-04,16:11:19,1.361,172.9
2026-08-04,16:11:19,1.361,172.9
2026-08-04,16:11:20,1.361,172.9
2026-08-04,16:11:20,1.361,172.9
2026-08-04,16:11:20,1.361,172.9
2026-08-04,16:11:20,1.361,172.9
2026-08-04,16:11:20,1.361,172.9
2026-08-04,16:11:20,1.361,172.9
2026-08-04,16:11:21,1.361,172.9
2026-08-04,16:11:21,1.361,172.9
2026-08-04,16:11:21,1.361,172.9
2026-08-04,16:11:21,1.361,172.9
2026-08-04,16:11:21,1.361,172.9
2026-08-04,16:11:21,1.361,172.9
2026-08-04,16:11:22,1.361,172.9
2026-08-04,16:11:22,1.361,172.9
2026-08-04,16:11:22,1.361,172.9
2026-08-04,16:11:22,1.361,172.9
2026-08-04,16:11:22,1.361,172.9
2026-08-04,16:11:22,1.362,172.9
2026-08-04,16:11:23,1.362,172.9
2026-08-04,16:11:23,1.362,172.9
2026-08-04,16:11:23,1.362,172.9
2026-08-04,16:11:23,1.362,172.9
2026-08-04,16:11:23,1.362,172.9
2026-08-04,16:11:23,1.362,172.9
2026-08-04,16:11:23,1.362,172.9
2026-08-04,16:11:24,1.362,172.9
2026-08-04,16:11:24,1.362,172.9
2026-08-04,16:11:24,1.362,172.9
2026-08-04,16:11:24,1.362,172.9
2026-08-04,16:11:24,1.362,172.9
2026-08-04,16:11:24,1.362,172.9
2026-08-04,16:11:25,1.362,172.9
2026-08-04,16:11:25,1.362,172.9
2026-08-04,16:11:25,1.361,172.9
2026-08-04,16:11:25,1.361,172.9
2026-08-04,16:11:25,1.361,172.9
2026-08-04,16:11:25,1.361,172.9
2026-08-04,16:11:26,1.361,172.9
2026-08-04,16:11:26,1.361,172.9
2026-08-04,16:11:26,1.361,172.9
2026-08-04,16:11:26,1.361,172.9
2026-08-04,16:11:26,1.361,172.9
2026-08-04,16:11:26,1.361,172.9
2026-08-04,16:11:27,1.361,172.9
2026-08-04,16:11:27,1.361,172.9
2026-08-04,16:11:27,1.361,172.9
2026-08-04,16:11:27,1.361,172.9
2026-08-04,16:11:27,1.361,172.9
2026-08-04,16:11:27,1.361,172.9
2026-08-04,16:11:28,1.361,172.9
2026-08-04,16:11:28,1.361,172.9
2026-08-04,16:11:28,1.361,172.9
2026-08-04,16:11:28,1.361,172.9
2026-08-04,16:11:28,1.361,172.9
2026-08-04,16:11:28,1.361,172.9
2026-08-04,16:11:29,1.361,172.9
2026-08-04,16:11:29,1.361,172.9
2026-08-04,16:11:29,1.361,172.9
2026-08-04,16:11:29,1.361,172.9
2026-08-04,16:11:29,1.361,172.9
2026-08-04,16:11:29,1.361,172.9
2026-08-04,16:11:30,1.361,172.9
2026-08-04,16:11:30,1.361,172.9
2026-08-04,16:11:30,1.361,172.9
2026-08-04,16:11:30,1.361,172.9
2026-08-04,16:11:30,1.361,172.9
2026-08-04,16:11:30,1.361,172.9
2026-08-04,16:11:31,1.361,172.9
2026-08-04,16:11:31,1.361,172.9
2026-08-04,16:11:31,1.361,172.9
2026-08-04,16:11:31,1.361,172.9
2026-08-04,16:11:31,1.361,172.9
2026-08-04,16:11:31,1.361,172.9
2026-08-04,16:11:32,1.361,172.9
2026-08-04,16:11:32,1.361,172.9
2026-08-04,16:11:32,1.361,172.9
2026-08-04,16:11:32,1.361,172.9
2026-08-04,16:11:32,1.361,172.9
2026-08-04,16:11:32,1.361,172.9
2026-08-04,16:11:33,1.361,172.9
2026-08-04,16:11:33,1.361,172.9
2026-08-04,16:11:33,1.361,172.9
2026-08-04,16:11:33,1.361,172.9
2026-08-04,16:11:33,1.361,172.9
2026-08-04,16:11:33,1.361,172.9
2026-08-04,16:11:34,1.361,172.9
2026-08-04,16:11:34,1.361,172.9
2026-08-04,16:11:34,1.361,172.9
2026-08-04,16:11:34,1.361,172.9
2026-08-04,16:11:34,1.361,172.9
2026-08-04,16:11:34,1.361,172.9
2026-08-04,16:11:35,1.361,172.9
2026-08-04,16:11:35,1.361,172.9
2026-08-04,16:11:35,1.361,172.9
2026-08-04,16:11:35,1.361,172.9
2026-08-04,16:11:35,1.361,172.9
2026-08-04,16:11:35,1.361,172.9
2026-08-04,16:11:36,1.361,172.9
2026-08-04,16:11:36,1.361,172.9
2026-08-04,16:11:36,1.361,172.9
2026-08-04,16:11:36,1.361,172.9
2026-08-04,16:11:36,1.361,172.9
2026-08-04,16:11:36,1.361,172.9
2026-08-04,16:11:37,1.361,172.9
2026-08-04,16:11:37,1.361,172.9
2026-08-04,16:11:37,1.361,172.9
2026-08-04,16:11:37,1.361,172.9
2026-08-04,16:11:37,1.361,172.9
2026-08-04,16:11:37,1.361,172.9
2026-08-04,16:11:38,1.361,172.9
2026-08-04,16:11:38,1.361,172.9
2026-08-04,16:11:38,1.361,172.9
2026-08-04,16:11:38,1.361,172.9
2026-08-04,16:11:38,1.361,172.9
2026-08-04,16:11:38,1.361,172.9
2026-08-04,16:11:39,1.361,172.9
2026-08-04,16:11:39,1.361,172.9
2026-08-04,16:11:39,1.361,172.9
2026-08-04,16:11:39,1.361,172.9
2026-08-04,16:11:39,1.361,172.9
2026-08-04,16:11:39,1.361,172.9
2026-08-04,16:11:39,1.361,172.9
2026-08-04,16:11:40,1.361,172.9
2026-08-04,16:11:40,1.361,172.9
2026-08-04,16:11:40,1.361,172.9
2026-08-04,16:11:40,1.361,172.9
2026-08-04,16:11:40,1.361,172.9
2026-08-04,16:11:40,1.361,172.9
2026-08-04,16:11:41,1.362,172.9
2026-08-04,16:11:41,1.362,172.9
2026-08-04,16:11:41,1.362,172.9
2026-08-04,16:11:41,1.362,172.9
2026-08-04,16:11:41,1.362,172.9
2026-08-04,16:11:41,1.362,172.9
2026-08-04,16:11:42,1.362,172.9
2026-08-04,16:11:42,1.362,172.9
2026-08-04,16:11:42,1.362,172.9
2026-08-04,16:11:42,1.362,172.9
2026-08-04,16:11:42,1.362,172.9
2026-08-04,16:11:42,1.362,172.9
2026-08-04,16:11:43,1.362,172.9
2026-08-04,16:11:43,1.362,172.9
2026-08-04,16:11:43,1.362,172.9
2026-08-04,16:11:43,1.362,172.9
2026-08-04,16:11:43,1.362,172.9
2026-08-04,16:11:43,1.362,172.9
2026-08-04,16:11:44,1.362,172.9
2026-08-04,16:11:44,1.362,172.9
2026-08-04,16:11:44,1.361,172.9
2026-08-04,16:11:44,1.361,172.9
2026-08-04,16:11:44,1.361,172.9
2026-08-04,16:11:44,1.361,172.9
2026-08-04,16:11:45,1.361,172.9
2026-08-04,16:11:45,1.361,172.9
2026-08-04,16:11:45,1.361,172.9
2026-08-04,16:11:45,1.361,172.9
2026-08-04,16:11:45,1.361,172.9
2026-08-04,16:11:45,1.361,172.9
2026-08-04,16:11:46,1.361,172.9
2026-08-04,16:11:46,1.361,172.9
2026-08-04,16:11:46,1.361,172.9
2026-08-04,16:11:46,1.361,172.9
2026-08-04,16:11:46,1.361,172.9
2026-08-04,16:11:46,1.361,172.9
2026-08-04,16:11:47,1.361,172.9
2026-08-04,16:11:47,1.361,172.9
2026-08-04,16:11:47,1.361,172.9
2026-08-04,16:11:47,1.361,172.9
2026-08-04,16:11:47,1.361,172.9
2026-08-04,16:11:47,1.361,172.9
2026-08-04,16:11:48,1.361,172.9
2026-08-04,16:11:48,1.361,172.9
2026-08-04,16:11:48,1.362,172.9
2026-08-04,16:11:48,1.362,172.9
2026-08-04,16:11:48,1.362,172.9
2026-08-04,16:11:48,1.362,172.9
2026-08-04,16:11:49,1.362,172.9
2026-08-04,16:11:49,1.362,172.9
2026-08-04,16:11:49,1.362,172.9
2026-08-04,16:11:49,1.362,172.9
2026-08-04,16:11:49,1.362,172.9
2026-08-04,16:11:49,1.362,172.9
2026-08-04,16:11:50,1.362,172.9
2026-08-04,16:11:50,1.362,172.9
2026-08-04,16:11:50,1.362,172.9
2026-08-04,16:11:50,1.362,172.9
2026-08-04,16:11:50,1.362,172.9
2026-08-04,16:11:50,1.362,172.9
2026-08-04,16:11:51,1.362,172.9
2026-08-04,16:11:51,1.362,172.9
2026-08-04,16:11:51,1.362,172.9
2026-08-04,16:11:51,1.362,172.9
2026-08-04,16:11:51,1.362,173.0
2026-08-04,16:11:51,1.362,173.0
2026-08-04,16:11:52,1.362,173.0
2026-08-04,16:11:52,1.362,173.0
2026-08-04,16:11:52,1.362,173.0
2026-08-04,16:11:52,1.362,173.0
2026-08-04,16:11:52,1.362,173.0
2026-08-04,16:11:52,1.362,173.0
2026-08-04,16:11:53,1.362,173.0
2026-08-04,16:11:53,1.362,173.0
2026-08-04,16:11:53,1.362,173.0
2026-08-04,16:11:53,1.362,173.0
2026-08-04,16:11:53,1.362,173.0
2026-08-04,16:11:53,1.362,173.0
2026-08-04,16:11:54,1.362,173.0
2026-08-04,16:11:54,1.362,173.0
2026-08-04,16:11:54,1.362,172.9
2026-08-04,16:11:54,1.362,172.9
2026-08-04,16:11:54,1.362,172.9
2026-08-04,16:11:54,1.362,172.9
2026-08-04,16:11:55,1.362,172.9
2026-08-04,16:11:55,1.362,172.9
2026-08-04,16:11:55,1.362,172.9
2026-08-04,16:11:55,1.362,172.9
2026-08-04,16:11:55,1.362,172.9
2026-08-04,16:11:55,1.362,172.9
2026-08-04,16:11:56,1.361,172.9
2026-08-04,16:11:56,1.361,172.9
2026-08-04,16:11:56,1.361,172.9
2026-08-04,16:11:56,1.361,172.9
2026-08-04,16:11:56,1.361,172.9
2026-08-04,16:11:56,1.361,172.9
2026-08-04,16:11:56,1.361,172.9
2026-08-04,16:11:57,1.361,172.9
2026-08-04,16:11:57,1.361,172.9
2026-08-04,16:11:57,1.361,172.9
2026-08-04,16:11:57,1.361,172.9
2026-08-04,16:11:57,1.361,172.9
2026-08-04,16:11:57,1.361,172.9
2026-08-04,16:11:58,1.362,172.9
2026-08-04,16:11:58,1.362,172.9
2026-08-04,16:11:58,1.362,172.9
2026-08-04,16:11:58,1.362,172.9
2026-08-04,16:11:58,1.362,172.9
2026-08-04,16:11:58,1.362,172.9
2026-08-04,16:11:59,1.362,172.9
2026-08-04,16:11:59,1.362,172.9
2026-08-04,16:11:59,1.362,172.9
2026-08-04,16:11:59,1.362,173.0
2026-08-04,16:11:59,1.362,173.0
2026-08-04,16:11:59,1.362,173.0
2026-08-04,16:12:00,1.362,173.0
2026-08-04,16:12:00,1.362,173.0
2026-08-04,16:12:00,1.362,173.0
2026-08-04,16:12:00,1.362,173.0
2026-08-04,16:12:00,1.362,173.0
2026-08-04,16:12:00,1.362,173.0
2026-08-04,16:12:01,1.362,173.0
2026-08-04,16:12:01,1.362,173.0
2026-08-04,16:12:01,1.362,173.0
2026-08-04,16:12:01,1.362,173.0
2026-08-04,16:12:01,1.362,173.0
2026-08-04,16:12:01,1.362,173.0
2026-08-04,16:12:02,1.362,173.0
2026-08-04,16:12:02,1.362,173.0
2026-08-04,16:12:02,1.362,172.9
2026-08-04,16:12:02,1.362,172.9
2026-08-04,16:12:02,1.362,172.9
2026-08-04,16:12:02,1.362,172.9
2026-08-04,16:12:03,1.362,172.9
2026-08-04,16:12:03,1.362,172.9
2026-08-04,16:12:03,1.362,172.9
2026-08-04,16:12:03,1.362,172.9
2026-08-04,16:12:03,1.362,172.9
2026-08-04,16:12:03,1.362,172.9
2026-08-04,16:12:04,1.362,172.9
2026-08-04,16:12:04,1.362,172.9
2026-08-04,16:12:04,1.362,172.9
2026-08-04,16:12:04,1.362,172.9
2026-08-04,16:12:04,1.362,172.9
2026-08-04,16:12:04,1.361,172.9
2026-08-04,16:12:05,1.361,172.9
2026-08-04,16:12:05,1.361,172.9
2026-08-04,16:12:05,1.361,172.9
2026-08-04,16:12:05,1.361,172.9
2026-08-04,16:12:05,1.361,172.9
2026-08-04,16:12:05,1.361,172.9
2026-08-04,16:12:06,1.361,172.9
2026-08-04,16:12:06,1.361,172.9
2026-08-04,16:12:06,1.361,172.9
2026-08-04,16:12:06,1.361,172.9
2026-08-04,16:12:06,1.361,172.9
2026-08-04,16:12:06,1.361,172.9
2026-08-04,16:12:07,1.361,172.9
2026-08-04,16:12:07,1.361,172.9
2026-08-04,16:12:07,1.361,172.9
2026-08-04,16:12:07,1.361,172.9
2026-08-04,16:12:07,1.361,172.9
2026-08-04,16:12:07,1.361,172.9
2026-08-04,16:12:08,1.361,172.9
2026-08-04,16:12:08,1.361,172.9
2026-08-04,16:12:08,1.361,172.9
2026-08-04,16:12:08,1.361,172.9
2026-08-04,16:12:08,1.362,172.9
2026-08-04,16:12:08,1.362,172.9
2026-08-04,16:12:09,1.362,172.9
2026-08-04,16:12:09,1.362,172.9
2026-08-04,16:12:09,1.362,172.9
2026-08-04,16:12:09,1.362,172.9
2026-08-04,16:12:09,1.362,172.9
2026-08-04,16:12:09,1.361,172.9
2026-08-04,16:12:10,1.361,172.9
2026-08-04,16:12:10,1.361,172.9
2026-08-04,16:12:10,1.361,172.9
2026-08-04,16:12:10,1.361,172.9
2026-08-04,16:12:10,1.362,172.9
2026-08-04,16:12:10,1.362,172.9
2026-08-04,16:12:11,1.362,172.9
2026-08-04,16:12:11,1.362,172.9
2026-08-04,16:12:11,1.362,172.9
2026-08-04,16:12:11,1.362,172.9
2026-08-04,16:12:11,1.362,172.9
2026-08-04,16:12:11,1.362,172.9
2026-08-04,16:12:12,1.362,172.9
2026-08-04,16:12:12,1.362,172.9
2026-08-04,16:12:12,1.362,172.9
2026-08-04,16:12:12,1.362,172.9
2026-08-04,16:12:12,1.362,172.9
2026-08-04,16:12:12,1.362,172.9
2026-08-04,16:12:12,1.362,172.9
2026-08-04,16:12:13,1.362,172.9
2026-08-04,16:12:13,1.362,172.9
2026-08-04,16:12:13,1.362,172.9
2026-08-04,16:12:13,1.362,172.9
2026-08-04,16:12:13,1.362,172.9
2026-08-04,16:12:13,1.362,172.9
2026-08-04,16:12:14,1.362,172.9
2026-08-04,16:12:14,1.362,172.9
2026-08-04,16:12:14,1.362,172.9
2026-08-04,16:12:14,1.362,172.9
2026-08-04,16:12:14,1.362,172.9
2026-08-04,16:12:14,1.362,172.9
2026-08-04,16:12:15,1.362,172.9
2026-08-04,16:12:15,1.362,172.9
2026-08-04,16:12:15,1.362,172.9
2026-08-04,16:12:15,1.362,172.9
2026-08-04,16:12:15,1.362,172.9
2026-08-04,16:12:15,1.362,172.9
2026-08-04,16:12:16,1.362,172.9
2026-08-04,16:12:16,1.362,172.9
2026-08-04,16:12:16,1.362,172.9
2026-08-04,16:12:16,1.362,172.9
2026-08-04,16:12:16,1.362,172.9
2026-08-04,16:12:16,1.362,172.9
2026-08-04,16:12:17,1.362,172.9
2026-08-04,16:12:17,1.362,172.9
2026-08-04,16:12:17,1.362,172.9
2026-08-04,16:12:17,1.362,172.9
2026-08-04,16:12:17,1.362,172.9
2026-08-04,16:12:17,1.362,172.9
2026-08-04,16:12:18,1.362,172.9
2026-08-04,16:12:18,1.362,172.9
2026-08-04,16:12:18,1.362,172.9
2026-08-04,16:12:18,1.362,172.9
2026-08-04,16:12:18,1.362,172.9
2026-08-04,16:12:18,1.362,172.9
2026-08-04,16:12:19,1.362,172.9
2026-08-04,16:12:19,1.362,172.9
2026-08-04,16:12:19,1.362,172.9
2026-08-04,16:12:19,1.362,172.9
2026-08-04,16:12:19,1.362,172.9
2026-08-04,16:12:19,1.362,172.9
2026-08-04,16:12:20,1.362,172.9
2026-08-04,16:12:20,1.362,172.9
2026-08-04,16:12:20,1.362,172.9
2026-08-04,16:12:20,1.362,172.9
2026-08-04,16:12:20,1.362,172.9
2026-08-04,16:12:20,1.362,172.9
2026-08-04,16:12:21,1.362,172.9
2026-08-04,16:12:21,1.362,172.9
2026-08-04,16:12:21,1.362,172.9
2026-08-04,16:12:21,1.362,172.9
2026-08-04,16:12:21,1.362,172.9
2026-08-04,16:12:21,1.362,172.9
2026-08-04,16:12:22,1.362,172.9
2026-08-04,16:12:22,1.362,172.9
2026-08-04,16:12:22,1.362,172.9
2026-08-04,16:12:22,1.362,172.9
2026-08-04,16:12:22,1.362,172.9
2026-08-04,16:12:22,1.362,172.9
2026-08-04,16:12:23,1.362,172.9
2026-08-04,16:12:23,1.362,172.9
2026-08-04,16:12:23,1.362,172.9
2026-08-04,16:12:23,1.362,172.9
2026-08-04,16:12:23,1.362,172.9
2026-08-04,16:12:23,1.362,172.9
2026-08-04,16:12:24,1.362,172.9
2026-08-04,16:12:24,1.362,172.9
2026-08-04,16:12:24,1.362,172.9
2026-08-04,16:12:24,1.362,172.9
2026-08-04,16:12:24,1.362,172.9
2026-08-04,16:12:24,1.362,172.9
2026-08-04,16:12:25,1.362,172.9
2026-08-04,16:12:25,1.362,172.9
2026-08-04,16:12:25,1.362,172.9
2026-08-04,16:12:25,1.362,172.9
2026-08-04,16:12:25,1.362,172.9
2026-08-04,16:12:25,1.362,172.9
2026-08-04,16:12:26,1.362,172.9
2026-08-04,16:12:26,1.362,172.9
2026-08-04,16:12:26,1.362,172.9
2026-08-04,16:12:26,1.362,172.9
2026-08-04,16:12:26,1.362,172.9
2026-08-04,16:12:26,1.362,172.9
2026-08-04,16:12:27,1.362,172.9
2026-08-04,16:12:27,1.362,172.9
2026-08-04,16:12:27,1.362,172.9
2026-08-04,16:12:27,1.362,172.9
2026-08-04,16:12:27,1.362,172.9
2026-08-04,16:12:27,1.362,172.9
2026-08-04,16:12:28,1.362,172.9
2026-08-04,16:12:28,1.362,172.9
2026-08-04,16:12:28,1.362,172.9
2026-08-04,16:12:28,1.362,172.9
2026-08-04,16:12:28,1.362,173.0
2026-08-04,16:12:28,1.362,173.0
2026-08-04,16:12:29,1.362,173.0
2026-08-04,16:12:29,1.362,173.0
2026-08-04,16:12:29,1.362,173.0
2026-08-04,16:12:29,1.362,172.9
2026-08-04,16:12:29,1.362,172.9
2026-08-04,16:12:29,1.362,172.9
2026-08-04,16:12:29,1.362,172.9
2026-08-04,16:12:30,1.362,172.9
2026-08-04,16:12:30,1.362,172.9
2026-08-04,16:12:30,1.362,172.9
2026-08-04,16:12:30,1.362,172.9
2026-08-04,16:12:30,1.362,172.9
2026-08-04,16:12:30,1.362,173.0
2026-08-04,16:12:31,1.362,173.0
2026-08-04,16:12:31,1.362,173.0
2026-08-04,16:12:31,1.362,173.0
2026-08-04,16:12:31,1.362,173.0
2026-08-04,16:12:31,1.362,173.0
2026-08-04,16:12:31,1.362,173.0
2026-08-04,16:12:32,1.362,173.0
2026-08-04,16:12:32,1.362,173.0
2026-08-04,16:12:32,1.362,173.0
2026-08-04,16:12:32,1.362,173.0
2026-08-04,16:12:32,1.362,173.0
2026-08-04,16:12:32,1.362,173.0
2026-08-04,16:12:33,1.362,173.0
2026-08-04,16:12:33,1.362,173.0
2026-08-04,16:12:33,1.362,173.0
2026-08-04,16:12:33,1.362,173.0
2026-08-04,16:12:33,1.362,173.0
2026-08-04,16:12:33,1.362,173.0
2026-08-04,16:12:34,1.362,173.0
2026-08-04,16:12:34,1.362,173.0
2026-08-04,16:12:34,1.362,173.0
2026-08-04,16:12:34,1.362,173.0
2026-08-04,16:12:34,1.362,173.0
2026-08-04,16:12:34,1.362,173.0
2026-08-04,16:12:35,1.362,173.0
2026-08-04,16:12:35,1.362,173.0
2026-08-04,16:12:35,1.362,173.0
2026-08-04,16:12:35,1.362,173.0
2026-08-04,16:12:35,1.362,173.0
2026-08-04,16:12:35,1.362,173.0
2026-08-04,16:12:36,1.362,173.0
2026-08-04,16:12:36,1.362,173.0
2026-08-04,16:12:36,1.362,173.0
2026-08-04,16:12:36,1.362,173.0
2026-08-04,16:12:36,1.362,173.0
2026-08-04,16:12:36,1.362,173.0
2026-08-04,16:12:37,1.362,173.0
2026-08-04,16:12:37,1.362,173.0
2026-08-04,16:12:37,1.362,173.0
2026-08-04,16:12:37,1.362,172.9
2026-08-04,16:12:37,1.362,172.9
2026-08-04,16:12:37,1.362,172.9
2026-08-04,16:12:38,1.362,172.9
2026-08-04,16:12:38,1.362,172.9
2026-08-04,16:12:38,1.362,173.0
2026-08-04,16:12:38,1.362,173.0
2026-08-04,16:12:38,1.362,173.0
2026-08-04,16:12:38,1.362,173.0
2026-08-04,16:12:39,1.362,173.0
2026-08-04,16:12:39,1.362,173.0
2026-08-04,16:12:39,1.362,173.0
2026-08-04,16:12:39,1.362,173.0
2026-08-04,16:12:39,1.362,173.0
2026-08-04,16:12:39,1.362,173.0
2026-08-04,16:12:40,1.362,173.0
2026-08-04,16:12:40,1.362,173.0
2026-08-04,16:12:40,1.362,173.0
2026-08-04,16:12:40,1.362,173.0
2026-08-04,16:12:40,1.362,173.0
2026-08-04,16:12:40,1.362,173.0
2026-08-04,16:12:41,1.362,173.0
2026-08-04,16:12:41,1.362,173.0
2026-08-04,16:12:41,1.362,173.0
2026-08-04,16:12:41,1.362,173.0
2026-08-04,16:12:41,1.362,173.0
2026-08-04,16:12:41,1.362,173.0
2026-08-04,16:12:42,1.362,173.0
2026-08-04,16:12:42,1.362,173.0
2026-08-04,16:12:42,1.362,173.0
2026-08-04,16:12:42,1.362,173.0
2026-08-04,16:12:42,1.362,173.0
2026-08-04,16:12:42,1.362,173.0
2026-08-04,16:12:43,1.362,173.0
2026-08-04,16:12:43,1.362,173.0
2026-08-04,16:12:43,1.362,173.0
2026-08-04,16:12:43,1.362,173.0
2026-08-04,16:12:43,1.362,173.0
2026-08-04,16:12:43,1.362,173.0
2026-08-04,16:12:44,1.362,173.0
2026-08-04,16:12:44,1.362,173.0
2026-08-04,16:12:44,1.362,173.0
2026-08-04,16:12:44,1.362,173.0
2026-08-04,16:12:44,1.362,173.0
2026-08-04,16:12:44,1.362,173.0
2026-08-04,16:12:45,1.362,173.0
2026-08-04,16:12:45,1.362,173.0
2026-08-04,16:12:45,1.362,173.0
2026-08-04,16:12:45,1.362,173.0
2026-08-04,16:12:45,1.362,173.0
2026-08-04,16:12:45,1.362,173.0
2026-08-04,16:12:45,1.362,173.0
2026-08-04,16:12:46,1.362,173.0
2026-08-04,16:12:46,1.362,173.0
2026-08-04,16:12:46,1.362,173.0
2026-08-04,16:12:46,1.362,173.0
2026-08-04,16:12:46,1.362,173.0
2026-08-04,16:12:46,1.362,173.0
2026-08-04,16:12:47,1.362,173.0
2026-08-04,16:12:47,1.362,172.9
2026-08-04,16:12:47,1.362,172.9
2026-08-04,16:12:47,1.362,172.9
2026-08-04,16:12:47,1.362,172.9
2026-08-04,16:12:47,1.362,172.9
2026-08-04,16:12:48,1.362,172.9
2026-08-04,16:12:48,1.362,172.9
2026-08-04,16:12:48,1.362,172.9
2026-08-04,16:12:48,1.362,172.9
2026-08-04,16:12:48,1.362,172.9
2026-08-04,16:12:48,1.362,172.9
2026-08-04,16:12:49,1.362,172.9
2026-08-04,16:12:49,1.362,172.9
2026-08-04,16:12:49,1.362,172.9
2026-08-04,16:12:49,1.362,172.9
2026-08-04,16:12:49,1.362,172.9
2026-08-04,16:12:49,1.362,172.9
2026-08-04,16:12:50,1.362,172.9
2026-08-04,16:12:50,1.362,172.9
2026-08-04,16:12:50,1.362,172.9
2026-08-04,16:12:50,1.362,172.9
2026-08-04,16:12:50,1.362,172.9
2026-08-04,16:12:50,1.362,172.9
2026-08-04,16:12:51,1.362,172.9
2026-08-04,16:12:51,1.362,172.9
2026-08-04,16:12:51,1.362,172.9
2026-08-04,16:12:51,1.362,172.9
2026-08-04,16:12:51,1.362,172.9
2026-08-04,16:12:51,1.362,172.9
2026-08-04,16:12:52,1.362,172.9
2026-08-04,16:12:52,1.362,172.9
2026-08-04,16:12:52,1.362,172.9
2026-08-04,16:12:52,1.362,172.9
2026-08-04,16:12:52,1.362,172.9
2026-08-04,16:12:52,1.362,172.9
2026-08-04,16:12:53,1.362,172.9
2026-08-04,16:12:53,1.362,172.9
2026-08-04,16:12:53,1.362,172.9
2026-08-04,16:12:53,1.362,172.9
2026-08-04,16:12:53,1.362,172.9
2026-08-04,16:12:53,1.362,172.9
2026-08-04,16:12:54,1.362,172.9
2026-08-04,16:12:54,1.361,172.9
2026-08-04,16:12:54,1.361,172.9
2026-08-04,16:12:54,1.361,172.9
2026-08-04,16:12:54,1.361,172.9
2026-08-04,16:12:54,1.361,172.9
2026-08-04,16:12:55,1.361,172.9
2026-08-04,16:12:55,1.361,172.9
2026-08-04,16:12:55,1.361,172.9
2026-08-04,16:12:55,1.361,172.9
2026-08-04,16:12:55,1.361,172.9
2026-08-04,16:12:55,1.361,172.9
2026-08-04,16:12:56,1.361,172.9
2026-08-04,16:12:56,1.361,172.9
2026-08-04,16:12:56,1.361,172.9
2026-08-04,16:12:56,1.361,172.9
2026-08-04,16:12:56,1.361,172.9
2026-08-04,16:12:56,1.361,172.9
2026-08-04,16:12:57,1.361,172.9
2026-08-04,16:12:57,1.361,172.9
2026-08-04,16:12:57,1.362,172.9
2026-08-04,16:12:57,1.362,172.9
2026-08-04,16:12:57,1.362,172.9
2026-08-04,16:12:57,1.362,172.9
2026-08-04,16:12:58,1.362,172.9
2026-08-04,16:12:58,1.362,172.9
2026-08-04,16:12:58,1.362,172.9
2026-08-04,16:12:58,1.362,172.9
2026-08-04,16:12:58,1.362,172.9
2026-08-04,16:12:58,1.362,172.9
2026-08-04,16:12:59,1.362,172.9
2026-08-04,16:12:59,1.362,172.9
2026-08-04,16:12:59,1.362,172.9
2026-08-04,16:12:59,1.362,172.9
2026-08-04,16:12:59,1.362,172.9
2026-08-04,16:12:59,1.362,172.9
2026-08-04,16:13:00,1.362,172.9
2026-08-04,16:13:00,1.362,172.9
2026-08-04,16:13:00,1.362,172.9
2026-08-04,16:13:00,1.362,172.9
2026-08-04,16:13:00,1.362,172.9
2026-08-04,16:13:00,1.362,172.9
2026-08-04,16:13:01,1.362,172.9
2026-08-04,16:13:01,1.362,172.9
2026-08-04,16:13:01,1.362,172.9
2026-08-04,16:13:01,1.362,172.9
2026-08-04,16:13:01,1.362,173.0
2026-08-04,16:13:01,1.362,173.0
2026-08-04,16:13:02,1.362,173.0
2026-08-04,16:13:02,1.362,173.0
2026-08-04,16:13:02,1.362,173.0
2026-08-04,16:13:02,1.362,173.0
2026-08-04,16:13:02,1.362,173.0
2026-08-04,16:13:02,1.362,173.0
2026-08-04,16:13:02,1.362,173.0
2026-08-04,16:13:03,1.362,173.0
2026-08-04,16:13:03,1.362,173.0
2026-08-04,16:13:03,1.362,173.0
2026-08-04,16:13:03,1.362,173.0
2026-08-04,16:13:03,1.362,173.0
2026-08-04,16:13:03,1.362,173.0
2026-08-04,16:13:04,1.362,173.0
2026-08-04,16:13:04,1.362,173.0
2026-08-04,16:13:04,1.362,173.0
2026-08-04,16:13:04,1.362,173.0
2026-08-04,16:13:04,1.362,173.0
2026-08-04,16:13:04,1.362,173.0
2026-08-04,16:13:05,1.362,173.0
2026-08-04,16:13:05,1.362,173.0
2026-08-04,16:13:05,1.362,173.0
2026-08-04,16:13:05,1.362,173.0
2026-08-04,16:13:05,1.362,173.0
2026-08-04,16:13:05,1.362,173.0
2026-08-04,16:13:06,1.362,173.0
2026-08-04,16:13:06,1.362,173.0
2026-08-04,16:13:06,1.362,173.0
2026-08-04,16:13:06,1.362,173.0
2026-08-04,16:13:06,1.362,173.0
2026-08-04,16:13:06,1.362,173.0
2026-08-04,16:13:07,1.362,173.0
2026-08-04,16:13:07,1.362,173.0
2026-08-04,16:13:07,1.362,173.0
2026-08-04,16:13:07,1.362,173.0
2026-08-04,16:13:07,1.362,173.0
2026-08-04,16:13:07,1.362,173.0
2026-08-04,16:13:08,1.362,173.0
2026-08-04,16:13:08,1.362,173.0
2026-08-04,16:13:08,1.362,173.0
2026-08-04,16:13:08,1.362,173.0
2026-08-04,16:13:08,1.362,173.0
2026-08-04,16:13:08,1.362,173.0
2026-08-04,16:13:09,1.362,173.0
2026-08-04,16:13:09,1.362,173.0
2026-08-04,16:13:09,1.362,173.0
2026-08-04,16:13:09,1.362,173.0
2026-08-04,16:13:09,1.362,173.0
2026-08-04,16:13:09,1.362,173.0
2026-08-04,16:13:10,1.362,173.0
2026-08-04,16:13:10,1.362,173.0
2026-08-04,16:13:10,1.362,173.0
2026-08-04,16:13:10,1.362,173.0
2026-08-04,16:13:10,1.362,173.0
2026-08-04,16:13:10,1.362,173.0
2026-08-04,16:13:11,1.362,173.0
2026-08-04,16:13:11,1.362,173.0
2026-08-04,16:13:11,1.362,173.0
2026-08-04,16:13:11,1.362,173.0
2026-08-04,16:13:11,1.362,173.0
2026-08-04,16:13:11,1.362,173.0
2026-08-04,16:13:12,1.362,173.0
2026-08-04,16:13:12,1.362,173.0
2026-08-04,16:13:12,1.362,173.0
2026-08-04,16:13:12,1.362,173.0
2026-08-04,16:13:12,1.362,173.0
2026-08-04,16:13:12,1.362,173.0
2026-08-04,16:13:13,1.362,173.0
2026-08-04,16:13:13,1.362,173.0
2026-08-04,16:13:13,1.362,173.0
2026-08-04,16:13:13,1.362,173.0
2026-08-04,16:13:13,1.362,173.0
2026-08-04,16:13:13,1.362,173.0
2026-08-04,16:13:14,1.362,173.0
2026-08-04,16:13:14,1.362,173.0
2026-08-04,16:13:14,1.362,173.0
2026-08-04,16:13:14,1.362,173.0
2026-08-04,16:13:14,1.362,173.0
2026-08-04,16:13:14,1.362,173.0
2026-08-04,16:13:15,1.362,173.0
2026-08-04,16:13:15,1.362,173.0
2026-08-04,16:13:15,1.362,173.0
2026-08-04,16:13:15,1.362,173.0
2026-08-04,16:13:15,1.362,173.0
2026-08-04,16:13:15,1.362,173.0
2026-08-04,16:13:16,1.363,173.0
2026-08-04,16:13:16,1.363,173.0
2026-08-04,16:13:16,1.363,173.1
2026-08-04,16:13:16,1.363,173.1
2026-08-04,16:13:16,1.363,173.1
2026-08-04,16:13:16,1.363,173.1
2026-08-04,16:13:17,1.363,173.1
2026-08-04,16:13:17,1.363,173.1
2026-08-04,16:13:17,1.363,173.1
2026-08-04,16:13:17,1.363,173.1
2026-08-04,16:13:17,1.363,173.0
2026-08-04,16:13:17,1.363,173.0
2026-08-04,16:13:18,1.363,173.0
2026-08-04,16:13:18,1.363,173.0
2026-08-04,16:13:18,1.363,173.0
2026-08-04,16:13:18,1.363,173.0
2026-08-04,16:13:18,1.363,173.0
2026-08-04,16:13:18,1.363,173.0
2026-08-04,16:13:18,1.363,173.0
2026-08-04,16:13:19,1.363,173.0
2026-08-04,16:13:19,1.363,173.0
2026-08-04,16:13:19,1.363,173.0
2026-08-04,16:13:19,1.363,173.0
2026-08-04,16:13:19,1.363,173.0
2026-08-04,16:13:19,1.363,173.0
2026-08-04,16:13:20,1.363,173.0
2026-08-04,16:13:20,1.363,173.0
2026-08-04,16:13:20,1.363,173.0
2026-08-04,16:13:20,1.363,173.0
2026-08-04,16:13:20,1.363,173.0
2026-08-04,16:13:20,1.362,173.0
2026-08-04,16:13:21,1.362,173.0
2026-08-04,16:13:21,1.362,173.0
2026-08-04,16:13:21,1.362,173.0
2026-08-04,16:13:21,1.362,173.0
2026-08-04,16:13:21,1.362,173.0
2026-08-04,16:13:21,1.362,173.0
2026-08-04,16:13:22,1.362,173.0
2026-08-04,16:13:22,1.362,173.0
2026-08-04,16:13:22,1.362,173.0
2026-08-04,16:13:22,1.362,173.0
2026-08-04,16:13:22,1.362,173.0
2026-08-04,16:13:22,1.362,173.0
2026-08-04,16:13:23,1.362,173.0
2026-08-04,16:13:23,1.362,173.0
2026-08-04,16:13:23,1.362,173.0
2026-08-04,16:13:23,1.362,173.0
2026-08-04,16:13:23,1.362,173.0
2026-08-04,16:13:23,1.362,173.0
2026-08-04,16:13:24,1.362,173.0
2026-08-04,16:13:24,1.362,173.0
2026-08-04,16:13:24,1.362,173.0
2026-08-04,16:13:24,1.362,173.0
2026-08-04,16:13:24,1.362,173.0
2026-08-04,16:13:24,1.362,173.0
2026-08-04,16:13:25,1.362,173.0
2026-08-04,16:13:25,1.362,173.0
2026-08-04,16:13:25,1.362,173.0
2026-08-04,16:13:25,1.362,173.0
2026-08-04,16:13:25,1.362,173.0
2026-08-04,16:13:25,1.362,173.0
2026-08-04,16:13:26,1.362,173.0
2026-08-04,16:13:26,1.362,173.0
2026-08-04,16:13:26,1.362,173.0
2026-08-04,16:13:26,1.362,173.0
2026-08-04,16:13:26,1.362,173.0
2026-08-04,16:13:26,1.362,173.0
2026-08-04,16:13:27,1.362,173.0
2026-08-04,16:13:27,1.362,173.0
2026-08-04,16:13:27,1.362,173.0
2026-08-04,16:13:27,1.362,173.0
2026-08-04,16:13:27,1.362,173.0
2026-08-04,16:13:27,1.362,173.0
2026-08-04,16:13:28,1.362,173.0
2026-08-04,16:13:28,1.362,172.9
2026-08-04,16:13:28,1.362,172.9
2026-08-04,16:13:28,1.362,172.9
2026-08-04,16:13:28,1.362,172.9
2026-08-04,16:13:28,1.362,172.9
2026-08-04,16:13:29,1.362,172.9
2026-08-04,16:13:29,1.362,172.9
2026-08-04,16:13:29,1.362,172.9
2026-08-04,16:13:29,1.362,172.9
2026-08-04,16:13:29,1.362,172.9
2026-08-04,16:13:29,1.362,172.9
2026-08-04,16:13:30,1.362,172.9
2026-08-04,16:13:30,1.362,172.9
2026-08-04,16:13:30,1.362,172.9
2026-08-04,16:13:30,1.362,172.9
2026-08-04,16:13:30,1.362,172.9
2026-08-04,16:13:30,1.362,172.9
2026-08-04,16:13:31,1.362,172.9
2026-08-04,16:13:31,1.362,172.9
2026-08-04,16:13:31,1.362,172.9
2026-08-04,16:13:31,1.362,172.9
2026-08-04,16:13:31,1.362,173.0
2026-08-04,16:13:31,1.362,173.0
2026-08-04,16:13:32,1.362,173.0
2026-08-04,16:13:32,1.362,173.0
2026-08-04,16:13:32,1.362,173.0
2026-08-04,16:13:32,1.362,173.0
2026-08-04,16:13:32,1.362,173.0
2026-08-04,16:13:32,1.362,173.0
2026-08-04,16:13:33,1.362,173.0
2026-08-04,16:13:33,1.362,173.0
2026-08-04,16:13:33,1.362,173.0
2026-08-04,16:13:33,1.362,173.0
2026-08-04,16:13:33,1.362,173.0
2026-08-04,16:13:33,1.362,173.0
2026-08-04,16:13:34,1.362,173.0
2026-08-04,16:13:34,1.362,173.0
2026-08-04,16:13:34,1.362,173.0
2026-08-04,16:13:34,1.362,173.0
2026-08-04,16:13:34,1.362,173.0
2026-08-04,16:13:34,1.362,173.0
2026-08-04,16:13:35,1.362,173.0
2026-08-04,16:13:35,1.362,173.0
2026-08-04,16:13:35,1.362,173.0
2026-08-04,16:13:35,1.362,173.0
2026-08-04,16:13:35,1.362,173.0
2026-08-04,16:13:35,1.362,173.0
2026-08-04,16:13:35,1.362,173.0
2026-08-04,16:13:36,1.362,173.0
2026-08-04,16:13:36,1.362,173.0
2026-08-04,16:13:36,1.362,173.0
2026-08-04,16:13:36,1.362,173.0
2026-08-04,16:13:36,1.362,173.0
2026-08-04,16:13:36,1.362,173.0
2026-08-04,16:13:37,1.362,173.0
2026-08-04,16:13:37,1.362,173.0
2026-08-04,16:13:37,1.362,172.9
2026-08-04,16:13:37,1.362,172.9
2026-08-04,16:13:37,1.362,172.9
2026-08-04,16:13:37,1.362,172.9
2026-08-04,16:13:38,1.362,172.9
2026-08-04,16:13:38,1.362,172.9
2026-08-04,16:13:38,1.362,172.9
2026-08-04,16:13:38,1.362,172.9
2026-08-04,16:13:38,1.362,172.9
2026-08-04,16:13:38,1.362,172.9
2026-08-04,16:13:39,1.362,172.9
2026-08-04,16:13:39,1.362,172.9
2026-08-04,16:13:39,1.362,172.9
2026-08-04,16:13:39,1.362,172.9
2026-08-04,16:13:39,1.362,172.9
2026-08-04,16:13:39,1.362,172.9
2026-08-04,16:13:40,1.362,172.9
2026-08-04,16:13:40,1.362,172.9
2026-08-04,16:13:40,1.361,172.9
2026-08-04,16:13:40,1.361,172.9
2026-08-04,16:13:40,1.361,172.9
2026-08-04,16:13:40,1.361,172.9
2026-08-04,16:13:41,1.361,172.9
2026-08-04,16:13:41,1.361,172.9
2026-08-04,16:13:41,1.361,172.9
2026-08-04,16:13:41,1.361,172.9
2026-08-04,16:13:41,1.361,172.9
2026-08-04,16:13:41,1.361,172.9
2026-08-04,16:13:42,1.361,172.9
2026-08-04,16:13:42,1.361,172.9
2026-08-04,16:13:42,1.361,172.9
2026-08-04,16:13:42,1.361,172.9
2026-08-04,16:13:42,1.361,172.9
2026-08-04,16:13:42,1.361,172.9
2026-08-04,16:13:43,1.361,172.9
2026-08-04,16:13:43,1.361,172.9
2026-08-04,16:13:43,1.361,172.9
2026-08-04,16:13:43,1.361,172.9
2026-08-04,16:13:43,1.361,172.9
2026-08-04,16:13:43,1.361,172.9
2026-08-04,16:13:44,1.361,172.9
2026-08-04,16:13:44,1.361,172.9
2026-08-04,16:13:44,1.361,172.8
2026-08-04,16:13:44,1.361,172.8
2026-08-04,16:13:44,1.361,172.8
2026-08-04,16:13:44,1.361,172.8
2026-08-04,16:13:45,1.361,172.8
2026-08-04,16:13:45,1.361,172.8
2026-08-04,16:13:45,1.361,172.8
2026-08-04,16:13:45,1.361,172.8
2026-08-04,16:13:45,1.361,172.8
2026-08-04,16:13:45,1.361,172.8
2026-08-04,16:13:46,1.361,172.8
2026-08-04,16:13:46,1.361,172.8
2026-08-04,16:13:46,1.361,172.8
2026-08-04,16:13:46,1.361,172.8
2026-08-04,16:13:46,1.361,172.8
2026-08-04,16:13:46,1.361,172.8
2026-08-04,16:13:47,1.361,172.8
2026-08-04,16:13:47,1.361,172.8
2026-08-04,16:13:47,1.361,172.8
2026-08-04,16:13:47,1.361,172.8
2026-08-04,16:13:47,1.361,172.8
2026-08-04,16:13:47,1.361,172.8
2026-08-04,16:13:48,1.361,172.8
2026-08-04,16:13:48,1.361,172.8
2026-08-04,16:13:48,1.361,172.8
2026-08-04,16:13:48,1.361,172.9
2026-08-04,16:13:48,1.361,172.9
2026-08-04,16:13:48,1.361,172.9
2026-08-04,16:13:49,1.361,172.9
2026-08-04,16:13:49,1.361,172.9
2026-08-04,16:13:49,1.361,172.9
2026-08-04,16:13:49,1.361,172.9
2026-08-04,16:13:49,1.361,172.9
2026-08-04,16:13:49,1.361,172.9
2026-08-04,16:13:50,1.361,172.9
2026-08-04,16:13:50,1.361,172.9
2026-08-04,16:13:50,1.361,172.9
2026-08-04,16:13:50,1.361,172.9
2026-08-04,16:13:50,1.361,172.9
2026-08-04,16:13:50,1.361,172.9
2026-08-04,16:13:51,1.361,172.9
2026-08-04,16:13:51,1.361,172.9
2026-08-04,16:13:51,1.361,172.9
2026-08-04,16:13:51,1.361,172.9
2026-08-04,16:13:51,1.361,172.9
2026-08-04,16:13:51,1.361,172.9
2026-08-04,16:13:52,1.361,172.9
2026-08-04,16:13:52,1.361,172.9
2026-08-04,16:13:52,1.361,172.9
2026-08-04,16:13:52,1.361,172.9
2026-08-04,16:13:52,1.361,172.9
2026-08-04,16:13:52,1.361,172.9
2026-08-04,16:13:52,1.361,172.9
2026-08-04,16:13:53,1.362,172.9
2026-08-04,16:13:53,1.362,172.9
2026-08-04,16:13:53,1.362,172.9
2026-08-04,16:13:53,1.362,172.9
2026-08-04,16:13:53,1.362,172.9
2026-08-04,16:13:53,1.362,172.9
2026-08-04,16:13:54,1.362,172.9
2026-08-04,16:13:54,1.362,172.9
2026-08-04,16:13:54,1.362,172.9
2026-08-04,16:13:54,1.362,172.9
2026-08-04,16:13:54,1.362,172.9
2026-08-04,16:13:54,1.362,172.9
2026-08-04,16:13:55,1.361,172.9
2026-08-04,16:13:55,1.361,172.9
2026-08-04,16:13:55,1.361,172.9
2026-08-04,16:13:55,1.361,172.9
2026-08-04,16:13:55,1.361,172.9
2026-08-04,16:13:55,1.361,172.9
2026-08-04,16:13:56,1.361,172.9
2026-08-04,16:13:56,1.361,172.9
2026-08-04,16:13:56,1.361,172.9
2026-08-04,16:13:56,1.361,172.9
2026-08-04,16:13:56,1.361,172.9
2026-08-04,16:13:56,1.361,172.9
2026-08-04,16:13:57,1.361,172.9
2026-08-04,16:13:57,1.361,172.9
2026-08-04,16:13:57,1.361,172.9
2026-08-04,16:13:57,1.361,172.9
2026-08-04,16:13:57,1.361,172.9
2026-08-04,16:13:57,1.361,172.9
2026-08-04,16:13:58,1.361,172.9
2026-08-04,16:13:58,1.362,172.9
2026-08-04,16:13:58,1.362,172.9
2026-08-04,16:13:58,1.362,172.9
2026-08-04,16:13:58,1.362,172.9
2026-08-04,16:13:58,1.362,172.9
2026-08-04,16:13:59,1.362,172.9
2026-08-04,16:13:59,1.362,172.9
2026-08-04,16:13:59,1.362,172.9
2026-08-04,16:13:59,1.362,172.9
2026-08-04,16:13:59,1.362,172.9
2026-08-04,16:13:59,1.362,172.9
2026-08-04,16:14:00,1.362,172.9
2026-08-04,16:14:00,1.362,172.9
2026-08-04,16:14:00,1.362,172.9
2026-08-04,16:14:00,1.362,172.9
2026-08-04,16:14:00,1.362,172.9
2026-08-04,16:14:00,1.362,172.9
2026-08-04,16:14:01,1.362,172.9
2026-08-04,16:14:01,1.362,172.9
2026-08-04,16:14:01,1.362,172.9
2026-08-04,16:14:01,1.362,172.9
2026-08-04,16:14:01,1.362,172.9
2026-08-04,16:14:01,1.361,172.9
2026-08-04,16:14:02,1.361,172.9
2026-08-04,16:14:02,1.361,172.9
2026-08-04,16:14:02,1.361,172.9
2026-08-04,16:14:02,1.361,172.9
2026-08-04,16:14:02,1.361,172.9
2026-08-04,16:14:02,1.361,172.9
2026-08-04,16:14:03,1.361,172.9
2026-08-04,16:14:03,1.361,172.9
2026-08-04,16:14:03,1.361,172.9
2026-08-04,16:14:03,1.361,172.9
2026-08-04,16:14:03,1.361,172.9
2026-08-04,16:14:03,1.361,172.9
2026-08-04,16:14:04,1.361,172.9
2026-08-04,16:14:04,1.361,172.9
2026-08-04,16:14:04,1.361,172.9
2026-08-04,16:14:04,1.361,172.9
2026-08-04,16:14:04,1.362,172.9
2026-08-04,16:14:04,1.362,172.9
2026-08-04,16:14:05,1.362,172.9
2026-08-04,16:14:05,1.362,172.9
2026-08-04,16:14:05,1.362,172.9
2026-08-04,16:14:05,1.362,172.9
2026-08-04,16:14:05,1.362,172.9
2026-08-04,16:14:05,1.362,172.9
2026-08-04,16:14:06,1.362,172.9
2026-08-04,16:14:06,1.362,173.0
2026-08-04,16:14:06,1.362,173.0
2026-08-04,16:14:06,1.362,173.0
2026-08-04,16:14:06,1.362,173.0
2026-08-04,16:14:06,1.362,173.0
2026-08-04,16:14:07,1.362,173.0
2026-08-04,16:14:07,1.362,173.0
2026-08-04,16:14:07,1.362,173.0
2026-08-04,16:14:07,1.362,173.0
2026-08-04,16:14:07,1.362,173.0
2026-08-04,16:14:07,1.362,173.0
2026-08-04,16:14:08,1.362,173.0
2026-08-04,16:14:08,1.362,173.0
2026-08-04,16:14:08,1.362,173.0
2026-08-04,16:14:08,1.362,173.0
2026-08-04,16:14:08,1.362,173.0
2026-08-04,16:14:08,1.362,172.9
2026-08-04,16:14:08,1.362,172.9
2026-08-04,16:14:09,1.362,172.9
2026-08-04,16:14:09,1.362,172.9
2026-08-04,16:14:09,1.362,172.9
2026-08-04,16:14:09,1.362,172.9
2026-08-04,16:14:09,1.362,172.9
2026-08-04,16:14:09,1.362,172.9
2026-08-04,16:14:10,1.362,172.9
2026-08-04,16:14:10,1.362,172.9
2026-08-04,16:14:10,1.362,172.9
2026-08-04,16:14:10,1.362,172.9
2026-08-04,16:14:10,1.362,172.9
2026-08-04,16:14:10,1.362,172.9
2026-08-04,16:14:11,1.362,172.9
2026-08-04,16:14:11,1.362,172.9
2026-08-04,16:14:11,1.362,172.9
2026-08-04,16:14:11,1.362,172.9
2026-08-04,16:14:11,1.362,172.9
2026-08-04,16:14:11,1.362,172.9
2026-08-04,16:14:12,1.362,172.9
2026-08-04,16:14:12,1.362,172.9
2026-08-04,16:14:12,1.362,172.9
2026-08-04,16:14:12,1.362,172.9
2026-08-04,16:14:12,1.362,172.9
2026-08-04,16:14:12,1.362,172.9
2026-08-04,16:14:13,1.362,172.9
2026-08-04,16:14:13,1.362,172.9
2026-08-04,16:14:13,1.362,172.9
2026-08-04,16:14:13,1.362,172.9
2026-08-04,16:14:13,1.362,172.9
2026-08-04,16:14:13,1.362,172.9
2026-08-04,16:14:14,1.362,172.9
2026-08-04,16:14:14,1.362,172.9
2026-08-04,16:14:14,1.362,172.9
2026-08-04,16:14:14,1.362,172.9
2026-08-04,16:14:14,1.362,172.9
2026-08-04,16:14:14,1.362,172.9
2026-08-04,16:14:15,1.362,172.9
2026-08-04,16:14:15,1.362,172.9
2026-08-04,16:14:15,1.362,172.9
2026-08-04,16:14:15,1.362,172.9
2026-08-04,16:14:15,1.362,172.9
2026-08-04,16:14:15,1.362,172.9
2026-08-04,16:14:16,1.362,172.9
2026-08-04,16:14:16,1.362,172.9
2026-08-04,16:14:16,1.362,172.9
2026-08-04,16:14:16,1.362,172.9
2026-08-04,16:14:16,1.362,172.9
2026-08-04,16:14:16,1.362,172.9
2026-08-04,16:14:17,1.362,172.9
2026-08-04,16:14:17,1.362,172.9
2026-08-04,16:14:17,1.362,172.9
2026-08-04,16:14:17,1.362,172.9
2026-08-04,16:14:17,1.362,172.9
2026-08-04,16:14:17,1.362,172.9
2026-08-04,16:14:18,1.362,172.9
2026-08-04,16:14:18,1.362,172.9
2026-08-04,16:14:18,1.362,172.9
2026-08-04,16:14:18,1.362,173.0
2026-08-04,16:14:18,1.362,173.0
2026-08-04,16:14:18,1.362,173.0
2026-08-04,16:14:19,1.362,173.0
2026-08-04,16:14:19,1.362,173.0
2026-08-04,16:14:19,1.362,173.0
2026-08-04,16:14:19,1.362,173.0
2026-08-04,16:14:19,1.362,173.0
2026-08-04,16:14:19,1.362,173.0
2026-08-04,16:14:20,1.362,173.0
2026-08-04,16:14:20,1.362,172.9
2026-08-04,16:14:20,1.362,173.0
2026-08-04,16:14:20,1.362,173.0
2026-08-04,16:14:20,1.362,173.0
2026-08-04,16:14:20,1.362,173.0
2026-08-04,16:14:21,1.362,173.0
2026-08-04,16:14:21,1.362,173.0
2026-08-04,16:14:21,1.362,173.0
2026-08-04,16:14:21,1.362,173.0
2026-08-04,16:14:21,1.362,173.0
2026-08-04,16:14:21,1.362,173.0
2026-08-04,16:14:22,1.362,173.0
2026-08-04,16:14:22,1.362,173.0
2026-08-04,16:14:22,1.362,173.0
2026-08-04,16:14:22,1.362,173.0
2026-08-04,16:14:22,1.362,173.0
2026-08-04,16:14:22,1.362,173.0
2026-08-04,16:14:23,1.362,173.0
2026-08-04,16:14:23,1.362,173.0
2026-08-04,16:14:23,1.362,173.0
2026-08-04,16:14:23,1.362,173.0
2026-08-04,16:14:23,1.362,173.0
2026-08-04,16:14:23,1.362,173.0
2026-08-04,16:14:24,1.362,173.0
2026-08-04,16:14:24,1.362,173.0
2026-08-04,16:14:24,1.362,173.0
2026-08-04,16:14:24,1.362,173.0
2026-08-04,16:14:24,1.362,173.0
2026-08-04,16:14:24,1.362,173.0
2026-08-04,16:14:25,1.362,173.0
2026-08-04,16:14:25,1.362,173.0
2026-08-04,16:14:25,1.362,173.0
2026-08-04,16:14:25,1.362,173.0
2026-08-04,16:14:25,1.362,173.0
2026-08-04,16:14:25,1.362,173.0
2026-08-04,16:14:25,1.362,173.0
2026-08-04,16:14:26,1.362,173.0
2026-08-04,16:14:26,1.362,173.0
2026-08-04,16:14:26,1.362,173.0
2026-08-04,16:14:26,1.362,173.0
2026-08-04,16:14:26,1.362,173.0
2026-08-04,16:14:26,1.362,173.0
2026-08-04,16:14:27,1.362,173.0
2026-08-04,16:14:27,1.362,173.0
2026-08-04,16:14:27,1.362,173.0
2026-08-04,16:14:27,1.362,173.0
2026-08-04,16:14:27,1.362,173.0
2026-08-04,16:14:27,1.362,173.0
2026-08-04,16:14:28,1.362,173.0
2026-08-04,16:14:28,1.362,173.0
2026-08-04,16:14:28,1.362,173.0
2026-08-04,16:14:28,1.362,173.0
2026-08-04,16:14:28,1.362,173.0
2026-08-04,16:14:28,1.362,173.0
2026-08-04,16:14:29,1.362,173.0
2026-08-04,16:14:29,1.362,173.0
2026-08-04,16:14:29,1.362,173.0
2026-08-04,16:14:29,1.362,173.0
2026-08-04,16:14:29,1.362,173.0
2026-08-04,16:14:29,1.362,173.0
2026-08-04,16:14:30,1.362,173.0
2026-08-04,16:14:30,1.362,173.0
2026-08-04,16:14:30,1.362,173.0
2026-08-04,16:14:30,1.362,173.0
2026-08-04,16:14:30,1.362,173.0
2026-08-04,16:14:30,1.362,173.0
2026-08-04,16:14:31,1.362,173.0
2026-08-04,16:14:31,1.362,173.0
2026-08-04,16:14:31,1.362,173.0
2026-08-04,16:14:31,1.362,173.0
2026-08-04,16:14:31,1.362,173.0
2026-08-04,16:14:31,1.362,173.0
2026-08-04,16:14:32,1.362,173.0
2026-08-04,16:14:32,1.362,173.0
2026-08-04,16:14:32,1.362,173.0
2026-08-04,16:14:32,1.362,173.0
2026-08-04,16:14:32,1.362,173.0
2026-08-04,16:14:32,1.362,173.0
2026-08-04,16:14:33,1.362,173.0
2026-08-04,16:14:33,1.362,173.0
2026-08-04,16:14:33,1.362,173.0
2026-08-04,16:14:33,1.362,173.0
2026-08-04,16:14:33,1.362,173.0
2026-08-04,16:14:33,1.362,173.0
2026-08-04,16:14:34,1.362,173.0
2026-08-04,16:14:34,1.362,173.0
2026-08-04,16:14:34,1.362,173.0
2026-08-04,16:14:34,1.362,173.0
2026-08-04,16:14:34,1.362,173.0
2026-08-04,16:14:34,1.362,173.0
2026-08-04,16:14:35,1.362,173.0
2026-08-04,16:14:35,1.362,173.0
2026-08-04,16:14:35,1.362,173.0
2026-08-04,16:14:35,1.362,173.0
2026-08-04,16:14:35,1.362,173.0
2026-08-04,16:14:35,1.362,173.0
2026-08-04,16:14:36,1.362,173.0
2026-08-04,16:14:36,1.362,172.9
2026-08-04,16:14:36,1.362,172.9
2026-08-04,16:14:36,1.362,172.9
2026-08-04,16:14:36,1.362,172.9
2026-08-04,16:14:36,1.362,172.9
2026-08-04,16:14:37,1.362,172.9
2026-08-04,16:14:37,1.362,172.9
2026-08-04,16:14:37,1.362,172.9
2026-08-04,16:14:37,1.362,172.9
2026-08-04,16:14:37,1.362,172.9
2026-08-04,16:14:37,1.362,172.9
2026-08-04,16:14:38,1.362,172.9
2026-08-04,16:14:38,1.362,172.9
2026-08-04,16:14:38,1.362,172.9
2026-08-04,16:14:38,1.362,172.9
2026-08-04,16:14:38,1.361,172.9
2026-08-04,16:14:38,1.361,172.9
2026-08-04,16:14:39,1.361,172.9
2026-08-04,16:14:39,1.361,172.9
2026-08-04,16:14:39,1.361,172.9
2026-08-04,16:14:39,1.361,172.9
2026-08-04,16:14:39,1.361,172.9
2026-08-04,16:14:39,1.361,172.9
2026-08-04,16:14:40,1.361,172.9
2026-08-04,16:14:40,1.361,172.9
2026-08-04,16:14:40,1.361,172.9
2026-08-04,16:14:40,1.361,172.9
2026-08-04,16:14:40,1.361,172.9
2026-08-04,16:14:40,1.361,172.9
2026-08-04,16:14:41,1.361,172.9
2026-08-04,16:14:41,1.361,172.9
2026-08-04,16:14:41,1.361,172.9
2026-08-04,16:14:41,1.361,172.9
2026-08-04,16:14:41,1.361,172.9
2026-08-04,16:14:41,1.361,172.9
2026-08-04,16:14:41,1.361,172.9
2026-08-04,16:14:42,1.361,172.9
2026-08-04,16:14:42,1.361,172.9
2026-08-04,16:14:42,1.361,172.9
2026-08-04,16:14:42,1.361,172.9
2026-08-04,16:14:42,1.361,172.9
2026-08-04,16:14:42,1.361,172.9
2026-08-04,16:14:43,1.361,172.9
2026-08-04,16:14:43,1.361,172.9
2026-08-04,16:14:43,1.361,172.9
2026-08-04,16:14:43,1.361,172.9
2026-08-04,16:14:43,1.361,172.9
2026-08-04,16:14:43,1.361,172.9
2026-08-04,16:14:44,1.361,172.9
2026-08-04,16:14:44,1.361,172.9
2026-08-04,16:14:44,1.361,172.9
2026-08-04,16:14:44,1.361,172.9
2026-08-04,16:14:44,1.361,172.9
2026-08-04,16:14:44,1.361,172.9
2026-08-04,16:14:45,1.361,172.9
2026-08-04,16:14:45,1.361,172.9
2026-08-04,16:14:45,1.361,172.9
2026-08-04,16:14:45,1.361,172.9
2026-08-04,16:14:45,1.361,172.9
2026-08-04,16:14:45,1.361,172.9
2026-08-04,16:14:46,1.361,172.9
2026-08-04,16:14:46,1.361,172.9
2026-08-04,16:14:46,1.361,172.9
2026-08-04,16:14:46,1.361,172.9
2026-08-04,16:14:46,1.361,172.9
2026-08-04,16:14:46,1.361,172.9
2026-08-04,16:14:47,1.361,172.9
2026-08-04,16:14:47,1.361,172.9
2026-08-04,16:14:47,1.361,172.9
2026-08-04,16:14:47,1.361,172.9
2026-08-04,16:14:47,1.361,172.9
2026-08-04,16:14:47,1.361,172.9
2026-08-04,16:14:48,1.361,172.9
2026-08-04,16:14:48,1.361,172.9
2026-08-04,16:14:48,1.361,172.9
2026-08-04,16:14:48,1.361,172.9
2026-08-04,16:14:48,1.361,172.9
2026-08-04,16:14:48,1.361,172.9
2026-08-04,16:14:49,1.361,172.9
2026-08-04,16:14:49,1.361,172.9
2026-08-04,16:14:49,1.361,172.9
2026-08-04,16:14:49,1.361,172.9
2026-08-04,16:14:49,1.361,172.9
2026-08-04,16:14:49,1.361,172.9
2026-08-04,16:14:50,1.361,172.9
2026-08-04,16:14:50,1.361,172.9
2026-08-04,16:14:50,1.361,172.9
2026-08-04,16:14:50,1.361,172.9
2026-08-04,16:14:50,1.361,172.9
2026-08-04,16:14:50,1.361,172.9
2026-08-04,16:14:51,1.361,172.9
2026-08-04,16:14:51,1.361,172.9
2026-08-04,16:14:51,1.361,172.9
2026-08-04,16:14:51,1.361,172.9
2026-08-04,16:14:51,1.361,172.9
2026-08-04,16:14:51,1.361,172.9
2026-08-04,16:14:52,1.361,172.9
2026-08-04,16:14:52,1.361,172.9
2026-08-04,16:14:52,1.361,172.9
2026-08-04,16:14:52,1.361,172.9
2026-08-04,16:14:52,1.361,172.9
2026-08-04,16:14:52,1.361,172.9
2026-08-04,16:14:53,1.361,172.9
2026-08-04,16:14:53,1.361,172.9
2026-08-04,16:14:53,1.361,172.9
2026-08-04,16:14:53,1.361,172.9
2026-08-04,16:14:53,1.361,172.9
2026-08-04,16:14:53,1.361,172.9
2026-08-04,16:14:54,1.361,172.9
2026-08-04,16:14:54,1.361,172.9
2026-08-04,16:14:54,1.361,172.9
2026-08-04,16:14:54,1.361,172.9
2026-08-04,16:14:54,1.361,172.9
2026-08-04,16:14:54,1.361,172.9
2026-08-04,16:14:55,1.361,172.9
2026-08-04,16:14:55,1.361,172.9
2026-08-04,16:14:55,1.361,172.9
2026-08-04,16:14:55,1.361,172.9
2026-08-04,16:14:55,1.361,172.9
2026-08-04,16:14:55,1.361,172.9
2026-08-04,16:14:56,1.361,172.9
2026-08-04,16:14:56,1.361,172.9
2026-08-04,16:14:56,1.361,172.9
2026-08-04,16:14:56,1.361,172.9
2026-08-04,16:14:56,1.361,172.9
2026-08-04,16:14:56,1.361,172.9
2026-08-04,16:14:57,1.361,172.9
2026-08-04,16:14:57,1.361,172.9
2026-08-04,16:14:57,1.361,172.9
2026-08-04,16:14:57,1.361,172.9
2026-08-04,16:14:57,1.361,172.9
2026-08-04,16:14:57,1.361,172.9
2026-08-04,16:14:58,1.361,172.9
2026-08-04,16:14:58,1.361,172.9
2026-08-04,16:14:58,1.361,172.9
2026-08-04,16:14:58,1.361,172.9
2026-08-04,16:14:58,1.361,172.9
2026-08-04,16:14:58,1.361,172.9
2026-08-04,16:14:58,1.361,172.9
2026-08-04,16:14:59,1.361,172.9
2026-08-04,16:14:59,1.361,172.9
2026-08-04,16:14:59,1.361,172.9
2026-08-04,16:14:59,1.361,172.9
2026-08-04,16:14:59,1.361,172.9
2026-08-04,16:14:59,1.361,172.9
2026-08-04,16:15:00,1.361,172.9
2026-08-04,16:15:00,1.361,172.9
2026-08-04,16:15:00,1.361,172.9
2026-08-04,16:15:00,1.361,172.9
2026-08-04,16:15:00,1.361,172.9
2026-08-04,16:15:00,1.361,172.9
2026-08-04,16:15:01,1.361,172.9
2026-08-04,16:15:01,1.361,172.9
2026-08-04,16:15:01,1.361,172.9
2026-08-04,16:15:01,1.361,172.9
2026-08-04,16:15:01,1.362,172.9
2026-08-04,16:15:01,1.362,172.9
2026-08-04,16:15:02,1.362,172.9
2026-08-04,16:15:02,1.362,172.9
2026-08-04,16:15:02,1.362,172.9
2026-08-04,16:15:02,1.362,172.9
2026-08-04,16:15:02,1.362,172.9
2026-08-04,16:15:02,1.362,172.9
2026-08-04,16:15:03,1.362,172.9
2026-08-04,16:15:03,1.362,172.9
2026-08-04,16:15:03,1.362,172.9
2026-08-04,16:15:03,1.362,172.9
2026-08-04,16:15:03,1.362,172.9
2026-08-04,16:15:03,1.362,172.9
2026-08-04,16:15:04,1.362,172.9
2026-08-04,16:15:04,1.361,172.9
2026-08-04,16:15:04,1.361,172.9
2026-08-04,16:15:04,1.361,172.9
2026-08-04,16:15:04,1.361,172.9
2026-08-04,16:15:04,1.361,172.9
2026-08-04,16:15:05,1.361,172.9
2026-08-04,16:15:05,1.361,172.9
2026-08-04,16:15:05,1.361,172.9
2026-08-04,16:15:05,1.361,172.9
2026-08-04,16:15:05,1.361,172.9
2026-08-04,16:15:05,1.361,172.9
2026-08-04,16:15:06,1.361,172.9
2026-08-04,16:15:06,1.361,172.9
2026-08-04,16:15:06,1.361,172.9
2026-08-04,16:15:06,1.361,172.9
2026-08-04,16:15:06,1.361,172.9
2026-08-04,16:15:06,1.361,172.9
2026-08-04,16:15:07,1.361,172.9
2026-08-04,16:15:07,1.362,172.9
2026-08-04,16:15:07,1.362,172.9
2026-08-04,16:15:07,1.362,172.9
2026-08-04,16:15:07,1.362,172.9
2026-08-04,16:15:07,1.362,172.9
2026-08-04,16:15:08,1.362,172.9
2026-08-04,16:15:08,1.362,172.9
2026-08-04,16:15:08,1.362,172.9
2026-08-04,16:15:08,1.362,172.9
2026-08-04,16:15:08,1.362,172.9
2026-08-04,16:15:08,1.362,172.9
2026-08-04,16:15:09,1.362,172.9
2026-08-04,16:15:09,1.362,172.9
2026-08-04,16:15:09,1.362,172.9
2026-08-04,16:15:09,1.362,172.9
2026-08-04,16:15:09,1.362,172.9
2026-08-04,16:15:09,1.362,172.9
2026-08-04,16:15:10,1.362,172.9
2026-08-04,16:15:10,1.362,172.9
2026-08-04,16:15:10,1.362,172.9
2026-08-04,16:15:10,1.362,172.9
2026-08-04,16:15:10,1.362,172.9
2026-08-04,16:15:10,1.362,172.9
2026-08-04,16:15:11,1.362,172.9
2026-08-04,16:15:11,1.362,172.9
2026-08-04,16:15:11,1.361,172.9
2026-08-04,16:15:11,1.361,172.9
2026-08-04,16:15:11,1.361,172.9
2026-08-04,16:15:11,1.361,172.9
2026-08-04,16:15:12,1.361,172.9
2026-08-04,16:15:12,1.361,172.9
2026-08-04,16:15:12,1.361,172.9
2026-08-04,16:15:12,1.361,172.9
2026-08-04,16:15:12,1.361,172.9
2026-08-04,16:15:12,1.361,172.9
2026-08-04,16:15:13,1.361,172.9
2026-08-04,16:15:13,1.361,172.9
2026-08-04,16:15:13,1.361,172.9
2026-08-04,16:15:13,1.361,172.9
2026-08-04,16:15:13,1.361,172.9
2026-08-04,16:15:13,1.361,172.9
2026-08-04,16:15:14,1.361,172.9
2026-08-04,16:15:14,1.361,172.9
2026-08-04,16:15:14,1.361,172.9
2026-08-04,16:15:14,1.361,172.9
2026-08-04,16:15:14,1.361,172.9
2026-08-04,16:15:14,1.361,172.9
2026-08-04,16:15:14,1.361,172.9
2026-08-04,16:15:15,1.361,172.9
2026-08-04,16:15:15,1.361,172.9
2026-08-04,16:15:15,1.361,172.9
2026-08-04,16:15:15,1.361,172.9
2026-08-04,16:15:15,1.361,172.9
2026-08-04,16:15:15,1.361,172.9
2026-08-04,16:15:16,1.361,172.9
2026-08-04,16:15:16,1.361,172.9
2026-08-04,16:15:16,1.361,172.9
2026-08-04,16:15:16,1.361,172.9
2026-08-04,16:15:16,1.361,172.9
2026-08-04,16:15:16,1.361,172.9
2026-08-04,16:15:17,1.361,172.9
2026-08-04,16:15:17,1.361,172.9
2026-08-04,16:15:17,1.361,172.9
2026-08-04,16:15:17,1.361,172.9
2026-08-04,16:15:17,1.361,172.9
2026-08-04,16:15:17,1.361,172.9
2026-08-04,16:15:18,1.361,172.9
2026-08-04,16:15:18,1.361,172.9
2026-08-04,16:15:18,1.361,172.9
2026-08-04,16:15:18,1.361,172.9
2026-08-04,16:15:18,1.361,172.9
2026-08-04,16:15:18,1.361,172.9
2026-08-04,16:15:19,1.361,172.9
2026-08-04,16:15:19,1.361,172.9
2026-08-04,16:15:19,1.361,172.9
2026-08-04,16:15:19,1.361,172.9
2026-08-04,16:15:19,1.361,172.9
2026-08-04,16:15:19,1.361,172.9
2026-08-04,16:15:20,1.361,172.9
2026-08-04,16:15:20,1.361,172.9
2026-08-04,16:15:20,1.361,172.9
2026-08-04,16:15:20,1.361,172.9
2026-08-04,16:15:20,1.361,172.9
2026-08-04,16:15:20,1.361,172.9
2026-08-04,16:15:21,1.361,172.9
2026-08-04,16:15:21,1.361,172.9
2026-08-04,16:15:21,1.361,172.9
2026-08-04,16:15:21,1.361,172.9
2026-08-04,16:15:21,1.361,172.9
2026-08-04,16:15:21,1.361,172.9
2026-08-04,16:15:22,1.361,172.9
2026-08-04,16:15:22,1.361,172.9
2026-08-04,16:15:22,1.362,172.9
2026-08-04,16:15:22,1.362,172.9
2026-08-04,16:15:22,1.362,172.9
2026-08-04,16:15:22,1.362,172.9
2026-08-04,16:15:23,1.362,172.9
2026-08-04,16:15:23,1.362,172.9
2026-08-04,16:15:23,1.362,172.9
2026-08-04,16:15:23,1.362,172.9
2026-08-04,16:15:23,1.362,172.9
2026-08-04,16:15:23,1.362,172.9
2026-08-04,16:15:24,1.362,172.9
2026-08-04,16:15:24,1.362,172.9
2026-08-04,16:15:24,1.362,172.9
2026-08-04,16:15:24,1.362,172.9
2026-08-04,16:15:24,1.362,172.9
2026-08-04,16:15:24,1.362,172.9
2026-08-04,16:15:25,1.362,172.9
2026-08-04,16:15:25,1.362,172.9
2026-08-04,16:15:25,1.362,172.9
2026-08-04,16:15:25,1.362,172.9
2026-08-04,16:15:25,1.362,172.9
2026-08-04,16:15:25,1.362,172.9
2026-08-04,16:15:26,1.361,172.9
2026-08-04,16:15:26,1.361,172.9
2026-08-04,16:15:26,1.361,172.9
2026-08-04,16:15:26,1.361,172.9
2026-08-04,16:15:26,1.361,172.9
2026-08-04,16:15:26,1.361,172.9
2026-08-04,16:15:27,1.361,172.9
2026-08-04,16:15:27,1.361,172.9
2026-08-04,16:15:27,1.361,172.9
2026-08-04,16:15:27,1.361,172.9
2026-08-04,16:15:27,1.361,172.9
2026-08-04,16:15:27,1.361,172.9
2026-08-04,16:15:28,1.361,172.8
2026-08-04,16:15:28,1.361,172.8
2026-08-04,16:15:28,1.361,172.8
2026-08-04,16:15:28,1.361,172.8
2026-08-04,16:15:28,1.361,172.8
2026-08-04,16:15:28,1.361,172.8
2026-08-04,16:15:29,1.361,172.8
2026-08-04,16:15:29,1.361,172.8
2026-08-04,16:15:29,1.361,172.8
2026-08-04,16:15:29,1.361,172.8
2026-08-04,16:15:29,1.361,172.8
2026-08-04,16:15:29,1.361,172.8
2026-08-04,16:15:30,1.361,172.8
2026-08-04,16:15:30,1.361,172.8
2026-08-04,16:15:30,1.361,172.8
2026-08-04,16:15:30,1.361,172.8
2026-08-04,16:15:30,1.361,172.8
2026-08-04,16:15:30,1.361,172.8
2026-08-04,16:15:31,1.361,172.8
2026-08-04,16:15:31,1.361,172.8
2026-08-04,16:15:31,1.361,172.8
2026-08-04,16:15:31,1.361,172.8
2026-08-04,16:15:31,1.361,172.8
2026-08-04,16:15:31,1.361,172.8
2026-08-04,16:15:31,1.361,172.8
2026-08-04,16:15:32,1.361,172.8
2026-08-04,16:15:32,1.361,172.8
2026-08-04,16:15:32,1.361,172.8
2026-08-04,16:15:32,1.361,172.8
2026-08-04,16:15:32,1.361,172.8
2026-08-04,16:15:32,1.361,172.8
2026-08-04,16:15:33,1.361,172.8
2026-08-04,16:15:33,1.361,172.8
2026-08-04,16:15:33,1.361,172.8
2026-08-04,16:15:33,1.361,172.8
2026-08-04,16:15:33,1.361,172.8
2026-08-04,16:15:33,1.361,172.8
2026-08-04,16:15:34,1.361,172.8
2026-08-04,16:15:34,1.361,172.8
2026-08-04,16:15:34,1.361,172.8
2026-08-04,16:15:34,1.361,172.8
2026-08-04,16:15:34,1.361,172.8
2026-08-04,16:15:34,1.361,172.8
2026-08-04,16:15:35,1.361,172.8
2026-08-04,16:15:35,1.361,172.8
2026-08-04,16:15:35,1.361,172.8
2026-08-04,16:15:35,1.361,172.8
2026-08-04,16:15:35,1.361,172.8
2026-08-04,16:15:35,1.361,172.8
2026-08-04,16:15:36,1.361,172.8
2026-08-04,16:15:36,1.361,172.8
2026-08-04,16:15:36,1.361,172.8
2026-08-04,16:15:36,1.361,172.8
2026-08-04,16:15:36,1.361,172.8
2026-08-04,16:15:36,1.361,172.8
2026-08-04,16:15:37,1.361,172.8
2026-08-04,16:15:37,1.361,172.8
2026-08-04,16:15:37,1.361,172.8
2026-08-04,16:15:37,1.361,172.8
2026-08-04,16:15:37,1.361,172.8
2026-08-04,16:15:37,1.361,172.8
2026-08-04,16:15:38,1.361,172.8
2026-08-04,16:15:38,1.361,172.8
2026-08-04,16:15:38,1.361,172.8
2026-08-04,16:15:38,1.361,172.8
2026-08-04,16:15:38,1.361,172.8
2026-08-04,16:15:38,1.361,172.8
2026-08-04,16:15:39,1.361,172.8
2026-08-04,16:15:39,1.361,172.8
2026-08-04,16:15:39,1.361,172.8
2026-08-04,16:15:39,1.361,172.8
2026-08-04,16:15:39,1.361,172.8
2026-08-04,16:15:39,1.361,172.8
2026-08-04,16:15:40,1.361,172.8
2026-08-04,16:15:40,1.361,172.8
2026-08-04,16:15:40,1.361,172.8
2026-08-04,16:15:40,1.361,172.8
2026-08-04,16:15:40,1.361,172.8
2026-08-04,16:15:40,1.361,172.8
2026-08-04,16:15:41,1.361,172.8
2026-08-04,16:15:41,1.361,172.8
2026-08-04,16:15:41,1.361,172.8
2026-08-04,16:15:41,1.361,172.8
2026-08-04,16:15:41,1.361,172.8
2026-08-04,16:15:41,1.361,172.8
2026-08-04,16:15:42,1.361,172.8
2026-08-04,16:15:42,1.361,172.8
2026-08-04,16:15:42,1.361,172.8
2026-08-04,16:15:42,1.361,172.8
2026-08-04,16:15:42,1.361,172.8
2026-08-04,16:15:42,1.361,172.8
2026-08-04,16:15:43,1.361,172.8
2026-08-04,16:15:43,1.361,172.8
2026-08-04,16:15:43,1.361,172.8
2026-08-04,16:15:43,1.361,172.8
2026-08-04,16:15:43,1.361,172.8
2026-08-04,16:15:43,1.361,172.8
2026-08-04,16:15:44,1.361,172.8
2026-08-04,16:15:44,1.361,172.8
2026-08-04,16:15:44,1.361,172.8
2026-08-04,16:15:44,1.361,172.8
2026-08-04,16:15:44,1.361,172.8
2026-08-04,16:15:44,1.361,172.8
2026-08-04,16:15:45,1.361,172.8
2026-08-04,16:15:45,1.361,172.8
2026-08-04,16:15:45,1.361,172.8
2026-08-04,16:15:45,1.361,172.8
2026-08-04,16:15:45,1.361,172.8
2026-08-04,16:15:45,1.361,172.8
2026-08-04,16:15:46,1.361,172.8
2026-08-04,16:15:46,1.361,172.8
2026-08-04,16:15:46,1.361,172.8
2026-08-04,16:15:46,1.361,172.8
2026-08-04,16:15:46,1.361,172.8
2026-08-04,16:15:46,1.361,172.8
2026-08-04,16:15:47,1.361,172.8
2026-08-04,16:15:47,1.361,172.8
2026-08-04,16:15:47,1.361,172.8
2026-08-04,16:15:47,1.361,172.8
2026-08-04,16:15:47,1.361,172.8
2026-08-04,16:15:47,1.361,172.8
2026-08-04,16:15:47,1.361,172.8
2026-08-04,16:15:48,1.361,172.8
2026-08-04,16:15:48,1.361,172.8
2026-08-04,16:15:48,1.361,172.8
2026-08-04,16:15:48,1.361,172.8
2026-08-04,16:15:48,1.361,172.8
2026-08-04,16:15:48,1.361,172.8
2026-08-04,16:15:49,1.361,172.8
2026-08-04,16:15:49,1.361,172.8
2026-08-04,16:15:49,1.361,172.8
2026-08-04,16:15:49,1.361,172.8
2026-08-04,16:15:49,1.361,172.8
2026-08-04,16:15:49,1.361,172.8
2026-08-04,16:15:50,1.361,172.8
2026-08-04,16:15:50,1.361,172.8
2026-08-04,16:15:50,1.361,172.8
2026-08-04,16:15:50,1.361,172.8
2026-08-04,16:15:50,1.361,172.8
2026-08-04,16:15:50,1.361,172.8
2026-08-04,16:15:51,1.361,172.8
2026-08-04,16:15:51,1.361,172.8
2026-08-04,16:15:51,1.361,172.8
2026-08-04,16:15:51,1.361,172.8
2026-08-04,16:15:51,1.361,172.8
2026-08-04,16:15:51,1.361,172.8
2026-08-04,16:15:52,1.361,172.8
2026-08-04,16:15:52,1.361,172.8
2026-08-04,16:15:52,1.361,172.8
2026-08-04,16:15:52,1.361,172.8
2026-08-04,16:15:52,1.361,172.8
2026-08-04,16:15:52,1.361,172.8
2026-08-04,16:15:53,1.361,172.8
2026-08-04,16:15:53,1.361,172.8
2026-08-04,16:15:53,1.361,172.8
2026-08-04,16:15:53,1.361,172.8
2026-08-04,16:15:53,1.361,172.8
2026-08-04,16:15:53,1.361,172.8
2026-08-04,16:15:54,1.361,172.8
2026-08-04,16:15:54,1.361,172.8
2026-08-04,16:15:54,1.361,172.8
2026-08-04,16:15:54,1.361,172.8
2026-08-04,16:15:54,1.361,172.8
2026-08-04,16:15:54,1.361,172.8
2026-08-04,16:15:55,1.361,172.8
2026-08-04,16:15:55,1.361,172.8
2026-08-04,16:15:55,1.361,172.8
2026-08-04,16:15:55,1.361,172.8
2026-08-04,16:15:55,1.361,172.8
2026-08-04,16:15:55,1.361,172.8
2026-08-04,16:15:56,1.361,172.8
2026-08-04,16:15:56,1.361,172.8
2026-08-04,16:15:56,1.361,172.8
2026-08-04,16:15:56,1.361,172.8
2026-08-04,16:15:56,1.361,172.8
2026-08-04,16:15:56,1.361,172.8
2026-08-04,16:15:57,1.361,172.8
2026-08-04,16:15:57,1.361,172.8
2026-08-04,16:15:57,1.361,172.8
2026-08-04,16:15:57,1.361,172.8
2026-08-04,16:15:57,1.361,172.8
2026-08-04,16:15:57,1.361,172.8
2026-08-04,16:15:58,1.361,172.8
2026-08-04,16:15:58,1.361,172.8
2026-08-04,16:15:58,1.361,172.8
2026-08-04,16:15:58,1.361,172.8
2026-08-04,16:15:58,1.361,172.8
2026-08-04,16:15:58,1.361,172.8
2026-08-04,16:15:59,1.361,172.8
2026-08-04,16:15:59,1.361,172.8
2026-08-04,16:15:59,1.361,172.8
2026-08-04,16:15:59,1.361,172.8
2026-08-04,16:15:59,1.361,172.8
2026-08-04,16:15:59,1.361,172.8
2026-08-04,16:16:00,1.361,172.8
2026-08-04,16:16:00,1.361,172.8
2026-08-04,16:16:00,1.361,172.8
2026-08-04,16:16:00,1.361,172.8
2026-08-04,16:16:00,1.361,172.8
2026-08-04,16:16:00,1.361,172.8
2026-08-04,16:16:01,1.361,172.8
2026-08-04,16:16:01,1.361,172.8
2026-08-04,16:16:01,1.361,172.8
2026-08-04,16:16:01,1.361,172.8
2026-08-04,16:16:01,1.361,172.8
2026-08-04,16:16:01,1.361,172.8
2026-08-04,16:16:02,1.361,172.8
2026-08-04,16:16:02,1.361,172.8
2026-08-04,16:16:02,1.361,172.8
2026-08-04,16:16:02,1.361,172.8
2026-08-04,16:16:02,1.361,172.8
2026-08-04,16:16:02,1.361,172.8
2026-08-04,16:16:03,1.361,172.8
2026-08-04,16:16:03,1.361,172.8
2026-08-04,16:16:03,1.361,172.8
2026-08-04,16:16:03,1.361,172.8
2026-08-04,16:16:03,1.361,172.8
2026-08-04,16:16:03,1.361,172.8
2026-08-04,16:16:04,1.361,172.8
2026-08-04,16:16:04,1.361,172.8
2026-08-04,16:16:04,1.361,172.8
2026-08-04,16:16:04,1.361,172.8
2026-08-04,16:16:04,1.361,172.8
2026-08-04,16:16:04,1.361,172.8
2026-08-04,16:16:04,1.361,172.8
2026-08-04,16:16:05,1.361,172.8
2026-08-04,16:16:05,1.361,172.8
2026-08-04,16:16:05,1.361,172.8
2026-08-04,16:16:05,1.361,172.9
2026-08-04,16:16:05,1.361,172.9
2026-08-04,16:16:05,1.361,172.9
2026-08-04,16:16:06,1.361,172.9
2026-08-04,16:16:06,1.361,172.9
2026-08-04,16:16:06,1.361,172.9
2026-08-04,16:16:06,1.361,172.9
2026-08-04,16:16:06,1.361,172.9
2026-08-04,16:16:06,1.361,172.9
2026-08-04,16:16:07,1.361,172.9
2026-08-04,16:16:07,1.361,172.9
2026-08-04,16:16:07,1.361,172.9
2026-08-04,16:16:07,1.361,172.9
2026-08-04,16:16:07,1.361,172.9
2026-08-04,16:16:07,1.361,172.9
2026-08-04,16:16:08,1.361,172.9
2026-08-04,16:16:08,1.361,172.9
2026-08-04,16:16:08,1.361,172.9
2026-08-04,16:16:08,1.361,172.9
2026-08-04,16:16:08,1.361,172.9
2026-08-04,16:16:08,1.361,172.9
2026-08-04,16:16:09,1.361,172.9
2026-08-04,16:16:09,1.361,172.9
2026-08-04,16:16:09,1.361,172.9
2026-08-04,16:16:09,1.361,172.9
2026-08-04,16:16:09,1.361,172.9
2026-08-04,16:16:09,1.361,172.9
2026-08-04,16:16:10,1.361,172.9
2026-08-04,16:16:10,1.361,172.9
2026-08-04,16:16:10,1.361,172.9
2026-08-04,16:16:10,1.361,172.9
2026-08-04,16:16:10,1.361,172.9
2026-08-04,16:16:10,1.361,172.9
2026-08-04,16:16:11,1.361,172.9
2026-08-04,16:16:11,1.361,172.9
2026-08-04,16:16:11,1.361,172.9
2026-08-04,16:16:11,1.361,172.9
2026-08-04,16:16:11,1.361,172.9
2026-08-04,16:16:11,1.361,172.9
2026-08-04,16:16:12,1.361,172.9
2026-08-04,16:16:12,1.361,172.9
2026-08-04,16:16:12,1.361,172.9
2026-08-04,16:16:12,1.361,172.9
2026-08-04,16:16:12,1.361,172.9
2026-08-04,16:16:12,1.361,172.9
2026-08-04,16:16:13,1.361,172.9
2026-08-04,16:16:13,1.361,172.9
2026-08-04,16:16:13,1.361,172.9
2026-08-04,16:16:13,1.361,172.9
2026-08-04,16:16:13,1.361,172.9
2026-08-04,16:16:13,1.361,172.9
2026-08-04,16:16:14,1.361,172.9
2026-08-04,16:16:14,1.361,172.9
2026-08-04,16:16:14,1.361,172.9
2026-08-04,16:16:14,1.361,172.9
2026-08-04,16:16:14,1.361,172.9
2026-08-04,16:16:14,1.361,172.9
2026-08-04,16:16:15,1.361,172.9
2026-08-04,16:16:15,1.361,172.9
2026-08-04,16:16:15,1.361,172.9
2026-08-04,16:16:15,1.361,172.9
2026-08-04,16:16:15,1.361,172.9
2026-08-04,16:16:15,1.361,172.9
2026-08-04,16:16:16,1.361,172.9
2026-08-04,16:16:16,1.361,172.9
2026-08-04,16:16:16,1.361,172.9
2026-08-04,16:16:16,1.361,172.9
2026-08-04,16:16:16,1.361,172.9
2026-08-04,16:16:16,1.361,172.9
2026-08-04,16:16:17,1.361,172.9
2026-08-04,16:16:17,1.361,172.9
2026-08-04,16:16:17,1.361,172.9
2026-08-04,16:16:17,1.361,172.9
2026-08-04,16:16:17,1.361,172.9
2026-08-04,16:16:17,1.361,172.9
2026-08-04,16:16:18,1.361,172.9
2026-08-04,16:16:18,1.361,172.9
2026-08-04,16:16:18,1.361,172.9
2026-08-04,16:16:18,1.361,172.9
2026-08-04,16:16:18,1.361,172.9
2026-08-04,16:16:18,1.361,172.9
2026-08-04,16:16:19,1.361,172.9
2026-08-04,16:16:19,1.361,172.9
2026-08-04,16:16:19,1.361,172.9
2026-08-04,16:16:19,1.361,172.9
2026-08-04,16:16:19,1.361,172.9
2026-08-04,16:16:19,1.361,172.9
2026-08-04,16:16:20,1.361,172.9
2026-08-04,16:16:20,1.361,172.9
2026-08-04,16:16:20,1.361,172.9
2026-08-04,16:16:20,1.361,172.9
2026-08-04,16:16:20,1.361,172.9
2026-08-04,16:16:20,1.361,172.9
2026-08-04,16:16:20,1.361,172.9
2026-08-04,16:16:21,1.361,172.8
2026-08-04,16:16:21,1.361,172.8
2026-08-04,16:16:21,1.361,172.8
2026-08-04,16:16:21,1.361,172.8
2026-08-04,16:16:21,1.361,172.8
2026-08-04,16:16:21,1.361,172.9
2026-08-04,16:16:22,1.361,172.9
2026-08-04,16:16:22,1.361,172.9
2026-08-04,16:16:22,1.361,172.9
2026-08-04,16:16:22,1.361,172.9
2026-08-04,16:16:22,1.361,172.9
2026-08-04,16:16:22,1.361,172.9
2026-08-04,16:16:23,1.361,172.9
2026-08-04,16:16:23,1.361,172.9
2026-08-04,16:16:23,1.361,172.9
2026-08-04,16:16:23,1.361,172.9
2026-08-04,16:16:23,1.361,172.9
2026-08-04,16:16:23,1.361,172.9
2026-08-04,16:16:24,1.361,172.9
2026-08-04,16:16:24,1.362,172.9
2026-08-04,16:16:24,1.362,172.9
2026-08-04,16:16:24,1.362,172.9
2026-08-04,16:16:24,1.362,172.9
2026-08-04,16:16:24,1.362,172.9
2026-08-04,16:16:25,1.362,172.9
2026-08-04,16:16:25,1.362,172.9
2026-08-04,16:16:25,1.362,172.9
2026-08-04,16:16:25,1.362,172.9
2026-08-04,16:16:25,1.362,172.9
2026-08-04,16:16:25,1.362,172.9
2026-08-04,16:16:26,1.362,172.9
2026-08-04,16:16:26,1.362,172.9
2026-08-04,16:16:26,1.362,172.9
2026-08-04,16:16:26,1.362,172.9
2026-08-04,16:16:26,1.362,172.9
2026-08-04,16:16:26,1.362,172.9
2026-08-04,16:16:27,1.362,172.9
2026-08-04,16:16:27,1.362,172.9
2026-08-04,16:16:27,1.362,172.9
2026-08-04,16:16:27,1.362,172.9
2026-08-04,16:16:27,1.362,172.9
2026-08-04,16:16:27,1.362,172.9
2026-08-04,16:16:28,1.362,172.9
2026-08-04,16:16:28,1.362,172.9
2026-08-04,16:16:28,1.362,172.9
2026-08-04,16:16:28,1.362,172.9
2026-08-04,16:16:28,1.362,172.9
2026-08-04,16:16:28,1.362,172.9
2026-08-04,16:16:29,1.362,172.9
2026-08-04,16:16:29,1.362,172.9
2026-08-04,16:16:29,1.362,172.9
2026-08-04,16:16:29,1.362,172.9
2026-08-04,16:16:29,1.362,172.9
2026-08-04,16:16:29,1.362,172.9
2026-08-04,16:16:30,1.362,172.9
2026-08-04,16:16:30,1.362,172.9
2026-08-04,16:16:30,1.362,172.9
2026-08-04,16:16:30,1.362,172.9
2026-08-04,16:16:30,1.362,172.9
2026-08-04,16:16:30,1.362,172.9
2026-08-04,16:16:31,1.362,172.9
2026-08-04,16:16:31,1.362,172.9
2026-08-04,16:16:31,1.362,172.9
2026-08-04,16:16:31,1.362,172.9
2026-08-04,16:16:31,1.362,172.9
2026-08-04,16:16:31,1.362,172.9
2026-08-04,16:16:32,1.362,172.9
2026-08-04,16:16:32,1.362,172.9
2026-08-04,16:16:32,1.362,172.9
2026-08-04,16:16:32,1.362,172.9
2026-08-04,16:16:32,1.362,172.9
2026-08-04,16:16:32,1.362,172.9
2026-08-04,16:16:33,1.362,172.9
2026-08-04,16:16:33,1.362,172.9
2026-08-04,16:16:33,1.362,172.9
2026-08-04,16:16:33,1.362,172.9
2026-08-04,16:16:33,1.362,172.9
2026-08-04,16:16:33,1.362,172.9
2026-08-04,16:16:34,1.362,172.9
2026-08-04,16:16:34,1.362,172.9
2026-08-04,16:16:34,1.362,172.9
2026-08-04,16:16:34,1.362,172.9
2026-08-04,16:16:34,1.362,172.9
2026-08-04,16:16:34,1.362,172.9
2026-08-04,16:16:35,1.362,172.9
2026-08-04,16:16:35,1.362,172.9
2026-08-04,16:16:35,1.362,172.9
2026-08-04,16:16:35,1.362,172.9
2026-08-04,16:16:35,1.362,172.9
2026-08-04,16:16:35,1.362,172.9
2026-08-04,16:16:36,1.362,172.9
2026-08-04,16:16:36,1.362,172.9
2026-08-04,16:16:36,1.362,172.9
2026-08-04,16:16:36,1.362,172.9
2026-08-04,16:16:36,1.362,172.9
2026-08-04,16:16:36,1.362,172.9
2026-08-04,16:16:37,1.362,172.9
2026-08-04,16:16:37,1.362,172.9
2026-08-04,16:16:37,1.362,172.9
2026-08-04,16:16:37,1.362,172.9
2026-08-04,16:16:37,1.362,172.9
2026-08-04,16:16:37,1.362,172.9
2026-08-04,16:16:37,1.362,172.9
2026-08-04,16:16:38,1.362,172.9
2026-08-04,16:16:38,1.362,172.9
2026-08-04,16:16:38,1.362,172.9
2026-08-04,16:16:38,1.362,172.9
2026-08-04,16:16:38,1.362,172.9
2026-08-04,16:16:38,1.362,172.9
2026-08-04,16:16:39,1.362,172.9
2026-08-04,16:16:39,1.362,172.9
2026-08-04,16:16:39,1.362,172.9
2026-08-04,16:16:39,1.362,172.9
2026-08-04,16:16:39,1.362,172.9
2026-08-04,16:16:39,1.362,172.9
2026-08-04,16:16:40,1.362,172.9
2026-08-04,16:16:40,1.362,172.9
2026-08-04,16:16:40,1.362,172.9
2026-08-04,16:16:40,1.362,172.9
2026-08-04,16:16:40,1.362,172.9
2026-08-04,16:16:40,1.362,172.9
2026-08-04,16:16:41,1.362,172.9
2026-08-04,16:16:41,1.362,172.9
2026-08-04,16:16:41,1.362,172.9
2026-08-04,16:16:41,1.362,172.9
2026-08-04,16:16:41,1.362,172.9
2026-08-04,16:16:41,1.362,172.9
2026-08-04,16:16:42,1.362,172.9
2026-08-04,16:16:42,1.362,172.9
2026-08-04,16:16:42,1.362,172.9
2026-08-04,16:16:42,1.362,172.9
2026-08-04,16:16:42,1.362,172.9
2026-08-04,16:16:42,1.362,172.9
2026-08-04,16:16:43,1.362,172.9
2026-08-04,16:16:43,1.362,172.9
2026-08-04,16:16:43,1.362,172.9
2026-08-04,16:16:43,1.362,172.9
2026-08-04,16:16:43,1.362,172.9
2026-08-04,16:16:43,1.362,172.9
2026-08-04,16:16:44,1.362,172.9
2026-08-04,16:16:44,1.362,172.9
2026-08-04,16:16:44,1.361,172.9
2026-08-04,16:16:44,1.361,172.9
2026-08-04,16:16:44,1.361,172.9
2026-08-04,16:16:44,1.361,172.9
2026-08-04,16:16:45,1.361,172.9
2026-08-04,16:16:45,1.361,172.9
2026-08-04,16:16:45,1.361,172.9
2026-08-04,16:16:45,1.361,172.9
2026-08-04,16:16:45,1.361,172.9
2026-08-04,16:16:45,1.361,172.9
2026-08-04,16:16:46,1.361,172.9
2026-08-04,16:16:46,1.361,172.9
2026-08-04,16:16:46,1.361,172.9
2026-08-04,16:16:46,1.361,172.9
2026-08-04,16:16:46,1.361,172.9
2026-08-04,16:16:46,1.361,172.9
2026-08-04,16:16:47,1.361,172.9
2026-08-04,16:16:47,1.361,172.9
2026-08-04,16:16:47,1.361,172.9
2026-08-04,16:16:47,1.361,172.9
2026-08-04,16:16:47,1.361,172.9
2026-08-04,16:16:47,1.361,172.9
2026-08-04,16:16:48,1.361,172.9
2026-08-04,16:16:48,1.361,172.9
2026-08-04,16:16:48,1.361,172.9
2026-08-04,16:16:48,1.361,172.9
2026-08-04,16:16:48,1.361,172.9
2026-08-04,16:16:48,1.361,172.9
2026-08-04,16:16:49,1.361,172.9
2026-08-04,16:16:49,1.361,172.9
2026-08-04,16:16:49,1.361,172.9
2026-08-04,16:16:49,1.361,172.9
2026-08-04,16:16:49,1.361,172.9
2026-08-04,16:16:49,1.361,172.9
2026-08-04,16:16:50,1.361,172.9
2026-08-04,16:16:50,1.361,172.9
2026-08-04,16:16:50,1.361,172.9
2026-08-04,16:16:50,1.361,172.9
2026-08-04,16:16:50,1.361,172.9
2026-08-04,16:16:50,1.361,172.9
2026-08-04,16:16:51,1.361,172.9
2026-08-04,16:16:51,1.361,172.9
2026-08-04,16:16:51,1.361,172.9
2026-08-04,16:16:51,1.361,172.9
2026-08-04,16:16:51,1.361,172.9
2026-08-04,16:16:51,1.361,172.9
2026-08-04,16:16:52,1.361,172.9
2026-08-04,16:16:52,1.361,172.9
2026-08-04,16:16:52,1.361,172.9
2026-08-04,16:16:52,1.361,172.9
2026-08-04,16:16:52,1.361,172.9
2026-08-04,16:16:52,1.361,172.9
2026-08-04,16:16:53,1.362,172.9
2026-08-04,16:16:53,1.362,172.9
2026-08-04,16:16:53,1.362,172.9
2026-08-04,16:16:53,1.362,172.9
2026-08-04,16:16:53,1.362,172.9
2026-08-04,16:16:53,1.362,172.9
2026-08-04,16:16:53,1.362,172.9
2026-08-04,16:16:54,1.362,172.9
2026-08-04,16:16:54,1.362,172.9
2026-08-04,16:16:54,1.362,172.9
2026-08-04,16:16:54,1.362,172.9
2026-08-04,16:16:54,1.362,172.9
2026-08-04,16:16:54,1.362,172.9
2026-08-04,16:16:55,1.362,172.9
2026-08-04,16:16:55,1.362,172.9
2026-08-04,16:16:55,1.362,172.9
2026-08-04,16:16:55,1.362,172.9
2026-08-04,16:16:55,1.362,172.9
2026-08-04,16:16:55,1.362,172.9
2026-08-04,16:16:56,1.362,172.9
2026-08-04,16:16:56,1.362,172.9
2026-08-04,16:16:56,1.362,172.9
2026-08-04,16:16:56,1.362,172.9
2026-08-04,16:16:56,1.362,172.9
2026-08-04,16:16:56,1.362,172.9
2026-08-04,16:16:57,1.362,172.9
2026-08-04,16:16:57,1.362,173.0
2026-08-04,16:16:57,1.362,173.0
2026-08-04,16:16:57,1.362,173.0
2026-08-04,16:16:57,1.362,173.0
2026-08-04,16:16:57,1.362,173.0
2026-08-04,16:16:58,1.362,173.0
2026-08-04,16:16:58,1.362,173.0
2026-08-04,16:16:58,1.362,173.0
2026-08-04,16:16:58,1.362,173.0
2026-08-04,16:16:58,1.362,173.0
2026-08-04,16:16:58,1.362,173.0
2026-08-04,16:16:59,1.362,173.0
2026-08-04,16:16:59,1.362,173.0
2026-08-04,16:16:59,1.362,173.0
2026-08-04,16:16:59,1.362,173.0
2026-08-04,16:16:59,1.362,173.0
2026-08-04,16:16:59,1.362,173.0
2026-08-04,16:17:00,1.362,173.0
2026-08-04,16:17:00,1.362,173.0
2026-08-04,16:17:00,1.362,173.0
2026-08-04,16:17:00,1.362,173.0
2026-08-04,16:17:00,1.362,173.0
2026-08-04,16:17:00,1.362,173.0
2026-08-04,16:17:01,1.362,173.0
2026-08-04,16:17:01,1.362,173.0
2026-08-04,16:17:01,1.362,173.0
2026-08-04,16:17:01,1.362,173.0
2026-08-04,16:17:01,1.362,173.0
2026-08-04,16:17:01,1.362,173.0
2026-08-04,16:17:02,1.362,173.0
2026-08-04,16:17:02,1.362,173.0
2026-08-04,16:17:02,1.362,173.0
2026-08-04,16:17:02,1.362,173.0
2026-08-04,16:17:02,1.362,173.0
2026-08-04,16:17:02,1.362,173.0
2026-08-04,16:17:03,1.362,173.0
2026-08-04,16:17:03,1.362,173.0
2026-08-04,16:17:03,1.362,173.0
2026-08-04,16:17:03,1.362,173.0
2026-08-04,16:17:03,1.362,173.0
2026-08-04,16:17:03,1.362,173.0
2026-08-04,16:17:04,1.362,173.0
2026-08-04,16:17:04,1.362,173.0
2026-08-04,16:17:04,1.362,173.0
2026-08-04,16:17:04,1.362,173.0
2026-08-04,16:17:04,1.362,173.0
2026-08-04,16:17:04,1.362,173.0
2026-08-04,16:17:05,1.362,173.0
2026-08-04,16:17:05,1.362,173.0
2026-08-04,16:17:05,1.362,173.0
2026-08-04,16:17:05,1.362,173.0
2026-08-04,16:17:05,1.362,173.0
2026-08-04,16:17:05,1.362,173.0
2026-08-04,16:17:06,1.362,173.0
2026-08-04,16:17:06,1.362,173.0
2026-08-04,16:17:06,1.362,173.0
2026-08-04,16:17:06,1.362,173.0
2026-08-04,16:17:06,1.362,173.0
2026-08-04,16:17:06,1.362,173.0
2026-08-04,16:17:07,1.362,173.0
2026-08-04,16:17:07,1.362,173.0
2026-08-04,16:17:07,1.362,173.0
2026-08-04,16:17:07,1.362,173.0
2026-08-04,16:17:07,1.362,173.0
2026-08-04,16:17:07,1.362,173.0
2026-08-04,16:17:08,1.362,173.0
2026-08-04,16:17:08,1.362,173.0
2026-08-04,16:17:08,1.362,173.0
2026-08-04,16:17:08,1.362,173.0
2026-08-04,16:17:08,1.362,173.0
2026-08-04,16:17:08,1.362,173.0
2026-08-04,16:17:09,1.362,173.0
2026-08-04,16:17:09,1.362,173.0
2026-08-04,16:17:09,1.362,173.0
2026-08-04,16:17:09,1.362,173.0
2026-08-04,16:17:09,1.362,173.0
2026-08-04,16:17:09,1.362,173.0
2026-08-04,16:17:10,1.362,173.0
2026-08-04,16:17:10,1.362,173.0
2026-08-04,16:17:10,1.362,173.0
2026-08-04,16:17:10,1.362,173.0
2026-08-04,16:17:10,1.362,173.0
2026-08-04,16:17:10,1.362,173.0
2026-08-04,16:17:10,1.362,173.0
2026-08-04,16:17:11,1.362,173.0
2026-08-04,16:17:11,1.362,173.0
2026-08-04,16:17:11,1.362,173.0
2026-08-04,16:17:11,1.362,173.0
2026-08-04,16:17:11,1.362,173.0
2026-08-04,16:17:11,1.362,173.0
2026-08-04,16:17:12,1.362,173.0
2026-08-04,16:17:12,1.362,173.0
2026-08-04,16:17:12,1.362,173.0
2026-08-04,16:17:12,1.362,173.0
2026-08-04,16:17:12,1.362,173.0
2026-08-04,16:17:12,1.362,173.0
2026-08-04,16:17:13,1.362,173.0
2026-08-04,16:17:13,1.362,173.0
2026-08-04,16:17:13,1.362,173.0
2026-08-04,16:17:13,1.362,173.0
2026-08-04,16:17:13,1.362,173.0
2026-08-04,16:17:13,1.362,173.0
2026-08-04,16:17:14,1.362,173.0
2026-08-04,16:17:14,1.362,173.0
2026-08-04,16:17:14,1.362,173.0
2026-08-04,16:17:14,1.362,173.0
2026-08-04,16:17:14,1.362,173.0
2026-08-04,16:17:14,1.362,173.0
2026-08-04,16:17:15,1.362,173.0
2026-08-04,16:17:15,1.362,173.0
2026-08-04,16:17:15,1.362,173.0
2026-08-04,16:17:15,1.362,173.0
2026-08-04,16:17:15,1.362,173.0
2026-08-04,16:17:15,1.362,173.0
2026-08-04,16:17:16,1.362,173.0
2026-08-04,16:17:16,1.362,173.0
2026-08-04,16:17:16,1.362,173.0
2026-08-04,16:17:16,1.362,173.0
2026-08-04,16:17:16,1.362,173.0
2026-08-04,16:17:16,1.362,173.0
2026-08-04,16:17:17,1.362,173.0
2026-08-04,16:17:17,1.362,173.0
2026-08-04,16:17:17,1.362,173.0
2026-08-04,16:17:17,1.362,173.0
2026-08-04,16:17:17,1.362,173.0
2026-08-04,16:17:17,1.362,173.0
2026-08-04,16:17:18,1.362,173.0
2026-08-04,16:17:18,1.362,173.0
2026-08-04,16:17:18,1.362,173.0
2026-08-04,16:17:18,1.362,173.0
2026-08-04,16:17:18,1.362,173.0
2026-08-04,16:17:18,1.362,173.0
2026-08-04,16:17:19,1.362,173.0
2026-08-04,16:17:19,1.362,173.0
2026-08-04,16:17:19,1.362,173.0
2026-08-04,16:17:19,1.362,173.0
2026-08-04,16:17:19,1.362,173.0
2026-08-04,16:17:19,1.362,173.0
2026-08-04,16:17:20,1.362,173.0
2026-08-04,16:17:20,1.362,173.0
2026-08-04,16:17:20,1.362,173.0
2026-08-04,16:17:20,1.362,173.0
2026-08-04,16:17:20,1.362,173.0
2026-08-04,16:17:20,1.362,173.0
2026-08-04,16:17:21,1.362,173.0
2026-08-04,16:17:21,1.362,173.0
2026-08-04,16:17:21,1.362,173.0
2026-08-04,16:17:21,1.362,173.0
2026-08-04,16:17:21,1.362,173.0
2026-08-04,16:17:21,1.362,173.0
2026-08-04,16:17:22,1.362,173.0
2026-08-04,16:17:22,1.362,173.0
2026-08-04,16:17:22,1.362,173.0
2026-08-04,16:17:22,1.362,173.0
2026-08-04,16:17:22,1.362,173.0
2026-08-04,16:17:22,1.362,173.0
2026-08-04,16:17:23,1.362,173.0
2026-08-04,16:17:23,1.362,173.0
2026-08-04,16:17:23,1.362,173.0
2026-08-04,16:17:23,1.362,173.0
2026-08-04,16:17:23,1.362,173.0
2026-08-04,16:17:23,1.362,173.0
2026-08-04,16:17:24,1.362,173.0
2026-08-04,16:17:24,1.362,173.0
2026-08-04,16:17:24,1.362,173.0
2026-08-04,16:17:24,1.362,173.0
2026-08-04,16:17:24,1.362,173.0
2026-08-04,16:17:24,1.362,173.0
2026-08-04,16:17:25,1.362,173.0
2026-08-04,16:17:25,1.362,173.0
2026-08-04,16:17:25,1.362,173.0
2026-08-04,16:17:25,1.362,173.0
2026-08-04,16:17:25,1.362,173.0
2026-08-04,16:17:25,1.362,173.0
2026-08-04,16:17:26,1.362,173.0
2026-08-04,16:17:26,1.362,173.0
2026-08-04,16:17:26,1.362,173.0
2026-08-04,16:17:26,1.362,173.0
2026-08-04,16:17:26,1.362,173.0
2026-08-04,16:17:26,1.362,173.0
2026-08-04,16:17:26,1.362,173.0
2026-08-04,16:17:27,1.362,173.0
2026-08-04,16:17:27,1.362,173.0
2026-08-04,16:17:27,1.362,173.0
2026-08-04,16:17:27,1.362,173.0
2026-08-04,16:17:27,1.362,173.0
2026-08-04,16:17:27,1.362,173.0
2026-08-04,16:17:28,1.362,173.0
2026-08-04,16:17:28,1.362,173.0
2026-08-04,16:17:28,1.362,173.0
2026-08-04,16:17:28,1.362,173.0
2026-08-04,16:17:28,1.362,173.0
2026-08-04,16:17:28,1.362,173.0
2026-08-04,16:17:29,1.362,173.0
2026-08-04,16:17:29,1.362,173.0
2026-08-04,16:17:29,1.362,173.0
2026-08-04,16:17:29,1.362,173.0
2026-08-04,16:17:29,1.362,173.0
2026-08-04,16:17:29,1.362,173.0
2026-08-04,16:17:30,1.362,173.0
2026-08-04,16:17:30,1.362,173.0
2026-08-04,16:17:30,1.362,173.0
2026-08-04,16:17:30,1.362,173.0
2026-08-04,16:17:30,1.362,173.0
2026-08-04,16:17:30,1.362,173.0
2026-08-04,16:17:31,1.362,173.0
2026-08-04,16:17:31,1.362,173.0
2026-08-04,16:17:31,1.362,173.0
2026-08-04,16:17:31,1.362,173.0
2026-08-04,16:17:31,1.362,173.0
2026-08-04,16:17:31,1.362,173.0
2026-08-04,16:17:32,1.362,173.0
2026-08-04,16:17:32,1.362,173.0
2026-08-04,16:17:32,1.362,173.0
2026-08-04,16:17:32,1.362,173.0
2026-08-04,16:17:32,1.362,173.0
2026-08-04,16:17:32,1.362,173.0
2026-08-04,16:17:33,1.362,173.0
2026-08-04,16:17:33,1.362,173.0
2026-08-04,16:17:33,1.362,173.0
2026-08-04,16:17:33,1.362,173.0
2026-08-04,16:17:33,1.362,173.0
2026-08-04,16:17:33,1.362,173.0
2026-08-04,16:17:34,1.362,173.0
2026-08-04,16:17:34,1.362,173.0
2026-08-04,16:17:34,1.362,173.0
2026-08-04,16:17:34,1.362,173.0
2026-08-04,16:17:34,1.362,173.0
2026-08-04,16:17:34,1.362,173.0
2026-08-04,16:17:35,1.362,172.9
2026-08-04,16:17:35,1.362,172.9
2026-08-04,16:17:35,1.362,172.9
2026-08-04,16:17:35,1.362,172.9
2026-08-04,16:17:35,1.362,172.9
2026-08-04,16:17:35,1.362,172.9
2026-08-04,16:17:36,1.362,172.9
2026-08-04,16:17:36,1.362,172.9
2026-08-04,16:17:36,1.362,172.9
2026-08-04,16:17:36,1.362,172.9
2026-08-04,16:17:36,1.362,172.9
2026-08-04,16:17:36,1.362,172.9
2026-08-04,16:17:37,1.362,172.9
2026-08-04,16:17:37,1.362,172.9
2026-08-04,16:17:37,1.362,172.9
2026-08-04,16:17:37,1.362,172.9
2026-08-04,16:17:37,1.362,172.9
2026-08-04,16:17:37,1.362,172.9
2026-08-04,16:17:38,1.362,172.9
2026-08-04,16:17:38,1.362,172.9
2026-08-04,16:17:38,1.362,172.9
2026-08-04,16:17:38,1.362,172.9
2026-08-04,16:17:38,1.362,172.9
2026-08-04,16:17:38,1.362,172.9
2026-08-04,16:17:39,1.362,172.9
2026-08-04,16:17:39,1.362,172.9
2026-08-04,16:17:39,1.362,172.9
2026-08-04,16:17:39,1.362,172.9
2026-08-04,16:17:39,1.362,172.9
2026-08-04,16:17:39,1.362,172.9
2026-08-04,16:17:40,1.362,172.9
2026-08-04,16:17:40,1.362,172.9
2026-08-04,16:17:40,1.362,172.9
2026-08-04,16:17:40,1.362,172.9
2026-08-04,16:17:40,1.362,172.9
2026-08-04,16:17:40,1.362,172.9
2026-08-04,16:17:41,1.362,172.9
2026-08-04,16:17:41,1.362,172.9
2026-08-04,16:17:41,1.362,172.9
2026-08-04,16:17:41,1.362,172.9
2026-08-04,16:17:41,1.362,172.9
2026-08-04,16:17:41,1.362,172.9
2026-08-04,16:17:42,1.362,172.9
2026-08-04,16:17:42,1.362,172.9
2026-08-04,16:17:42,1.362,172.9
2026-08-04,16:17:42,1.362,172.9
2026-08-04,16:17:42,1.362,172.9
2026-08-04,16:17:42,1.362,172.9
2026-08-04,16:17:43,1.362,172.9
2026-08-04,16:17:43,1.362,172.9
2026-08-04,16:17:43,1.362,172.9
2026-08-04,16:17:43,1.362,172.9
2026-08-04,16:17:43,1.362,172.9
2026-08-04,16:17:43,1.362,172.9
2026-08-04,16:17:43,1.362,172.9
2026-08-04,16:17:44,1.362,172.9
2026-08-04,16:17:44,1.362,172.9
2026-08-04,16:17:44,1.362,172.9
2026-08-04,16:17:44,1.362,172.9
2026-08-04,16:17:44,1.362,172.9
2026-08-04,16:17:44,1.362,172.9
2026-08-04,16:17:45,1.362,172.9
2026-08-04,16:17:45,1.362,172.9
2026-08-04,16:17:45,1.362,172.9
2026-08-04,16:17:45,1.362,172.9
2026-08-04,16:17:45,1.362,172.9
2026-08-04,16:17:45,1.362,172.9
2026-08-04,16:17:46,1.362,172.9
2026-08-04,16:17:46,1.361,172.9
2026-08-04,16:17:46,1.361,172.9
2026-08-04,16:17:46,1.361,172.9
2026-08-04,16:17:46,1.361,172.9
2026-08-04,16:17:46,1.361,172.9
2026-08-04,16:17:47,1.361,172.9
2026-08-04,16:17:47,1.361,172.9
2026-08-04,16:17:47,1.361,172.9
2026-08-04,16:17:47,1.361,172.9
2026-08-04,16:17:47,1.361,172.9
2026-08-04,16:17:47,1.361,172.9
2026-08-04,16:17:48,1.361,172.9
2026-08-04,16:17:48,1.361,172.9
2026-08-04,16:17:48,1.361,172.9
2026-08-04,16:17:48,1.361,172.9
2026-08-04,16:17:48,1.361,172.9
2026-08-04,16:17:48,1.361,172.9
2026-08-04,16:17:49,1.361,172.9
2026-08-04,16:17:49,1.361,172.9
2026-08-04,16:17:49,1.361,172.9
2026-08-04,16:17:49,1.361,172.9
2026-08-04,16:17:49,1.361,172.9
2026-08-04,16:17:49,1.361,172.9
2026-08-04,16:17:50,1.361,172.9
2026-08-04,16:17:50,1.361,172.9
2026-08-04,16:17:50,1.361,172.9
2026-08-04,16:17:50,1.361,172.9
2026-08-04,16:17:50,1.361,172.9
2026-08-04,16:17:50,1.361,172.9
2026-08-04,16:17:51,1.361,172.9
2026-08-04,16:17:51,1.361,172.9
2026-08-04,16:17:51,1.361,172.9
2026-08-04,16:17:51,1.361,172.9
2026-08-04,16:17:51,1.361,172.9
2026-08-04,16:17:51,1.361,172.9
2026-08-04,16:17:52,1.361,172.9
2026-08-04,16:17:52,1.361,172.9
2026-08-04,16:17:52,1.361,172.9
2026-08-04,16:17:52,1.362,172.9
2026-08-04,16:17:52,1.362,172.9
2026-08-04,16:17:52,1.362,172.9
2026-08-04,16:17:53,1.362,172.9
2026-08-04,16:17:53,1.362,172.9
2026-08-04,16:17:53,1.362,172.9
2026-08-04,16:17:53,1.362,172.9
2026-08-04,16:17:53,1.362,172.9
2026-08-04,16:17:53,1.362,172.9
2026-08-04,16:17:54,1.362,172.9
2026-08-04,16:17:54,1.362,172.9
2026-08-04,16:17:54,1.362,172.9
2026-08-04,16:17:54,1.362,172.9
2026-08-04,16:17:54,1.362,172.9
2026-08-04,16:17:54,1.361,172.9
2026-08-04,16:17:55,1.361,172.9
2026-08-04,16:17:55,1.361,172.9
2026-08-04,16:17:55,1.361,172.9
2026-08-04,16:17:55,1.361,172.9
2026-08-04,16:17:55,1.361,172.9
2026-08-04,16:17:55,1.361,172.9
2026-08-04,16:17:56,1.361,172.9
2026-08-04,16:17:56,1.361,172.9
2026-08-04,16:17:56,1.361,172.9
2026-08-04,16:17:56,1.361,172.9
2026-08-04,16:17:56,1.361,172.9
2026-08-04,16:17:56,1.361,172.9
2026-08-04,16:17:57,1.362,172.9
2026-08-04,16:17:57,1.362,172.9
2026-08-04,16:17:57,1.362,172.9
2026-08-04,16:17:57,1.362,172.9
2026-08-04,16:17:57,1.362,172.9
2026-08-04,16:17:57,1.362,172.9
2026-08-04,16:17:58,1.362,172.9
2026-08-04,16:17:58,1.362,172.9
2026-08-04,16:17:58,1.362,172.9
2026-08-04,16:17:58,1.362,172.9
2026-08-04,16:17:58,1.362,172.9
2026-08-04,16:17:58,1.362,172.9
2026-08-04,16:17:59,1.362,172.9
2026-08-04,16:17:59,1.362,172.9
2026-08-04,16:17:59,1.362,172.9
2026-08-04,16:17:59,1.362,172.9
2026-08-04,16:17:59,1.362,172.9
2026-08-04,16:17:59,1.362,172.9
2026-08-04,16:17:59,1.362,172.9
2026-08-04,16:18:00,1.362,172.9
2026-08-04,16:18:00,1.362,172.9
2026-08-04,16:18:00,1.362,172.9
2026-08-04,16:18:00,1.362,172.9
2026-08-04,16:18:00,1.362,172.9
2026-08-04,16:18:00,1.362,172.9
2026-08-04,16:18:01,1.362,172.9
2026-08-04,16:18:01,1.362,172.9
2026-08-04,16:18:01,1.362,172.9
2026-08-04,16:18:01,1.362,172.9
2026-08-04,16:18:01,1.362,172.9
2026-08-04,16:18:01,1.362,172.9
2026-08-04,16:18:02,1.362,172.9
2026-08-04,16:18:02,1.362,172.9
2026-08-04,16:18:02,1.362,172.9
2026-08-04,16:18:02,1.362,172.9
2026-08-04,16:18:02,1.362,172.9
2026-08-04,16:18:02,1.362,172.9
2026-08-04,16:18:03,1.362,172.9
2026-08-04,16:18:03,1.362,172.9
2026-08-04,16:18:03,1.362,172.9
2026-08-04,16:18:03,1.362,172.9
2026-08-04,16:18:03,1.362,172.9
2026-08-04,16:18:03,1.362,172.9
2026-08-04,16:18:04,1.362,172.9
2026-08-04,16:18:04,1.362,172.9
2026-08-04,16:18:04,1.362,172.9
2026-08-04,16:18:04,1.362,172.9
2026-08-04,16:18:04,1.362,172.9
2026-08-04,16:18:04,1.362,172.9
2026-08-04,16:18:05,1.362,172.9
2026-08-04,16:18:05,1.362,172.9
2026-08-04,16:18:05,1.362,172.9
2026-08-04,16:18:05,1.362,172.9
2026-08-04,16:18:05,1.362,172.9
2026-08-04,16:18:05,1.362,173.0
2026-08-04,16:18:06,1.362,173.0
2026-08-04,16:18:06,1.362,173.0
2026-08-04,16:18:06,1.362,173.0
2026-08-04,16:18:06,1.362,173.0
2026-08-04,16:18:06,1.362,173.0
2026-08-04,16:18:06,1.362,173.0
2026-08-04,16:18:07,1.362,173.0
2026-08-04,16:18:07,1.362,173.0
2026-08-04,16:18:07,1.362,173.0
2026-08-04,16:18:07,1.362,173.0
2026-08-04,16:18:07,1.362,173.0
2026-08-04,16:18:07,1.362,173.0
2026-08-04,16:18:08,1.362,173.0
2026-08-04,16:18:08,1.362,173.0
2026-08-04,16:18:08,1.362,173.0
2026-08-04,16:18:08,1.362,173.0
2026-08-04,16:18:08,1.362,173.0
2026-08-04,16:18:08,1.362,173.0
2026-08-04,16:18:09,1.362,173.0
2026-08-04,16:18:09,1.362,173.0
2026-08-04,16:18:09,1.362,173.0
2026-08-04,16:18:09,1.362,173.0
2026-08-04,16:18:09,1.362,173.0
2026-08-04,16:18:09,1.362,173.0
2026-08-04,16:18:10,1.362,173.0
2026-08-04,16:18:10,1.362,173.0
2026-08-04,16:18:10,1.362,173.0
2026-08-04,16:18:10,1.362,173.0
2026-08-04,16:18:10,1.362,173.0
2026-08-04,16:18:10,1.362,173.0
2026-08-04,16:18:11,1.362,173.0
2026-08-04,16:18:11,1.362,173.0
2026-08-04,16:18:11,1.362,173.0
2026-08-04,16:18:11,1.362,173.0
2026-08-04,16:18:11,1.362,173.0
2026-08-04,16:18:11,1.362,173.0
2026-08-04,16:18:12,1.362,173.0
2026-08-04,16:18:12,1.362,173.0
2026-08-04,16:18:12,1.362,173.0
2026-08-04,16:18:12,1.362,173.0
2026-08-04,16:18:12,1.362,173.0
2026-08-04,16:18:12,1.362,173.0
2026-08-04,16:18:13,1.362,173.0
2026-08-04,16:18:13,1.362,173.0
2026-08-04,16:18:13,1.362,173.0
2026-08-04,16:18:13,1.362,173.0
2026-08-04,16:18:13,1.362,173.0
2026-08-04,16:18:13,1.362,173.0
2026-08-04,16:18:14,1.362,173.0
2026-08-04,16:18:14,1.362,173.0
2026-08-04,16:18:14,1.362,173.0
2026-08-04,16:18:14,1.362,173.0
2026-08-04,16:18:14,1.362,173.0
2026-08-04,16:18:14,1.362,173.0
2026-08-04,16:18:15,1.362,173.0
2026-08-04,16:18:15,1.362,173.0
2026-08-04,16:18:15,1.362,173.0
2026-08-04,16:18:15,1.362,173.0
2026-08-04,16:18:15,1.362,173.0
2026-08-04,16:18:15,1.362,173.0
2026-08-04,16:18:16,1.362,173.0
2026-08-04,16:18:16,1.362,173.0
2026-08-04,16:18:16,1.362,173.0
2026-08-04,16:18:16,1.362,173.0
2026-08-04,16:18:16,1.362,173.0
2026-08-04,16:18:16,1.362,173.0
2026-08-04,16:18:16,1.362,173.0
2026-08-04,16:18:17,1.362,173.0
2026-08-04,16:18:17,1.362,173.0
2026-08-04,16:18:17,1.362,173.0
2026-08-04,16:18:17,1.362,173.0
2026-08-04,16:18:17,1.362,173.0
2026-08-04,16:18:17,1.362,173.0
2026-08-04,16:18:18,1.362,173.0
2026-08-04,16:18:18,1.362,173.0
2026-08-04,16:18:18,1.362,173.0
2026-08-04,16:18:18,1.362,173.0
2026-08-04,16:18:18,1.362,173.0
2026-08-04,16:18:18,1.362,173.0
2026-08-04,16:18:19,1.362,173.0
2026-08-04,16:18:19,1.362,173.0
2026-08-04,16:18:19,1.362,173.0
2026-08-04,16:18:19,1.362,173.0
2026-08-04,16:18:19,1.362,173.0
2026-08-04,16:18:19,1.362,173.0
2026-08-04,16:18:20,1.362,173.0
2026-08-04,16:18:20,1.362,173.0
2026-08-04,16:18:20,1.362,173.0
2026-08-04,16:18:20,1.362,173.0
2026-08-04,16:18:20,1.362,173.0
2026-08-04,16:18:20,1.362,173.0
2026-08-04,16:18:21,1.362,173.0
2026-08-04,16:18:21,1.362,173.0
2026-08-04,16:18:21,1.362,173.0
2026-08-04,16:18:21,1.362,173.0
2026-08-04,16:18:21,1.362,173.0
2026-08-04,16:18:21,1.362,173.0
2026-08-04,16:18:22,1.362,173.0
2026-08-04,16:18:22,1.362,173.0
2026-08-04,16:18:22,1.362,173.0
2026-08-04,16:18:22,1.362,173.0
2026-08-04,16:18:22,1.362,173.0
2026-08-04,16:18:22,1.362,173.0
2026-08-04,16:18:23,1.362,173.0
2026-08-04,16:18:23,1.362,173.0
2026-08-04,16:18:23,1.362,173.0
2026-08-04,16:18:23,1.362,173.0
2026-08-04,16:18:23,1.362,173.0
2026-08-04,16:18:23,1.362,173.0
2026-08-04,16:18:24,1.362,173.0
2026-08-04,16:18:24,1.362,173.0
2026-08-04,16:18:24,1.362,173.0
2026-08-04,16:18:24,1.362,173.0
2026-08-04,16:18:24,1.362,173.0
2026-08-04,16:18:24,1.362,173.0
2026-08-04,16:18:25,1.362,173.0
2026-08-04,16:18:25,1.362,173.0
2026-08-04,16:18:25,1.362,173.0
2026-08-04,16:18:25,1.362,173.0
2026-08-04,16:18:25,1.362,173.0
2026-08-04,16:18:25,1.362,173.0
2026-08-04,16:18:26,1.362,173.0
2026-08-04,16:18:26,1.362,173.0
2026-08-04,16:18:26,1.362,173.0
2026-08-04,16:18:26,1.362,173.0
2026-08-04,16:18:26,1.362,173.0
2026-08-04,16:18:26,1.362,173.0
2026-08-04,16:18:27,1.362,173.0
2026-08-04,16:18:27,1.362,173.0
2026-08-04,16:18:27,1.362,173.0
2026-08-04,16:18:27,1.362,173.0
2026-08-04,16:18:27,1.362,173.0
2026-08-04,16:18:27,1.362,173.0
2026-08-04,16:18:28,1.362,173.0
2026-08-04,16:18:28,1.362,173.0
2026-08-04,16:18:28,1.362,173.0
2026-08-04,16:18:28,1.362,173.0
2026-08-04,16:18:28,1.362,173.0
2026-08-04,16:18:28,1.362,173.0
2026-08-04,16:18:29,1.362,173.0
2026-08-04,16:18:29,1.362,173.0
2026-08-04,16:18:29,1.362,173.0
2026-08-04,16:18:29,1.362,173.0
2026-08-04,16:18:29,1.362,173.0
2026-08-04,16:18:29,1.362,173.0
2026-08-04,16:18:30,1.362,173.0
2026-08-04,16:18:30,1.362,173.0
2026-08-04,16:18:30,1.362,173.0
2026-08-04,16:18:30,1.362,173.0
2026-08-04,16:18:30,1.362,173.0
2026-08-04,16:18:30,1.362,173.0
2026-08-04,16:18:31,1.362,173.0
2026-08-04,16:18:31,1.362,173.0
2026-08-04,16:18:31,1.362,173.0
2026-08-04,16:18:31,1.362,173.0
2026-08-04,16:18:31,1.362,173.0
2026-08-04,16:18:31,1.362,173.0
2026-08-04,16:18:32,1.362,173.0
2026-08-04,16:18:32,1.362,173.0
2026-08-04,16:18:32,1.362,173.0
2026-08-04,16:18:32,1.362,173.0
2026-08-04,16:18:32,1.362,173.0
2026-08-04,16:18:32,1.362,173.0
2026-08-04,16:18:33,1.362,173.0
2026-08-04,16:18:33,1.362,173.0
2026-08-04,16:18:33,1.362,173.0
2026-08-04,16:18:33,1.362,173.0
2026-08-04,16:18:33,1.362,173.0
2026-08-04,16:18:33,1.362,173.0
2026-08-04,16:18:33,1.362,173.0
2026-08-04,16:18:34,1.362,173.0
2026-08-04,16:18:34,1.362,173.0
2026-08-04,16:18:34,1.362,173.0
2026-08-04,16:18:34,1.362,173.0
2026-08-04,16:18:34,1.362,173.0
2026-08-04,16:18:34,1.362,173.0
2026-08-04,16:18:35,1.362,173.0
2026-08-04,16:18:35,1.362,173.0
2026-08-04,16:18:35,1.362,173.0
2026-08-04,16:18:35,1.362,173.0
2026-08-04,16:18:35,1.362,173.0
2026-08-04,16:18:35,1.362,173.0
2026-08-04,16:18:36,1.362,173.0
2026-08-04,16:18:36,1.362,173.0
2026-08-04,16:18:36,1.362,173.0
2026-08-04,16:18:36,1.362,173.0
2026-08-04,16:18:36,1.362,173.0
2026-08-04,16:18:36,1.362,173.0
2026-08-04,16:18:37,1.362,173.0
2026-08-04,16:18:37,1.362,173.0
2026-08-04,16:18:37,1.362,173.0
2026-08-04,16:18:37,1.362,173.0
2026-08-04,16:18:37,1.362,173.0
2026-08-04,16:18:37,1.362,173.0
2026-08-04,16:18:38,1.362,173.0
2026-08-04,16:18:38,1.362,173.0
2026-08-04,16:18:38,1.362,173.0
2026-08-04,16:18:38,1.362,173.0
2026-08-04,16:18:38,1.362,173.0
2026-08-04,16:18:38,1.362,173.0
2026-08-04,16:18:39,1.362,173.0
2026-08-04,16:18:39,1.362,173.0
2026-08-04,16:18:39,1.362,173.0
2026-08-04,16:18:39,1.362,173.0
2026-08-04,16:18:39,1.362,173.0
2026-08-04,16:18:39,1.362,173.0
2026-08-04,16:18:40,1.362,173.0
2026-08-04,16:18:40,1.362,173.0
2026-08-04,16:18:40,1.362,173.0
2026-08-04,16:18:40,1.362,173.0
2026-08-04,16:18:40,1.362,173.0
2026-08-04,16:18:40,1.362,173.0
2026-08-04,16:18:41,1.362,173.0
2026-08-04,16:18:41,1.362,173.0
2026-08-04,16:18:41,1.362,173.0
2026-08-04,16:18:41,1.362,173.0
2026-08-04,16:18:41,1.362,173.0
2026-08-04,16:18:41,1.362,173.0
2026-08-04,16:18:42,1.362,173.0
2026-08-04,16:18:42,1.362,173.0
2026-08-04,16:18:42,1.362,173.0
2026-08-04,16:18:42,1.362,173.0
2026-08-04,16:18:42,1.362,173.0
2026-08-04,16:18:42,1.362,173.0
2026-08-04,16:18:43,1.362,173.0
2026-08-04,16:18:43,1.362,173.0
2026-08-04,16:18:43,1.362,173.0
2026-08-04,16:18:43,1.362,173.0
2026-08-04,16:18:43,1.362,173.0
2026-08-04,16:18:43,1.362,173.0
2026-08-04,16:18:44,1.362,173.0
2026-08-04,16:18:44,1.362,173.0
2026-08-04,16:18:44,1.362,173.0
2026-08-04,16:18:44,1.362,173.0
2026-08-04,16:18:44,1.362,173.0
2026-08-04,16:18:44,1.362,173.0
2026-08-04,16:18:45,1.362,173.0
2026-08-04,16:18:45,1.362,173.0
2026-08-04,16:18:45,1.362,173.0
2026-08-04,16:18:45,1.362,173.0
2026-08-04,16:18:45,1.362,173.0
2026-08-04,16:18:45,1.362,173.0
2026-08-04,16:18:46,1.362,173.0
2026-08-04,16:18:46,1.362,173.0
2026-08-04,16:18:46,1.362,173.0
2026-08-04,16:18:46,1.362,173.0
2026-08-04,16:18:46,1.362,173.0
2026-08-04,16:18:46,1.362,173.0
2026-08-04,16:18:47,1.362,173.0
2026-08-04,16:18:47,1.362,173.0
2026-08-04,16:18:47,1.362,173.0
2026-08-04,16:18:47,1.362,173.0
2026-08-04,16:18:47,1.362,173.0
2026-08-04,16:18:47,1.362,173.0
2026-08-04,16:18:48,1.362,173.0
2026-08-04,16:18:48,1.362,173.0
2026-08-04,16:18:48,1.362,173.0
2026-08-04,16:18:48,1.362,173.0
2026-08-04,16:18:48,1.362,173.0
2026-08-04,16:18:48,1.362,173.0
2026-08-04,16:18:49,1.362,173.0
2026-08-04,16:18:49,1.362,173.0
2026-08-04,16:18:49,1.362,173.0
2026-08-04,16:18:49,1.362,173.0
2026-08-04,16:18:49,1.362,173.0
2026-08-04,16:18:49,1.362,173.0
2026-08-04,16:18:49,1.362,173.0
2026-08-04,16:18:50,1.362,173.0
2026-08-04,16:18:50,1.362,173.0
2026-08-04,16:18:50,1.362,173.0
2026-08-04,16:18:50,1.362,173.0
2026-08-04,16:18:50,1.362,173.0
2026-08-04,16:18:50,1.362,173.0
2026-08-04,16:18:51,1.362,173.0
2026-08-04,16:18:51,1.362,173.0
2026-08-04,16:18:51,1.362,173.0
2026-08-04,16:18:51,1.362,173.0
2026-08-04,16:18:51,1.362,173.0
2026-08-04,16:18:51,1.362,173.0
2026-08-04,16:18:52,1.362,173.0
2026-08-04,16:18:52,1.362,173.0
2026-08-04,16:18:52,1.362,173.0
2026-08-04,16:18:52,1.362,173.0
2026-08-04,16:18:52,1.362,173.0
2026-08-04,16:18:52,1.362,173.0
2026-08-04,16:18:53,1.362,173.0
2026-08-04,16:18:53,1.362,173.0
2026-08-04,16:18:53,1.362,173.0
2026-08-04,16:18:53,1.362,173.0
2026-08-04,16:18:53,1.362,173.0
2026-08-04,16:18:53,1.362,173.0
2026-08-04,16:18:54,1.362,173.0
2026-08-04,16:18:54,1.362,173.0
2026-08-04,16:18:54,1.362,173.0
2026-08-04,16:18:54,1.362,173.0
2026-08-04,16:18:54,1.362,173.0
2026-08-04,16:18:54,1.362,173.0
2026-08-04,16:18:55,1.362,173.0
2026-08-04,16:18:55,1.362,173.0
2026-08-04,16:18:55,1.362,173.0
2026-08-04,16:18:55,1.362,173.0
2026-08-04,16:18:55,1.362,173.0
2026-08-04,16:18:55,1.362,173.0
2026-08-04,16:18:56,1.362,173.0
2026-08-04,16:18:56,1.362,173.0
2026-08-04,16:18:56,1.362,173.0
2026-08-04,16:18:56,1.362,173.0
2026-08-04,16:18:56,1.362,173.0
2026-08-04,16:18:56,1.362,173.0
2026-08-04,16:18:57,1.362,173.0
2026-08-04,16:18:57,1.362,173.0
2026-08-04,16:18:57,1.362,173.0
2026-08-04,16:18:57,1.362,173.0
2026-08-04,16:18:57,1.362,173.0
2026-08-04,16:18:57,1.362,173.0
2026-08-04,16:18:58,1.362,173.0
2026-08-04,16:18:58,1.362,173.0
2026-08-04,16:18:58,1.362,173.0
2026-08-04,16:18:58,1.362,173.0
2026-08-04,16:18:58,1.362,173.0
2026-08-04,16:18:58,1.362,173.0
2026-08-04,16:18:59,1.363,173.0
2026-08-04,16:18:59,1.363,173.0
2026-08-04,16:18:59,1.363,173.0
2026-08-04,16:18:59,1.363,173.0
2026-08-04,16:18:59,1.363,173.0
2026-08-04,16:18:59,1.363,173.0
2026-08-04,16:19:00,1.363,173.0
2026-08-04,16:19:00,1.363,173.1
2026-08-04,16:19:00,1.363,173.1
2026-08-04,16:19:00,1.363,173.1
2026-08-04,16:19:00,1.363,173.1
2026-08-04,16:19:00,1.363,173.1
2026-08-04,16:19:01,1.363,173.1
2026-08-04,16:19:01,1.363,173.1
2026-08-04,16:19:01,1.363,173.0
2026-08-04,16:19:01,1.363,173.0
2026-08-04,16:19:01,1.363,173.0
2026-08-04,16:19:01,1.363,173.0
2026-08-04,16:19:02,1.363,173.0
2026-08-04,16:19:02,1.363,173.0
2026-08-04,16:19:02,1.363,173.1
2026-08-04,16:19:02,1.363,173.1
2026-08-04,16:19:02,1.363,173.1
2026-08-04,16:19:02,1.363,173.1
2026-08-04,16:19:03,1.363,173.1
2026-08-04,16:19:03,1.363,173.0
2026-08-04,16:19:03,1.363,173.0
2026-08-04,16:19:03,1.363,173.0
2026-08-04,16:19:03,1.363,173.0
2026-08-04,16:19:03,1.363,173.0
2026-08-04,16:19:04,1.363,173.0
2026-08-04,16:19:04,1.363,173.0
2026-08-04,16:19:04,1.363,173.0
2026-08-04,16:19:04,1.362,173.0
2026-08-04,16:19:04,1.362,173.0
2026-08-04,16:19:04,1.362,173.0
2026-08-04,16:19:05,1.362,173.0
2026-08-04,16:19:05,1.362,173.0
2026-08-04,16:19:05,1.362,173.0
2026-08-04,16:19:05,1.362,173.0
2026-08-04,16:19:05,1.362,173.0
2026-08-04,16:19:05,1.362,173.0
2026-08-04,16:19:06,1.362,173.0
2026-08-04,16:19:06,1.362,173.0
2026-08-04,16:19:06,1.362,173.0
2026-08-04,16:19:06,1.362,173.0
2026-08-04,16:19:06,1.362,173.0
2026-08-04,16:19:06,1.362,173.0
2026-08-04,16:19:06,1.362,173.0
2026-08-04,16:19:07,1.362,173.0
2026-08-04,16:19:07,1.362,173.0
2026-08-04,16:19:07,1.362,173.0
2026-08-04,16:19:07,1.362,173.0
2026-08-04,16:19:07,1.362,173.0
2026-08-04,16:19:07,1.362,173.0
2026-08-04,16:19:08,1.362,173.0
2026-08-04,16:19:08,1.362,173.0
2026-08-04,16:19:08,1.362,173.0
2026-08-04,16:19:08,1.362,173.0
2026-08-04,16:19:08,1.362,173.0
2026-08-04,16:19:08,1.362,173.0
2026-08-04,16:19:09,1.362,173.0
2026-08-04,16:19:09,1.362,173.0
2026-08-04,16:19:09,1.362,173.0
2026-08-04,16:19:09,1.363,173.0
2026-08-04,16:19:09,1.363,173.0
2026-08-04,16:19:09,1.363,173.0
2026-08-04,16:19:10,1.362,173.0
2026-08-04,16:19:10,1.362,173.0
2026-08-04,16:19:10,1.362,173.0
2026-08-04,16:19:10,1.362,173.0
2026-08-04,16:19:10,1.362,173.0
2026-08-04,16:19:10,1.362,173.0
2026-08-04,16:19:11,1.362,173.0
2026-08-04,16:19:11,1.362,173.0
2026-08-04,16:19:11,1.362,173.0
2026-08-04,16:19:11,1.362,173.0
2026-08-04,16:19:11,1.362,173.0
2026-08-04,16:19:11,1.362,173.0
2026-08-04,16:19:12,1.362,173.0
2026-08-04,16:19:12,1.362,173.0
2026-08-04,16:19:12,1.362,173.0
2026-08-04,16:19:12,1.362,173.0
2026-08-04,16:19:12,1.362,173.0
2026-08-04,16:19:12,1.362,173.0
2026-08-04,16:19:13,1.362,173.0
2026-08-04,16:19:13,1.362,173.0
2026-08-04,16:19:13,1.362,173.0
2026-08-04,16:19:13,1.362,173.0
2026-08-04,16:19:13,1.362,173.0
2026-08-04,16:19:13,1.362,173.0
2026-08-04,16:19:14,1.362,173.0
2026-08-04,16:19:14,1.362,173.0
2026-08-04,16:19:14,1.363,173.0
2026-08-04,16:19:14,1.363,173.0
2026-08-04,16:19:14,1.363,173.0
2026-08-04,16:19:14,1.363,173.0
2026-08-04,16:19:15,1.363,173.0
2026-08-04,16:19:15,1.363,173.0
2026-08-04,16:19:15,1.363,173.0
2026-08-04,16:19:15,1.363,173.0
2026-08-04,16:19:15,1.363,173.0
2026-08-04,16:19:15,1.363,173.0
2026-08-04,16:19:16,1.363,173.0
2026-08-04,16:19:16,1.363,173.0
2026-08-04,16:19:16,1.363,173.0
2026-08-04,16:19:16,1.362,173.0
2026-08-04,16:19:16,1.362,173.0
2026-08-04,16:19:16,1.362,173.0
2026-08-04,16:19:17,1.362,173.0
2026-08-04,16:19:17,1.362,173.0
2026-08-04,16:19:17,1.362,173.0
2026-08-04,16:19:17,1.362,173.0
2026-08-04,16:19:17,1.362,173.0
2026-08-04,16:19:17,1.362,173.0
2026-08-04,16:19:18,1.362,173.0
2026-08-04,16:19:18,1.362,173.0
2026-08-04,16:19:18,1.363,173.0
2026-08-04,16:19:18,1.363,173.0
2026-08-04,16:19:18,1.363,173.0
2026-08-04,16:19:18,1.363,173.0
2026-08-04,16:19:19,1.363,173.0
2026-08-04,16:19:19,1.363,173.0
2026-08-04,16:19:19,1.363,173.0
2026-08-04,16:19:19,1.363,173.0
2026-08-04,16:19:19,1.363,173.0
2026-08-04,16:19:19,1.363,173.0
2026-08-04,16:19:20,1.363,173.0
2026-08-04,16:19:20,1.363,173.0
2026-08-04,16:19:20,1.363,173.0
2026-08-04,16:19:20,1.363,173.1
2026-08-04,16:19:20,1.363,173.1
2026-08-04,16:19:20,1.363,173.1
2026-08-04,16:19:21,1.363,173.0
2026-08-04,16:19:21,1.363,173.0
2026-08-04,16:19:21,1.363,173.0
2026-08-04,16:19:21,1.363,173.0
2026-08-04,16:19:21,1.362,173.0
2026-08-04,16:19:21,1.362,173.0
2026-08-04,16:19:22,1.362,173.0
2026-08-04,16:19:22,1.362,173.0
2026-08-04,16:19:22,1.362,173.0
2026-08-04,16:19:22,1.362,173.0
2026-08-04,16:19:22,1.362,173.0
2026-08-04,16:19:22,1.362,173.0
2026-08-04,16:19:22,1.362,173.0
2026-08-04,16:19:23,1.362,173.0
2026-08-04,16:19:23,1.362,173.0
2026-08-04,16:19:23,1.362,173.0
2026-08-04,16:19:23,1.362,173.0
2026-08-04,16:19:23,1.362,173.0
2026-08-04,16:19:23,1.362,173.0
2026-08-04,16:19:24,1.362,173.0
2026-08-04,16:19:24,1.363,173.0
2026-08-04,16:19:24,1.363,173.0
2026-08-04,16:19:24,1.363,173.0
2026-08-04,16:19:24,1.363,173.0
2026-08-04,16:19:24,1.363,173.0
2026-08-04,16:19:25,1.363,173.0
2026-08-04,16:19:25,1.363,173.0
2026-08-04,16:19:25,1.363,173.0
2026-08-04,16:19:25,1.363,173.0
2026-08-04,16:19:25,1.363,173.0
2026-08-04,16:19:25,1.363,173.0
2026-08-04,16:19:26,1.363,173.0
2026-08-04,16:19:26,1.363,173.0
2026-08-04,16:19:26,1.363,173.0
2026-08-04,16:19:26,1.363,173.0
2026-08-04,16:19:26,1.363,173.0
2026-08-04,16:19:26,1.362,173.0
2026-08-04,16:19:27,1.362,173.0
2026-08-04,16:19:27,1.362,173.0
2026-08-04,16:19:27,1.362,173.0
2026-08-04,16:19:27,1.362,173.0
2026-08-04,16:19:27,1.362,173.0
2026-08-04,16:19:27,1.362,173.0
2026-08-04,16:19:28,1.362,173.0
2026-08-04,16:19:28,1.362,173.0
2026-08-04,16:19:28,1.362,173.0
2026-08-04,16:19:28,1.362,173.0
2026-08-04,16:19:28,1.362,173.0
2026-08-04,16:19:28,1.362,173.0
2026-08-04,16:19:29,1.362,173.0
2026-08-04,16:19:29,1.362,173.0
2026-08-04,16:19:29,1.362,173.0
2026-08-04,16:19:29,1.362,173.0
2026-08-04,16:19:29,1.362,173.0
2026-08-04,16:19:29,1.362,173.0
2026-08-04,16:19:30,1.362,173.0
2026-08-04,16:19:30,1.362,173.0
2026-08-04,16:19:30,1.362,173.0
2026-08-04,16:19:30,1.362,173.0
2026-08-04,16:19:30,1.362,173.0
2026-08-04,16:19:30,1.362,173.0
2026-08-04,16:19:31,1.362,173.0
2026-08-04,16:19:31,1.362,173.0
2026-08-04,16:19:31,1.362,173.0
2026-08-04,16:19:31,1.362,173.0
2026-08-04,16:19:31,1.362,173.0
2026-08-04,16:19:31,1.362,173.0
2026-08-04,16:19:32,1.363,173.0
2026-08-04,16:19:32,1.363,173.0
2026-08-04,16:19:32,1.363,173.1
2026-08-04,16:19:32,1.363,173.1
2026-08-04,16:19:32,1.363,173.1
2026-08-04,16:19:32,1.363,173.1
2026-08-04,16:19:33,1.363,173.1
2026-08-04,16:19:33,1.363,173.1
2026-08-04,16:19:33,1.363,173.1
2026-08-04,16:19:33,1.363,173.1
2026-08-04,16:19:33,1.363,173.1
2026-08-04,16:19:33,1.363,173.1
2026-08-04,16:19:34,1.363,173.1
2026-08-04,16:19:34,1.363,173.1
2026-08-04,16:19:34,1.363,173.1
2026-08-04,16:19:34,1.363,173.1
2026-08-04,16:19:34,1.363,173.1
2026-08-04,16:19:34,1.363,173.1
2026-08-04,16:19:35,1.363,173.1
2026-08-04,16:19:35,1.363,173.1
2026-08-04,16:19:35,1.363,173.1
2026-08-04,16:19:35,1.363,173.1
2026-08-04,16:19:35,1.363,173.1
2026-08-04,16:19:35,1.363,173.1
2026-08-04,16:19:36,1.363,173.1
2026-08-04,16:19:36,1.363,173.1
2026-08-04,16:19:36,1.363,173.1
2026-08-04,16:19:36,1.363,173.1
2026-08-04,16:19:36,1.363,173.1
2026-08-04,16:19:36,1.363,173.1
2026-08-04,16:19:37,1.363,173.1
2026-08-04,16:19:37,1.363,173.1
2026-08-04,16:19:37,1.363,173.1
2026-08-04,16:19:37,1.363,173.1
2026-08-04,16:19:37,1.363,173.1
2026-08-04,16:19:37,1.363,173.1
2026-08-04,16:19:38,1.363,173.1
2026-08-04,16:19:38,1.363,173.1
2026-08-04,16:19:38,1.363,173.1
2026-08-04,16:19:38,1.363,173.1
2026-08-04,16:19:38,1.363,173.1
2026-08-04,16:19:38,1.363,173.1
2026-08-04,16:19:39,1.363,173.1
2026-08-04,16:19:39,1.363,173.1
2026-08-04,16:19:39,1.363,173.1
2026-08-04,16:19:39,1.363,173.1
2026-08-04,16:19:39,1.363,173.1
2026-08-04,16:19:39,1.363,173.1
2026-08-04,16:19:39,1.363,173.1
2026-08-04,16:19:40,1.363,173.1
2026-08-04,16:19:40,1.363,173.1
2026-08-04,16:19:40,1.363,173.1
2026-08-04,16:19:40,1.363,173.1
2026-08-04,16:19:40,1.363,173.1
2026-08-04,16:19:40,1.363,173.1
2026-08-04,16:19:41,1.363,173.1
2026-08-04,16:19:41,1.363,173.1
2026-08-04,16:19:41,1.363,173.1
2026-08-04,16:19:41,1.363,173.1
2026-08-04,16:19:41,1.363,173.1
2026-08-04,16:19:41,1.363,173.1
2026-08-04,16:19:42,1.363,173.0
2026-08-04,16:19:42,1.363,173.0
2026-08-04,16:19:42,1.363,173.0
2026-08-04,16:19:42,1.363,173.0
2026-08-04,16:19:42,1.363,173.0
2026-08-04,16:19:42,1.362,173.0
2026-08-04,16:19:43,1.362,173.0
2026-08-04,16:19:43,1.362,173.0
2026-08-04,16:19:43,1.362,173.0
2026-08-04,16:19:43,1.362,173.0
2026-08-04,16:19:43,1.362,173.0
2026-08-04,16:19:43,1.362,173.0
2026-08-04,16:19:44,1.362,173.0
2026-08-04,16:19:44,1.362,173.0
2026-08-04,16:19:44,1.362,173.0
2026-08-04,16:19:44,1.362,173.0
2026-08-04,16:19:44,1.362,173.0
2026-08-04,16:19:44,1.362,173.0
2026-08-04,16:19:45,1.362,173.0
2026-08-04,16:19:45,1.362,173.0
2026-08-04,16:19:45,1.362,173.0
2026-08-04,16:19:45,1.362,173.0
2026-08-04,16:19:45,1.362,173.0
2026-08-04,16:19:45,1.362,173.0
2026-08-04,16:19:46,1.362,173.0
2026-08-04,16:19:46,1.362,173.0
2026-08-04,16:19:46,1.362,173.0
2026-08-04,16:19:46,1.362,173.0
2026-08-04,16:19:46,1.362,173.0
2026-08-04,16:19:46,1.362,173.0
2026-08-04,16:19:47,1.362,173.0
2026-08-04,16:19:47,1.362,173.0
2026-08-04,16:19:47,1.362,173.0
2026-08-04,16:19:47,1.362,173.0
2026-08-04,16:19:47,1.362,173.0
2026-08-04,16:19:47,1.362,173.0
2026-08-04,16:19:48,1.362,173.0
2026-08-04,16:19:48,1.362,173.0
2026-08-04,16:19:48,1.362,173.0
2026-08-04,16:19:48,1.362,173.0
2026-08-04,16:19:48,1.362,173.0
2026-08-04,16:19:48,1.362,173.0
2026-08-04,16:19:49,1.362,173.0
2026-08-04,16:19:49,1.362,173.0
2026-08-04,16:19:49,1.362,173.0
2026-08-04,16:19:49,1.362,173.0
2026-08-04,16:19:49,1.362,173.0
2026-08-04,16:19:49,1.362,173.0
2026-08-04,16:19:50,1.362,173.0
2026-08-04,16:19:50,1.362,173.0
2026-08-04,16:19:50,1.362,173.0
2026-08-04,16:19:50,1.362,173.0
2026-08-04,16:19:50,1.362,173.0
2026-08-04,16:19:50,1.362,173.0
2026-08-04,16:19:51,1.362,173.0
2026-08-04,16:19:51,1.362,173.0
2026-08-04,16:19:51,1.362,173.0
2026-08-04,16:19:51,1.362,173.0
2026-08-04,16:19:51,1.362,173.0
2026-08-04,16:19:51,1.362,173.0
2026-08-04,16:19:52,1.362,173.0
2026-08-04,16:19:52,1.362,173.0
2026-08-04,16:19:52,1.362,173.0
2026-08-04,16:19:52,1.362,173.0
2026-08-04,16:19:52,1.362,173.0
2026-08-04,16:19:52,1.362,173.0
2026-08-04,16:19:53,1.362,173.0
2026-08-04,16:19:53,1.362,173.0
2026-08-04,16:19:53,1.362,173.0
2026-08-04,16:19:53,1.362,173.0
2026-08-04,16:19:53,1.362,173.0
2026-08-04,16:19:53,1.362,173.0
2026-08-04,16:19:54,1.362,173.0
2026-08-04,16:19:54,1.362,173.0
2026-08-04,16:19:54,1.362,173.0
2026-08-04,16:19:54,1.362,173.0
2026-08-04,16:19:54,1.362,173.0
2026-08-04,16:19:54,1.362,173.0
2026-08-04,16:19:55,1.362,173.0
2026-08-04,16:19:55,1.362,173.0
2026-08-04,16:19:55,1.362,173.0
2026-08-04,16:19:55,1.362,173.0
2026-08-04,16:19:55,1.362,173.0
2026-08-04,16:19:55,1.362,173.0
2026-08-04,16:19:55,1.362,173.0
2026-08-04,16:19:56,1.362,173.0
2026-08-04,16:19:56,1.362,173.0
2026-08-04,16:19:56,1.362,173.0
2026-08-04,16:19:56,1.362,173.0
2026-08-04,16:19:56,1.362,173.0
2026-08-04,16:19:56,1.362,173.0
2026-08-04,16:19:57,1.362,173.0
2026-08-04,16:19:57,1.362,173.0
2026-08-04,16:19:57,1.362,173.0
2026-08-04,16:19:57,1.362,173.0
2026-08-04,16:19:57,1.362,173.0
2026-08-04,16:19:57,1.362,173.0
2026-08-04,16:19:58,1.362,173.0
2026-08-04,16:19:58,1.362,173.0
2026-08-04,16:19:58,1.362,173.0
2026-08-04,16:19:58,1.362,173.0
2026-08-04,16:19:58,1.362,173.0
2026-08-04,16:19:58,1.362,173.0
2026-08-04,16:19:59,1.362,173.0
2026-08-04,16:19:59,1.362,173.0
2026-08-04,16:19:59,1.362,173.0
2026-08-04,16:19:59,1.362,173.0
2026-08-04,16:19:59,1.362,173.0
2026-08-04,16:19:59,1.362,173.0
2026-08-04,16:20:00,1.362,173.0
2026-08-04,16:20:00,1.362,173.0
2026-08-04,16:20:00,1.362,173.0
2026-08-04,16:20:00,1.362,173.0
2026-08-04,16:20:00,1.362,173.0
2026-08-04,16:20:00,1.362,173.0
2026-08-04,16:20:01,1.362,173.0
2026-08-04,16:20:01,1.362,173.0
2026-08-04,16:20:01,1.362,173.0
2026-08-04,16:20:01,1.362,173.0
2026-08-04,16:20:01,1.362,173.0
2026-08-04,16:20:01,1.362,173.0
2026-08-04,16:20:02,1.362,173.0
2026-08-04,16:20:02,1.362,173.0
2026-08-04,16:20:02,1.362,173.0
2026-08-04,16:20:02,1.362,173.0
2026-08-04,16:20:02,1.362,173.0
2026-08-04,16:20:02,1.362,173.0
2026-08-04,16:20:03,1.362,173.0
2026-08-04,16:20:03,1.362,173.0
2026-08-04,16:20:03,1.362,173.0
2026-08-04,16:20:03,1.362,173.0
2026-08-04,16:20:03,1.362,173.0
2026-08-04,16:20:03,1.362,173.0
2026-08-04,16:20:04,1.362,173.0
2026-08-04,16:20:04,1.362,173.0
2026-08-04,16:20:04,1.362,173.0
2026-08-04,16:20:04,1.362,173.0
2026-08-04,16:20:04,1.362,173.0
2026-08-04,16:20:04,1.362,173.0
2026-08-04,16:20:05,1.362,173.0
2026-08-04,16:20:05,1.362,173.0
2026-08-04,16:20:05,1.362,173.0
2026-08-04,16:20:05,1.362,173.0
2026-08-04,16:20:05,1.362,173.0
2026-08-04,16:20:05,1.362,173.0
2026-08-04,16:20:06,1.362,173.0
2026-08-04,16:20:06,1.362,173.0
2026-08-04,16:20:06,1.362,173.0
2026-08-04,16:20:06,1.362,173.0
2026-08-04,16:20:06,1.362,173.0
2026-08-04,16:20:06,1.362,173.0
2026-08-04,16:20:07,1.362,173.0
2026-08-04,16:20:07,1.362,173.0
2026-08-04,16:20:07,1.362,173.0
2026-08-04,16:20:07,1.362,173.0
2026-08-04,16:20:07,1.362,173.0
2026-08-04,16:20:07,1.362,173.0
2026-08-04,16:20:08,1.362,173.0
2026-08-04,16:20:08,1.362,173.0
2026-08-04,16:20:08,1.362,173.0
2026-08-04,16:20:08,1.362,173.0
2026-08-04,16:20:08,1.362,173.0
2026-08-04,16:20:08,1.362,173.0
2026-08-04,16:20:09,1.362,173.0
2026-08-04,16:20:09,1.362,173.0
2026-08-04,16:20:09,1.362,173.0
2026-08-04,16:20:09,1.362,173.0
2026-08-04,16:20:09,1.362,173.0
2026-08-04,16:20:09,1.362,173.0
2026-08-04,16:20:10,1.362,173.0
2026-08-04,16:20:10,1.362,173.0
2026-08-04,16:20:10,1.362,173.0
2026-08-04,16:20:10,1.362,173.0
2026-08-04,16:20:10,1.362,173.0
2026-08-04,16:20:10,1.362,173.0
2026-08-04,16:20:11,1.362,173.0
2026-08-04,16:20:11,1.362,173.0
2026-08-04,16:20:11,1.362,173.0
2026-08-04,16:20:11,1.362,173.0
2026-08-04,16:20:11,1.362,173.0
2026-08-04,16:20:11,1.362,173.0
2026-08-04,16:20:12,1.362,173.0
2026-08-04,16:20:12,1.362,173.0
2026-08-04,16:20:12,1.362,173.0
2026-08-04,16:20:12,1.362,173.0
2026-08-04,16:20:12,1.362,173.0
2026-08-04,16:20:12,1.362,173.0
2026-08-04,16:20:12,1.362,173.0
2026-08-04,16:20:13,1.362,173.0
2026-08-04,16:20:13,1.362,173.0
2026-08-04,16:20:13,1.362,173.0
2026-08-04,16:20:13,1.362,173.0
2026-08-04,16:20:13,1.362,173.0
2026-08-04,16:20:13,1.362,173.0
2026-08-04,16:20:14,1.362,173.0
2026-08-04,16:20:14,1.362,173.0
2026-08-04,16:20:14,1.362,173.0
2026-08-04,16:20:14,1.362,173.0
2026-08-04,16:20:14,1.362,173.0
2026-08-04,16:20:14,1.362,173.0
2026-08-04,16:20:15,1.362,173.0
2026-08-04,16:20:15,1.362,173.0
2026-08-04,16:20:15,1.362,173.0
2026-08-04,16:20:15,1.362,173.0
2026-08-04,16:20:15,1.362,173.0
2026-08-04,16:20:15,1.362,173.0
2026-08-04,16:20:16,1.362,173.0
2026-08-04,16:20:16,1.362,173.0
2026-08-04,16:20:16,1.363,173.0
2026-08-04,16:20:16,1.363,173.0
2026-08-04,16:20:16,1.363,173.0
2026-08-04,16:20:16,1.363,173.0
2026-08-04,16:20:17,1.363,173.0
2026-08-04,16:20:17,1.363,173.0
2026-08-04,16:20:17,1.362,173.0
2026-08-04,16:20:17,1.362,173.0
2026-08-04,16:20:17,1.362,173.0
2026-08-04,16:20:17,1.362,173.0
2026-08-04,16:20:18,1.362,173.0
2026-08-04,16:20:18,1.362,173.0
2026-08-04,16:20:18,1.362,173.0
2026-08-04,16:20:18,1.362,173.0
2026-08-04,16:20:18,1.362,173.0
2026-08-04,16:20:18,1.362,173.0
2026-08-04,16:20:19,1.362,173.0
2026-08-04,16:20:19,1.362,173.0
2026-08-04,16:20:19,1.362,173.0
2026-08-04,16:20:19,1.362,173.0
2026-08-04,16:20:19,1.362,173.0
2026-08-04,16:20:19,1.362,173.0
2026-08-04,16:20:20,1.362,173.0
2026-08-04,16:20:20,1.362,173.0
2026-08-04,16:20:20,1.362,173.0
2026-08-04,16:20:20,1.362,173.0
2026-08-04,16:20:20,1.362,173.0
2026-08-04,16:20:20,1.362,173.0
2026-08-04,16:20:21,1.362,173.0
2026-08-04,16:20:21,1.362,173.0
2026-08-04,16:20:21,1.362,173.0
2026-08-04,16:20:21,1.362,173.0
2026-08-04,16:20:21,1.362,173.0
2026-08-04,16:20:21,1.362,173.0
2026-08-04,16:20:22,1.362,173.0
2026-08-04,16:20:22,1.362,173.0
2026-08-04,16:20:22,1.362,173.0
2026-08-04,16:20:22,1.362,173.0
2026-08-04,16:20:22,1.362,173.0
2026-08-04,16:20:22,1.363,173.0
2026-08-04,16:20:23,1.363,173.0
2026-08-04,16:20:23,1.363,173.0
2026-08-04,16:20:23,1.363,173.0
2026-08-04,16:20:23,1.363,173.0
2026-08-04,16:20:23,1.363,173.0
2026-08-04,16:20:23,1.363,173.0
2026-08-04,16:20:24,1.363,173.1
2026-08-04,16:20:24,1.363,173.1
2026-08-04,16:20:24,1.363,173.1
2026-08-04,16:20:24,1.363,173.0
2026-08-04,16:20:24,1.363,173.0
2026-08-04,16:20:24,1.363,173.0
2026-08-04,16:20:25,1.363,173.0
2026-08-04,16:20:25,1.363,173.0
2026-08-04,16:20:25,1.363,173.0
2026-08-04,16:20:25,1.363,173.0
2026-08-04,16:20:25,1.363,173.0
2026-08-04,16:20:25,1.363,173.0
2026-08-04,16:20:26,1.363,173.0
2026-08-04,16:20:26,1.363,173.0
2026-08-04,16:20:26,1.363,173.1
2026-08-04,16:20:26,1.363,173.1
2026-08-04,16:20:26,1.363,173.1
2026-08-04,16:20:26,1.363,173.1
2026-08-04,16:20:27,1.363,173.1
2026-08-04,16:20:27,1.363,173.1
2026-08-04,16:20:27,1.363,173.1
2026-08-04,16:20:27,1.363,173.1
2026-08-04,16:20:27,1.363,173.0
2026-08-04,16:20:27,1.363,173.0
2026-08-04,16:20:28,1.363,173.0
2026-08-04,16:20:28,1.363,173.0
2026-08-04,16:20:28,1.363,173.0
2026-08-04,16:20:28,1.363,173.0
2026-08-04,16:20:28,1.363,173.0
2026-08-04,16:20:28,1.363,173.0
2026-08-04,16:20:28,1.362,173.0
2026-08-04,16:20:29,1.362,173.0
2026-08-04,16:20:29,1.362,173.0
2026-08-04,16:20:29,1.362,173.0
2026-08-04,16:20:29,1.362,173.0
2026-08-04,16:20:29,1.362,173.0
2026-08-04,16:20:29,1.362,173.0
2026-08-04,16:20:30,1.362,173.0
2026-08-04,16:20:30,1.362,173.0
2026-08-04,16:20:30,1.362,173.0
2026-08-04,16:20:30,1.362,173.0
2026-08-04,16:20:30,1.362,173.0
2026-08-04,16:20:30,1.362,173.0
2026-08-04,16:20:31,1.362,173.0
2026-08-04,16:20:31,1.362,173.0
2026-08-04,16:20:31,1.362,173.0
2026-08-04,16:20:31,1.362,173.0
2026-08-04,16:20:31,1.362,173.0
2026-08-04,16:20:31,1.362,173.0
2026-08-04,16:20:32,1.362,173.0
2026-08-04,16:20:32,1.362,173.0
2026-08-04,16:20:32,1.362,173.0
2026-08-04,16:20:32,1.362,173.0
2026-08-04,16:20:32,1.362,173.0
2026-08-04,16:20:32,1.362,173.0
2026-08-04,16:20:33,1.362,173.0
2026-08-04,16:20:33,1.362,173.0
2026-08-04,16:20:33,1.362,173.0
2026-08-04,16:20:33,1.362,173.0
2026-08-04,16:20:33,1.362,173.0
2026-08-04,16:20:33,1.362,173.0
2026-08-04,16:20:34,1.362,173.0
2026-08-04,16:20:34,1.362,173.0
2026-08-04,16:20:34,1.363,173.0
2026-08-04,16:20:34,1.362,173.0
2026-08-04,16:20:34,1.363,173.0
2026-08-04,16:20:34,1.363,173.0
2026-08-04,16:20:35,1.363,173.0
2026-08-04,16:20:35,1.363,173.0
2026-08-04,16:20:35,1.363,173.0
2026-08-04,16:20:35,1.363,173.0
2026-08-04,16:20:35,1.363,173.0
2026-08-04,16:20:35,1.363,173.0
2026-08-04,16:20:36,1.363,173.0
2026-08-04,16:20:36,1.363,173.0
2026-08-04,16:20:36,1.363,173.0
2026-08-04,16:20:36,1.363,173.0
2026-08-04,16:20:36,1.363,173.0
2026-08-04,16:20:36,1.363,173.0
2026-08-04,16:20:37,1.363,173.0
2026-08-04,16:20:37,1.363,173.0
2026-08-04,16:20:37,1.363,173.0
2026-08-04,16:20:37,1.363,173.0
2026-08-04,16:20:37,1.363,173.0
2026-08-04,16:20:37,1.363,173.0
2026-08-04,16:20:38,1.363,173.1
2026-08-04,16:20:38,1.363,173.1
2026-08-04,16:20:38,1.363,173.1
2026-08-04,16:20:38,1.363,173.1
2026-08-04,16:20:38,1.363,173.1
2026-08-04,16:20:38,1.363,173.1
2026-08-04,16:20:39,1.363,173.1
2026-08-04,16:20:39,1.363,173.1
2026-08-04,16:20:39,1.363,173.1
2026-08-04,16:20:39,1.363,173.1
2026-08-04,16:20:39,1.363,173.1
2026-08-04,16:20:39,1.363,173.1
2026-08-04,16:20:40,1.363,173.1
2026-08-04,16:20:40,1.363,173.1
2026-08-04,16:20:40,1.363,173.1
2026-08-04,16:20:40,1.363,173.1
2026-08-04,16:20:40,1.363,173.1
2026-08-04,16:20:40,1.363,173.1
2026-08-04,16:20:41,1.363,173.1
2026-08-04,16:20:41,1.363,173.1
2026-08-04,16:20:41,1.363,173.1
2026-08-04,16:20:41,1.363,173.1
2026-08-04,16:20:41,1.363,173.1
2026-08-04,16:20:41,1.363,173.1
2026-08-04,16:20:42,1.363,173.1
2026-08-04,16:20:42,1.363,173.1
2026-08-04,16:20:42,1.363,173.1
2026-08-04,16:20:42,1.363,173.1
2026-08-04,16:20:42,1.363,173.1
2026-08-04,16:20:42,1.363,173.1
2026-08-04,16:20:43,1.363,173.1
2026-08-04,16:20:43,1.363,173.1
2026-08-04,16:20:43,1.363,173.1
2026-08-04,16:20:43,1.363,173.1
2026-08-04,16:20:43,1.363,173.1
2026-08-04,16:20:43,1.363,173.1
2026-08-04,16:20:44,1.363,173.1
2026-08-04,16:20:44,1.363,173.1
2026-08-04,16:20:44,1.363,173.1
2026-08-04,16:20:44,1.363,173.1
2026-08-04,16:20:44,1.363,173.1
2026-08-04,16:20:44,1.363,173.1
2026-08-04,16:20:45,1.363,173.1
2026-08-04,16:20:45,1.363,173.1
2026-08-04,16:20:45,1.363,173.1
2026-08-04,16:20:45,1.363,173.1
2026-08-04,16:20:45,1.363,173.1
2026-08-04,16:20:45,1.363,173.1
2026-08-04,16:20:45,1.363,173.1
2026-08-04,16:20:46,1.363,173.1
2026-08-04,16:20:46,1.363,173.1
2026-08-04,16:20:46,1.363,173.1
2026-08-04,16:20:46,1.363,173.1
2026-08-04,16:20:46,1.363,173.1
2026-08-04,16:20:46,1.363,173.1
2026-08-04,16:20:47,1.363,173.1
2026-08-04,16:20:47,1.363,173.1
2026-08-04,16:20:47,1.363,173.1
2026-08-04,16:20:47,1.363,173.1
2026-08-04,16:20:47,1.363,173.1
2026-08-04,16:20:47,1.363,173.1
2026-08-04,16:20:48,1.363,173.1
2026-08-04,16:20:48,1.363,173.1
2026-08-04,16:20:48,1.363,173.1
2026-08-04,16:20:48,1.363,173.1
2026-08-04,16:20:48,1.363,173.1
2026-08-04,16:20:48,1.363,173.1
2026-08-04,16:20:49,1.363,173.1
2026-08-04,16:20:49,1.363,173.1
2026-08-04,16:20:49,1.363,173.1
2026-08-04,16:20:49,1.363,173.1
2026-08-04,16:20:49,1.363,173.1
2026-08-04,16:20:49,1.363,173.1
2026-08-04,16:20:50,1.363,173.1
2026-08-04,16:20:50,1.363,173.1
2026-08-04,16:20:50,1.363,173.1
2026-08-04,16:20:50,1.363,173.1
2026-08-04,16:20:50,1.363,173.1
2026-08-04,16:20:50,1.363,173.1
2026-08-04,16:20:51,1.363,173.1
2026-08-04,16:20:51,1.363,173.1
2026-08-04,16:20:51,1.363,173.1
2026-08-04,16:20:51,1.363,173.1
2026-08-04,16:20:51,1.363,173.1
2026-08-04,16:20:51,1.363,173.1
2026-08-04,16:20:52,1.363,173.1
2026-08-04,16:20:52,1.363,173.1
2026-08-04,16:20:52,1.363,173.1
2026-08-04,16:20:52,1.363,173.1
2026-08-04,16:20:52,1.363,173.1
2026-08-04,16:20:52,1.363,173.1
2026-08-04,16:20:53,1.363,173.1
2026-08-04,16:20:53,1.363,173.1
2026-08-04,16:20:53,1.363,173.1
2026-08-04,16:20:53,1.363,173.1
2026-08-04,16:20:53,1.363,173.1
2026-08-04,16:20:53,1.363,173.1
2026-08-04,16:20:54,1.363,173.1
2026-08-04,16:20:54,1.363,173.1
2026-08-04,16:20:54,1.363,173.1
2026-08-04,16:20:54,1.363,173.1
2026-08-04,16:20:54,1.363,173.1
2026-08-04,16:20:54,1.363,173.1
2026-08-04,16:20:55,1.363,173.1
2026-08-04,16:20:55,1.363,173.1
2026-08-04,16:20:55,1.363,173.1
2026-08-04,16:20:55,1.363,173.1
2026-08-04,16:20:55,1.363,173.1
2026-08-04,16:20:55,1.363,173.1
2026-08-04,16:20:56,1.363,173.1
2026-08-04,16:20:56,1.363,173.1
2026-08-04,16:20:56,1.363,173.1
2026-08-04,16:20:56,1.363,173.1
2026-08-04,16:20:56,1.363,173.1
2026-08-04,16:20:56,1.363,173.1
2026-08-04,16:20:57,1.363,173.1
2026-08-04,16:20:57,1.363,173.1
2026-08-04,16:20:57,1.363,173.1
2026-08-04,16:20:57,1.363,173.1
2026-08-04,16:20:57,1.363,173.1
2026-08-04,16:20:57,1.363,173.1
2026-08-04,16:20:58,1.363,173.1
2026-08-04,16:20:58,1.363,173.1
2026-08-04,16:20:58,1.363,173.1
2026-08-04,16:20:58,1.363,173.1
2026-08-04,16:20:58,1.363,173.1
2026-08-04,16:20:58,1.363,173.1
2026-08-04,16:20:59,1.363,173.1
2026-08-04,16:20:59,1.363,173.1
2026-08-04,16:20:59,1.363,173.1
2026-08-04,16:20:59,1.363,173.1
2026-08-04,16:20:59,1.363,173.1
2026-08-04,16:20:59,1.363,173.1
2026-08-04,16:21:00,1.363,173.1
2026-08-04,16:21:00,1.363,173.0
2026-08-04,16:21:00,1.363,173.0
2026-08-04,16:21:00,1.363,173.0
2026-08-04,16:21:00,1.363,173.0
2026-08-04,16:21:00,1.363,173.0
2026-08-04,16:21:01,1.363,173.0
2026-08-04,16:21:01,1.363,173.0
2026-08-04,16:21:01,1.362,173.0
2026-08-04,16:21:01,1.363,173.0
2026-08-04,16:21:01,1.362,173.0
2026-08-04,16:21:01,1.363,173.0
2026-08-04,16:21:01,1.363,173.0
2026-08-04,16:21:02,1.363,173.0
2026-08-04,16:21:02,1.363,173.0
2026-08-04,16:21:02,1.363,173.0
2026-08-04,16:21:02,1.363,173.0
2026-08-04,16:21:02,1.363,173.0
2026-08-04,16:21:02,1.363,173.0
2026-08-04,16:21:03,1.362,173.0
2026-08-04,16:21:03,1.362,173.0
2026-08-04,16:21:03,1.362,173.0
2026-08-04,16:21:03,1.362,173.0
2026-08-04,16:21:03,1.362,173.0
2026-08-04,16:21:03,1.362,173.0
2026-08-04,16:21:04,1.362,173.0
2026-08-04,16:21:04,1.362,173.0
2026-08-04,16:21:04,1.362,173.0
2026-08-04,16:21:04,1.362,173.0
2026-08-04,16:21:04,1.362,173.0
2026-08-04,16:21:04,1.362,173.0
2026-08-04,16:21:05,1.362,173.0
2026-08-04,16:21:05,1.362,173.0
2026-08-04,16:21:05,1.362,173.0
2026-08-04,16:21:05,1.363,173.0
2026-08-04,16:21:05,1.363,173.0
2026-08-04,16:21:05,1.363,173.0
2026-08-04,16:21:06,1.363,173.0
2026-08-04,16:21:06,1.363,173.1
2026-08-04,16:21:06,1.363,173.1
2026-08-04,16:21:06,1.363,173.1
2026-08-04,16:21:06,1.363,173.1
2026-08-04,16:21:06,1.363,173.1
2026-08-04,16:21:07,1.363,173.1
2026-08-04,16:21:07,1.363,173.1
2026-08-04,16:21:07,1.363,173.1
2026-08-04,16:21:07,1.363,173.1
2026-08-04,16:21:07,1.363,173.1
2026-08-04,16:21:07,1.363,173.1
2026-08-04,16:21:08,1.363,173.1
2026-08-04,16:21:08,1.363,173.1
2026-08-04,16:21:08,1.363,173.1
2026-08-04,16:21:08,1.363,173.1
2026-08-04,16:21:08,1.363,173.1
2026-08-04,16:21:08,1.363,173.1
2026-08-04,16:21:09,1.363,173.1
2026-08-04,16:21:09,1.363,173.1
2026-08-04,16:21:09,1.363,173.1
2026-08-04,16:21:09,1.363,173.1
2026-08-04,16:21:09,1.363,173.1
2026-08-04,16:21:09,1.363,173.1
2026-08-04,16:21:10,1.363,173.1
2026-08-04,16:21:10,1.363,173.1
2026-08-04,16:21:10,1.363,173.0
2026-08-04,16:21:10,1.363,173.0
2026-08-04,16:21:10,1.363,173.0
2026-08-04,16:21:10,1.363,173.0
2026-08-04,16:21:11,1.363,173.0
2026-08-04,16:21:11,1.363,173.0
2026-08-04,16:21:11,1.363,173.0
2026-08-04,16:21:11,1.362,173.0
2026-08-04,16:21:11,1.362,173.0
2026-08-04,16:21:11,1.362,173.0
2026-08-04,16:21:12,1.362,173.0
2026-08-04,16:21:12,1.362,173.0
2026-08-04,16:21:12,1.362,173.0
2026-08-04,16:21:12,1.362,173.0
2026-08-04,16:21:12,1.362,173.0
2026-08-04,16:21:12,1.362,173.0
2026-08-04,16:21:13,1.362,173.0
2026-08-04,16:21:13,1.362,173.0
2026-08-04,16:21:13,1.362,173.0
2026-08-04,16:21:13,1.362,173.0
2026-08-04,16:21:13,1.362,173.0
2026-08-04,16:21:13,1.362,173.0
2026-08-04,16:21:14,1.362,173.0
2026-08-04,16:21:14,1.363,173.0
2026-08-04,16:21:14,1.363,173.0
2026-08-04,16:21:14,1.363,173.0
2026-08-04,16:21:14,1.363,173.0
2026-08-04,16:21:14,1.363,173.0
2026-08-04,16:21:15,1.363,173.0
2026-08-04,16:21:15,1.363,173.0
2026-08-04,16:21:15,1.363,173.0
2026-08-04,16:21:15,1.363,173.0
2026-08-04,16:21:15,1.363,173.0
2026-08-04,16:21:15,1.363,173.0
2026-08-04,16:21:16,1.363,173.0
2026-08-04,16:21:16,1.363,173.0
2026-08-04,16:21:16,1.363,173.0
2026-08-04,16:21:16,1.363,173.0
2026-08-04,16:21:16,1.363,173.1
2026-08-04,16:21:16,1.363,173.1
2026-08-04,16:21:17,1.363,173.1
2026-08-04,16:21:17,1.363,173.1
2026-08-04,16:21:17,1.363,173.1
2026-08-04,16:21:17,1.363,173.1
2026-08-04,16:21:17,1.363,173.1
2026-08-04,16:21:17,1.363,173.1
2026-08-04,16:21:18,1.363,173.1
2026-08-04,16:21:18,1.363,173.1
2026-08-04,16:21:18,1.363,173.1
2026-08-04,16:21:18,1.363,173.1
2026-08-04,16:21:18,1.363,173.1
2026-08-04,16:21:18,1.363,173.1
2026-08-04,16:21:18,1.363,173.1
2026-08-04,16:21:19,1.363,173.1
2026-08-04,16:21:19,1.363,173.1
2026-08-04,16:21:19,1.363,173.1
2026-08-04,16:21:19,1.363,173.1
2026-08-04,16:21:19,1.363,173.1
2026-08-04,16:21:19,1.363,173.1
2026-08-04,16:21:20,1.363,173.1
2026-08-04,16:21:20,1.363,173.1
2026-08-04,16:21:20,1.363,173.1
2026-08-04,16:21:20,1.363,173.1
2026-08-04,16:21:20,1.363,173.1
2026-08-04,16:21:20,1.363,173.1
2026-08-04,16:21:21,1.363,173.1
2026-08-04,16:21:21,1.363,173.0
2026-08-04,16:21:21,1.363,173.0
2026-08-04,16:21:21,1.363,173.0
2026-08-04,16:21:21,1.363,173.0
2026-08-04,16:21:21,1.363,173.0
2026-08-04,16:21:22,1.363,173.0
2026-08-04,16:21:22,1.363,173.0
2026-08-04,16:21:22,1.363,173.0
2026-08-04,16:21:22,1.363,173.0
2026-08-04,16:21:22,1.363,173.0
2026-08-04,16:21:22,1.363,173.0
2026-08-04,16:21:23,1.363,173.0
2026-08-04,16:21:23,1.363,173.0
2026-08-04,16:21:23,1.363,173.0
2026-08-04,16:21:23,1.363,173.0
2026-08-04,16:21:23,1.363,173.1
2026-08-04,16:21:23,1.363,173.1
2026-08-04,16:21:24,1.363,173.1
2026-08-04,16:21:24,1.363,173.1
2026-08-04,16:21:24,1.363,173.1
2026-08-04,16:21:24,1.363,173.1
2026-08-04,16:21:24,1.363,173.1
2026-08-04,16:21:24,1.363,173.1
2026-08-04,16:21:25,1.363,173.1
2026-08-04,16:21:25,1.363,173.1
2026-08-04,16:21:25,1.363,173.1
2026-08-04,16:21:25,1.363,173.1
2026-08-04,16:21:25,1.363,173.1
2026-08-04,16:21:25,1.363,173.1
2026-08-04,16:21:26,1.363,173.1
2026-08-04,16:21:26,1.363,173.1
2026-08-04,16:21:26,1.363,173.1
2026-08-04,16:21:26,1.363,173.1
2026-08-04,16:21:26,1.363,173.1
2026-08-04,16:21:26,1.363,173.1
2026-08-04,16:21:27,1.363,173.1
2026-08-04,16:21:27,1.363,173.1
2026-08-04,16:21:27,1.363,173.1
2026-08-04,16:21:27,1.363,173.1
2026-08-04,16:21:27,1.363,173.1
2026-08-04,16:21:27,1.363,173.1
2026-08-04,16:21:28,1.363,173.1
2026-08-04,16:21:28,1.363,173.1
2026-08-04,16:21:28,1.363,173.0
2026-08-04,16:21:28,1.363,173.0
2026-08-04,16:21:28,1.363,173.0
2026-08-04,16:21:28,1.363,173.0
2026-08-04,16:21:29,1.363,173.0
2026-08-04,16:21:29,1.362,173.0
2026-08-04,16:21:29,1.362,173.0
2026-08-04,16:21:29,1.362,173.0
2026-08-04,16:21:29,1.362,173.0
2026-08-04,16:21:29,1.362,173.0
2026-08-04,16:21:30,1.362,173.0
2026-08-04,16:21:30,1.362,173.0
2026-08-04,16:21:30,1.362,173.0
2026-08-04,16:21:30,1.362,173.0
2026-08-04,16:21:30,1.362,173.0
2026-08-04,16:21:30,1.362,173.0
2026-08-04,16:21:31,1.362,173.0
2026-08-04,16:21:31,1.362,173.0
2026-08-04,16:21:31,1.362,173.0
2026-08-04,16:21:31,1.362,173.0
2026-08-04,16:21:31,1.362,173.0
2026-08-04,16:21:31,1.362,173.0
2026-08-04,16:21:32,1.362,173.0
2026-08-04,16:21:32,1.362,173.0
2026-08-04,16:21:32,1.362,173.0
2026-08-04,16:21:32,1.362,173.0
2026-08-04,16:21:32,1.362,173.0
2026-08-04,16:21:32,1.362,173.0
2026-08-04,16:21:33,1.362,173.0
2026-08-04,16:21:33,1.362,173.0
2026-08-04,16:21:33,1.362,173.0
2026-08-04,16:21:33,1.362,173.0
2026-08-04,16:21:33,1.362,173.0
2026-08-04,16:21:33,1.362,173.0
2026-08-04,16:21:34,1.362,173.0
2026-08-04,16:21:34,1.362,173.0
2026-08-04,16:21:34,1.362,173.0
2026-08-04,16:21:34,1.362,173.0
2026-08-04,16:21:34,1.362,173.0
2026-08-04,16:21:34,1.362,173.0
2026-08-04,16:21:34,1.362,173.0
2026-08-04,16:21:35,1.362,173.0
2026-08-04,16:21:35,1.362,173.0
2026-08-04,16:21:35,1.362,173.0
2026-08-04,16:21:35,1.362,173.0
2026-08-04,16:21:35,1.362,173.0
2026-08-04,16:21:35,1.362,173.0
2026-08-04,16:21:36,1.362,173.0
2026-08-04,16:21:36,1.362,173.0
2026-08-04,16:21:36,1.363,173.0
2026-08-04,16:21:36,1.363,173.0
2026-08-04,16:21:36,1.363,173.0
2026-08-04,16:21:36,1.363,173.0
2026-08-04,16:21:37,1.363,173.1
2026-08-04,16:21:37,1.363,173.1
2026-08-04,16:21:37,1.363,173.1
2026-08-04,16:21:37,1.363,173.1
2026-08-04,16:21:37,1.363,173.1
2026-08-04,16:21:37,1.363,173.1
2026-08-04,16:21:38,1.363,173.1
2026-08-04,16:21:38,1.363,173.1
2026-08-04,16:21:38,1.363,173.1
2026-08-04,16:21:38,1.363,173.1
2026-08-04,16:21:38,1.363,173.1
2026-08-04,16:21:38,1.363,173.1
2026-08-04,16:21:39,1.363,173.1
2026-08-04,16:21:39,1.363,173.1
2026-08-04,16:21:39,1.363,173.1
2026-08-04,16:21:39,1.363,173.1
2026-08-04,16:21:39,1.363,173.1
2026-08-04,16:21:39,1.363,173.1
2026-08-04,16:21:40,1.363,173.1
2026-08-04,16:21:40,1.363,173.1
2026-08-04,16:21:40,1.363,173.1
2026-08-04,16:21:40,1.363,173.1
2026-08-04,16:21:40,1.363,173.1
2026-08-04,16:21:40,1.363,173.1
2026-08-04,16:21:41,1.363,173.1
2026-08-04,16:21:41,1.363,173.1
2026-08-04,16:21:41,1.363,173.1
2026-08-04,16:21:41,1.363,173.1
2026-08-04,16:21:41,1.363,173.1
2026-08-04,16:21:41,1.363,173.1
2026-08-04,16:21:42,1.363,173.1
2026-08-04,16:21:42,1.363,173.1
2026-08-04,16:21:42,1.363,173.1
2026-08-04,16:21:42,1.363,173.1
2026-08-04,16:21:42,1.363,173.1
2026-08-04,16:21:42,1.363,173.1
2026-08-04,16:21:43,1.363,173.1
2026-08-04,16:21:43,1.363,173.1
2026-08-04,16:21:43,1.363,173.1
2026-08-04,16:21:43,1.363,173.1
2026-08-04,16:21:43,1.363,173.1
2026-08-04,16:21:43,1.363,173.1
2026-08-04,16:21:44,1.363,173.1
2026-08-04,16:21:44,1.363,173.1
2026-08-04,16:21:44,1.363,173.1
2026-08-04,16:21:44,1.363,173.1
2026-08-04,16:21:44,1.363,173.1
2026-08-04,16:21:44,1.363,173.1
2026-08-04,16:21:45,1.363,173.1
2026-08-04,16:21:45,1.363,173.1
2026-08-04,16:21:45,1.363,173.1
2026-08-04,16:21:45,1.363,173.1
2026-08-04,16:21:45,1.363,173.1
2026-08-04,16:21:45,1.363,173.1
2026-08-04,16:21:46,1.363,173.1
2026-08-04,16:21:46,1.363,173.1
2026-08-04,16:21:46,1.363,173.0
2026-08-04,16:21:46,1.363,173.0
2026-08-04,16:21:46,1.363,173.0
2026-08-04,16:21:46,1.363,173.0
2026-08-04,16:21:47,1.363,173.0
2026-08-04,16:21:47,1.363,173.0
2026-08-04,16:21:47,1.363,173.0
2026-08-04,16:21:47,1.363,173.0
2026-08-04,16:21:47,1.363,173.0
2026-08-04,16:21:47,1.362,173.0
2026-08-04,16:21:48,1.363,173.0
2026-08-04,16:21:48,1.363,173.0
2026-08-04,16:21:48,1.363,173.0
2026-08-04,16:21:48,1.363,173.0
2026-08-04,16:21:48,1.363,173.0
2026-08-04,16:21:48,1.363,173.0
2026-08-04,16:21:49,1.363,173.0
2026-08-04,16:21:49,1.363,173.0
2026-08-04,16:21:49,1.363,173.0
2026-08-04,16:21:49,1.363,173.0
2026-08-04,16:21:49,1.363,173.0
2026-08-04,16:21:49,1.363,173.0
2026-08-04,16:21:50,1.363,173.0
2026-08-04,16:21:50,1.363,173.0
2026-08-04,16:21:50,1.363,173.0
2026-08-04,16:21:50,1.363,173.0
2026-08-04,16:21:50,1.363,173.0
2026-08-04,16:21:50,1.363,173.0
2026-08-04,16:21:51,1.363,173.0
2026-08-04,16:21:51,1.362,173.0
2026-08-04,16:21:51,1.362,173.0
2026-08-04,16:21:51,1.362,173.0
2026-08-04,16:21:51,1.362,173.0
2026-08-04,16:21:51,1.362,173.0
2026-08-04,16:21:51,1.362,173.0
2026-08-04,16:21:52,1.362,173.0
2026-08-04,16:21:52,1.362,173.0
2026-08-04,16:21:52,1.362,173.0
2026-08-04,16:21:52,1.362,173.0
2026-08-04,16:21:52,1.362,173.0
2026-08-04,16:21:52,1.363,173.0
2026-08-04,16:21:53,1.363,173.0
2026-08-04,16:21:53,1.363,173.0
2026-08-04,16:21:53,1.363,173.0
2026-08-04,16:21:53,1.363,173.0
2026-08-04,16:21:53,1.363,173.0
2026-08-04,16:21:53,1.363,173.0
2026-08-04,16:21:54,1.363,173.0
2026-08-04,16:21:54,1.363,173.0
2026-08-04,16:21:54,1.363,173.0
2026-08-04,16:21:54,1.363,173.0
2026-08-04,16:21:54,1.363,173.1
2026-08-04,16:21:54,1.363,173.1
2026-08-04,16:21:55,1.363,173.1
2026-08-04,16:21:55,1.363,173.1
2026-08-04,16:21:55,1.363,173.1
2026-08-04,16:21:55,1.363,173.1
2026-08-04,16:21:55,1.363,173.1
2026-08-04,16:21:55,1.363,173.1
2026-08-04,16:21:56,1.363,173.1
2026-08-04,16:21:56,1.363,173.1
2026-08-04,16:21:56,1.363,173.1
2026-08-04,16:21:56,1.363,173.1
2026-08-04,16:21:56,1.363,173.1
2026-08-04,16:21:56,1.363,173.1
2026-08-04,16:21:57,1.363,173.1
2026-08-04,16:21:57,1.363,173.1
2026-08-04,16:21:57,1.363,173.1
2026-08-04,16:21:57,1.363,173.1
2026-08-04,16:21:57,1.363,173.1
2026-08-04,16:21:57,1.363,173.1
2026-08-04,16:21:58,1.363,173.1
2026-08-04,16:21:58,1.363,173.1
2026-08-04,16:21:58,1.363,173.1
2026-08-04,16:21:58,1.363,173.1
2026-08-04,16:21:58,1.363,173.1
2026-08-04,16:21:58,1.363,173.1
2026-08-04,16:21:59,1.363,173.1
2026-08-04,16:21:59,1.363,173.1
2026-08-04,16:21:59,1.363,173.1
2026-08-04,16:21:59,1.363,173.1
2026-08-04,16:21:59,1.363,173.1
2026-08-04,16:21:59,1.363,173.1
2026-08-04,16:22:00,1.363,173.1
2026-08-04,16:22:00,1.363,173.1
2026-08-04,16:22:00,1.363,173.1
2026-08-04,16:22:00,1.363,173.1
2026-08-04,16:22:00,1.363,173.1
2026-08-04,16:22:00,1.363,173.1
2026-08-04,16:22:01,1.363,173.1
2026-08-04,16:22:01,1.363,173.1
2026-08-04,16:22:01,1.363,173.1
2026-08-04,16:22:01,1.363,173.1
2026-08-04,16:22:01,1.363,173.1
2026-08-04,16:22:01,1.363,173.1
2026-08-04,16:22:02,1.363,173.1
2026-08-04,16:22:02,1.363,173.1
2026-08-04,16:22:02,1.363,173.1
2026-08-04,16:22:02,1.363,173.1
2026-08-04,16:22:02,1.363,173.1
2026-08-04,16:22:02,1.363,173.1
2026-08-04,16:22:03,1.363,173.1
2026-08-04,16:22:03,1.363,173.1
2026-08-04,16:22:03,1.363,173.1
2026-08-04,16:22:03,1.363,173.1
2026-08-04,16:22:03,1.363,173.1
2026-08-04,16:22:03,1.363,173.1
2026-08-04,16:22:04,1.363,173.1
2026-08-04,16:22:04,1.363,173.1
2026-08-04,16:22:04,1.363,173.1
2026-08-04,16:22:04,1.363,173.1
2026-08-04,16:22:04,1.363,173.1
2026-08-04,16:22:04,1.363,173.1
2026-08-04,16:22:05,1.363,173.1
2026-08-04,16:22:05,1.363,173.1
2026-08-04,16:22:05,1.363,173.1
2026-08-04,16:22:05,1.363,173.1
2026-08-04,16:22:05,1.363,173.1
2026-08-04,16:22:05,1.363,173.1
2026-08-04,16:22:06,1.363,173.1
2026-08-04,16:22:06,1.363,173.1
2026-08-04,16:22:06,1.363,173.1
2026-08-04,16:22:06,1.363,173.1
2026-08-04,16:22:06,1.363,173.1
2026-08-04,16:22:06,1.363,173.1
2026-08-04,16:22:07,1.363,173.1
2026-08-04,16:22:07,1.363,173.1
2026-08-04,16:22:07,1.363,173.1
2026-08-04,16:22:07,1.363,173.1
2026-08-04,16:22:07,1.363,173.1
2026-08-04,16:22:07,1.363,173.1
2026-08-04,16:22:07,1.363,173.1
2026-08-04,16:22:08,1.363,173.1
2026-08-04,16:22:08,1.363,173.1
2026-08-04,16:22:08,1.363,173.1
2026-08-04,16:22:08,1.363,173.1
2026-08-04,16:22:08,1.363,173.1
2026-08-04,16:22:08,1.363,173.1
2026-08-04,16:22:09,1.363,173.1
2026-08-04,16:22:09,1.363,173.1
2026-08-04,16:22:09,1.363,173.1
2026-08-04,16:22:09,1.363,173.1
2026-08-04,16:22:09,1.363,173.1
2026-08-04,16:22:09,1.363,173.1
2026-08-04,16:22:10,1.363,173.1
2026-08-04,16:22:10,1.363,173.1
2026-08-04,16:22:10,1.363,173.1
2026-08-04,16:22:10,1.363,173.1
2026-08-04,16:22:10,1.363,173.1
2026-08-04,16:22:10,1.363,173.1
2026-08-04,16:22:11,1.363,173.1
2026-08-04,16:22:11,1.363,173.1
2026-08-04,16:22:11,1.363,173.1
2026-08-04,16:22:11,1.363,173.1
2026-08-04,16:22:11,1.363,173.1
2026-08-04,16:22:11,1.363,173.1
2026-08-04,16:22:12,1.363,173.1
2026-08-04,16:22:12,1.363,173.1
2026-08-04,16:22:12,1.363,173.1
2026-08-04,16:22:12,1.363,173.1
2026-08-04,16:22:12,1.363,173.1
2026-08-04,16:22:12,1.363,173.1
2026-08-04,16:22:13,1.363,173.1
2026-08-04,16:22:13,1.363,173.1
2026-08-04,16:22:13,1.363,173.1
2026-08-04,16:22:13,1.363,173.1
2026-08-04,16:22:13,1.363,173.1
2026-08-04,16:22:13,1.363,173.1
2026-08-04,16:22:14,1.363,173.1
2026-08-04,16:22:14,1.363,173.1
2026-08-04,16:22:14,1.363,173.1
2026-08-04,16:22:14,1.363,173.1
2026-08-04,16:22:14,1.363,173.1
2026-08-04,16:22:14,1.363,173.1
2026-08-04,16:22:15,1.363,173.1
2026-08-04,16:22:15,1.363,173.1
2026-08-04,16:22:15,1.363,173.1
2026-08-04,16:22:15,1.363,173.1
2026-08-04,16:22:15,1.363,173.1
2026-08-04,16:22:15,1.363,173.1
2026-08-04,16:22:16,1.363,173.1
2026-08-04,16:22:16,1.363,173.1
2026-08-04,16:22:16,1.363,173.1
2026-08-04,16:22:16,1.363,173.1
2026-08-04,16:22:16,1.363,173.1
2026-08-04,16:22:16,1.363,173.1
2026-08-04,16:22:17,1.363,173.1
2026-08-04,16:22:17,1.363,173.1
2026-08-04,16:22:17,1.363,173.1
2026-08-04,16:22:17,1.363,173.1
2026-08-04,16:22:17,1.363,173.1
2026-08-04,16:22:17,1.363,173.1
2026-08-04,16:22:18,1.363,173.1
2026-08-04,16:22:18,1.363,173.1
2026-08-04,16:22:18,1.363,173.1
2026-08-04,16:22:18,1.363,173.1
2026-08-04,16:22:18,1.363,173.1
2026-08-04,16:22:18,1.363,173.1
2026-08-04,16:22:19,1.363,173.1
2026-08-04,16:22:19,1.363,173.1
2026-08-04,16:22:19,1.363,173.1
2026-08-04,16:22:19,1.363,173.1
2026-08-04,16:22:19,1.363,173.1
2026-08-04,16:22:19,1.363,173.1
2026-08-04,16:22:20,1.363,173.1
2026-08-04,16:22:20,1.363,173.1
2026-08-04,16:22:20,1.363,173.1
2026-08-04,16:22:20,1.363,173.1
2026-08-04,16:22:20,1.363,173.1
2026-08-04,16:22:20,1.363,173.1
2026-08-04,16:22:21,1.363,173.1
2026-08-04,16:22:21,1.363,173.1
2026-08-04,16:22:21,1.363,173.1
2026-08-04,16:22:21,1.363,173.1
2026-08-04,16:22:21,1.363,173.1
2026-08-04,16:22:21,1.363,173.1
2026-08-04,16:22:22,1.363,173.1
2026-08-04,16:22:22,1.363,173.1
2026-08-04,16:22:22,1.363,173.1
2026-08-04,16:22:22,1.363,173.1
2026-08-04,16:22:22,1.363,173.1
2026-08-04,16:22:22,1.363,173.1
2026-08-04,16:22:23,1.363,173.1
2026-08-04,16:22:23,1.363,173.1
2026-08-04,16:22:23,1.363,173.1
2026-08-04,16:22:23,1.363,173.1
2026-08-04,16:22:23,1.363,173.1
2026-08-04,16:22:23,1.363,173.1
2026-08-04,16:22:24,1.363,173.1
2026-08-04,16:22:24,1.363,173.1
2026-08-04,16:22:24,1.363,173.1
2026-08-04,16:22:24,1.363,173.1
2026-08-04,16:22:24,1.363,173.1
2026-08-04,16:22:24,1.363,173.1
2026-08-04,16:22:24,1.363,173.1
2026-08-04,16:22:25,1.363,173.1
2026-08-04,16:22:25,1.363,173.1
2026-08-04,16:22:25,1.363,173.1
2026-08-04,16:22:25,1.363,173.1
2026-08-04,16:22:25,1.363,173.1
2026-08-04,16:22:25,1.363,173.1
2026-08-04,16:22:26,1.363,173.1
2026-08-04,16:22:26,1.363,173.1
2026-08-04,16:22:26,1.363,173.1
2026-08-04,16:22:26,1.363,173.1
2026-08-04,16:22:26,1.363,173.1
2026-08-04,16:22:26,1.363,173.1
2026-08-04,16:22:27,1.363,173.1
2026-08-04,16:22:27,1.363,173.1
2026-08-04,16:22:27,1.363,173.1
2026-08-04,16:22:27,1.363,173.1
2026-08-04,16:22:27,1.363,173.1
2026-08-04,16:22:27,1.363,173.1
2026-08-04,16:22:28,1.363,173.1
2026-08-04,16:22:28,1.363,173.1
2026-08-04,16:22:28,1.363,173.1
2026-08-04,16:22:28,1.363,173.1
2026-08-04,16:22:28,1.363,173.1
2026-08-04,16:22:28,1.363,173.1
2026-08-04,16:22:29,1.363,173.1
2026-08-04,16:22:29,1.363,173.1
2026-08-04,16:22:29,1.363,173.1
2026-08-04,16:22:29,1.363,173.1
2026-08-04,16:22:29,1.363,173.1
2026-08-04,16:22:29,1.363,173.1
2026-08-04,16:22:30,1.363,173.1
2026-08-04,16:22:30,1.363,173.1
2026-08-04,16:22:30,1.363,173.1
2026-08-04,16:22:30,1.363,173.1
2026-08-04,16:22:30,1.363,173.1
2026-08-04,16:22:30,1.363,173.1
2026-08-04,16:22:31,1.363,173.1
2026-08-04,16:22:31,1.363,173.1
2026-08-04,16:22:31,1.363,173.2
2026-08-04,16:22:31,1.363,173.2
2026-08-04,16:22:31,1.363,173.2
2026-08-04,16:22:31,1.363,173.2
2026-08-04,16:22:32,1.363,173.2
2026-08-04,16:22:32,1.363,173.2
2026-08-04,16:22:32,1.363,173.2
2026-08-04,16:22:32,1.363,173.2
2026-08-04,16:22:32,1.363,173.2
2026-08-04,16:22:32,1.363,173.2
2026-08-04,16:22:33,1.363,173.2
2026-08-04,16:22:33,1.363,173.2
2026-08-04,16:22:33,1.363,173.2
2026-08-04,16:22:33,1.363,173.2
2026-08-04,16:22:33,1.363,173.2
2026-08-04,16:22:33,1.363,173.2
2026-08-04,16:22:34,1.363,173.2
2026-08-04,16:22:34,1.363,173.2
2026-08-04,16:22:34,1.363,173.2
2026-08-04,16:22:34,1.363,173.2
2026-08-04,16:22:34,1.363,173.2
2026-08-04,16:22:34,1.363,173.2
2026-08-04,16:22:35,1.363,173.2
2026-08-04,16:22:35,1.363,173.2
2026-08-04,16:22:35,1.363,173.2
2026-08-04,16:22:35,1.363,173.2
2026-08-04,16:22:35,1.363,173.2
2026-08-04,16:22:35,1.363,173.2
2026-08-04,16:22:36,1.363,173.2
2026-08-04,16:22:36,1.363,173.2
2026-08-04,16:22:36,1.363,173.2
2026-08-04,16:22:36,1.363,173.2
2026-08-04,16:22:36,1.363,173.2
2026-08-04,16:22:36,1.363,173.2
2026-08-04,16:22:37,1.363,173.2
2026-08-04,16:22:37,1.363,173.2
2026-08-04,16:22:37,1.363,173.2
2026-08-04,16:22:37,1.363,173.2
2026-08-04,16:22:37,1.363,173.2
2026-08-04,16:22:37,1.363,173.2
2026-08-04,16:22:38,1.363,173.2
2026-08-04,16:22:38,1.363,173.2
2026-08-04,16:22:38,1.363,173.2
2026-08-04,16:22:38,1.363,173.2
2026-08-04,16:22:38,1.363,173.2
2026-08-04,16:22:38,1.363,173.2
2026-08-04,16:22:39,1.363,173.2
2026-08-04,16:22:39,1.363,173.2
2026-08-04,16:22:39,1.363,173.2
2026-08-04,16:22:39,1.364,173.2
2026-08-04,16:22:39,1.364,173.2
2026-08-04,16:22:39,1.364,173.2
2026-08-04,16:22:40,1.364,173.2
2026-08-04,16:22:40,1.364,173.2
2026-08-04,16:22:40,1.364,173.2
2026-08-04,16:22:40,1.364,173.2
2026-08-04,16:22:40,1.364,173.2
2026-08-04,16:22:40,1.364,173.2
2026-08-04,16:22:40,1.364,173.2
2026-08-04,16:22:41,1.364,173.2
2026-08-04,16:22:41,1.364,173.2
2026-08-04,16:22:41,1.364,173.2
2026-08-04,16:22:41,1.364,173.2
2026-08-04,16:22:41,1.364,173.2
2026-08-04,16:22:41,1.364,173.2
2026-08-04,16:22:42,1.364,173.2
2026-08-04,16:22:42,1.364,173.2
2026-08-04,16:22:42,1.364,173.2
2026-08-04,16:22:42,1.364,173.2
2026-08-04,16:22:42,1.364,173.2
2026-08-04,16:22:42,1.364,173.2
2026-08-04,16:22:43,1.364,173.2
2026-08-04,16:22:43,1.364,173.2
2026-08-04,16:22:43,1.364,173.2
2026-08-04,16:22:43,1.364,173.2
2026-08-04,16:22:43,1.364,173.2
2026-08-04,16:22:43,1.364,173.2
2026-08-04,16:22:44,1.364,173.2
2026-08-04,16:22:44,1.364,173.2
2026-08-04,16:22:44,1.364,173.2
2026-08-04,16:22:44,1.364,173.2
2026-08-04,16:22:44,1.364,173.2
2026-08-04,16:22:44,1.364,173.2
2026-08-04,16:22:45,1.364,173.2
2026-08-04,16:22:45,1.364,173.2
2026-08-04,16:22:45,1.364,173.2
2026-08-04,16:22:45,1.364,173.2
2026-08-04,16:22:45,1.364,173.2
2026-08-04,16:22:45,1.364,173.2
2026-08-04,16:22:46,1.364,173.2
2026-08-04,16:22:46,1.364,173.2
2026-08-04,16:22:46,1.364,173.2
2026-08-04,16:22:46,1.364,173.2
2026-08-04,16:22:46,1.364,173.2
2026-08-04,16:22:46,1.364,173.2
2026-08-04,16:22:47,1.364,173.2
2026-08-04,16:22:47,1.364,173.2
2026-08-04,16:22:47,1.364,173.2
2026-08-04,16:22:47,1.364,173.2
2026-08-04,16:22:47,1.364,173.2
2026-08-04,16:22:47,1.364,173.2
2026-08-04,16:22:48,1.364,173.2
2026-08-04,16:22:48,1.364,173.2
2026-08-04,16:22:48,1.364,173.2
2026-08-04,16:22:48,1.364,173.2
2026-08-04,16:22:48,1.364,173.2
2026-08-04,16:22:48,1.364,173.2
2026-08-04,16:22:49,1.364,173.2
2026-08-04,16:22:49,1.364,173.2
2026-08-04,16:22:49,1.364,173.2
2026-08-04,16:22:49,1.364,173.2
2026-08-04,16:22:49,1.364,173.2
2026-08-04,16:22:49,1.364,173.2
2026-08-04,16:22:50,1.364,173.2
2026-08-04,16:22:50,1.364,173.2
2026-08-04,16:22:50,1.364,173.2
2026-08-04,16:22:50,1.364,173.2
2026-08-04,16:22:50,1.364,173.2
2026-08-04,16:22:50,1.364,173.2
2026-08-04,16:22:51,1.364,173.2
2026-08-04,16:22:51,1.364,173.2
2026-08-04,16:22:51,1.364,173.2
2026-08-04,16:22:51,1.364,173.2
2026-08-04,16:22:51,1.364,173.2
2026-08-04,16:22:51,1.364,173.2
2026-08-04,16:22:52,1.364,173.2
2026-08-04,16:22:52,1.364,173.2
2026-08-04,16:22:52,1.364,173.2
2026-08-04,16:22:52,1.364,173.2
2026-08-04,16:22:52,1.364,173.2
2026-08-04,16:22:52,1.364,173.2
2026-08-04,16:22:53,1.364,173.2
2026-08-04,16:22:53,1.364,173.2
2026-08-04,16:22:53,1.364,173.2
2026-08-04,16:22:53,1.364,173.2
2026-08-04,16:22:53,1.364,173.2
2026-08-04,16:22:53,1.364,173.2
2026-08-04,16:22:54,1.364,173.2
2026-08-04,16:22:54,1.364,173.2
2026-08-04,16:22:54,1.364,173.2
2026-08-04,16:22:54,1.364,173.2
2026-08-04,16:22:54,1.364,173.2
2026-08-04,16:22:54,1.364,173.2
2026-08-04,16:22:55,1.364,173.2
2026-08-04,16:22:55,1.364,173.2
2026-08-04,16:22:55,1.364,173.2
2026-08-04,16:22:55,1.364,173.2
2026-08-04,16:22:55,1.364,173.2
2026-08-04,16:22:55,1.364,173.2
2026-08-04,16:22:56,1.364,173.2
2026-08-04,16:22:56,1.364,173.2
2026-08-04,16:22:56,1.364,173.2
2026-08-04,16:22:56,1.364,173.2
2026-08-04,16:22:56,1.364,173.2
2026-08-04,16:22:56,1.364,173.2
2026-08-04,16:22:57,1.364,173.2
2026-08-04,16:22:57,1.364,173.2
2026-08-04,16:22:57,1.364,173.2
2026-08-04,16:22:57,1.364,173.2
2026-08-04,16:22:57,1.364,173.2
2026-08-04,16:22:57,1.364,173.2
2026-08-04,16:22:57,1.364,173.2
2026-08-04,16:22:58,1.364,173.2
2026-08-04,16:22:58,1.364,173.2
2026-08-04,16:22:58,1.364,173.2
2026-08-04,16:22:58,1.364,173.2
2026-08-04,16:22:58,1.364,173.2
2026-08-04,16:22:58,1.364,173.2
2026-08-04,16:22:59,1.364,173.2
2026-08-04,16:22:59,1.364,173.2
2026-08-04,16:22:59,1.364,173.2
2026-08-04,16:22:59,1.364,173.2
2026-08-04,16:22:59,1.364,173.2
2026-08-04,16:22:59,1.364,173.2
2026-08-04,16:23:00,1.364,173.2
2026-08-04,16:23:00,1.364,173.2
2026-08-04,16:23:00,1.364,173.2
2026-08-04,16:23:00,1.364,173.2
2026-08-04,16:23:00,1.364,173.2
2026-08-04,16:23:00,1.364,173.2
2026-08-04,16:23:01,1.364,173.2
2026-08-04,16:23:01,1.364,173.2
2026-08-04,16:23:01,1.364,173.2
2026-08-04,16:23:01,1.364,173.2
2026-08-04,16:23:01,1.364,173.2
2026-08-04,16:23:01,1.364,173.2
2026-08-04,16:23:02,1.364,173.2
2026-08-04,16:23:02,1.364,173.2
2026-08-04,16:23:02,1.364,173.2
2026-08-04,16:23:02,1.364,173.2
2026-08-04,16:23:02,1.364,173.2
2026-08-04,16:23:02,1.364,173.2
2026-08-04,16:23:03,1.364,173.2
2026-08-04,16:23:03,1.364,173.2
2026-08-04,16:23:03,1.364,173.2
2026-08-04,16:23:03,1.364,173.2
2026-08-04,16:23:03,1.364,173.2
2026-08-04,16:23:03,1.364,173.2
2026-08-04,16:23:04,1.364,173.2
2026-08-04,16:23:04,1.364,173.2
2026-08-04,16:23:04,1.364,173.2
2026-08-04,16:23:04,1.364,173.2
2026-08-04,16:23:04,1.364,173.2
2026-08-04,16:23:04,1.364,173.2
2026-08-04,16:23:05,1.364,173.2
2026-08-04,16:23:05,1.364,173.2
2026-08-04,16:23:05,1.364,173.2
2026-08-04,16:23:05,1.364,173.2
2026-08-04,16:23:05,1.364,173.2
2026-08-04,16:23:05,1.364,173.2
2026-08-04,16:23:06,1.364,173.2
2026-08-04,16:23:06,1.364,173.2
2026-08-04,16:23:06,1.364,173.2
2026-08-04,16:23:06,1.364,173.2
2026-08-04,16:23:06,1.364,173.2
2026-08-04,16:23:06,1.364,173.2
2026-08-04,16:23:07,1.364,173.2
2026-08-04,16:23:07,1.364,173.2
2026-08-04,16:23:07,1.364,173.2
2026-08-04,16:23:07,1.364,173.2
2026-08-04,16:23:07,1.364,173.2
2026-08-04,16:23:07,1.364,173.2
2026-08-04,16:23:08,1.364,173.2
2026-08-04,16:23:08,1.364,173.2
2026-08-04,16:23:08,1.364,173.2
2026-08-04,16:23:08,1.364,173.2
2026-08-04,16:23:08,1.364,173.2
2026-08-04,16:23:08,1.364,173.2
2026-08-04,16:23:09,1.364,173.2
2026-08-04,16:23:09,1.364,173.2
2026-08-04,16:23:09,1.364,173.2
2026-08-04,16:23:09,1.364,173.2
2026-08-04,16:23:09,1.364,173.2
2026-08-04,16:23:09,1.364,173.2
2026-08-04,16:23:10,1.364,173.2
2026-08-04,16:23:10,1.364,173.2
2026-08-04,16:23:10,1.364,173.2
2026-08-04,16:23:10,1.364,173.2
2026-08-04,16:23:10,1.364,173.2
2026-08-04,16:23:10,1.364,173.2
2026-08-04,16:23:11,1.364,173.2
2026-08-04,16:23:11,1.364,173.2
2026-08-04,16:23:11,1.364,173.2
2026-08-04,16:23:11,1.364,173.2
2026-08-04,16:23:11,1.364,173.2
2026-08-04,16:23:11,1.364,173.2
2026-08-04,16:23:12,1.364,173.2
2026-08-04,16:23:12,1.364,173.2
2026-08-04,16:23:12,1.364,173.2
2026-08-04,16:23:12,1.364,173.2
2026-08-04,16:23:12,1.364,173.2
2026-08-04,16:23:12,1.364,173.2
2026-08-04,16:23:13,1.364,173.2
2026-08-04,16:23:13,1.364,173.2
2026-08-04,16:23:13,1.364,173.2
2026-08-04,16:23:13,1.364,173.2
2026-08-04,16:23:13,1.364,173.2
2026-08-04,16:23:13,1.364,173.2
2026-08-04,16:23:13,1.364,173.2
2026-08-04,16:23:14,1.364,173.2
2026-08-04,16:23:14,1.364,173.2
2026-08-04,16:23:14,1.364,173.2
2026-08-04,16:23:14,1.364,173.2
2026-08-04,16:23:14,1.364,173.2
2026-08-04,16:23:14,1.364,173.2
2026-08-04,16:23:15,1.364,173.2
2026-08-04,16:23:15,1.364,173.2
2026-08-04,16:23:15,1.364,173.2
2026-08-04,16:23:15,1.364,173.2
2026-08-04,16:23:15,1.364,173.2
2026-08-04,16:23:15,1.364,173.2
2026-08-04,16:23:16,1.364,173.2
2026-08-04,16:23:16,1.364,173.2
2026-08-04,16:23:16,1.364,173.2
2026-08-04,16:23:16,1.364,173.2
2026-08-04,16:23:16,1.364,173.2
2026-08-04,16:23:16,1.364,173.2
2026-08-04,16:23:17,1.364,173.2
2026-08-04,16:23:17,1.364,173.2
2026-08-04,16:23:17,1.364,173.2
2026-08-04,16:23:17,1.364,173.2
2026-08-04,16:23:17,1.364,173.2
2026-08-04,16:23:17,1.364,173.2
2026-08-04,16:23:18,1.364,173.2
2026-08-04,16:23:18,1.364,173.2
2026-08-04,16:23:18,1.364,173.2
2026-08-04,16:23:18,1.364,173.2
2026-08-04,16:23:18,1.364,173.2
2026-08-04,16:23:18,1.364,173.2
2026-08-04,16:23:19,1.364,173.2
2026-08-04,16:23:19,1.364,173.2
2026-08-04,16:23:19,1.364,173.2
2026-08-04,16:23:19,1.364,173.2
2026-08-04,16:23:19,1.364,173.2
2026-08-04,16:23:19,1.364,173.2
2026-08-04,16:23:20,1.364,173.2
2026-08-04,16:23:20,1.364,173.2
2026-08-04,16:23:20,1.364,173.2
2026-08-04,16:23:20,1.364,173.2
2026-08-04,16:23:20,1.364,173.2
2026-08-04,16:23:20,1.364,173.2
2026-08-04,16:23:21,1.364,173.2
2026-08-04,16:23:21,1.364,173.2
2026-08-04,16:23:21,1.364,173.2
2026-08-04,16:23:21,1.364,173.2
2026-08-04,16:23:21,1.364,173.2
2026-08-04,16:23:21,1.364,173.2
2026-08-04,16:23:22,1.364,173.2
2026-08-04,16:23:22,1.364,173.2
2026-08-04,16:23:22,1.364,173.2
2026-08-04,16:23:22,1.364,173.2
2026-08-04,16:23:22,1.364,173.2
2026-08-04,16:23:22,1.364,173.2
2026-08-04,16:23:23,1.364,173.2
2026-08-04,16:23:23,1.364,173.2
2026-08-04,16:23:23,1.364,173.2
2026-08-04,16:23:23,1.364,173.2
2026-08-04,16:23:23,1.364,173.2
2026-08-04,16:23:23,1.364,173.2
2026-08-04,16:23:24,1.364,173.2
2026-08-04,16:23:24,1.364,173.2
2026-08-04,16:23:24,1.364,173.2
2026-08-04,16:23:24,1.364,173.2
2026-08-04,16:23:24,1.364,173.2
2026-08-04,16:23:24,1.364,173.2
2026-08-04,16:23:25,1.364,173.2
2026-08-04,16:23:25,1.364,173.2
2026-08-04,16:23:25,1.364,173.2
2026-08-04,16:23:25,1.364,173.2
2026-08-04,16:23:25,1.364,173.2
2026-08-04,16:23:25,1.364,173.2
2026-08-04,16:23:26,1.364,173.2
2026-08-04,16:23:26,1.364,173.2
2026-08-04,16:23:26,1.364,173.2
2026-08-04,16:23:26,1.364,173.2
2026-08-04,16:23:26,1.364,173.2
2026-08-04,16:23:26,1.364,173.2
2026-08-04,16:23:27,1.364,173.2
2026-08-04,16:23:27,1.364,173.2
2026-08-04,16:23:27,1.364,173.2
2026-08-04,16:23:27,1.364,173.2
2026-08-04,16:23:27,1.364,173.2
2026-08-04,16:23:27,1.364,173.2
2026-08-04,16:23:28,1.364,173.2
2026-08-04,16:23:28,1.364,173.2
2026-08-04,16:23:28,1.364,173.2
2026-08-04,16:23:28,1.364,173.2
2026-08-04,16:23:28,1.364,173.2
2026-08-04,16:23:28,1.364,173.2
2026-08-04,16:23:29,1.364,173.2
2026-08-04,16:23:29,1.364,173.2
2026-08-04,16:23:29,1.364,173.2
2026-08-04,16:23:29,1.364,173.2
2026-08-04,16:23:29,1.364,173.2
2026-08-04,16:23:29,1.364,173.2
2026-08-04,16:23:30,1.364,173.2
2026-08-04,16:23:30,1.364,173.2
2026-08-04,16:23:30,1.364,173.2
2026-08-04,16:23:30,1.364,173.2
2026-08-04,16:23:30,1.364,173.2
2026-08-04,16:23:30,1.364,173.3
2026-08-04,16:23:30,1.364,173.3
2026-08-04,16:23:31,1.364,173.3
2026-08-04,16:23:31,1.364,173.3
2026-08-04,16:23:31,1.364,173.3
2026-08-04,16:23:31,1.364,173.3
2026-08-04,16:23:31,1.364,173.3
2026-08-04,16:23:31,1.364,173.3
2026-08-04,16:23:32,1.364,173.3
2026-08-04,16:23:32,1.364,173.3
2026-08-04,16:23:32,1.364,173.3
2026-08-04,16:23:32,1.364,173.3
2026-08-04,16:23:32,1.364,173.3
2026-08-04,16:23:32,1.364,173.3
2026-08-04,16:23:33,1.364,173.3
2026-08-04,16:23:33,1.364,173.2
2026-08-04,16:23:33,1.364,173.2
2026-08-04,16:23:33,1.364,173.2
2026-08-04,16:23:33,1.364,173.2
2026-08-04,16:23:33,1.364,173.2
2026-08-04,16:23:34,1.364,173.2
2026-08-04,16:23:34,1.364,173.2
2026-08-04,16:23:34,1.364,173.2
2026-08-04,16:23:34,1.364,173.2
2026-08-04,16:23:34,1.364,173.2
2026-08-04,16:23:34,1.364,173.2
2026-08-04,16:23:35,1.364,173.2
2026-08-04,16:23:35,1.364,173.2
2026-08-04,16:23:35,1.364,173.2
2026-08-04,16:23:35,1.364,173.2
2026-08-04,16:23:35,1.364,173.2
2026-08-04,16:23:35,1.364,173.2
2026-08-04,16:23:36,1.364,173.2
2026-08-04,16:23:36,1.364,173.2
2026-08-04,16:23:36,1.364,173.2
2026-08-04,16:23:36,1.364,173.2
2026-08-04,16:23:36,1.364,173.2
2026-08-04,16:23:36,1.364,173.2
2026-08-04,16:23:37,1.364,173.2
2026-08-04,16:23:37,1.364,173.2
2026-08-04,16:23:37,1.364,173.2
2026-08-04,16:23:37,1.364,173.2
2026-08-04,16:23:37,1.364,173.2
2026-08-04,16:23:37,1.364,173.2
2026-08-04,16:23:38,1.364,173.2
2026-08-04,16:23:38,1.364,173.2
2026-08-04,16:23:38,1.364,173.2
2026-08-04,16:23:38,1.364,173.2
2026-08-04,16:23:38,1.364,173.2
2026-08-04,16:23:38,1.364,173.2
2026-08-04,16:23:39,1.364,173.2
2026-08-04,16:23:39,1.364,173.2
2026-08-04,16:23:39,1.364,173.2
2026-08-04,16:23:39,1.364,173.2
2026-08-04,16:23:39,1.364,173.2
2026-08-04,16:23:39,1.364,173.2
2026-08-04,16:23:40,1.364,173.2
2026-08-04,16:23:40,1.364,173.2
2026-08-04,16:23:40,1.364,173.2
2026-08-04,16:23:40,1.364,173.2
2026-08-04,16:23:40,1.364,173.2
2026-08-04,16:23:40,1.364,173.2
2026-08-04,16:23:41,1.364,173.2
2026-08-04,16:23:41,1.364,173.2
2026-08-04,16:23:41,1.364,173.2
2026-08-04,16:23:41,1.364,173.2
2026-08-04,16:23:41,1.364,173.2
2026-08-04,16:23:41,1.364,173.2
2026-08-04,16:23:42,1.364,173.2
2026-08-04,16:23:42,1.364,173.2
2026-08-04,16:23:42,1.364,173.2
2026-08-04,16:23:42,1.364,173.2
2026-08-04,16:23:42,1.364,173.2
2026-08-04,16:23:42,1.364,173.2
2026-08-04,16:23:43,1.364,173.2
2026-08-04,16:23:43,1.364,173.2
2026-08-04,16:23:43,1.364,173.2
2026-08-04,16:23:43,1.364,173.2
2026-08-04,16:23:43,1.364,173.2
2026-08-04,16:23:43,1.364,173.2
2026-08-04,16:23:44,1.364,173.2
2026-08-04,16:23:44,1.364,173.2
2026-08-04,16:23:44,1.364,173.2
2026-08-04,16:23:44,1.364,173.2
2026-08-04,16:23:44,1.364,173.2
2026-08-04,16:23:44,1.364,173.2
2026-08-04,16:23:45,1.364,173.2
2026-08-04,16:23:45,1.364,173.2
2026-08-04,16:23:45,1.364,173.2
2026-08-04,16:23:45,1.364,173.2
2026-08-04,16:23:45,1.364,173.2
2026-08-04,16:23:45,1.364,173.2
2026-08-04,16:23:46,1.364,173.2
2026-08-04,16:23:46,1.364,173.2
2026-08-04,16:23:46,1.364,173.2
2026-08-04,16:23:46,1.364,173.2
2026-08-04,16:23:46,1.364,173.2
2026-08-04,16:23:46,1.364,173.2
2026-08-04,16:23:47,1.364,173.2
2026-08-04,16:23:47,1.364,173.2
2026-08-04,16:23:47,1.364,173.2
2026-08-04,16:23:47,1.364,173.2
2026-08-04,16:23:47,1.364,173.2
2026-08-04,16:23:47,1.364,173.2
2026-08-04,16:23:47,1.364,173.2
2026-08-04,16:23:48,1.364,173.3
2026-08-04,16:23:48,1.364,173.3
2026-08-04,16:23:48,1.364,173.3
2026-08-04,16:23:48,1.364,173.3
2026-08-04,16:23:48,1.364,173.3
2026-08-04,16:23:48,1.364,173.3
2026-08-04,16:23:49,1.364,173.3
2026-08-04,16:23:49,1.364,173.2
2026-08-04,16:23:49,1.364,173.2
2026-08-04,16:23:49,1.364,173.2
2026-08-04,16:23:49,1.364,173.2
2026-08-04,16:23:49,1.364,173.2
2026-08-04,16:23:50,1.364,173.2
2026-08-04,16:23:50,1.364,173.2
2026-08-04,16:23:50,1.364,173.2
2026-08-04,16:23:50,1.364,173.2
2026-08-04,16:23:50,1.364,173.2
2026-08-04,16:23:50,1.364,173.3
2026-08-04,16:23:51,1.364,173.3
2026-08-04,16:23:51,1.364,173.3
2026-08-04,16:23:51,1.364,173.3
2026-08-04,16:23:51,1.364,173.3
2026-08-04,16:23:51,1.364,173.2
2026-08-04,16:23:51,1.364,173.2
2026-08-04,16:23:52,1.364,173.2
2026-08-04,16:23:52,1.364,173.2
2026-08-04,16:23:52,1.364,173.2
2026-08-04,16:23:52,1.364,173.2
2026-08-04,16:23:52,1.364,173.2
2026-08-04,16:23:52,1.364,173.2
2026-08-04,16:23:53,1.364,173.2
2026-08-04,16:23:53,1.364,173.2
2026-08-04,16:23:53,1.364,173.2
2026-08-04,16:23:53,1.364,173.2
2026-08-04,16:23:53,1.364,173.2
2026-08-04,16:23:53,1.364,173.2
2026-08-04,16:23:54,1.364,173.2
2026-08-04,16:23:54,1.364,173.2
2026-08-04,16:23:54,1.364,173.2
2026-08-04,16:23:54,1.364,173.2
2026-08-04,16:23:54,1.364,173.2
2026-08-04,16:23:54,1.364,173.2
2026-08-04,16:23:55,1.364,173.2
2026-08-04,16:23:55,1.364,173.2
2026-08-04,16:23:55,1.364,173.2
2026-08-04,16:23:55,1.364,173.2
2026-08-04,16:23:55,1.364,173.2
2026-08-04,16:23:55,1.364,173.2
2026-08-04,16:23:56,1.364,173.2
2026-08-04,16:23:56,1.364,173.2
2026-08-04,16:23:56,1.364,173.2
2026-08-04,16:23:56,1.364,173.2
2026-08-04,16:23:56,1.364,173.2
2026-08-04,16:23:56,1.364,173.2
2026-08-04,16:23:57,1.364,173.2
2026-08-04,16:23:57,1.364,173.2
2026-08-04,16:23:57,1.364,173.2
2026-08-04,16:23:57,1.364,173.2
2026-08-04,16:23:57,1.364,173.2
2026-08-04,16:23:57,1.364,173.2
2026-08-04,16:23:58,1.364,173.2
2026-08-04,16:23:58,1.364,173.2
2026-08-04,16:23:58,1.364,173.2
2026-08-04,16:23:58,1.364,173.2
2026-08-04,16:23:58,1.364,173.2
2026-08-04,16:23:58,1.364,173.2
2026-08-04,16:23:59,1.364,173.2
2026-08-04,16:23:59,1.364,173.2
2026-08-04,16:23:59,1.364,173.2
2026-08-04,16:23:59,1.364,173.2
2026-08-04,16:23:59,1.364,173.2
2026-08-04,16:23:59,1.364,173.2
2026-08-04,16:24:00,1.364,173.2
2026-08-04,16:24:00,1.364,173.2
2026-08-04,16:24:00,1.364,173.2
2026-08-04,16:24:00,1.364,173.2
2026-08-04,16:24:00,1.364,173.2
2026-08-04,16:24:00,1.364,173.2
2026-08-04,16:24:01,1.364,173.2
2026-08-04,16:24:01,1.364,173.2
2026-08-04,16:24:01,1.364,173.2
2026-08-04,16:24:01,1.364,173.2
2026-08-04,16:24:01,1.364,173.2
2026-08-04,16:24:01,1.364,173.2
2026-08-04,16:24:02,1.364,173.2
2026-08-04,16:24:02,1.364,173.2
2026-08-04,16:24:02,1.364,173.2
2026-08-04,16:24:02,1.364,173.2
2026-08-04,16:24:02,1.364,173.2
2026-08-04,16:24:02,1.364,173.2
2026-08-04,16:24:03,1.364,173.2
2026-08-04,16:24:03,1.364,173.2
2026-08-04,16:24:03,1.364,173.2
2026-08-04,16:24:03,1.364,173.2
2026-08-04,16:24:03,1.364,173.2
2026-08-04,16:24:03,1.364,173.2
2026-08-04,16:24:03,1.364,173.2
2026-08-04,16:24:04,1.364,173.2
2026-08-04,16:24:04,1.364,173.2
2026-08-04,16:24:04,1.364,173.2
2026-08-04,16:24:04,1.364,173.2
2026-08-04,16:24:04,1.364,173.2
2026-08-04,16:24:04,1.364,173.2
2026-08-04,16:24:05,1.364,173.2
2026-08-04,16:24:05,1.364,173.2
2026-08-04,16:24:05,1.364,173.2
2026-08-04,16:24:05,1.364,173.2
2026-08-04,16:24:05,1.364,173.2
2026-08-04,16:24:05,1.364,173.2
2026-08-04,16:24:06,1.364,173.2
2026-08-04,16:24:06,1.364,173.2
2026-08-04,16:24:06,1.364,173.2
2026-08-04,16:24:06,1.364,173.2
2026-08-04,16:24:06,1.364,173.2
2026-08-04,16:24:06,1.364,173.2
2026-08-04,16:24:07,1.364,173.2
2026-08-04,16:24:07,1.364,173.2
2026-08-04,16:24:07,1.364,173.2
2026-08-04,16:24:07,1.364,173.2
2026-08-04,16:24:07,1.364,173.2
2026-08-04,16:24:07,1.364,173.2
2026-08-04,16:24:08,1.364,173.2
2026-08-04,16:24:08,1.364,173.2
2026-08-04,16:24:08,1.364,173.2
2026-08-04,16:24:08,1.364,173.2
2026-08-04,16:24:08,1.364,173.2
2026-08-04,16:24:08,1.364,173.2
2026-08-04,16:24:09,1.364,173.2
2026-08-04,16:24:09,1.364,173.2
2026-08-04,16:24:09,1.364,173.2
2026-08-04,16:24:09,1.364,173.2
2026-08-04,16:24:09,1.364,173.2
2026-08-04,16:24:09,1.364,173.2
2026-08-04,16:24:10,1.364,173.2
2026-08-04,16:24:10,1.364,173.2
2026-08-04,16:24:10,1.364,173.2
2026-08-04,16:24:10,1.364,173.2
2026-08-04,16:24:10,1.364,173.2
2026-08-04,16:24:10,1.364,173.2
2026-08-04,16:24:11,1.364,173.2
2026-08-04,16:24:11,1.364,173.2
2026-08-04,16:24:11,1.364,173.2
2026-08-04,16:24:11,1.364,173.2
2026-08-04,16:24:11,1.364,173.2
2026-08-04,16:24:11,1.364,173.2
2026-08-04,16:24:12,1.364,173.2
2026-08-04,16:24:12,1.364,173.2
2026-08-04,16:24:12,1.364,173.2
2026-08-04,16:24:12,1.364,173.2
2026-08-04,16:24:12,1.364,173.2
2026-08-04,16:24:12,1.364,173.2
2026-08-04,16:24:13,1.364,173.2
2026-08-04,16:24:13,1.364,173.2
2026-08-04,16:24:13,1.364,173.2
2026-08-04,16:24:13,1.364,173.2
2026-08-04,16:24:13,1.364,173.2
2026-08-04,16:24:13,1.364,173.2
2026-08-04,16:24:14,1.364,173.2
2026-08-04,16:24:14,1.364,173.2
2026-08-04,16:24:14,1.364,173.2
2026-08-04,16:24:14,1.364,173.2
2026-08-04,16:24:14,1.364,173.2
2026-08-04,16:24:14,1.364,173.2
2026-08-04,16:24:15,1.364,173.2
2026-08-04,16:24:15,1.364,173.2
2026-08-04,16:24:15,1.364,173.3
2026-08-04,16:24:15,1.364,173.3
2026-08-04,16:24:15,1.364,173.3
2026-08-04,16:24:15,1.364,173.3
2026-08-04,16:24:16,1.364,173.3
2026-08-04,16:24:16,1.364,173.3
2026-08-04,16:24:16,1.364,173.3
2026-08-04,16:24:16,1.364,173.3
2026-08-04,16:24:16,1.364,173.3
2026-08-04,16:24:16,1.364,173.3
2026-08-04,16:24:17,1.364,173.3
2026-08-04,16:24:17,1.364,173.3
2026-08-04,16:24:17,1.364,173.3
2026-08-04,16:24:17,1.364,173.3
2026-08-04,16:24:17,1.364,173.3
2026-08-04,16:24:17,1.364,173.3
2026-08-04,16:24:18,1.364,173.3
2026-08-04,16:24:18,1.364,173.3
2026-08-04,16:24:18,1.364,173.3
2026-08-04,16:24:18,1.364,173.3
2026-08-04,16:24:18,1.364,173.3
2026-08-04,16:24:18,1.364,173.3
2026-08-04,16:24:19,1.364,173.3
2026-08-04,16:24:19,1.364,173.3
2026-08-04,16:24:19,1.364,173.3
2026-08-04,16:24:19,1.364,173.3
2026-08-04,16:24:19,1.364,173.3
2026-08-04,16:24:19,1.364,173.3
2026-08-04,16:24:19,1.364,173.3
2026-08-04,16:24:20,1.364,173.3
2026-08-04,16:24:20,1.364,173.3
2026-08-04,16:24:20,1.364,173.3
2026-08-04,16:24:20,1.364,173.3
2026-08-04,16:24:20,1.364,173.3
2026-08-04,16:24:20,1.364,173.3
2026-08-04,16:24:21,1.364,173.3
2026-08-04,16:24:21,1.364,173.3
2026-08-04,16:24:21,1.364,173.3
2026-08-04,16:24:21,1.364,173.3
2026-08-04,16:24:21,1.364,173.3
2026-08-04,16:24:21,1.364,173.3
2026-08-04,16:24:22,1.364,173.3
2026-08-04,16:24:22,1.364,173.3
2026-08-04,16:24:22,1.364,173.3
2026-08-04,16:24:22,1.364,173.3
2026-08-04,16:24:22,1.364,173.3
2026-08-04,16:24:22,1.364,173.3
2026-08-04,16:24:23,1.364,173.3
2026-08-04,16:24:23,1.364,173.3
2026-08-04,16:24:23,1.364,173.3
2026-08-04,16:24:23,1.364,173.3
2026-08-04,16:24:23,1.364,173.3
2026-08-04,16:24:23,1.364,173.3
2026-08-04,16:24:24,1.364,173.3
2026-08-04,16:24:24,1.364,173.3
2026-08-04,16:24:24,1.364,173.3
2026-08-04,16:24:24,1.364,173.3
2026-08-04,16:24:24,1.364,173.3
2026-08-04,16:24:24,1.364,173.3
2026-08-04,16:24:25,1.364,173.3
2026-08-04,16:24:25,1.364,173.3
2026-08-04,16:24:25,1.364,173.3
2026-08-04,16:24:25,1.364,173.3
2026-08-04,16:24:25,1.364,173.3
2026-08-04,16:24:25,1.364,173.3
2026-08-04,16:24:26,1.364,173.3
2026-08-04,16:24:26,1.364,173.3
2026-08-04,16:24:26,1.365,173.3
2026-08-04,16:24:26,1.365,173.3
2026-08-04,16:24:26,1.365,173.3
2026-08-04,16:24:26,1.365,173.3
2026-08-04,16:24:27,1.365,173.3
2026-08-04,16:24:27,1.365,173.3
2026-08-04,16:24:27,1.365,173.3
2026-08-04,16:24:27,1.365,173.3
2026-08-04,16:24:27,1.364,173.3
2026-08-04,16:24:27,1.364,173.3
2026-08-04,16:24:28,1.364,173.3
2026-08-04,16:24:28,1.364,173.3
2026-08-04,16:24:28,1.364,173.3
2026-08-04,16:24:28,1.364,173.3
2026-08-04,16:24:28,1.364,173.3
2026-08-04,16:24:28,1.364,173.3
2026-08-04,16:24:29,1.364,173.3
2026-08-04,16:24:29,1.364,173.3
2026-08-04,16:24:29,1.364,173.3
2026-08-04,16:24:29,1.364,173.3
2026-08-04,16:24:29,1.364,173.3
2026-08-04,16:24:29,1.364,173.3
2026-08-04,16:24:30,1.364,173.3
2026-08-04,16:24:30,1.364,173.3
2026-08-04,16:24:30,1.364,173.3
2026-08-04,16:24:30,1.364,173.3
2026-08-04,16:24:30,1.364,173.3
2026-08-04,16:24:30,1.364,173.3
2026-08-04,16:24:31,1.364,173.3
2026-08-04,16:24:31,1.364,173.3
2026-08-04,16:24:31,1.364,173.3
2026-08-04,16:24:31,1.364,173.3
2026-08-04,16:24:31,1.364,173.3
2026-08-04,16:24:31,1.364,173.3
2026-08-04,16:24:32,1.364,173.3
2026-08-04,16:24:32,1.364,173.3
2026-08-04,16:24:32,1.364,173.3
2026-08-04,16:24:32,1.364,173.3
2026-08-04,16:24:32,1.365,173.3
2026-08-04,16:24:32,1.365,173.3
2026-08-04,16:24:33,1.365,173.3
2026-08-04,16:24:33,1.365,173.3
2026-08-04,16:24:33,1.365,173.3
2026-08-04,16:24:33,1.365,173.3
2026-08-04,16:24:33,1.365,173.3
2026-08-04,16:24:33,1.365,173.3
2026-08-04,16:24:34,1.365,173.3
2026-08-04,16:24:34,1.365,173.3
2026-08-04,16:24:34,1.365,173.3
2026-08-04,16:24:34,1.365,173.3
2026-08-04,16:24:34,1.365,173.3
2026-08-04,16:24:34,1.365,173.3
2026-08-04,16:24:35,1.365,173.3
2026-08-04,16:24:35,1.365,173.3
2026-08-04,16:24:35,1.365,173.3
2026-08-04,16:24:35,1.365,173.3
2026-08-04,16:24:35,1.365,173.3
2026-08-04,16:24:35,1.365,173.3
2026-08-04,16:24:36,1.365,173.3
2026-08-04,16:24:36,1.365,173.3
2026-08-04,16:24:36,1.365,173.3
2026-08-04,16:24:36,1.365,173.3
2026-08-04,16:24:36,1.365,173.3
2026-08-04,16:24:36,1.365,173.3
2026-08-04,16:24:36,1.365,173.3
2026-08-04,16:24:37,1.365,173.3
2026-08-04,16:24:37,1.365,173.3
2026-08-04,16:24:37,1.365,173.3
2026-08-04,16:24:37,1.365,173.3
2026-08-04,16:24:37,1.365,173.3
2026-08-04,16:24:37,1.365,173.3
2026-08-04,16:24:38,1.365,173.3
2026-08-04,16:24:38,1.365,173.3
2026-08-04,16:24:38,1.365,173.3
2026-08-04,16:24:38,1.365,173.3
2026-08-04,16:24:38,1.365,173.3
2026-08-04,16:24:38,1.365,173.3
2026-08-04,16:24:39,1.365,173.3
2026-08-04,16:24:39,1.365,173.3
2026-08-04,16:24:39,1.365,173.3
2026-08-04,16:24:39,1.365,173.3
2026-08-04,16:24:39,1.365,173.3
2026-08-04,16:24:39,1.365,173.3
2026-08-04,16:24:40,1.365,173.3
2026-08-04,16:24:40,1.365,173.3
2026-08-04,16:24:40,1.365,173.3
2026-08-04,16:24:40,1.365,173.3
2026-08-04,16:24:40,1.365,173.3
2026-08-04,16:24:40,1.365,173.3
2026-08-04,16:24:41,1.365,173.3
2026-08-04,16:24:41,1.365,173.3
2026-08-04,16:24:41,1.365,173.3
2026-08-04,16:24:41,1.365,173.3
2026-08-04,16:24:41,1.365,173.3
2026-08-04,16:24:41,1.365,173.3
2026-08-04,16:24:42,1.365,173.3
2026-08-04,16:24:42,1.365,173.3
2026-08-04,16:24:42,1.365,173.3
2026-08-04,16:24:42,1.365,173.3
2026-08-04,16:24:42,1.365,173.3
2026-08-04,16:24:42,1.365,173.3
2026-08-04,16:24:43,1.365,173.3
2026-08-04,16:24:43,1.365,173.3
2026-08-04,16:24:43,1.365,173.3
2026-08-04,16:24:43,1.365,173.3
2026-08-04,16:24:43,1.365,173.3
2026-08-04,16:24:43,1.365,173.3
2026-08-04,16:24:44,1.365,173.3
2026-08-04,16:24:44,1.365,173.3
2026-08-04,16:24:44,1.365,173.3
2026-08-04,16:24:44,1.365,173.3
2026-08-04,16:24:44,1.365,173.3
2026-08-04,16:24:44,1.365,173.3
2026-08-04,16:24:45,1.365,173.3
2026-08-04,16:24:45,1.365,173.3
2026-08-04,16:24:45,1.365,173.3
2026-08-04,16:24:45,1.365,173.3
2026-08-04,16:24:45,1.365,173.3
2026-08-04,16:24:45,1.365,173.3
2026-08-04,16:24:46,1.365,173.3
2026-08-04,16:24:46,1.365,173.3
2026-08-04,16:24:46,1.365,173.3
2026-08-04,16:24:46,1.365,173.3
2026-08-04,16:24:46,1.365,173.3
2026-08-04,16:24:46,1.365,173.3
2026-08-04,16:24:47,1.364,173.3
2026-08-04,16:24:47,1.364,173.3
2026-08-04,16:24:47,1.364,173.3
2026-08-04,16:24:47,1.364,173.3
2026-08-04,16:24:47,1.364,173.3
2026-08-04,16:24:47,1.364,173.3
2026-08-04,16:24:48,1.364,173.3
2026-08-04,16:24:48,1.365,173.3
2026-08-04,16:24:48,1.365,173.3
2026-08-04,16:24:48,1.365,173.3
2026-08-04,16:24:48,1.365,173.3
2026-08-04,16:24:48,1.365,173.3
2026-08-04,16:24:49,1.365,173.3
2026-08-04,16:24:49,1.365,173.3
2026-08-04,16:24:49,1.365,173.3
2026-08-04,16:24:49,1.365,173.3
2026-08-04,16:24:49,1.365,173.3
2026-08-04,16:24:49,1.365,173.3
2026-08-04,16:24:50,1.365,173.3
2026-08-04,16:24:50,1.365,173.3
2026-08-04,16:24:50,1.365,173.3
2026-08-04,16:24:50,1.365,173.3
2026-08-04,16:24:50,1.365,173.3
2026-08-04,16:24:50,1.365,173.3
2026-08-04,16:24:51,1.365,173.3
2026-08-04,16:24:51,1.364,173.3
2026-08-04,16:24:51,1.364,173.3
2026-08-04,16:24:51,1.364,173.3
2026-08-04,16:24:51,1.364,173.3
2026-08-04,16:24:51,1.364,173.3
2026-08-04,16:24:52,1.364,173.3
2026-08-04,16:24:52,1.364,173.3
2026-08-04,16:24:52,1.364,173.3
2026-08-04,16:24:52,1.364,173.3
2026-08-04,16:24:52,1.364,173.3
2026-08-04,16:24:52,1.364,173.3
2026-08-04,16:24:52,1.364,173.3
2026-08-04,16:24:53,1.364,173.3
2026-08-04,16:24:53,1.364,173.3
2026-08-04,16:24:53,1.364,173.3
2026-08-04,16:24:53,1.364,173.3
2026-08-04,16:24:53,1.364,173.3
2026-08-04,16:24:53,1.364,173.3
2026-08-04,16:24:54,1.364,173.3
2026-08-04,16:24:54,1.364,173.3
2026-08-04,16:24:54,1.364,173.3
2026-08-04,16:24:54,1.364,173.3
2026-08-04,16:24:54,1.364,173.3
2026-08-04,16:24:54,1.364,173.3
2026-08-04,16:24:55,1.364,173.3
2026-08-04,16:24:55,1.364,173.3
2026-08-04,16:24:55,1.364,173.3
2026-08-04,16:24:55,1.364,173.3
2026-08-04,16:24:55,1.364,173.3
2026-08-04,16:24:55,1.364,173.3
2026-08-04,16:24:56,1.364,173.3
2026-08-04,16:24:56,1.364,173.3
2026-08-04,16:24:56,1.364,173.3
2026-08-04,16:24:56,1.364,173.3
2026-08-04,16:24:56,1.364,173.3
2026-08-04,16:24:56,1.364,173.3
2026-08-04,16:24:57,1.364,173.3
2026-08-04,16:24:57,1.364,173.3
2026-08-04,16:24:57,1.364,173.3
2026-08-04,16:24:57,1.364,173.3
2026-08-04,16:24:57,1.364,173.3
2026-08-04,16:24:57,1.364,173.3
2026-08-04,16:24:58,1.364,173.3
2026-08-04,16:24:58,1.364,173.3
2026-08-04,16:24:58,1.364,173.3
2026-08-04,16:24:58,1.364,173.3
2026-08-04,16:24:58,1.364,173.3
2026-08-04,16:24:58,1.364,173.3
2026-08-04,16:24:59,1.364,173.3
2026-08-04,16:24:59,1.364,173.3
2026-08-04,16:24:59,1.364,173.3
2026-08-04,16:24:59,1.364,173.3
2026-08-04,16:24:59,1.364,173.3
2026-08-04,16:24:59,1.364,173.3
2026-08-04,16:25:00,1.364,173.3
2026-08-04,16:25:00,1.364,173.3
2026-08-04,16:25:00,1.364,173.3
2026-08-04,16:25:00,1.364,173.3
2026-08-04,16:25:00,1.364,173.3
2026-08-04,16:25:00,1.364,173.3
2026-08-04,16:25:01,1.364,173.3
2026-08-04,16:25:01,1.364,173.3
2026-08-04,16:25:01,1.364,173.3
2026-08-04,16:25:01,1.364,173.3
2026-08-04,16:25:01,1.364,173.3
2026-08-04,16:25:01,1.364,173.3
2026-08-04,16:25:02,1.364,173.3
2026-08-04,16:25:02,1.364,173.3
2026-08-04,16:25:02,1.364,173.3
2026-08-04,16:25:02,1.364,173.3
2026-08-04,16:25:02,1.364,173.3
2026-08-04,16:25:02,1.364,173.3
2026-08-04,16:25:03,1.364,173.3
2026-08-04,16:25:03,1.364,173.3
2026-08-04,16:25:03,1.364,173.3
2026-08-04,16:25:03,1.364,173.3
2026-08-04,16:25:03,1.364,173.3
2026-08-04,16:25:03,1.364,173.3
2026-08-04,16:25:04,1.364,173.3
2026-08-04,16:25:04,1.364,173.3
2026-08-04,16:25:04,1.364,173.3
2026-08-04,16:25:04,1.364,173.3
2026-08-04,16:25:04,1.364,173.3
2026-08-04,16:25:04,1.364,173.3
2026-08-04,16:25:05,1.364,173.3
2026-08-04,16:25:05,1.364,173.3
2026-08-04,16:25:05,1.365,173.3
2026-08-04,16:25:05,1.365,173.3
2026-08-04,16:25:05,1.365,173.3
2026-08-04,16:25:05,1.365,173.3
2026-08-04,16:25:06,1.365,173.3
2026-08-04,16:25:06,1.365,173.3
2026-08-04,16:25:06,1.365,173.3
2026-08-04,16:25:06,1.365,173.3
2026-08-04,16:25:06,1.365,173.3
2026-08-04,16:25:06,1.365,173.3
2026-08-04,16:25:07,1.365,173.3
2026-08-04,16:25:07,1.365,173.3
2026-08-04,16:25:07,1.365,173.3
2026-08-04,16:25:07,1.365,173.3
2026-08-04,16:25:07,1.365,173.3
2026-08-04,16:25:07,1.365,173.3
2026-08-04,16:25:08,1.364,173.3
2026-08-04,16:25:08,1.364,173.3
2026-08-04,16:25:08,1.364,173.3
2026-08-04,16:25:08,1.364,173.3
2026-08-04,16:25:08,1.364,173.3
2026-08-04,16:25:08,1.364,173.3
2026-08-04,16:25:09,1.364,173.3
2026-08-04,16:25:09,1.364,173.3
2026-08-04,16:25:09,1.364,173.3
2026-08-04,16:25:09,1.365,173.3
2026-08-04,16:25:09,1.365,173.3
2026-08-04,16:25:09,1.365,173.3
2026-08-04,16:25:09,1.365,173.3
2026-08-04,16:25:10,1.365,173.3
2026-08-04,16:25:10,1.365,173.3
2026-08-04,16:25:10,1.365,173.3
2026-08-04,16:25:10,1.365,173.3
2026-08-04,16:25:10,1.365,173.3
2026-08-04,16:25:10,1.365,173.3
2026-08-04,16:25:11,1.365,173.3
2026-08-04,16:25:11,1.365,173.3
2026-08-04,16:25:11,1.365,173.3
2026-08-04,16:25:11,1.365,173.3
2026-08-04,16:25:11,1.365,173.3
2026-08-04,16:25:11,1.365,173.3
2026-08-04,16:25:12,1.365,173.3
2026-08-04,16:25:12,1.365,173.3
2026-08-04,16:25:12,1.365,173.3
2026-08-04,16:25:12,1.365,173.3
2026-08-04,16:25:12,1.365,173.3
2026-08-04,16:25:12,1.365,173.3
2026-08-04,16:25:13,1.365,173.3
2026-08-04,16:25:13,1.365,173.3
2026-08-04,16:25:13,1.365,173.3
2026-08-04,16:25:13,1.365,173.3
2026-08-04,16:25:13,1.365,173.3
2026-08-04,16:25:13,1.365,173.3
2026-08-04,16:25:14,1.365,173.3
2026-08-04,16:25:14,1.365,173.3
2026-08-04,16:25:14,1.365,173.3
2026-08-04,16:25:14,1.365,173.3
2026-08-04,16:25:14,1.365,173.3
2026-08-04,16:25:14,1.365,173.3
2026-08-04,16:25:15,1.365,173.3
2026-08-04,16:25:15,1.365,173.3
2026-08-04,16:25:15,1.365,173.3
2026-08-04,16:25:15,1.365,173.3
2026-08-04,16:25:15,1.365,173.3
2026-08-04,16:25:15,1.365,173.3
2026-08-04,16:25:16,1.365,173.3
2026-08-04,16:25:16,1.365,173.3
2026-08-04,16:25:16,1.365,173.3
2026-08-04,16:25:16,1.365,173.3
2026-08-04,16:25:16,1.365,173.3
2026-08-04,16:25:16,1.365,173.3
2026-08-04,16:25:17,1.365,173.3
2026-08-04,16:25:17,1.365,173.3
2026-08-04,16:25:17,1.365,173.3
2026-08-04,16:25:17,1.365,173.3
2026-08-04,16:25:17,1.365,173.3
2026-08-04,16:25:17,1.365,173.3
2026-08-04,16:25:18,1.365,173.3
2026-08-04,16:25:18,1.364,173.3
2026-08-04,16:25:18,1.364,173.3
2026-08-04,16:25:18,1.364,173.3
2026-08-04,16:25:18,1.364,173.3
2026-08-04,16:25:18,1.364,173.3
2026-08-04,16:25:19,1.364,173.3
2026-08-04,16:25:19,1.364,173.3
2026-08-04,16:25:19,1.364,173.3
2026-08-04,16:25:19,1.364,173.3
2026-08-04,16:25:19,1.364,173.3
2026-08-04,16:25:19,1.364,173.3
2026-08-04,16:25:20,1.364,173.3
2026-08-04,16:25:20,1.364,173.3
2026-08-04,16:25:20,1.364,173.3
2026-08-04,16:25:20,1.364,173.3
2026-08-04,16:25:20,1.364,173.3
2026-08-04,16:25:20,1.364,173.3
2026-08-04,16:25:21,1.364,173.3
2026-08-04,16:25:21,1.364,173.3
2026-08-04,16:25:21,1.364,173.3
2026-08-04,16:25:21,1.364,173.3
2026-08-04,16:25:21,1.364,173.3
2026-08-04,16:25:21,1.364,173.3
2026-08-04,16:25:22,1.364,173.3
2026-08-04,16:25:22,1.364,173.3
2026-08-04,16:25:22,1.364,173.3
2026-08-04,16:25:22,1.364,173.3
2026-08-04,16:25:22,1.364,173.3
2026-08-04,16:25:22,1.364,173.3
2026-08-04,16:25:23,1.364,173.3
2026-08-04,16:25:23,1.364,173.3
2026-08-04,16:25:23,1.364,173.3
2026-08-04,16:25:23,1.364,173.3
2026-08-04,16:25:23,1.364,173.3
2026-08-04,16:25:23,1.364,173.3
2026-08-04,16:25:24,1.364,173.3
2026-08-04,16:25:24,1.364,173.3
2026-08-04,16:25:24,1.364,173.3
2026-08-04,16:25:24,1.364,173.3
2026-08-04,16:25:24,1.364,173.3
2026-08-04,16:25:24,1.364,173.3
2026-08-04,16:25:25,1.364,173.3
2026-08-04,16:25:25,1.364,173.3
2026-08-04,16:25:25,1.364,173.3
2026-08-04,16:25:25,1.364,173.3
2026-08-04,16:25:25,1.364,173.3
2026-08-04,16:25:25,1.364,173.3
2026-08-04,16:25:25,1.364,173.3
2026-08-04,16:25:26,1.364,173.3
2026-08-04,16:25:26,1.364,173.3
2026-08-04,16:25:26,1.364,173.3
2026-08-04,16:25:26,1.364,173.3
2026-08-04,16:25:26,1.364,173.3
2026-08-04,16:25:26,1.364,173.3
2026-08-04,16:25:27,1.364,173.3
2026-08-04,16:25:27,1.364,173.3
2026-08-04,16:25:27,1.364,173.3
2026-08-04,16:25:27,1.364,173.3
2026-08-04,16:25:27,1.364,173.3
2026-08-04,16:25:27,1.364,173.3
2026-08-04,16:25:28,1.364,173.3
2026-08-04,16:25:28,1.364,173.3
2026-08-04,16:25:28,1.364,173.3
2026-08-04,16:25:28,1.364,173.3
2026-08-04,16:25:28,1.364,173.3
2026-08-04,16:25:28,1.364,173.3
2026-08-04,16:25:29,1.364,173.3
2026-08-04,16:25:29,1.364,173.3
2026-08-04,16:25:29,1.364,173.3
2026-08-04,16:25:29,1.364,173.3
2026-08-04,16:25:29,1.364,173.3
2026-08-04,16:25:29,1.364,173.3
2026-08-04,16:25:30,1.364,173.3
2026-08-04,16:25:30,1.364,173.3
2026-08-04,16:25:30,1.364,173.3
2026-08-04,16:25:30,1.364,173.3
2026-08-04,16:25:30,1.364,173.3
2026-08-04,16:25:30,1.364,173.3
2026-08-04,16:25:31,1.364,173.3
2026-08-04,16:25:31,1.364,173.3
2026-08-04,16:25:31,1.364,173.3
2026-08-04,16:25:31,1.364,173.3
2026-08-04,16:25:31,1.364,173.3
2026-08-04,16:25:31,1.364,173.3
2026-08-04,16:25:32,1.364,173.3
2026-08-04,16:25:32,1.364,173.3
2026-08-04,16:25:32,1.364,173.3
2026-08-04,16:25:32,1.364,173.3
2026-08-04,16:25:32,1.364,173.3
2026-08-04,16:25:32,1.364,173.3
2026-08-04,16:25:33,1.364,173.3
2026-08-04,16:25:33,1.364,173.3
2026-08-04,16:25:33,1.364,173.3
2026-08-04,16:25:33,1.364,173.3
2026-08-04,16:25:33,1.364,173.3
2026-08-04,16:25:33,1.364,173.3
2026-08-04,16:25:34,1.364,173.3
2026-08-04,16:25:34,1.364,173.3
2026-08-04,16:25:34,1.364,173.3
2026-08-04,16:25:34,1.364,173.3
2026-08-04,16:25:34,1.364,173.3
2026-08-04,16:25:34,1.364,173.3
2026-08-04,16:25:35,1.365,173.3
2026-08-04,16:25:35,1.365,173.3
2026-08-04,16:25:35,1.365,173.3
2026-08-04,16:25:35,1.365,173.3
2026-08-04,16:25:35,1.365,173.3
2026-08-04,16:25:35,1.365,173.3
2026-08-04,16:25:36,1.365,173.3
2026-08-04,16:25:36,1.365,173.3
2026-08-04,16:25:36,1.365,173.3
2026-08-04,16:25:36,1.365,173.3
2026-08-04,16:25:36,1.365,173.3
2026-08-04,16:25:36,1.365,173.3
2026-08-04,16:25:37,1.365,173.3
2026-08-04,16:25:37,1.365,173.3
2026-08-04,16:25:37,1.365,173.3
2026-08-04,16:25:37,1.365,173.3
2026-08-04,16:25:37,1.365,173.3
2026-08-04,16:25:37,1.365,173.3
2026-08-04,16:25:38,1.365,173.3
2026-08-04,16:25:38,1.365,173.3
2026-08-04,16:25:38,1.365,173.3
2026-08-04,16:25:38,1.365,173.3
2026-08-04,16:25:38,1.365,173.3
2026-08-04,16:25:38,1.365,173.3
2026-08-04,16:25:39,1.365,173.3
2026-08-04,16:25:39,1.365,173.3
2026-08-04,16:25:39,1.365,173.3
2026-08-04,16:25:39,1.365,173.3
2026-08-04,16:25:39,1.365,173.3
2026-08-04,16:25:39,1.365,173.3
2026-08-04,16:25:40,1.365,173.3
2026-08-04,16:25:40,1.365,173.3
2026-08-04,16:25:40,1.365,173.3
2026-08-04,16:25:40,1.365,173.3
2026-08-04,16:25:40,1.365,173.3
2026-08-04,16:25:40,1.365,173.3
2026-08-04,16:25:41,1.365,173.3
2026-08-04,16:25:41,1.365,173.3
2026-08-04,16:25:41,1.365,173.3
2026-08-04,16:25:41,1.365,173.3
2026-08-04,16:25:41,1.365,173.3
2026-08-04,16:25:41,1.365,173.3
2026-08-04,16:25:42,1.365,173.3
2026-08-04,16:25:42,1.365,173.3
2026-08-04,16:25:42,1.365,173.3
2026-08-04,16:25:42,1.365,173.3
2026-08-04,16:25:42,1.365,173.3
2026-08-04,16:25:42,1.365,173.3
2026-08-04,16:25:42,1.365,173.3
2026-08-04,16:25:43,1.365,173.3
2026-08-04,16:25:43,1.365,173.3
2026-08-04,16:25:43,1.365,173.3
2026-08-04,16:25:43,1.364,173.3
2026-08-04,16:25:43,1.364,173.3
2026-08-04,16:25:43,1.364,173.3
2026-08-04,16:25:44,1.364,173.3
2026-08-04,16:25:44,1.364,173.3
2026-08-04,16:25:44,1.364,173.3
2026-08-04,16:25:44,1.364,173.3
2026-08-04,16:25:44,1.364,173.3
2026-08-04,16:25:44,1.364,173.3
2026-08-04,16:25:45,1.364,173.3
2026-08-04,16:25:45,1.364,173.3
2026-08-04,16:25:45,1.364,173.3
2026-08-04,16:25:45,1.364,173.3
2026-08-04,16:25:45,1.364,173.3
2026-08-04,16:25:45,1.364,173.3
2026-08-04,16:25:46,1.364,173.3
2026-08-04,16:25:46,1.364,173.3
2026-08-04,16:25:46,1.364,173.3
2026-08-04,16:25:46,1.364,173.3
2026-08-04,16:25:46,1.364,173.3
2026-08-04,16:25:46,1.364,173.3
2026-08-04,16:25:47,1.364,173.3
2026-08-04,16:25:47,1.364,173.3
2026-08-04,16:25:47,1.364,173.3
2026-08-04,16:25:47,1.364,173.3
2026-08-04,16:25:47,1.364,173.3
2026-08-04,16:25:47,1.364,173.3
2026-08-04,16:25:48,1.364,173.3
2026-08-04,16:25:48,1.364,173.3
2026-08-04,16:25:48,1.364,173.3
2026-08-04,16:25:48,1.364,173.3
2026-08-04,16:25:48,1.364,173.3
2026-08-04,16:25:48,1.364,173.3
2026-08-04,16:25:49,1.364,173.3
2026-08-04,16:25:49,1.364,173.3
2026-08-04,16:25:49,1.365,173.3
2026-08-04,16:25:49,1.365,173.3
2026-08-04,16:25:49,1.365,173.3
2026-08-04,16:25:49,1.365,173.3
2026-08-04,16:25:50,1.365,173.3
2026-08-04,16:25:50,1.365,173.3
2026-08-04,16:25:50,1.365,173.3
2026-08-04,16:25:50,1.365,173.3
2026-08-04,16:25:50,1.365,173.3
2026-08-04,16:25:50,1.365,173.3
2026-08-04,16:25:51,1.365,173.3
2026-08-04,16:25:51,1.365,173.3
2026-08-04,16:25:51,1.365,173.3
2026-08-04,16:25:51,1.365,173.3
2026-08-04,16:25:51,1.365,173.3
2026-08-04,16:25:51,1.365,173.3
2026-08-04,16:25:52,1.365,173.3
2026-08-04,16:25:52,1.365,173.3
2026-08-04,16:25:52,1.365,173.3
2026-08-04,16:25:52,1.365,173.3
2026-08-04,16:25:52,1.365,173.3
2026-08-04,16:25:52,1.365,173.3
2026-08-04,16:25:53,1.365,173.3
2026-08-04,16:25:53,1.365,173.3
2026-08-04,16:25:53,1.365,173.3
2026-08-04,16:25:53,1.365,173.3
2026-08-04,16:25:53,1.365,173.3
2026-08-04,16:25:53,1.365,173.3
2026-08-04,16:25:54,1.365,173.3
2026-08-04,16:25:54,1.365,173.3
2026-08-04,16:25:54,1.365,173.3
2026-08-04,16:25:54,1.365,173.3
2026-08-04,16:25:54,1.365,173.3
2026-08-04,16:25:54,1.365,173.3
2026-08-04,16:25:55,1.365,173.3
2026-08-04,16:25:55,1.365,173.3
2026-08-04,16:25:55,1.365,173.3
2026-08-04,16:25:55,1.365,173.3
2026-08-04,16:25:55,1.365,173.3
2026-08-04,16:25:55,1.365,173.3
2026-08-04,16:25:56,1.365,173.3
2026-08-04,16:25:56,1.365,173.3
2026-08-04,16:25:56,1.365,173.3
2026-08-04,16:25:56,1.365,173.3
2026-08-04,16:25:56,1.365,173.3
2026-08-04,16:25:56,1.365,173.3
2026-08-04,16:25:57,1.365,173.3
2026-08-04,16:25:57,1.365,173.3
2026-08-04,16:25:57,1.365,173.3
2026-08-04,16:25:57,1.365,173.3
2026-08-04,16:25:57,1.365,173.3
2026-08-04,16:25:57,1.365,173.3
2026-08-04,16:25:58,1.365,173.3
2026-08-04,16:25:58,1.365,173.3
2026-08-04,16:25:58,1.365,173.3
2026-08-04,16:25:58,1.365,173.3
2026-08-04,16:25:58,1.365,173.3
2026-08-04,16:25:58,1.365,173.3
2026-08-04,16:25:58,1.365,173.3
2026-08-04,16:25:59,1.365,173.3
2026-08-04,16:25:59,1.365,173.3
2026-08-04,16:25:59,1.365,173.3
2026-08-04,16:25:59,1.365,173.3
2026-08-04,16:25:59,1.365,173.3
2026-08-04,16:25:59,1.365,173.3
2026-08-04,16:26:00,1.365,173.3
2026-08-04,16:26:00,1.365,173.3
2026-08-04,16:26:00,1.365,173.3
2026-08-04,16:26:00,1.365,173.3
2026-08-04,16:26:00,1.365,173.3
2026-08-04,16:26:00,1.365,173.3
2026-08-04,16:26:01,1.365,173.3
2026-08-04,16:26:01,1.365,173.3
2026-08-04,16:26:01,1.365,173.3
2026-08-04,16:26:01,1.365,173.3
2026-08-04,16:26:01,1.365,173.3
2026-08-04,16:26:01,1.365,173.3
2026-08-04,16:26:02,1.365,173.3
2026-08-04,16:26:02,1.365,173.3
2026-08-04,16:26:02,1.365,173.3
2026-08-04,16:26:02,1.365,173.3
2026-08-04,16:26:02,1.365,173.3
2026-08-04,16:26:02,1.365,173.3
2026-08-04,16:26:03,1.365,173.3
2026-08-04,16:26:03,1.365,173.3
2026-08-04,16:26:03,1.365,173.3
2026-08-04,16:26:03,1.365,173.3
2026-08-04,16:26:03,1.365,173.3
2026-08-04,16:26:03,1.365,173.3
2026-08-04,16:26:04,1.365,173.3
2026-08-04,16:26:04,1.365,173.3
2026-08-04,16:26:04,1.365,173.3
2026-08-04,16:26:04,1.365,173.3
2026-08-04,16:26:04,1.365,173.3
2026-08-04,16:26:04,1.365,173.3
2026-08-04,16:26:05,1.365,173.3
2026-08-04,16:26:05,1.365,173.3
2026-08-04,16:26:05,1.365,173.3
2026-08-04,16:26:05,1.365,173.3
2026-08-04,16:26:05,1.365,173.3
2026-08-04,16:26:05,1.365,173.3
2026-08-04,16:26:06,1.365,173.3
2026-08-04,16:26:06,1.365,173.3
2026-08-04,16:26:06,1.365,173.3
2026-08-04,16:26:06,1.365,173.3
2026-08-04,16:26:06,1.365,173.3
2026-08-04,16:26:06,1.365,173.3
2026-08-04,16:26:07,1.365,173.3
2026-08-04,16:26:07,1.365,173.3
2026-08-04,16:26:07,1.365,173.3
2026-08-04,16:26:07,1.365,173.3
2026-08-04,16:26:07,1.365,173.3
2026-08-04,16:26:07,1.365,173.3
2026-08-04,16:26:08,1.365,173.3
2026-08-04,16:26:08,1.365,173.3
2026-08-04,16:26:08,1.365,173.3
2026-08-04,16:26:08,1.365,173.3
2026-08-04,16:26:08,1.365,173.3
2026-08-04,16:26:08,1.365,173.3
2026-08-04,16:26:09,1.365,173.3
2026-08-04,16:26:09,1.365,173.3
2026-08-04,16:26:09,1.365,173.3
2026-08-04,16:26:09,1.365,173.3
2026-08-04,16:26:09,1.365,173.3
2026-08-04,16:26:09,1.365,173.3
2026-08-04,16:26:10,1.365,173.3
2026-08-04,16:26:10,1.365,173.3
2026-08-04,16:26:10,1.365,173.3
2026-08-04,16:26:10,1.365,173.3
2026-08-04,16:26:10,1.365,173.3
2026-08-04,16:26:10,1.365,173.3
2026-08-04,16:26:11,1.365,173.3
2026-08-04,16:26:11,1.365,173.3
2026-08-04,16:26:11,1.365,173.3
2026-08-04,16:26:11,1.365,173.3
2026-08-04,16:26:11,1.365,173.3
2026-08-04,16:26:11,1.365,173.3
2026-08-04,16:26:12,1.365,173.3
2026-08-04,16:26:12,1.365,173.3
2026-08-04,16:26:12,1.365,173.3
2026-08-04,16:26:12,1.365,173.3
2026-08-04,16:26:12,1.365,173.3
2026-08-04,16:26:12,1.365,173.3
2026-08-04,16:26:13,1.365,173.3
2026-08-04,16:26:13,1.365,173.3
2026-08-04,16:26:13,1.365,173.3
2026-08-04,16:26:13,1.365,173.3
2026-08-04,16:26:13,1.365,173.3
2026-08-04,16:26:13,1.365,173.3
2026-08-04,16:26:14,1.365,173.3
2026-08-04,16:26:14,1.365,173.3
2026-08-04,16:26:14,1.365,173.3
2026-08-04,16:26:14,1.365,173.3
2026-08-04,16:26:14,1.365,173.3
2026-08-04,16:26:14,1.365,173.3
2026-08-04,16:26:14,1.365,173.3
2026-08-04,16:26:15,1.365,173.3
2026-08-04,16:26:15,1.365,173.3
2026-08-04,16:26:15,1.365,173.3
2026-08-04,16:26:15,1.365,173.3
2026-08-04,16:26:15,1.365,173.3
2026-08-04,16:26:15,1.365,173.3
2026-08-04,16:26:16,1.365,173.3
2026-08-04,16:26:16,1.365,173.3
2026-08-04,16:26:16,1.365,173.3
2026-08-04,16:26:16,1.365,173.3
2026-08-04,16:26:16,1.365,173.3
2026-08-04,16:26:16,1.365,173.3
2026-08-04,16:26:17,1.365,173.3
2026-08-04,16:26:17,1.365,173.3
2026-08-04,16:26:17,1.365,173.3
2026-08-04,16:26:17,1.365,173.3
2026-08-04,16:26:17,1.365,173.3
2026-08-04,16:26:17,1.365,173.3
2026-08-04,16:26:18,1.365,173.3
2026-08-04,16:26:18,1.365,173.3
2026-08-04,16:26:18,1.365,173.3
2026-08-04,16:26:18,1.365,173.3
2026-08-04,16:26:18,1.365,173.3
2026-08-04,16:26:18,1.365,173.3
2026-08-04,16:26:19,1.365,173.3
2026-08-04,16:26:19,1.365,173.3
2026-08-04,16:26:19,1.365,173.3
2026-08-04,16:26:19,1.365,173.3
2026-08-04,16:26:19,1.365,173.3
2026-08-04,16:26:19,1.365,173.3
2026-08-04,16:26:20,1.365,173.3
2026-08-04,16:26:20,1.365,173.3
2026-08-04,16:26:20,1.365,173.3
2026-08-04,16:26:20,1.365,173.3
2026-08-04,16:26:20,1.365,173.3
2026-08-04,16:26:20,1.365,173.3
2026-08-04,16:26:21,1.365,173.3
2026-08-04,16:26:21,1.365,173.3
2026-08-04,16:26:21,1.365,173.3
2026-08-04,16:26:21,1.365,173.3
2026-08-04,16:26:21,1.365,173.3
2026-08-04,16:26:21,1.365,173.3
2026-08-04,16:26:22,1.365,173.3
2026-08-04,16:26:22,1.365,173.3
2026-08-04,16:26:22,1.365,173.3
2026-08-04,16:26:22,1.365,173.3
2026-08-04,16:26:22,1.365,173.3
2026-08-04,16:26:22,1.365,173.3
2026-08-04,16:26:23,1.365,173.3
2026-08-04,16:26:23,1.365,173.3
2026-08-04,16:26:23,1.365,173.3
2026-08-04,16:26:23,1.365,173.3
2026-08-04,16:26:23,1.365,173.3
2026-08-04,16:26:23,1.365,173.3
2026-08-04,16:26:24,1.365,173.3
2026-08-04,16:26:24,1.365,173.3
2026-08-04,16:26:24,1.365,173.3
2026-08-04,16:26:24,1.365,173.3
2026-08-04,16:26:24,1.365,173.3
2026-08-04,16:26:24,1.365,173.3
2026-08-04,16:26:25,1.365,173.3
2026-08-04,16:26:25,1.365,173.3
2026-08-04,16:26:25,1.365,173.3
2026-08-04,16:26:25,1.365,173.4
2026-08-04,16:26:25,1.365,173.4
2026-08-04,16:26:25,1.365,173.4
2026-08-04,16:26:26,1.365,173.4
2026-08-04,16:26:26,1.365,173.4
2026-08-04,16:26:26,1.365,173.4
2026-08-04,16:26:26,1.365,173.4
2026-08-04,16:26:26,1.365,173.4
2026-08-04,16:26:26,1.365,173.4
2026-08-04,16:26:27,1.365,173.4
2026-08-04,16:26:27,1.365,173.4
2026-08-04,16:26:27,1.365,173.4
2026-08-04,16:26:27,1.365,173.4
2026-08-04,16:26:27,1.365,173.4
2026-08-04,16:26:27,1.365,173.4
2026-08-04,16:26:28,1.365,173.4
2026-08-04,16:26:28,1.365,173.4
2026-08-04,16:26:28,1.365,173.4
2026-08-04,16:26:28,1.365,173.4
2026-08-04,16:26:28,1.365,173.4
2026-08-04,16:26:28,1.365,173.4
2026-08-04,16:26:29,1.365,173.4
2026-08-04,16:26:29,1.365,173.4
2026-08-04,16:26:29,1.365,173.4
2026-08-04,16:26:29,1.365,173.4
2026-08-04,16:26:29,1.365,173.4
2026-08-04,16:26:29,1.365,173.4
2026-08-04,16:26:30,1.365,173.4
2026-08-04,16:26:30,1.365,173.4
2026-08-04,16:26:30,1.365,173.4
2026-08-04,16:26:30,1.365,173.4
2026-08-04,16:26:30,1.365,173.4
2026-08-04,16:26:30,1.365,173.4
2026-08-04,16:26:31,1.365,173.4
2026-08-04,16:26:31,1.365,173.4
2026-08-04,16:26:31,1.365,173.4
2026-08-04,16:26:31,1.365,173.4
2026-08-04,16:26:31,1.365,173.4
2026-08-04,16:26:31,1.365,173.4
2026-08-04,16:26:31,1.365,173.4
2026-08-04,16:26:32,1.365,173.4
2026-08-04,16:26:32,1.365,173.4
2026-08-04,16:26:32,1.365,173.4
2026-08-04,16:26:32,1.365,173.4
2026-08-04,16:26:32,1.365,173.4
2026-08-04,16:26:32,1.365,173.4
2026-08-04,16:26:33,1.365,173.4
2026-08-04,16:26:33,1.365,173.4
2026-08-04,16:26:33,1.365,173.4
2026-08-04,16:26:33,1.365,173.4
2026-08-04,16:26:33,1.365,173.4
2026-08-04,16:26:33,1.365,173.4
2026-08-04,16:26:34,1.365,173.4
2026-08-04,16:26:34,1.365,173.4
2026-08-04,16:26:34,1.365,173.4
2026-08-04,16:26:34,1.365,173.4
2026-08-04,16:26:34,1.365,173.4
2026-08-04,16:26:34,1.365,173.4
2026-08-04,16:26:35,1.365,173.4
2026-08-04,16:26:35,1.365,173.4
2026-08-04,16:26:35,1.365,173.4
2026-08-04,16:26:35,1.365,173.4
2026-08-04,16:26:35,1.365,173.4
2026-08-04,16:26:35,1.365,173.4
2026-08-04,16:26:36,1.365,173.4
2026-08-04,16:26:36,1.365,173.4
2026-08-04,16:26:36,1.365,173.4
2026-08-04,16:26:36,1.365,173.4
2026-08-04,16:26:36,1.365,173.4
2026-08-04,16:26:36,1.365,173.4
2026-08-04,16:26:37,1.365,173.4
2026-08-04,16:26:37,1.365,173.4
2026-08-04,16:26:37,1.365,173.4
2026-08-04,16:26:37,1.365,173.4
2026-08-04,16:26:37,1.365,173.4
2026-08-04,16:26:37,1.365,173.4
2026-08-04,16:26:38,1.365,173.4
2026-08-04,16:26:38,1.365,173.4
2026-08-04,16:26:38,1.365,173.4
2026-08-04,16:26:38,1.365,173.4
2026-08-04,16:26:38,1.365,173.4
2026-08-04,16:26:38,1.365,173.4
2026-08-04,16:26:39,1.365,173.4
2026-08-04,16:26:39,1.365,173.4
2026-08-04,16:26:39,1.365,173.4
2026-08-04,16:26:39,1.365,173.4
2026-08-04,16:26:39,1.365,173.4
2026-08-04,16:26:39,1.365,173.4
2026-08-04,16:26:40,1.365,173.4
2026-08-04,16:26:40,1.365,173.4
2026-08-04,16:26:40,1.365,173.4
2026-08-04,16:26:40,1.365,173.4
2026-08-04,16:26:40,1.365,173.4
2026-08-04,16:26:40,1.365,173.4
2026-08-04,16:26:41,1.365,173.4
2026-08-04,16:26:41,1.365,173.4
2026-08-04,16:26:41,1.365,173.4
2026-08-04,16:26:41,1.365,173.4
2026-08-04,16:26:41,1.365,173.4
2026-08-04,16:26:41,1.365,173.4
2026-08-04,16:26:42,1.365,173.4
2026-08-04,16:26:42,1.365,173.4
2026-08-04,16:26:42,1.365,173.4
2026-08-04,16:26:42,1.365,173.4
2026-08-04,16:26:42,1.365,173.4
2026-08-04,16:26:42,1.365,173.4
2026-08-04,16:26:43,1.365,173.4
2026-08-04,16:26:43,1.365,173.4
2026-08-04,16:26:43,1.365,173.4
2026-08-04,16:26:43,1.365,173.4
2026-08-04,16:26:43,1.365,173.4
2026-08-04,16:26:43,1.365,173.4
2026-08-04,16:26:44,1.365,173.4
2026-08-04,16:26:44,1.365,173.4
2026-08-04,16:26:44,1.365,173.4
2026-08-04,16:26:44,1.365,173.4
2026-08-04,16:26:44,1.365,173.4
2026-08-04,16:26:44,1.365,173.4
2026-08-04,16:26:45,1.365,173.4
2026-08-04,16:26:45,1.365,173.4
2026-08-04,16:26:45,1.365,173.4
2026-08-04,16:26:45,1.365,173.4
2026-08-04,16:26:45,1.365,173.4
2026-08-04,16:26:45,1.365,173.4
2026-08-04,16:26:46,1.365,173.4
2026-08-04,16:26:46,1.365,173.4
2026-08-04,16:26:46,1.365,173.4
2026-08-04,16:26:46,1.365,173.4
2026-08-04,16:26:46,1.365,173.4
2026-08-04,16:26:46,1.365,173.4
2026-08-04,16:26:47,1.365,173.4
2026-08-04,16:26:47,1.365,173.4
2026-08-04,16:26:47,1.365,173.4
2026-08-04,16:26:47,1.365,173.4
2026-08-04,16:26:47,1.365,173.4
2026-08-04,16:26:47,1.365,173.4
2026-08-04,16:26:47,1.365,173.4
2026-08-04,16:26:48,1.365,173.4
2026-08-04,16:26:48,1.365,173.4
2026-08-04,16:26:48,1.365,173.4
2026-08-04,16:26:48,1.365,173.4
2026-08-04,16:26:48,1.365,173.4
2026-08-04,16:26:48,1.365,173.4
2026-08-04,16:26:49,1.365,173.4
2026-08-04,16:26:49,1.365,173.4
2026-08-04,16:26:49,1.365,173.4
2026-08-04,16:26:49,1.365,173.4
2026-08-04,16:26:49,1.365,173.4
2026-08-04,16:26:49,1.365,173.4
2026-08-04,16:26:50,1.365,173.4
2026-08-04,16:26:50,1.365,173.4
2026-08-04,16:26:50,1.365,173.4
2026-08-04,16:26:50,1.365,173.4
2026-08-04,16:26:50,1.365,173.4
2026-08-04,16:26:50,1.365,173.4
2026-08-04,16:26:51,1.365,173.4
2026-08-04,16:26:51,1.365,173.4
2026-08-04,16:26:51,1.365,173.4
2026-08-04,16:26:51,1.365,173.4
2026-08-04,16:26:51,1.365,173.4
2026-08-04,16:26:51,1.365,173.4
2026-08-04,16:26:52,1.365,173.4
2026-08-04,16:26:52,1.365,173.4
2026-08-04,16:26:52,1.365,173.4
2026-08-04,16:26:52,1.365,173.4
2026-08-04,16:26:52,1.365,173.4
2026-08-04,16:26:52,1.365,173.4
2026-08-04,16:26:53,1.365,173.4
2026-08-04,16:26:53,1.365,173.4
2026-08-04,16:26:53,1.365,173.4
2026-08-04,16:26:53,1.365,173.4
2026-08-04,16:26:53,1.365,173.4
2026-08-04,16:26:53,1.365,173.4
2026-08-04,16:26:54,1.365,173.4
2026-08-04,16:26:54,1.365,173.4
2026-08-04,16:26:54,1.365,173.4
2026-08-04,16:26:54,1.365,173.4
2026-08-04,16:26:54,1.365,173.4
2026-08-04,16:26:54,1.365,173.4
2026-08-04,16:26:55,1.365,173.4
2026-08-04,16:26:55,1.365,173.4
2026-08-04,16:26:55,1.365,173.4
2026-08-04,16:26:55,1.365,173.4
2026-08-04,16:26:55,1.365,173.4
2026-08-04,16:26:55,1.365,173.4
2026-08-04,16:26:56,1.365,173.4
2026-08-04,16:26:56,1.365,173.4
2026-08-04,16:26:56,1.365,173.4
2026-08-04,16:26:56,1.365,173.4
2026-08-04,16:26:56,1.365,173.4
2026-08-04,16:26:56,1.365,173.4
2026-08-04,16:26:57,1.365,173.4
2026-08-04,16:26:57,1.365,173.4
2026-08-04,16:26:57,1.365,173.4
2026-08-04,16:26:57,1.365,173.4
2026-08-04,16:26:57,1.365,173.4
2026-08-04,16:26:57,1.365,173.4
2026-08-04,16:26:58,1.365,173.4
2026-08-04,16:26:58,1.365,173.4
2026-08-04,16:26:58,1.365,173.4
2026-08-04,16:26:58,1.365,173.4
2026-08-04,16:26:58,1.365,173.4
2026-08-04,16:26:58,1.365,173.4
2026-08-04,16:26:59,1.365,173.4
2026-08-04,16:26:59,1.365,173.4
2026-08-04,16:26:59,1.365,173.4
2026-08-04,16:26:59,1.365,173.4
2026-08-04,16:26:59,1.365,173.4
2026-08-04,16:26:59,1.365,173.4
2026-08-04,16:27:00,1.365,173.4
2026-08-04,16:27:00,1.365,173.4
2026-08-04,16:27:00,1.365,173.4
2026-08-04,16:27:00,1.365,173.4
2026-08-04,16:27:00,1.365,173.4
2026-08-04,16:27:00,1.365,173.4
2026-08-04,16:27:01,1.365,173.4
2026-08-04,16:27:01,1.365,173.4
2026-08-04,16:27:01,1.365,173.4
2026-08-04,16:27:01,1.365,173.4
2026-08-04,16:27:01,1.365,173.4
2026-08-04,16:27:01,1.365,173.4
2026-08-04,16:27:02,1.365,173.4
2026-08-04,16:27:02,1.365,173.4
2026-08-04,16:27:02,1.365,173.4
2026-08-04,16:27:02,1.365,173.4
2026-08-04,16:27:02,1.365,173.4
2026-08-04,16:27:02,1.365,173.4
2026-08-04,16:27:03,1.365,173.4
2026-08-04,16:27:03,1.365,173.4
2026-08-04,16:27:03,1.365,173.4
2026-08-04,16:27:03,1.365,173.4
2026-08-04,16:27:03,1.365,173.4
2026-08-04,16:27:03,1.365,173.4
2026-08-04,16:27:04,1.365,173.4
2026-08-04,16:27:04,1.365,173.4
2026-08-04,16:27:04,1.365,173.4
2026-08-04,16:27:04,1.365,173.4
2026-08-04,16:27:04,1.365,173.4
2026-08-04,16:27:04,1.365,173.4
2026-08-04,16:27:04,1.365,173.4
2026-08-04,16:27:05,1.365,173.4
2026-08-04,16:27:05,1.365,173.4
2026-08-04,16:27:05,1.365,173.4
2026-08-04,16:27:05,1.365,173.4
2026-08-04,16:27:05,1.365,173.4
2026-08-04,16:27:05,1.365,173.4
2026-08-04,16:27:06,1.365,173.4
2026-08-04,16:27:06,1.365,173.4
2026-08-04,16:27:06,1.365,173.4
2026-08-04,16:27:06,1.365,173.4
2026-08-04,16:27:06,1.365,173.4
2026-08-04,16:27:06,1.365,173.4
2026-08-04,16:27:07,1.365,173.4
2026-08-04,16:27:07,1.365,173.4
2026-08-04,16:27:07,1.365,173.4
2026-08-04,16:27:07,1.365,173.4
2026-08-04,16:27:07,1.365,173.4
2026-08-04,16:27:07,1.365,173.4
2026-08-04,16:27:08,1.365,173.4
2026-08-04,16:27:08,1.365,173.4
2026-08-04,16:27:08,1.365,173.4
2026-08-04,16:27:08,1.365,173.4
2026-08-04,16:27:08,1.365,173.4
2026-08-04,16:27:08,1.365,173.4
2026-08-04,16:27:09,1.365,173.4
2026-08-04,16:27:09,1.365,173.4
2026-08-04,16:27:09,1.365,173.4
2026-08-04,16:27:09,1.365,173.4
2026-08-04,16:27:09,1.365,173.4
2026-08-04,16:27:09,1.365,173.4
2026-08-04,16:27:10,1.365,173.4
2026-08-04,16:27:10,1.365,173.4
2026-08-04,16:27:10,1.365,173.4
2026-08-04,16:27:10,1.365,173.4
2026-08-04,16:27:10,1.365,173.4
2026-08-04,16:27:10,1.365,173.4
2026-08-04,16:27:11,1.365,173.4
2026-08-04,16:27:11,1.365,173.4
2026-08-04,16:27:11,1.365,173.4
2026-08-04,16:27:11,1.365,173.4
2026-08-04,16:27:11,1.365,173.4
2026-08-04,16:27:11,1.365,173.4
2026-08-04,16:27:12,1.365,173.4
2026-08-04,16:27:12,1.365,173.4
2026-08-04,16:27:12,1.365,173.4
2026-08-04,16:27:12,1.365,173.4
2026-08-04,16:27:12,1.365,173.4
2026-08-04,16:27:12,1.365,173.4
2026-08-04,16:27:13,1.365,173.4
2026-08-04,16:27:13,1.365,173.4
2026-08-04,16:27:13,1.365,173.4
2026-08-04,16:27:13,1.365,173.4
2026-08-04,16:27:13,1.365,173.4
2026-08-04,16:27:13,1.365,173.4
2026-08-04,16:27:14,1.365,173.4
2026-08-04,16:27:14,1.365,173.4
2026-08-04,16:27:14,1.365,173.4
2026-08-04,16:27:14,1.365,173.4
2026-08-04,16:27:14,1.365,173.4
2026-08-04,16:27:14,1.365,173.4
2026-08-04,16:27:15,1.365,173.4
2026-08-04,16:27:15,1.365,173.4
2026-08-04,16:27:15,1.365,173.4
2026-08-04,16:27:15,1.365,173.4
2026-08-04,16:27:15,1.365,173.4
2026-08-04,16:27:15,1.365,173.4
2026-08-04,16:27:16,1.365,173.4
2026-08-04,16:27:16,1.365,173.4
2026-08-04,16:27:16,1.365,173.4
2026-08-04,16:27:16,1.365,173.4
2026-08-04,16:27:16,1.365,173.4
2026-08-04,16:27:16,1.365,173.4
2026-08-04,16:27:17,1.365,173.4
2026-08-04,16:27:17,1.365,173.4
2026-08-04,16:27:17,1.365,173.4
2026-08-04,16:27:17,1.365,173.4
2026-08-04,16:27:17,1.365,173.4
2026-08-04,16:27:17,1.365,173.4
2026-08-04,16:27:18,1.365,173.4
2026-08-04,16:27:18,1.365,173.4
2026-08-04,16:27:18,1.365,173.4
2026-08-04,16:27:18,1.365,173.4
2026-08-04,16:27:18,1.365,173.4
2026-08-04,16:27:18,1.365,173.4
2026-08-04,16:27:19,1.365,173.4
2026-08-04,16:27:19,1.365,173.4
2026-08-04,16:27:19,1.365,173.4
2026-08-04,16:27:19,1.365,173.4
2026-08-04,16:27:19,1.365,173.4
2026-08-04,16:27:19,1.365,173.4
2026-08-04,16:27:20,1.365,173.4
2026-08-04,16:27:20,1.365,173.4
2026-08-04,16:27:20,1.365,173.4
2026-08-04,16:27:20,1.365,173.4
2026-08-04,16:27:20,1.365,173.4
2026-08-04,16:27:20,1.365,173.4
2026-08-04,16:27:20,1.365,173.4
2026-08-04,16:27:21,1.365,173.4
2026-08-04,16:27:21,1.365,173.4
2026-08-04,16:27:21,1.365,173.4
2026-08-04,16:27:21,1.365,173.4
2026-08-04,16:27:21,1.365,173.4
2026-08-04,16:27:21,1.365,173.4
2026-08-04,16:27:22,1.365,173.4
2026-08-04,16:27:22,1.365,173.4
2026-08-04,16:27:22,1.365,173.4
2026-08-04,16:27:22,1.365,173.4
2026-08-04,16:27:22,1.365,173.4
2026-08-04,16:27:22,1.365,173.4
2026-08-04,16:27:23,1.365,173.4
2026-08-04,16:27:23,1.365,173.4
2026-08-04,16:27:23,1.365,173.4
2026-08-04,16:27:23,1.365,173.4
2026-08-04,16:27:23,1.365,173.4
2026-08-04,16:27:23,1.365,173.4
2026-08-04,16:27:24,1.365,173.4
2026-08-04,16:27:24,1.365,173.4
2026-08-04,16:27:24,1.365,173.4
2026-08-04,16:27:24,1.365,173.4
2026-08-04,16:27:24,1.365,173.4
2026-08-04,16:27:24,1.365,173.4
2026-08-04,16:27:25,1.365,173.4
2026-08-04,16:27:25,1.365,173.4
2026-08-04,16:27:25,1.365,173.4
2026-08-04,16:27:25,1.365,173.4
2026-08-04,16:27:25,1.365,173.4
2026-08-04,16:27:25,1.365,173.4
2026-08-04,16:27:26,1.365,173.4
2026-08-04,16:27:26,1.365,173.4
2026-08-04,16:27:26,1.365,173.4
2026-08-04,16:27:26,1.365,173.4
2026-08-04,16:27:26,1.365,173.4
2026-08-04,16:27:26,1.365,173.4
2026-08-04,16:27:27,1.365,173.4
2026-08-04,16:27:27,1.365,173.4
2026-08-04,16:27:27,1.365,173.4
2026-08-04,16:27:27,1.365,173.4
2026-08-04,16:27:27,1.365,173.4
2026-08-04,16:27:27,1.365,173.4
2026-08-04,16:27:28,1.365,173.4
2026-08-04,16:27:28,1.365,173.4
2026-08-04,16:27:28,1.365,173.4
2026-08-04,16:27:28,1.365,173.4
2026-08-04,16:27:28,1.365,173.4
2026-08-04,16:27:28,1.365,173.4
2026-08-04,16:27:29,1.365,173.4
2026-08-04,16:27:29,1.365,173.4
2026-08-04,16:27:29,1.365,173.4
2026-08-04,16:27:29,1.365,173.4
2026-08-04,16:27:29,1.365,173.4
2026-08-04,16:27:29,1.365,173.4
2026-08-04,16:27:30,1.365,173.4
2026-08-04,16:27:30,1.365,173.4
2026-08-04,16:27:30,1.365,173.4
2026-08-04,16:27:30,1.365,173.4
2026-08-04,16:27:30,1.365,173.4
2026-08-04,16:27:30,1.365,173.4
2026-08-04,16:27:31,1.365,173.4
2026-08-04,16:27:31,1.365,173.4
2026-08-04,16:27:31,1.365,173.4
2026-08-04,16:27:31,1.365,173.4
2026-08-04,16:27:31,1.365,173.4
2026-08-04,16:27:31,1.365,173.4
2026-08-04,16:27:32,1.365,173.4
2026-08-04,16:27:32,1.365,173.4
2026-08-04,16:27:32,1.365,173.4
2026-08-04,16:27:32,1.365,173.4
2026-08-04,16:27:32,1.365,173.4
2026-08-04,16:27:32,1.365,173.4
2026-08-04,16:27:33,1.365,173.4
2026-08-04,16:27:33,1.365,173.4
2026-08-04,16:27:33,1.365,173.4
2026-08-04,16:27:33,1.365,173.4
2026-08-04,16:27:33,1.365,173.4
2026-08-04,16:27:33,1.365,173.4
2026-08-04,16:27:34,1.365,173.4
2026-08-04,16:27:34,1.365,173.4
2026-08-04,16:27:34,1.365,173.4
2026-08-04,16:27:34,1.365,173.4
2026-08-04,16:27:34,1.365,173.4
2026-08-04,16:27:34,1.365,173.4
2026-08-04,16:27:35,1.365,173.4
2026-08-04,16:27:35,1.365,173.4
2026-08-04,16:27:35,1.365,173.4
2026-08-04,16:27:35,1.365,173.4
2026-08-04,16:27:35,1.365,173.4
2026-08-04,16:27:35,1.366,173.4
2026-08-04,16:27:36,1.366,173.4
2026-08-04,16:27:36,1.366,173.4
2026-08-04,16:27:36,1.366,173.4
2026-08-04,16:27:36,1.366,173.4
2026-08-04,16:27:36,1.366,173.4
2026-08-04,16:27:36,1.366,173.4
2026-08-04,16:27:37,1.366,173.4
2026-08-04,16:27:37,1.365,173.4
2026-08-04,16:27:37,1.365,173.4
2026-08-04,16:27:37,1.365,173.4
2026-08-04,16:27:37,1.365,173.4
2026-08-04,16:27:37,1.365,173.4
2026-08-04,16:27:37,1.365,173.4
2026-08-04,16:27:38,1.365,173.4
2026-08-04,16:27:38,1.365,173.4
2026-08-04,16:27:38,1.365,173.4
2026-08-04,16:27:38,1.365,173.4
2026-08-04,16:27:38,1.365,173.4
2026-08-04,16:27:38,1.365,173.4
2026-08-04,16:27:39,1.365,173.4
2026-08-04,16:27:39,1.365,173.4
2026-08-04,16:27:39,1.365,173.4
2026-08-04,16:27:39,1.365,173.4
2026-08-04,16:27:39,1.365,173.4
2026-08-04,16:27:39,1.365,173.4
2026-08-04,16:27:40,1.365,173.4
2026-08-04,16:27:40,1.365,173.4
2026-08-04,16:27:40,1.365,173.4
2026-08-04,16:27:40,1.365,173.4
2026-08-04,16:27:40,1.365,173.4
2026-08-04,16:27:40,1.365,173.4
2026-08-04,16:27:41,1.365,173.4
2026-08-04,16:27:41,1.365,173.4
2026-08-04,16:27:41,1.365,173.4
2026-08-04,16:27:41,1.365,173.4
2026-08-04,16:27:41,1.365,173.4
2026-08-04,16:27:41,1.365,173.4
2026-08-04,16:27:42,1.365,173.4
2026-08-04,16:27:42,1.366,173.4
2026-08-04,16:27:42,1.366,173.4
2026-08-04,16:27:42,1.366,173.4
2026-08-04,16:27:42,1.366,173.4
2026-08-04,16:27:42,1.366,173.4
2026-08-04,16:27:43,1.366,173.4
2026-08-04,16:27:43,1.366,173.4
2026-08-04,16:27:43,1.366,173.4
2026-08-04,16:27:43,1.365,173.4
2026-08-04,16:27:43,1.365,173.4
2026-08-04,16:27:43,1.365,173.4
2026-08-04,16:27:44,1.365,173.4
2026-08-04,16:27:44,1.365,173.4
2026-08-04,16:27:44,1.365,173.4
2026-08-04,16:27:44,1.365,173.4
2026-08-04,16:27:44,1.365,173.4
2026-08-04,16:27:44,1.365,173.4
2026-08-04,16:27:45,1.365,173.4
2026-08-04,16:27:45,1.365,173.4
2026-08-04,16:27:45,1.365,173.4
2026-08-04,16:27:45,1.365,173.4
2026-08-04,16:27:45,1.365,173.4
2026-08-04,16:27:45,1.365,173.4
2026-08-04,16:27:46,1.365,173.4
2026-08-04,16:27:46,1.365,173.4
2026-08-04,16:27:46,1.365,173.4
2026-08-04,16:27:46,1.365,173.4
2026-08-04,16:27:46,1.365,173.4
2026-08-04,16:27:46,1.365,173.4
2026-08-04,16:27:47,1.365,173.4
2026-08-04,16:27:47,1.365,173.4
2026-08-04,16:27:47,1.365,173.4
2026-08-04,16:27:47,1.365,173.4
2026-08-04,16:27:47,1.365,173.4
2026-08-04,16:27:47,1.365,173.4
2026-08-04,16:27:48,1.365,173.4
2026-08-04,16:27:48,1.365,173.4
2026-08-04,16:27:48,1.365,173.4
2026-08-04,16:27:48,1.365,173.4
2026-08-04,16:27:48,1.365,173.4
2026-08-04,16:27:48,1.365,173.4
2026-08-04,16:27:49,1.365,173.4
2026-08-04,16:27:49,1.365,173.4
2026-08-04,16:27:49,1.365,173.4
2026-08-04,16:27:49,1.365,173.4
2026-08-04,16:27:49,1.365,173.4
2026-08-04,16:27:49,1.365,173.4
2026-08-04,16:27:50,1.365,173.4
2026-08-04,16:27:50,1.365,173.4
2026-08-04,16:27:50,1.365,173.4
2026-08-04,16:27:50,1.365,173.4
2026-08-04,16:27:50,1.365,173.4
2026-08-04,16:27:50,1.365,173.4
2026-08-04,16:27:51,1.365,173.4
2026-08-04,16:27:51,1.365,173.4
2026-08-04,16:27:51,1.365,173.4
2026-08-04,16:27:51,1.365,173.4
2026-08-04,16:27:51,1.365,173.4
2026-08-04,16:27:51,1.365,173.4
2026-08-04,16:27:52,1.365,173.4
2026-08-04,16:27:52,1.365,173.4
2026-08-04,16:27:52,1.365,173.4
2026-08-04,16:27:52,1.365,173.4
2026-08-04,16:27:52,1.365,173.4
2026-08-04,16:27:52,1.365,173.4
2026-08-04,16:27:53,1.365,173.4
2026-08-04,16:27:53,1.365,173.4
2026-08-04,16:27:53,1.365,173.4
2026-08-04,16:27:53,1.365,173.4
2026-08-04,16:27:53,1.365,173.4
2026-08-04,16:27:53,1.365,173.4
2026-08-04,16:27:53,1.365,173.4
2026-08-04,16:27:54,1.365,173.4
2026-08-04,16:27:54,1.365,173.4
2026-08-04,16:27:54,1.365,173.4
2026-08-04,16:27:54,1.366,173.4
2026-08-04,16:27:54,1.366,173.4
2026-08-04,16:27:54,1.366,173.4
2026-08-04,16:27:55,1.366,173.4
2026-08-04,16:27:55,1.366,173.4
2026-08-04,16:27:55,1.366,173.4
2026-08-04,16:27:55,1.366,173.4
2026-08-04,16:27:55,1.366,173.4
2026-08-04,16:27:55,1.366,173.4
2026-08-04,16:27:56,1.366,173.4
2026-08-04,16:27:56,1.366,173.4
2026-08-04,16:27:56,1.366,173.4
2026-08-04,16:27:56,1.366,173.4
2026-08-04,16:27:56,1.366,173.4
2026-08-04,16:27:56,1.366,173.4
2026-08-04,16:27:57,1.366,173.4
2026-08-04,16:27:57,1.366,173.4
2026-08-04,16:27:57,1.366,173.4
2026-08-04,16:27:57,1.366,173.4
2026-08-04,16:27:57,1.366,173.4
2026-08-04,16:27:57,1.366,173.4
2026-08-04,16:27:58,1.366,173.4
2026-08-04,16:27:58,1.366,173.4
2026-08-04,16:27:58,1.366,173.4
2026-08-04,16:27:58,1.366,173.4
2026-08-04,16:27:58,1.366,173.4
2026-08-04,16:27:58,1.366,173.4
2026-08-04,16:27:59,1.366,173.4
2026-08-04,16:27:59,1.366,173.4
2026-08-04,16:27:59,1.366,173.4
2026-08-04,16:27:59,1.366,173.4
2026-08-04,16:27:59,1.366,173.4
2026-08-04,16:27:59,1.366,173.4
2026-08-04,16:28:00,1.366,173.4
2026-08-04,16:28:00,1.366,173.4
2026-08-04,16:28:00,1.366,173.4
2026-08-04,16:28:00,1.366,173.4
2026-08-04,16:28:00,1.366,173.4
2026-08-04,16:28:00,1.366,173.4
2026-08-04,16:28:01,1.366,173.4
2026-08-04,16:28:01,1.366,173.4
2026-08-04,16:28:01,1.365,173.4
2026-08-04,16:28:01,1.365,173.4
2026-08-04,16:28:01,1.365,173.4
2026-08-04,16:28:01,1.365,173.4
2026-08-04,16:28:02,1.365,173.4
2026-08-04,16:28:02,1.365,173.4
2026-08-04,16:28:02,1.365,173.4
2026-08-04,16:28:02,1.365,173.4
2026-08-04,16:28:02,1.365,173.4
2026-08-04,16:28:02,1.365,173.4
2026-08-04,16:28:03,1.365,173.4
2026-08-04,16:28:03,1.365,173.4
2026-08-04,16:28:03,1.365,173.4
2026-08-04,16:28:03,1.365,173.4
2026-08-04,16:28:03,1.365,173.4
2026-08-04,16:28:03,1.365,173.4
2026-08-04,16:28:04,1.365,173.4
2026-08-04,16:28:04,1.365,173.4
2026-08-04,16:28:04,1.365,173.4
2026-08-04,16:28:04,1.365,173.4
2026-08-04,16:28:04,1.365,173.4
2026-08-04,16:28:04,1.365,173.4
2026-08-04,16:28:05,1.365,173.4
2026-08-04,16:28:05,1.365,173.4
2026-08-04,16:28:05,1.365,173.4
2026-08-04,16:28:05,1.365,173.4
2026-08-04,16:28:05,1.365,173.4
2026-08-04,16:28:05,1.365,173.4
2026-08-04,16:28:06,1.365,173.4
2026-08-04,16:28:06,1.365,173.4
2026-08-04,16:28:06,1.365,173.4
2026-08-04,16:28:06,1.365,173.4
2026-08-04,16:28:06,1.365,173.4
2026-08-04,16:28:06,1.365,173.4
2026-08-04,16:28:07,1.365,173.4
2026-08-04,16:28:07,1.365,173.4
2026-08-04,16:28:07,1.365,173.4
2026-08-04,16:28:07,1.365,173.4
2026-08-04,16:28:07,1.365,173.4
2026-08-04,16:28:07,1.365,173.4
2026-08-04,16:28:08,1.365,173.4
2026-08-04,16:28:08,1.365,173.4
2026-08-04,16:28:08,1.365,173.4
2026-08-04,16:28:08,1.365,173.4
2026-08-04,16:28:08,1.365,173.4
2026-08-04,16:28:08,1.365,173.4
2026-08-04,16:28:09,1.365,173.4
2026-08-04,16:28:09,1.365,173.4
2026-08-04,16:28:09,1.365,173.4
2026-08-04,16:28:09,1.365,173.4
2026-08-04,16:28:09,1.365,173.4
2026-08-04,16:28:09,1.365,173.4
2026-08-04,16:28:09,1.365,173.4
2026-08-04,16:28:10,1.365,173.4
2026-08-04,16:28:10,1.365,173.4
2026-08-04,16:28:10,1.365,173.4
2026-08-04,16:28:10,1.365,173.4
2026-08-04,16:28:10,1.365,173.4
2026-08-04,16:28:10,1.365,173.4
2026-08-04,16:28:11,1.365,173.4
2026-08-04,16:28:11,1.365,173.4
2026-08-04,16:28:11,1.365,173.4
2026-08-04,16:28:11,1.365,173.4
2026-08-04,16:28:11,1.365,173.4
2026-08-04,16:28:11,1.365,173.4
2026-08-04,16:28:12,1.365,173.4
2026-08-04,16:28:12,1.365,173.4
2026-08-04,16:28:12,1.365,173.4
2026-08-04,16:28:12,1.365,173.4
2026-08-04,16:28:12,1.365,173.4
2026-08-04,16:28:12,1.365,173.4
2026-08-04,16:28:13,1.365,173.4
2026-08-04,16:28:13,1.365,173.4
2026-08-04,16:28:13,1.365,173.4
2026-08-04,16:28:13,1.365,173.4
2026-08-04,16:28:13,1.365,173.4
2026-08-04,16:28:13,1.365,173.4
2026-08-04,16:28:14,1.365,173.4
2026-08-04,16:28:14,1.366,173.4
2026-08-04,16:28:14,1.366,173.4
2026-08-04,16:28:14,1.366,173.4
2026-08-04,16:28:14,1.366,173.4
2026-08-04,16:28:14,1.366,173.4
2026-08-04,16:28:15,1.366,173.4
2026-08-04,16:28:15,1.366,173.4
2026-08-04,16:28:15,1.366,173.4
2026-08-04,16:28:15,1.366,173.4
2026-08-04,16:28:15,1.366,173.4
2026-08-04,16:28:15,1.366,173.4
2026-08-04,16:28:16,1.366,173.4
2026-08-04,16:28:16,1.366,173.4
2026-08-04,16:28:16,1.366,173.4
2026-08-04,16:28:16,1.366,173.4
2026-08-04,16:28:16,1.366,173.4
2026-08-04,16:28:16,1.366,173.4
2026-08-04,16:28:17,1.366,173.4
2026-08-04,16:28:17,1.366,173.4
2026-08-04,16:28:17,1.366,173.4
2026-08-04,16:28:17,1.366,173.4
2026-08-04,16:28:17,1.366,173.4
2026-08-04,16:28:17,1.366,173.4
2026-08-04,16:28:18,1.366,173.4
2026-08-04,16:28:18,1.366,173.4
2026-08-04,16:28:18,1.366,173.4
2026-08-04,16:28:18,1.366,173.4
2026-08-04,16:28:18,1.366,173.4
2026-08-04,16:28:18,1.366,173.4
2026-08-04,16:28:19,1.366,173.4
2026-08-04,16:28:19,1.366,173.4
2026-08-04,16:28:19,1.366,173.4
2026-08-04,16:28:19,1.366,173.4
2026-08-04,16:28:19,1.366,173.4
2026-08-04,16:28:19,1.366,173.4
2026-08-04,16:28:20,1.366,173.4
2026-08-04,16:28:20,1.366,173.4
2026-08-04,16:28:20,1.366,173.4
2026-08-04,16:28:20,1.366,173.4
2026-08-04,16:28:20,1.366,173.4
2026-08-04,16:28:20,1.366,173.4
2026-08-04,16:28:21,1.366,173.4
2026-08-04,16:28:21,1.366,173.4
2026-08-04,16:28:21,1.366,173.4
2026-08-04,16:28:21,1.366,173.4
2026-08-04,16:28:21,1.366,173.4
2026-08-04,16:28:21,1.366,173.4
2026-08-04,16:28:22,1.366,173.4
2026-08-04,16:28:22,1.366,173.4
2026-08-04,16:28:22,1.366,173.4
2026-08-04,16:28:22,1.366,173.4
2026-08-04,16:28:22,1.366,173.4
2026-08-04,16:28:22,1.366,173.4
2026-08-04,16:28:23,1.366,173.4
2026-08-04,16:28:23,1.366,173.4
2026-08-04,16:28:23,1.366,173.4
2026-08-04,16:28:23,1.366,173.4
2026-08-04,16:28:23,1.366,173.4
2026-08-04,16:28:23,1.366,173.4
2026-08-04,16:28:24,1.366,173.4
2026-08-04,16:28:24,1.366,173.4
2026-08-04,16:28:24,1.366,173.4
2026-08-04,16:28:24,1.366,173.4
2026-08-04,16:28:24,1.366,173.4
2026-08-04,16:28:24,1.366,173.4
2026-08-04,16:28:25,1.366,173.4
2026-08-04,16:28:25,1.366,173.4
2026-08-04,16:28:25,1.366,173.4
2026-08-04,16:28:25,1.366,173.4
2026-08-04,16:28:25,1.366,173.4
2026-08-04,16:28:25,1.366,173.4
2026-08-04,16:28:26,1.366,173.4
2026-08-04,16:28:26,1.366,173.4
2026-08-04,16:28:26,1.366,173.5
2026-08-04,16:28:26,1.366,173.5
2026-08-04,16:28:26,1.366,173.5
2026-08-04,16:28:26,1.366,173.5
2026-08-04,16:28:26,1.366,173.5
2026-08-04,16:28:27,1.366,173.5
2026-08-04,16:28:27,1.366,173.5
2026-08-04,16:28:27,1.366,173.5
2026-08-04,16:28:27,1.366,173.5
2026-08-04,16:28:27,1.366,173.5
2026-08-04,16:28:27,1.366,173.5
2026-08-04,16:28:28,1.366,173.4
2026-08-04,16:28:28,1.366,173.5
2026-08-04,16:28:28,1.366,173.5
2026-08-04,16:28:28,1.366,173.5
2026-08-04,16:28:28,1.366,173.5
2026-08-04,16:28:28,1.366,173.5
2026-08-04,16:28:29,1.366,173.5
2026-08-04,16:28:29,1.366,173.5
2026-08-04,16:28:29,1.366,173.5
2026-08-04,16:28:29,1.366,173.4
2026-08-04,16:28:29,1.366,173.4
2026-08-04,16:28:29,1.366,173.4
2026-08-04,16:28:30,1.366,173.4
2026-08-04,16:28:30,1.366,173.4
2026-08-04,16:28:30,1.366,173.4
2026-08-04,16:28:30,1.366,173.4
2026-08-04,16:28:30,1.366,173.4
2026-08-04,16:28:30,1.366,173.4
2026-08-04,16:28:31,1.366,173.4
2026-08-04,16:28:31,1.366,173.4
2026-08-04,16:28:31,1.366,173.4
2026-08-04,16:28:31,1.366,173.4
2026-08-04,16:28:31,1.366,173.4
2026-08-04,16:28:31,1.366,173.4
2026-08-04,16:28:32,1.366,173.4
2026-08-04,16:28:32,1.366,173.4
2026-08-04,16:28:32,1.366,173.4
2026-08-04,16:28:32,1.366,173.4
2026-08-04,16:28:32,1.366,173.4
2026-08-04,16:28:32,1.366,173.4
2026-08-04,16:28:33,1.366,173.4
2026-08-04,16:28:33,1.366,173.4
2026-08-04,16:28:33,1.366,173.4
2026-08-04,16:28:33,1.366,173.4
2026-08-04,16:28:33,1.366,173.4
2026-08-04,16:28:33,1.366,173.4
2026-08-04,16:28:34,1.366,173.4
2026-08-04,16:28:34,1.366,173.4
2026-08-04,16:28:34,1.366,173.4
2026-08-04,16:28:34,1.366,173.4
2026-08-04,16:28:34,1.366,173.4
2026-08-04,16:28:34,1.366,173.4
2026-08-04,16:28:35,1.366,173.4
2026-08-04,16:28:35,1.366,173.4
2026-08-04,16:28:35,1.366,173.4
2026-08-04,16:28:35,1.366,173.4
2026-08-04,16:28:35,1.366,173.4
2026-08-04,16:28:35,1.366,173.4
2026-08-04,16:28:36,1.366,173.4
2026-08-04,16:28:36,1.366,173.4
2026-08-04,16:28:36,1.366,173.4
2026-08-04,16:28:36,1.366,173.4
2026-08-04,16:28:36,1.366,173.4
2026-08-04,16:28:36,1.366,173.4
2026-08-04,16:28:37,1.366,173.4
2026-08-04,16:28:37,1.366,173.4
2026-08-04,16:28:37,1.366,173.4
2026-08-04,16:28:37,1.366,173.4
2026-08-04,16:28:37,1.366,173.4
2026-08-04,16:28:37,1.366,173.4
2026-08-04,16:28:38,1.366,173.4
2026-08-04,16:28:38,1.366,173.4
2026-08-04,16:28:38,1.366,173.4
2026-08-04,16:28:38,1.366,173.4
2026-08-04,16:28:38,1.366,173.4
2026-08-04,16:28:38,1.366,173.4
2026-08-04,16:28:39,1.366,173.4
2026-08-04,16:28:39,1.366,173.4
2026-08-04,16:28:39,1.366,173.4
2026-08-04,16:28:39,1.366,173.4
2026-08-04,16:28:39,1.366,173.4
2026-08-04,16:28:39,1.366,173.4
2026-08-04,16:28:40,1.366,173.4
2026-08-04,16:28:40,1.366,173.5
2026-08-04,16:28:40,1.366,173.5
2026-08-04,16:28:40,1.366,173.5
2026-08-04,16:28:40,1.366,173.5
2026-08-04,16:28:40,1.366,173.5
2026-08-04,16:28:41,1.366,173.5
2026-08-04,16:28:41,1.366,173.5
2026-08-04,16:28:41,1.366,173.5
2026-08-04,16:28:41,1.366,173.5
2026-08-04,16:28:41,1.366,173.5
2026-08-04,16:28:41,1.366,173.5
2026-08-04,16:28:42,1.366,173.5
2026-08-04,16:28:42,1.366,173.5
2026-08-04,16:28:42,1.366,173.5
2026-08-04,16:28:42,1.366,173.4
2026-08-04,16:28:42,1.366,173.4
2026-08-04,16:28:42,1.366,173.4
2026-08-04,16:28:42,1.366,173.4
2026-08-04,16:28:43,1.366,173.4
2026-08-04,16:28:43,1.366,173.4
2026-08-04,16:28:43,1.366,173.4
2026-08-04,16:28:43,1.366,173.4
2026-08-04,16:28:43,1.366,173.4
2026-08-04,16:28:43,1.366,173.4
2026-08-04,16:28:44,1.366,173.5
2026-08-04,16:28:44,1.366,173.5
2026-08-04,16:28:44,1.366,173.5
2026-08-04,16:28:44,1.366,173.5
2026-08-04,16:28:44,1.366,173.5
2026-08-04,16:28:44,1.366,173.5
2026-08-04,16:28:45,1.366,173.5
2026-08-04,16:28:45,1.366,173.5
2026-08-04,16:28:45,1.366,173.5
2026-08-04,16:28:45,1.366,173.5
2026-08-04,16:28:45,1.366,173.5
2026-08-04,16:28:45,1.366,173.5
2026-08-04,16:28:46,1.366,173.5
2026-08-04,16:28:46,1.366,173.5
2026-08-04,16:28:46,1.366,173.5
2026-08-04,16:28:46,1.366,173.5
2026-08-04,16:28:46,1.366,173.5
2026-08-04,16:28:46,1.366,173.5
2026-08-04,16:28:47,1.366,173.5
2026-08-04,16:28:47,1.366,173.5
2026-08-04,16:28:47,1.366,173.5
2026-08-04,16:28:47,1.366,173.5
2026-08-04,16:28:47,1.366,173.5
2026-08-04,16:28:47,1.366,173.5
2026-08-04,16:28:48,1.366,173.5
2026-08-04,16:28:48,1.366,173.5
2026-08-04,16:28:48,1.366,173.5
2026-08-04,16:28:48,1.366,173.5
2026-08-04,16:28:48,1.366,173.5
2026-08-04,16:28:48,1.366,173.5
2026-08-04,16:28:49,1.366,173.5
2026-08-04,16:28:49,1.366,173.5
2026-08-04,16:28:49,1.366,173.5
2026-08-04,16:28:49,1.366,173.5
2026-08-04,16:28:49,1.366,173.5
2026-08-04,16:28:49,1.366,173.5
2026-08-04,16:28:50,1.366,173.5
2026-08-04,16:28:50,1.366,173.5
2026-08-04,16:28:50,1.366,173.5
2026-08-04,16:28:50,1.366,173.5
2026-08-04,16:28:50,1.366,173.5
2026-08-04,16:28:50,1.366,173.5
2026-08-04,16:28:51,1.366,173.5
2026-08-04,16:28:51,1.366,173.5
2026-08-04,16:28:51,1.366,173.5
2026-08-04,16:28:51,1.366,173.5
2026-08-04,16:28:51,1.366,173.5
2026-08-04,16:28:51,1.366,173.5
2026-08-04,16:28:52,1.366,173.4
2026-08-04,16:28:52,1.366,173.4
2026-08-04,16:28:52,1.366,173.4
2026-08-04,16:28:52,1.366,173.4
2026-08-04,16:28:52,1.366,173.4
2026-08-04,16:28:52,1.366,173.4
2026-08-04,16:28:53,1.366,173.4
2026-08-04,16:28:53,1.366,173.4
2026-08-04,16:28:53,1.366,173.4
2026-08-04,16:28:53,1.366,173.4
2026-08-04,16:28:53,1.366,173.4
2026-08-04,16:28:53,1.366,173.4
2026-08-04,16:28:54,1.366,173.4
2026-08-04,16:28:54,1.366,173.4
2026-08-04,16:28:54,1.366,173.4
2026-08-04,16:28:54,1.366,173.4
2026-08-04,16:28:54,1.366,173.4
2026-08-04,16:28:54,1.366,173.4
2026-08-04,16:28:55,1.366,173.4
2026-08-04,16:28:55,1.366,173.4
2026-08-04,16:28:55,1.366,173.4
2026-08-04,16:28:55,1.366,173.4
2026-08-04,16:28:55,1.366,173.4
2026-08-04,16:28:55,1.366,173.4
2026-08-04,16:28:56,1.366,173.4
2026-08-04,16:28:56,1.366,173.4
2026-08-04,16:28:56,1.366,173.4
2026-08-04,16:28:56,1.366,173.4
2026-08-04,16:28:56,1.366,173.4
2026-08-04,16:28:56,1.366,173.4
2026-08-04,16:28:57,1.366,173.5
2026-08-04,16:28:57,1.366,173.5
2026-08-04,16:28:57,1.366,173.5
2026-08-04,16:28:57,1.366,173.5
2026-08-04,16:28:57,1.366,173.5
2026-08-04,16:28:57,1.366,173.5
2026-08-04,16:28:58,1.366,173.5
2026-08-04,16:28:58,1.366,173.5
2026-08-04,16:28:58,1.366,173.5
2026-08-04,16:28:58,1.366,173.5
2026-08-04,16:28:58,1.366,173.5
2026-08-04,16:28:58,1.366,173.5
2026-08-04,16:28:59,1.366,173.5
2026-08-04,16:28:59,1.366,173.5
2026-08-04,16:28:59,1.366,173.5
2026-08-04,16:28:59,1.366,173.5
2026-08-04,16:28:59,1.366,173.5
2026-08-04,16:28:59,1.366,173.5
2026-08-04,16:28:59,1.366,173.5
2026-08-04,16:29:00,1.366,173.5
2026-08-04,16:29:00,1.366,173.5
2026-08-04,16:29:00,1.366,173.5
2026-08-04,16:29:00,1.366,173.5
2026-08-04,16:29:00,1.366,173.5
2026-08-04,16:29:00,1.366,173.5
2026-08-04,16:29:01,1.366,173.5
2026-08-04,16:29:01,1.366,173.5
2026-08-04,16:29:01,1.366,173.5
2026-08-04,16:29:01,1.366,173.5
2026-08-04,16:29:01,1.366,173.5
2026-08-04,16:29:01,1.366,173.5
2026-08-04,16:29:02,1.366,173.5
2026-08-04,16:29:02,1.366,173.5
2026-08-04,16:29:02,1.366,173.5
2026-08-04,16:29:02,1.366,173.5
2026-08-04,16:29:02,1.366,173.5
2026-08-04,16:29:02,1.366,173.5
2026-08-04,16:29:03,1.366,173.5
2026-08-04,16:29:03,1.366,173.5
2026-08-04,16:29:03,1.366,173.5
2026-08-04,16:29:03,1.366,173.5
2026-08-04,16:29:03,1.366,173.5
2026-08-04,16:29:03,1.366,173.5
2026-08-04,16:29:04,1.366,173.5
2026-08-04,16:29:04,1.366,173.5
2026-08-04,16:29:04,1.366,173.5
2026-08-04,16:29:04,1.366,173.5
2026-08-04,16:29:04,1.366,173.5
2026-08-04,16:29:04,1.366,173.5
2026-08-04,16:29:05,1.366,173.5
2026-08-04,16:29:05,1.366,173.5
2026-08-04,16:29:05,1.366,173.5
2026-08-04,16:29:05,1.366,173.5
2026-08-04,16:29:05,1.366,173.5
2026-08-04,16:29:05,1.366,173.5
2026-08-04,16:29:06,1.366,173.5
2026-08-04,16:29:06,1.366,173.5
2026-08-04,16:29:06,1.366,173.5
2026-08-04,16:29:06,1.366,173.5
2026-08-04,16:29:06,1.366,173.5
2026-08-04,16:29:06,1.366,173.5
2026-08-04,16:29:07,1.366,173.5
2026-08-04,16:29:07,1.366,173.5
2026-08-04,16:29:07,1.366,173.5
2026-08-04,16:29:07,1.366,173.5
2026-08-04,16:29:07,1.366,173.5
2026-08-04,16:29:07,1.366,173.5
2026-08-04,16:29:08,1.366,173.5
2026-08-04,16:29:08,1.366,173.5
2026-08-04,16:29:08,1.366,173.5
2026-08-04,16:29:08,1.366,173.5
2026-08-04,16:29:08,1.366,173.5
2026-08-04,16:29:08,1.366,173.5
2026-08-04,16:29:09,1.366,173.5
2026-08-04,16:29:09,1.366,173.5
2026-08-04,16:29:09,1.366,173.5
2026-08-04,16:29:09,1.366,173.5
2026-08-04,16:29:09,1.366,173.5
2026-08-04,16:29:09,1.366,173.5
2026-08-04,16:29:10,1.366,173.5
2026-08-04,16:29:10,1.366,173.5
2026-08-04,16:29:10,1.366,173.5
2026-08-04,16:29:10,1.366,173.5
2026-08-04,16:29:10,1.366,173.5
2026-08-04,16:29:10,1.366,173.5
2026-08-04,16:29:11,1.366,173.5
2026-08-04,16:29:11,1.366,173.5
2026-08-04,16:29:11,1.366,173.5
2026-08-04,16:29:11,1.366,173.5
2026-08-04,16:29:11,1.366,173.5
2026-08-04,16:29:11,1.366,173.5
2026-08-04,16:29:12,1.366,173.5
2026-08-04,16:29:12,1.366,173.5
2026-08-04,16:29:12,1.366,173.5
2026-08-04,16:29:12,1.366,173.4
2026-08-04,16:29:12,1.366,173.4
2026-08-04,16:29:12,1.366,173.4
2026-08-04,16:29:13,1.366,173.4
2026-08-04,16:29:13,1.366,173.4
2026-08-04,16:29:13,1.366,173.4
2026-08-04,16:29:13,1.366,173.4
2026-08-04,16:29:13,1.366,173.5
2026-08-04,16:29:13,1.366,173.5
2026-08-04,16:29:14,1.366,173.5
2026-08-04,16:29:14,1.366,173.5
2026-08-04,16:29:14,1.366,173.5
2026-08-04,16:29:14,1.366,173.5
2026-08-04,16:29:14,1.366,173.5
2026-08-04,16:29:14,1.366,173.5
2026-08-04,16:29:15,1.366,173.5
2026-08-04,16:29:15,1.366,173.5
2026-08-04,16:29:15,1.366,173.5
2026-08-04,16:29:15,1.366,173.5
2026-08-04,16:29:15,1.366,173.5
2026-08-04,16:29:15,1.366,173.5
2026-08-04,16:29:15,1.366,173.5
2026-08-04,16:29:16,1.366,173.5
2026-08-04,16:29:16,1.366,173.5
2026-08-04,16:29:16,1.366,173.5
2026-08-04,16:29:16,1.366,173.5
2026-08-04,16:29:16,1.366,173.5
2026-08-04,16:29:16,1.366,173.5
2026-08-04,16:29:17,1.366,173.5
2026-08-04,16:29:17,1.366,173.5
2026-08-04,16:29:17,1.366,173.5
2026-08-04,16:29:17,1.366,173.5
2026-08-04,16:29:17,1.366,173.5
2026-08-04,16:29:17,1.366,173.5
2026-08-04,16:29:18,1.366,173.5
2026-08-04,16:29:18,1.366,173.5
2026-08-04,16:29:18,1.366,173.5
2026-08-04,16:29:18,1.366,173.5
2026-08-04,16:29:18,1.366,173.5
2026-08-04,16:29:18,1.366,173.5
2026-08-04,16:29:19,1.366,173.5
2026-08-04,16:29:19,1.366,173.5
2026-08-04,16:29:19,1.366,173.4
2026-08-04,16:29:19,1.366,173.4
2026-08-04,16:29:19,1.366,173.4
2026-08-04,16:29:19,1.366,173.4
2026-08-04,16:29:20,1.366,173.4
2026-08-04,16:29:20,1.366,173.4
2026-08-04,16:29:20,1.366,173.4
2026-08-04,16:29:20,1.366,173.4
2026-08-04,16:29:20,1.366,173.4
2026-08-04,16:29:20,1.366,173.4
2026-08-04,16:29:21,1.366,173.4
2026-08-04,16:29:21,1.366,173.4
2026-08-04,16:29:21,1.366,173.4
2026-08-04,16:29:21,1.366,173.4
2026-08-04,16:29:21,1.366,173.5
2026-08-04,16:29:21,1.366,173.5
2026-08-04,16:29:22,1.366,173.5
2026-08-04,16:29:22,1.366,173.5
2026-08-04,16:29:22,1.366,173.5
2026-08-04,16:29:22,1.366,173.5
2026-08-04,16:29:22,1.366,173.5
2026-08-04,16:29:22,1.366,173.5
2026-08-04,16:29:23,1.366,173.5
2026-08-04,16:29:23,1.366,173.5
2026-08-04,16:29:23,1.366,173.5
2026-08-04,16:29:23,1.366,173.5
2026-08-04,16:29:23,1.366,173.5
2026-08-04,16:29:23,1.366,173.5
2026-08-04,16:29:24,1.366,173.5
2026-08-04,16:29:24,1.366,173.5
2026-08-04,16:29:24,1.366,173.5
2026-08-04,16:29:24,1.366,173.5
2026-08-04,16:29:24,1.366,173.5
2026-08-04,16:29:24,1.366,173.5
2026-08-04,16:29:25,1.366,173.5
2026-08-04,16:29:25,1.366,173.5
2026-08-04,16:29:25,1.366,173.5
2026-08-04,16:29:25,1.366,173.5
2026-08-04,16:29:25,1.366,173.5
2026-08-04,16:29:25,1.366,173.5
2026-08-04,16:29:26,1.366,173.5
2026-08-04,16:29:26,1.366,173.5
2026-08-04,16:29:26,1.366,173.5
2026-08-04,16:29:26,1.366,173.5
2026-08-04,16:29:26,1.366,173.5
2026-08-04,16:29:26,1.366,173.5
2026-08-04,16:29:27,1.366,173.5
2026-08-04,16:29:27,1.366,173.5
2026-08-04,16:29:27,1.366,173.5
2026-08-04,16:29:27,1.366,173.5
2026-08-04,16:29:27,1.366,173.5
2026-08-04,16:29:27,1.366,173.5
2026-08-04,16:29:28,1.366,173.5
2026-08-04,16:29:28,1.366,173.5
2026-08-04,16:29:28,1.366,173.5
2026-08-04,16:29:28,1.366,173.5
2026-08-04,16:29:28,1.366,173.5
2026-08-04,16:29:28,1.366,173.5
2026-08-04,16:29:29,1.366,173.5
2026-08-04,16:29:29,1.366,173.5
2026-08-04,16:29:29,1.366,173.5
2026-08-04,16:29:29,1.366,173.5
2026-08-04,16:29:29,1.366,173.5
2026-08-04,16:29:29,1.366,173.5
2026-08-04,16:29:30,1.366,173.5
2026-08-04,16:29:30,1.366,173.5
2026-08-04,16:29:30,1.366,173.5
2026-08-04,16:29:30,1.366,173.5
2026-08-04,16:29:30,1.366,173.5
2026-08-04,16:29:30,1.366,173.5
2026-08-04,16:29:31,1.366,173.5
2026-08-04,16:29:31,1.366,173.5
2026-08-04,16:29:31,1.366,173.5
2026-08-04,16:29:31,1.366,173.5
2026-08-04,16:29:31,1.366,173.5
2026-08-04,16:29:31,1.366,173.5
2026-08-04,16:29:32,1.366,173.5
2026-08-04,16:29:32,1.366,173.5
2026-08-04,16:29:32,1.366,173.5
2026-08-04,16:29:32,1.366,173.5
2026-08-04,16:29:32,1.366,173.5
2026-08-04,16:29:32,1.366,173.5
2026-08-04,16:29:32,1.366,173.5
2026-08-04,16:29:33,1.366,173.5
2026-08-04,16:29:33,1.366,173.5
2026-08-04,16:29:33,1.366,173.5
2026-08-04,16:29:33,1.366,173.5
2026-08-04,16:29:33,1.366,173.5
2026-08-04,16:29:33,1.366,173.5
2026-08-04,16:29:34,1.366,173.5
2026-08-04,16:29:34,1.366,173.5
2026-08-04,16:29:34,1.366,173.5
2026-08-04,16:29:34,1.366,173.5
2026-08-04,16:29:34,1.366,173.5
2026-08-04,16:29:34,1.366,173.5
2026-08-04,16:29:35,1.366,173.5
2026-08-04,16:29:35,1.366,173.5
2026-08-04,16:29:35,1.366,173.5
2026-08-04,16:29:35,1.366,173.5
2026-08-04,16:29:35,1.366,173.5
2026-08-04,16:29:35,1.366,173.5
2026-08-04,16:29:36,1.366,173.5
2026-08-04,16:29:36,1.366,173.5
2026-08-04,16:29:36,1.366,173.5
2026-08-04,16:29:36,1.366,173.5
2026-08-04,16:29:36,1.366,173.5
2026-08-04,16:29:36,1.366,173.5
2026-08-04,16:29:37,1.366,173.5
2026-08-04,16:29:37,1.366,173.5
2026-08-04,16:29:37,1.366,173.5
2026-08-04,16:29:37,1.366,173.5
2026-08-04,16:29:37,1.366,173.5
2026-08-04,16:29:37,1.366,173.5
2026-08-04,16:29:38,1.366,173.5
2026-08-04,16:29:38,1.366,173.5
2026-08-04,16:29:38,1.366,173.5
2026-08-04,16:29:38,1.366,173.5
2026-08-04,16:29:38,1.366,173.5
2026-08-04,16:29:38,1.366,173.5
2026-08-04,16:29:39,1.366,173.5
2026-08-04,16:29:39,1.366,173.5
2026-08-04,16:29:39,1.366,173.5
2026-08-04,16:29:39,1.366,173.5
2026-08-04,16:29:39,1.366,173.5
2026-08-04,16:29:39,1.366,173.5
2026-08-04,16:29:40,1.366,173.5
2026-08-04,16:29:40,1.366,173.5
2026-08-04,16:29:40,1.366,173.5
2026-08-04,16:29:40,1.366,173.5
2026-08-04,16:29:40,1.366,173.5
2026-08-04,16:29:40,1.366,173.5
2026-08-04,16:29:41,1.366,173.5
2026-08-04,16:29:41,1.366,173.5
2026-08-04,16:29:41,1.366,173.5
2026-08-04,16:29:41,1.366,173.5
2026-08-04,16:29:41,1.366,173.5
2026-08-04,16:29:41,1.366,173.5
2026-08-04,16:29:42,1.366,173.5
2026-08-04,16:29:42,1.366,173.5
2026-08-04,16:29:42,1.366,173.5
2026-08-04,16:29:42,1.366,173.5
2026-08-04,16:29:42,1.366,173.5
2026-08-04,16:29:42,1.366,173.5
2026-08-04,16:29:43,1.366,173.5
2026-08-04,16:29:43,1.366,173.5
2026-08-04,16:29:43,1.366,173.5
2026-08-04,16:29:43,1.366,173.5
2026-08-04,16:29:43,1.366,173.5
2026-08-04,16:29:43,1.366,173.5
2026-08-04,16:29:44,1.366,173.5
2026-08-04,16:29:44,1.366,173.5
2026-08-04,16:29:44,1.366,173.5
2026-08-04,16:29:44,1.366,173.5
2026-08-04,16:29:44,1.366,173.5
2026-08-04,16:29:44,1.366,173.5
2026-08-04,16:29:45,1.366,173.5
2026-08-04,16:29:45,1.366,173.5
2026-08-04,16:29:45,1.366,173.5
2026-08-04,16:29:45,1.366,173.5
2026-08-04,16:29:45,1.366,173.5
2026-08-04,16:29:45,1.366,173.5
2026-08-04,16:29:46,1.366,173.5
2026-08-04,16:29:46,1.366,173.5
2026-08-04,16:29:46,1.366,173.5
2026-08-04,16:29:46,1.366,173.5
2026-08-04,16:29:46,1.366,173.5
2026-08-04,16:29:46,1.366,173.5
2026-08-04,16:29:47,1.366,173.5
2026-08-04,16:29:47,1.366,173.5
2026-08-04,16:29:47,1.366,173.5
2026-08-04,16:29:47,1.366,173.5
2026-08-04,16:29:47,1.366,173.5
2026-08-04,16:29:47,1.366,173.5
2026-08-04,16:29:48,1.366,173.5
2026-08-04,16:29:48,1.366,173.5
2026-08-04,16:29:48,1.366,173.5
2026-08-04,16:29:48,1.366,173.5
2026-08-04,16:29:48,1.366,173.5
2026-08-04,16:29:48,1.366,173.5
2026-08-04,16:29:48,1.366,173.5
2026-08-04,16:29:49,1.366,173.5
2026-08-04,16:29:49,1.366,173.5
2026-08-04,16:29:49,1.366,173.5
2026-08-04,16:29:49,1.366,173.5
2026-08-04,16:29:49,1.366,173.5
2026-08-04,16:29:49,1.366,173.5
2026-08-04,16:29:50,1.366,173.5
2026-08-04,16:29:50,1.366,173.5
2026-08-04,16:29:50,1.366,173.5
2026-08-04,16:29:50,1.366,173.5
2026-08-04,16:29:50,1.366,173.5
2026-08-04,16:29:50,1.366,173.5
2026-08-04,16:29:51,1.366,173.5
2026-08-04,16:29:51,1.366,173.5
2026-08-04,16:29:51,1.366,173.5
2026-08-04,16:29:51,1.366,173.5
2026-08-04,16:29:51,1.366,173.5
2026-08-04,16:29:51,1.366,173.5
2026-08-04,16:29:52,1.366,173.5
2026-08-04,16:29:52,1.366,173.5
2026-08-04,16:29:52,1.366,173.5
2026-08-04,16:29:52,1.366,173.5
2026-08-04,16:29:52,1.366,173.5
2026-08-04,16:29:52,1.366,173.5
2026-08-04,16:29:53,1.366,173.5
2026-08-04,16:29:53,1.366,173.5
2026-08-04,16:29:53,1.366,173.5
2026-08-04,16:29:53,1.366,173.5
2026-08-04,16:29:53,1.366,173.5
2026-08-04,16:29:53,1.366,173.5
2026-08-04,16:29:54,1.366,173.5
2026-08-04,16:29:54,1.366,173.5
2026-08-04,16:29:54,1.366,173.5
2026-08-04,16:29:54,1.366,173.5
2026-08-04,16:29:54,1.366,173.5
2026-08-04,16:29:54,1.366,173.5
2026-08-04,16:29:55,1.366,173.5
2026-08-04,16:29:55,1.366,173.5
2026-08-04,16:29:55,1.366,173.5
2026-08-04,16:29:55,1.366,173.5
2026-08-04,16:29:55,1.366,173.5
2026-08-04,16:29:55,1.366,173.5
2026-08-04,16:29:56,1.366,173.5
2026-08-04,16:29:56,1.366,173.5
2026-08-04,16:29:56,1.366,173.5
2026-08-04,16:29:56,1.366,173.5
2026-08-04,16:29:56,1.366,173.5
2026-08-04,16:29:56,1.366,173.5
2026-08-04,16:29:57,1.366,173.5
2026-08-04,16:29:57,1.366,173.5
2026-08-04,16:29:57,1.366,173.5
2026-08-04,16:29:57,1.366,173.5
2026-08-04,16:29:57,1.366,173.5
2026-08-04,16:29:57,1.366,173.5
2026-08-04,16:29:58,1.366,173.5
2026-08-04,16:29:58,1.366,173.5
2026-08-04,16:29:58,1.366,173.5
2026-08-04,16:29:58,1.366,173.5
2026-08-04,16:29:58,1.366,173.5
2026-08-04,16:29:58,1.366,173.5
2026-08-04,16:29:59,1.366,173.5
2026-08-04,16:29:59,1.366,173.5
2026-08-04,16:29:59,1.366,173.5
2026-08-04,16:29:59,1.366,173.5
2026-08-04,16:29:59,1.366,173.5
2026-08-04,16:29:59,1.366,173.5
2026-08-04,16:30:00,1.366,173.5
2026-08-04,16:30:00,1.366,173.5
2026-08-04,16:30:00,1.366,173.5
2026-08-04,16:30:00,1.366,173.5
2026-08-04,16:30:00,1.366,173.5
2026-08-04,16:30:00,1.366,173.5
2026-08-04,16:30:01,1.366,173.5
2026-08-04,16:30:01,1.367,173.5
2026-08-04,16:30:01,1.367,173.5
2026-08-04,16:30:01,1.367,173.5
2026-08-04,16:30:01,1.367,173.5
2026-08-04,16:30:01,1.367,173.5
2026-08-04,16:30:02,1.367,173.5
2026-08-04,16:30:02,1.367,173.5
2026-08-04,16:30:02,1.367,173.5
2026-08-04,16:30:02,1.367,173.5
2026-08-04,16:30:02,1.367,173.5
2026-08-04,16:30:02,1.367,173.5
2026-08-04,16:30:03,1.367,173.5
2026-08-04,16:30:03,1.366,173.5
2026-08-04,16:30:03,1.366,173.5
2026-08-04,16:30:03,1.367,173.5
2026-08-04,16:30:03,1.367,173.5
2026-08-04,16:30:03,1.367,173.5
2026-08-04,16:30:04,1.367,173.5
2026-08-04,16:30:04,1.367,173.5
2026-08-04,16:30:04,1.367,173.5
2026-08-04,16:30:04,1.367,173.5
2026-08-04,16:30:04,1.367,173.5
2026-08-04,16:30:04,1.367,173.6
2026-08-04,16:30:05,1.367,173.6
2026-08-04,16:30:05,1.367,173.6
2026-08-04,16:30:05,1.367,173.6
2026-08-04,16:30:05,1.367,173.6
2026-08-04,16:30:05,1.367,173.6
2026-08-04,16:30:05,1.367,173.6
2026-08-04,16:30:05,1.367,173.6
2026-08-04,16:30:06,1.367,173.6
2026-08-04,16:30:06,1.367,173.6
2026-08-04,16:30:06,1.367,173.6
2026-08-04,16:30:06,1.367,173.6
2026-08-04,16:30:06,1.367,173.6
2026-08-04,16:30:06,1.367,173.6
2026-08-04,16:30:07,1.367,173.6
2026-08-04,16:30:07,1.367,173.6
2026-08-04,16:30:07,1.367,173.6
2026-08-04,16:30:07,1.367,173.6
2026-08-04,16:30:07,1.367,173.6
2026-08-04,16:30:07,1.367,173.6
2026-08-04,16:30:08,1.367,173.6
2026-08-04,16:30:08,1.367,173.6
2026-08-04,16:30:08,1.367,173.6
2026-08-04,16:30:08,1.367,173.6
2026-08-04,16:30:08,1.367,173.6
2026-08-04,16:30:08,1.367,173.6
2026-08-04,16:30:09,1.367,173.6
2026-08-04,16:30:09,1.367,173.6
2026-08-04,16:30:09,1.367,173.6
2026-08-04,16:30:09,1.367,173.6
2026-08-04,16:30:09,1.367,173.5
2026-08-04,16:30:09,1.367,173.5
2026-08-04,16:30:10,1.367,173.5
2026-08-04,16:30:10,1.367,173.5
2026-08-04,16:30:10,1.367,173.5
2026-08-04,16:30:10,1.367,173.5
2026-08-04,16:30:10,1.367,173.5
2026-08-04,22:57:46,0.000,0.0
2026-08-04,22:57:47,0.000,0.0
2026-08-04,22:57:47,0.000,0.0
2026-08-04,22:57:47,0.000,0.0
2026-08-04,22:57:47,0.000,0.0
2026-08-04,22:57:47,0.000,0.0
2026-08-04,22:57:47,0.000,0.0
2026-08-04,22:57:48,0.000,0.0
2026-08-04,22:57:48,0.000,0.0
2026-08-04,22:57:48,0.000,0.0
2026-08-04,22:57:48,0.000,0.0
2026-08-04,22:57:48,0.000,0.0
2026-08-04,22:57:48,0.000,0.0
2026-08-04,22:57:49,0.000,0.0
2026-08-04,22:57:49,0.000,0.0
2026-08-04,22:57:49,0.000,0.0
2026-08-04,22:57:49,0.000,0.0
2026-08-04,22:57:49,0.000,0.0
2026-08-04,22:57:49,0.000,0.0
2026-08-04,22:57:50,0.000,0.0
2026-08-04,22:57:50,0.000,0.0
2026-08-04,22:57:50,0.000,0.0
2026-08-04,22:57:50,0.000,0.0
2026-08-04,22:57:50,0.000,0.0
2026-08-04,22:57:50,0.000,0.0
2026-08-04,22:57:51,0.000,0.0
2026-08-04,22:57:51,0.000,0.0
2026-08-04,22:57:51,0.000,0.0
2026-08-04,22:57:51,0.000,0.0
2026-08-04,22:57:51,0.000,0.0
2026-08-04,22:57:51,0.000,0.0
2026-08-04,22:57:52,0.000,0.0
2026-08-04,22:57:52,0.000,0.0
2026-08-04,22:57:52,0.000,0.0
2026-08-04,22:57:52,0.000,0.0
2026-08-04,22:57:52,0.000,0.0
2026-08-04,22:57:52,0.000,0.0
2026-08-04,22:57:52,0.000,0.0
2026-08-04,22:57:53,0.000,0.0
2026-08-04,22:57:53,0.000,0.0
2026-08-04,22:57:53,0.000,0.0
2026-08-04,22:57:53,0.000,0.0
2026-08-04,22:57:53,0.000,0.0
2026-08-04,22:57:53,0.000,0.0
2026-08-04,22:57:54,0.000,0.0
2026-08-04,22:57:54,0.000,0.0
2026-08-04,22:57:54,0.000,0.0
2026-08-04,22:57:54,0.000,0.0
2026-08-04,22:57:54,0.000,0.0
2026-08-04,22:57:54,0.000,0.0
2026-08-04,22:57:55,0.000,0.0
2026-08-04,22:57:55,0.000,0.0
2026-08-04,22:57:55,0.000,0.0
2026-08-04,22:57:55,0.000,0.0
2026-08-04,22:57:55,0.000,0.0
2026-08-04,22:57:55,0.000,0.0
2026-08-04,22:57:56,0.000,0.0
2026-08-04,22:57:56,0.000,0.0
2026-08-04,22:57:56,0.000,0.0
2026-08-04,22:57:56,0.000,0.0
2026-08-04,22:57:56,0.000,0.0
2026-08-04,22:57:56,0.000,0.0
2026-08-04,22:57:57,0.000,0.0
2026-08-04,22:57:57,0.000,0.0
2026-08-04,22:57:57,0.000,0.0
2026-08-04,22:57:57,0.000,0.0
2026-08-04,22:57:57,0.000,0.0
2026-08-04,22:57:57,0.000,0.0
2026-08-04,22:57:58,0.000,0.0
2026-08-04,22:57:58,0.000,0.0
2026-08-04,22:57:58,0.000,0.0
2026-08-04,22:57:58,0.000,0.0
2026-08-04,22:57:58,0.000,0.0
2026-08-04,22:57:58,0.000,0.0
2026-08-04,22:57:59,0.000,0.0
2026-08-04,22:57:59,0.000,0.0
2026-08-04,22:57:59,0.000,0.0
2026-08-04,22:57:59,0.000,0.0
2026-08-04,22:57:59,0.000,0.0
2026-08-04,22:57:59,0.000,0.0
2026-08-04,22:58:00,0.000,0.0
2026-08-04,22:58:00,0.000,0.0
2026-08-04,22:58:00,0.000,0.0
2026-08-04,22:58:00,0.000,0.0
2026-08-04,22:58:00,0.000,0.0
2026-08-04,22:58:00,0.000,0.0
2026-08-04,22:58:01,0.000,0.0
2026-08-04,22:58:01,0.000,0.0
2026-08-04,22:58:01,0.000,0.0
2026-08-04,22:58:01,0.000,0.0
2026-08-04,22:58:01,0.000,0.0
2026-08-04,22:58:01,0.000,0.0
2026-08-04,22:58:02,0.000,0.0
2026-08-04,22:58:02,0.000,0.0
2026-08-04,22:58:02,0.000,0.0
2026-08-04,22:58:02,0.000,0.0
2026-08-04,22:58:02,0.000,0.0
2026-08-04,22:58:02,0.000,0.0
2026-08-04,22:58:03,0.000,0.0
2026-08-04,22:58:03,0.000,0.0
2026-08-04,22:58:03,0.000,0.0
2026-08-04,22:58:03,0.000,0.0
2026-08-04,22:58:03,0.000,0.0
2026-08-04,22:58:03,0.000,0.0
2026-08-04,22:58:04,0.000,0.0
2026-08-04,22:58:04,0.000,0.0
2026-08-04,22:58:04,0.000,0.0
2026-08-04,22:58:04,0.000,0.0
2026-08-04,22:58:04,0.000,0.0
2026-08-04,22:58:04,0.000,0.0
2026-08-04,22:58:05,0.000,0.0
2026-08-04,22:58:05,0.000,0.0
2026-08-04,22:58:05,0.000,0.0
2026-08-04,22:58:05,0.000,0.0
2026-08-04,22:58:05,0.000,0.0
2026-08-04,22:58:05,0.000,0.0
2026-08-04,22:58:06,0.000,0.0
2026-08-04,22:58:06,0.000,0.0
2026-08-04,22:58:06,0.000,0.0
2026-08-04,22:58:06,0.000,0.0
2026-08-04,22:58:06,0.000,0.0
2026-08-04,22:58:06,0.000,0.0
2026-08-04,22:58:07,0.000,0.0
2026-08-04,22:58:07,0.000,0.0
2026-08-04,22:58:07,0.000,0.0
2026-08-04,22:58:07,0.000,0.0
2026-08-04,22:58:07,0.000,0.0
2026-08-04,22:58:07,0.000,0.0
2026-08-04,22:58:08,0.000,0.0
2026-08-04,22:58:08,0.000,0.0
2026-08-04,22:58:08,0.000,0.0
2026-08-04,22:58:08,0.000,0.0
2026-08-04,22:58:08,0.000,0.0
2026-08-04,22:58:08,0.000,0.0
2026-08-04,22:58:08,0.000,0.0
2026-08-04,22:58:09,0.000,0.0
2026-08-04,22:58:09,0.000,0.0
2026-08-04,22:58:09,0.000,0.0
2026-08-04,22:58:09,0.000,0.0
2026-08-04,22:58:09,0.000,0.0
2026-08-04,22:58:09,0.000,0.0
2026-08-04,22:58:10,0.000,0.0
2026-08-04,22:58:10,0.000,0.0
2026-08-04,22:58:10,0.000,0.0
2026-08-04,22:58:10,0.000,0.0
2026-08-04,22:58:10,0.000,0.0
2026-08-04,22:58:10,0.000,0.0
2026-08-04,22:58:11,0.000,0.0
2026-08-04,22:58:11,0.000,0.0
2026-08-04,22:58:11,0.000,0.0
2026-08-04,22:58:11,0.000,0.0
2026-08-04,22:58:11,0.000,0.0
2026-08-04,22:58:11,0.000,0.0
2026-08-04,22:58:12,0.000,0.0
2026-08-04,22:58:12,0.000,0.0
2026-08-04,22:58:12,0.000,0.0
2026-08-04,22:58:12,0.000,0.0
2026-08-04,22:58:12,0.000,0.0
2026-08-04,22:58:12,0.000,0.0
2026-08-04,22:58:13,0.000,0.0
2026-08-04,22:58:13,0.000,0.0
2026-08-04,22:58:13,0.000,0.0
2026-08-04,22:58:13,0.000,0.0
2026-08-04,22:58:13,0.000,0.0
2026-08-04,22:58:13,0.000,0.0
2026-08-04,22:58:14,0.000,0.0
2026-08-04,22:58:14,0.000,0.0
2026-08-04,22:58:14,0.000,0.0
2026-08-04,22:58:14,0.000,0.0
2026-08-04,22:58:14,0.000,0.0
2026-08-04,22:58:14,0.000,0.0
2026-08-04,22:58:15,0.000,0.0
2026-08-04,22:58:15,0.000,0.0
2026-08-04,22:58:15,0.000,0.0
2026-08-04,22:58:15,0.000,0.0
2026-08-04,22:58:15,0.000,0.0
2026-08-04,22:58:15,0.000,0.0
2026-08-04,22:58:16,0.000,0.0
2026-08-04,22:58:16,0.000,0.0
2026-08-04,22:58:16,0.000,0.0
2026-08-04,22:58:16,0.000,0.0
2026-08-04,22:58:16,0.000,0.0
2026-08-04,22:58:16,0.000,0.0
2026-08-04,22:58:17,0.000,0.0
2026-08-04,22:58:17,0.000,0.0
2026-08-04,22:58:17,0.000,0.0
2026-08-04,22:58:17,0.000,0.0
2026-08-04,22:58:17,0.000,0.0
2026-08-04,22:58:17,0.000,0.0
2026-08-04,22:58:18,0.000,0.0
2026-08-04,22:58:18,0.000,0.0
2026-08-04,22:58:18,0.000,0.0
2026-08-04,22:58:18,0.000,0.0
2026-08-04,22:58:18,0.000,0.0
2026-08-04,22:58:18,0.000,0.0
2026-08-04,22:58:19,0.000,0.0
2026-08-04,22:58:19,0.000,0.0
2026-08-04,22:58:19,0.000,0.0
2026-08-04,22:58:19,0.000,0.0
2026-08-04,22:58:19,0.000,0.0
2026-08-04,22:58:19,0.000,0.0
2026-08-04,22:58:20,0.000,0.0
2026-08-04,22:58:20,0.000,0.0
2026-08-04,22:58:20,0.000,0.0
2026-08-04,22:58:20,0.000,0.0
2026-08-04,22:58:20,0.000,0.0
2026-08-04,22:58:20,0.000,0.0
2026-08-04,22:58:21,0.000,0.0
2026-08-04,22:58:21,0.000,0.0
2026-08-04,22:58:21,0.000,0.0
2026-08-04,22:58:21,0.000,0.0
2026-08-04,22:58:21,0.000,0.0
2026-08-04,22:58:21,0.000,0.0
2026-08-04,22:58:22,0.000,0.0
2026-08-04,22:58:22,0.000,0.0
2026-08-04,22:58:22,0.000,0.0
2026-08-04,22:58:22,0.000,0.0
2026-08-04,22:58:22,0.000,0.0
2026-08-04,22:58:22,0.000,0.0
2026-08-04,22:58:23,0.000,0.0
2026-08-04,22:58:23,0.000,0.0
2026-08-04,22:58:23,0.000,0.0
2026-08-04,22:58:23,0.000,0.0
2026-08-04,22:58:23,0.000,0.0
2026-08-04,22:58:23,0.000,0.0
2026-08-04,22:58:24,0.000,0.0
2026-08-04,22:58:24,0.000,0.0
2026-08-04,22:58:24,0.000,0.0
2026-08-04,22:58:24,0.000,0.0
2026-08-04,22:58:24,0.000,0.0
2026-08-04,22:58:24,0.000,0.0
2026-08-04,22:58:25,0.000,0.0
2026-08-04,22:58:25,0.000,0.0
2026-08-04,22:58:25,0.000,0.0
2026-08-04,22:58:25,0.000,0.0
2026-08-04,22:58:25,0.000,0.0
2026-08-04,22:58:25,0.000,0.0
2026-08-04,22:58:25,0.000,0.0
2026-08-04,22:58:26,0.000,0.0
2026-08-04,22:58:26,0.000,0.0
2026-08-04,22:58:26,0.000,0.0
2026-08-04,22:58:26,0.000,0.0
2026-08-04,22:58:26,0.000,0.0
2026-08-04,22:58:26,0.000,0.0
2026-08-04,22:58:27,0.000,0.0
2026-08-04,22:58:27,0.000,0.0
2026-08-04,22:58:27,0.000,0.0
2026-08-04,22:58:27,0.000,0.0
2026-08-04,22:58:27,0.000,0.0
2026-08-04,22:58:27,0.000,0.0
2026-08-04,22:58:28,0.000,0.0
2026-08-04,22:58:28,0.000,0.0
2026-08-04,22:58:28,0.000,0.0
2026-08-04,22:58:28,0.000,0.0
2026-08-04,22:58:28,0.000,0.0
2026-08-04,22:58:28,0.000,0.0
2026-08-04,22:58:29,0.000,0.0
2026-08-04,22:58:29,0.000,0.0
2026-08-04,22:58:29,0.000,0.0
2026-08-04,22:58:29,0.000,0.0
2026-08-04,22:58:29,0.000,0.0
2026-08-04,22:58:29,0.000,0.0
2026-08-04,22:58:30,0.000,0.0
2026-08-04,22:58:30,0.000,0.0
2026-08-04,22:58:30,0.000,0.0
2026-08-04,22:58:30,0.000,0.0
2026-08-04,22:58:30,0.000,0.0
2026-08-04,22:58:30,0.000,0.0
2026-08-04,22:58:31,0.000,0.0
2026-08-04,22:58:31,0.000,0.0
2026-08-04,22:58:31,0.000,0.0
2026-08-04,22:58:31,0.000,0.0
2026-08-04,22:58:31,0.000,0.0
2026-08-04,22:58:31,0.000,0.0
2026-08-04,22:58:32,0.000,0.0
2026-08-04,22:58:32,0.000,0.0
2026-08-04,22:58:32,0.000,0.0
2026-08-04,22:58:32,0.000,0.0
2026-08-04,22:58:32,0.000,0.0
2026-08-04,22:58:32,0.000,0.0
2026-08-04,22:58:33,0.000,0.0
2026-08-04,22:58:33,0.000,0.0
2026-08-04,22:58:33,0.000,0.0
2026-08-04,22:58:33,0.000,0.0
2026-08-04,22:58:33,0.000,0.0
2026-08-04,22:58:33,0.000,0.0
2026-08-04,22:58:34,0.000,0.0
2026-08-04,22:58:34,0.000,0.0
2026-08-04,22:58:34,0.000,0.0
2026-08-04,22:58:34,0.000,0.0
2026-08-04,22:58:34,0.000,0.0
2026-08-04,22:58:34,0.000,0.0
2026-08-04,22:58:35,0.000,0.0
2026-08-04,22:58:35,0.000,0.0
2026-08-04,22:58:35,0.000,0.0
2026-08-04,22:58:35,0.000,0.0
2026-08-04,22:58:35,0.000,0.0
2026-08-04,22:58:35,0.000,0.0
2026-08-04,22:58:36,0.000,0.0
2026-08-04,22:58:36,0.000,0.0
2026-08-04,22:58:36,0.000,0.0
2026-08-04,22:58:36,0.000,0.0
2026-08-04,22:58:36,0.000,0.0
2026-08-04,22:58:36,0.000,0.0
2026-08-04,22:58:37,0.000,0.0
2026-08-04,22:58:37,0.000,0.0
2026-08-04,22:58:37,0.000,0.0
2026-08-04,22:58:37,0.000,0.0
2026-08-04,22:58:37,0.000,0.0
2026-08-04,22:58:37,0.000,0.0
2026-08-04,22:58:38,0.000,0.0
2026-08-04,22:58:38,0.000,0.0
2026-08-04,22:58:38,0.000,0.0
2026-08-04,22:58:38,0.000,0.0
2026-08-04,22:58:38,0.000,0.0
2026-08-04,22:58:38,0.000,0.0
2026-08-04,22:58:39,0.000,0.0
2026-08-04,22:58:39,0.000,0.0
2026-08-04,22:58:39,0.000,0.0
2026-08-04,22:58:39,0.000,0.0
2026-08-04,22:58:39,0.000,0.0
2026-08-04,22:58:39,0.000,0.0
2026-08-04,22:58:40,0.000,0.0
2026-08-04,22:58:40,0.000,0.0
2026-08-04,22:58:40,0.000,0.0
2026-08-04,22:58:40,0.000,0.0
2026-08-04,22:58:40,0.000,0.0
2026-08-04,22:58:40,0.000,0.0
2026-08-04,22:58:41,0.000,0.0
2026-08-04,22:58:41,0.000,0.0
2026-08-04,22:58:41,0.000,0.0
2026-08-04,22:58:41,0.000,0.0
2026-08-04,22:58:41,0.000,0.0
2026-08-04,22:58:41,0.000,0.0
2026-08-04,22:58:41,0.000,0.0
2026-08-04,22:58:42,0.000,0.0
2026-08-04,22:58:42,0.000,0.0
2026-08-04,22:58:42,0.000,0.0
2026-08-04,22:58:42,0.000,0.0
2026-08-04,22:58:42,0.000,0.0
2026-08-04,22:58:42,0.000,0.0
2026-08-04,22:58:43,0.000,0.0
2026-08-04,22:58:43,0.000,0.0
2026-08-04,22:58:43,0.000,0.0
2026-08-04,22:58:43,0.000,0.0
2026-08-04,22:58:43,0.000,0.0
2026-08-04,22:58:43,0.000,0.0
2026-08-04,22:58:44,0.000,0.0
2026-08-04,22:58:44,0.000,0.0
2026-08-04,22:58:44,0.000,0.0
2026-08-04,22:58:44,0.000,0.0
2026-08-04,22:58:44,0.000,0.0
2026-08-04,22:58:44,0.000,0.0
2026-08-04,22:58:45,0.000,0.0
2026-08-04,22:58:45,0.000,0.0
2026-08-04,22:58:45,0.000,0.0
2026-08-04,22:58:45,0.000,0.0
2026-08-04,22:58:45,0.000,0.0
2026-08-04,22:58:45,0.000,0.0
2026-08-04,22:58:46,0.000,0.0
2026-08-04,22:58:46,0.000,0.0
2026-08-04,22:58:46,0.000,0.0
2026-08-04,22:58:46,0.000,0.0
2026-08-04,22:58:46,0.000,0.0
2026-08-04,22:58:46,0.000,0.0
2026-08-04,22:58:47,0.000,0.0
2026-08-04,22:58:47,0.000,0.0
2026-08-04,22:58:47,0.000,0.0
2026-08-04,22:58:47,0.000,0.0
2026-08-04,22:58:47,0.000,0.0
2026-08-04,22:58:47,0.000,0.0
2026-08-04,22:58:48,0.000,0.0
2026-08-04,22:58:48,0.000,0.0
2026-08-04,22:58:48,0.000,0.0
2026-08-04,22:58:48,0.000,0.0
2026-08-04,22:58:48,0.000,0.0
2026-08-04,22:58:48,0.000,0.0
2026-08-04,22:58:49,0.000,0.0
2026-08-04,22:58:49,0.000,0.0
2026-08-04,22:58:49,0.000,0.0
2026-08-04,22:58:49,0.000,0.0
2026-08-04,22:58:49,0.000,0.0
2026-08-04,22:58:49,0.000,0.0
2026-08-04,22:58:50,0.000,0.0
2026-08-04,22:58:50,0.000,0.0
2026-08-04,22:58:50,0.000,0.0
2026-08-04,22:58:50,0.000,0.0
2026-08-04,22:58:50,0.000,0.0
2026-08-04,22:58:50,0.000,0.0
2026-08-04,22:58:51,0.000,0.0
2026-08-04,22:58:51,0.000,0.0
2026-08-04,22:58:51,0.000,0.0
2026-08-04,22:58:51,0.000,0.0
2026-08-04,22:58:51,0.000,0.0
2026-08-04,22:58:51,0.000,0.0
2026-08-04,22:58:52,0.000,0.0
2026-08-04,22:58:52,0.000,0.0
2026-08-04,22:58:52,0.000,0.0
2026-08-04,22:58:52,0.000,0.0
2026-08-04,22:58:52,0.000,0.0
2026-08-04,22:58:52,0.000,0.0
2026-08-04,22:58:53,0.000,0.0
2026-08-04,22:58:53,0.000,0.0
2026-08-04,22:58:53,0.000,0.0
2026-08-04,22:58:53,0.000,0.0
2026-08-04,22:58:53,0.000,0.0
2026-08-04,22:58:53,0.000,0.0
2026-08-04,22:58:54,0.000,0.0
2026-08-04,22:58:54,0.000,0.0
2026-08-04,22:58:54,0.000,0.0
2026-08-04,22:58:54,0.000,0.0
2026-08-04,22:58:54,0.000,0.0
2026-08-04,22:58:54,0.000,0.0
2026-08-04,22:58:55,0.000,0.0
2026-08-04,22:58:55,0.000,0.0
2026-08-04,22:58:55,0.000,0.0
2026-08-04,22:58:55,0.000,0.0
2026-08-04,22:58:55,0.000,0.0
2026-08-04,22:58:55,0.000,0.0
2026-08-04,22:58:56,0.000,0.0
2026-08-04,22:58:56,0.000,0.0
2026-08-04,22:58:56,0.000,0.0
2026-08-04,22:58:56,0.000,0.0
2026-08-04,22:58:56,0.000,0.0
2026-08-04,22:58:56,0.000,0.0
2026-08-04,22:58:57,0.000,0.0
2026-08-04,22:58:57,0.000,0.0
2026-08-04,22:58:57,0.000,0.0
2026-08-04,22:58:57,0.000,0.0
2026-08-04,22:58:57,0.000,0.0
2026-08-04,22:58:57,0.000,0.0
2026-08-04,22:58:58,0.000,0.0
2026-08-04,22:58:58,0.000,0.0
2026-08-04,22:58:58,0.000,0.0
2026-08-04,22:58:58,0.000,0.0
2026-08-04,22:58:58,0.001,0.1
2026-08-04,22:58:58,0.002,0.3
2026-08-04,22:58:58,0.003,0.4
2026-08-04,22:58:59,0.005,0.6
2026-08-04,22:58:59,0.006,0.7
2026-08-04,22:58:59,0.007,0.9
2026-08-04,22:58:59,0.008,1.1
2026-08-04,22:58:59,0.010,1.2
2026-08-04,22:58:59,0.011,1.4
2026-08-04,22:59:00,0.012,1.5
2026-08-04,22:59:00,0.014,1.7
2026-08-04,22:59:00,0.015,1.9
2026-08-04,22:59:00,0.016,2.0
2026-08-04,22:59:00,0.017,2.2
2026-08-04,22:59:00,0.019,2.4
2026-08-04,22:59:01,0.020,2.5
2026-08-04,22:59:01,0.021,2.7
2026-08-04,22:59:01,0.022,2.8
2026-08-04,22:59:01,0.023,2.9
2026-08-04,22:59:01,0.024,3.1
2026-08-04,22:59:01,0.025,3.2
2026-08-04,22:59:02,0.027,3.4
2026-08-04,22:59:02,0.028,3.5
2026-08-04,22:59:02,0.029,3.7
2026-08-04,22:59:02,0.030,3.8
2026-08-04,22:59:02,0.031,4.0
2026-08-04,22:59:02,0.033,4.2
2026-08-04,22:59:03,0.034,4.3
2026-08-04,22:59:03,0.035,4.5
2026-08-04,22:59:03,0.037,4.7
2026-08-04,22:59:03,0.038,4.8
2026-08-04,22:59:03,0.039,5.0
2026-08-04,22:59:03,0.040,5.1
2026-08-04,22:59:04,0.042,5.3
2026-08-04,22:59:04,0.043,5.4
2026-08-04,22:59:04,0.044,5.6
2026-08-04,22:59:04,0.045,5.7
2026-08-04,22:59:04,0.046,5.9
2026-08-04,22:59:04,0.048,6.0
2026-08-04,22:59:05,0.049,6.2
2026-08-04,22:59:05,0.050,6.3
2026-08-04,22:59:05,0.051,6.5
2026-08-04,22:59:05,0.052,6.6
2026-08-04,22:59:05,0.053,6.8
2026-08-04,22:59:05,0.054,6.9
2026-08-04,22:59:06,0.056,7.1
2026-08-04,22:59:06,0.057,7.2
2026-08-04,22:59:06,0.058,7.4
2026-08-04,22:59:06,0.059,7.5
2026-08-04,22:59:06,0.061,7.7
2026-08-04,22:59:06,0.062,7.8
2026-08-04,22:59:07,0.063,8.0
2026-08-04,22:59:07,0.064,8.1
2026-08-04,22:59:07,0.065,8.3
2026-08-04,22:59:07,0.066,8.4
2026-08-04,22:59:07,0.068,8.6
2026-08-04,22:59:07,0.069,8.7
2026-08-04,22:59:08,0.070,8.9
2026-08-04,22:59:08,0.071,9.1
2026-08-04,22:59:08,0.073,9.2
2026-08-04,22:59:08,0.074,9.4
2026-08-04,22:59:08,0.075,9.5
2026-08-04,22:59:08,0.076,9.7
2026-08-04,22:59:09,0.077,9.8
2026-08-04,22:59:09,0.079,10.0
2026-08-04,22:59:09,0.080,10.2
2026-08-04,22:59:09,0.081,10.3
2026-08-04,22:59:09,0.082,10.4
2026-08-04,22:59:09,0.083,10.6
2026-08-04,22:59:10,0.084,10.7
2026-08-04,22:59:10,0.086,10.9
2026-08-04,22:59:10,0.087,11.0
2026-08-04,22:59:10,0.088,11.1
2026-08-04,22:59:10,0.089,11.3
2026-08-04,22:59:10,0.090,11.4
2026-08-04,22:59:11,0.091,11.5
2026-08-04,22:59:11,0.092,11.7
2026-08-04,22:59:11,0.093,11.8
2026-08-04,22:59:11,0.094,12.0
2026-08-04,22:59:11,0.095,12.1
2026-08-04,22:59:11,0.096,12.2
2026-08-04,22:59:12,0.097,12.4
2026-08-04,22:59:12,0.098,12.5
2026-08-04,22:59:12,0.100,12.6
2026-08-04,22:59:12,0.101,12.8
2026-08-04,22:59:12,0.102,12.9
2026-08-04,22:59:12,0.103,13.1
2026-08-04,22:59:13,0.104,13.2
2026-08-04,22:59:13,0.105,13.3
2026-08-04,22:59:13,0.106,13.5
2026-08-04,22:59:13,0.107,13.6
2026-08-04,22:59:13,0.108,13.8
2026-08-04,22:59:13,0.110,13.9
2026-08-04,22:59:14,0.111,14.0
2026-08-04,22:59:14,0.112,14.2
2026-08-04,22:59:14,0.113,14.3
2026-08-04,22:59:14,0.114,14.4
2026-08-04,22:59:14,0.115,14.6
2026-08-04,22:59:14,0.116,14.7
2026-08-04,22:59:15,0.117,14.8
2026-08-04,22:59:15,0.118,15.0
2026-08-04,22:59:15,0.119,15.1
2026-08-04,22:59:15,0.120,15.2
2026-08-04,22:59:15,0.121,15.4
2026-08-04,22:59:15,0.122,15.5
2026-08-04,22:59:15,0.123,15.6
2026-08-04,22:59:16,0.124,15.7
2026-08-04,22:59:16,0.125,15.9
2026-08-04,22:59:16,0.126,16.0
2026-08-04,22:59:16,0.127,16.2
2026-08-04,22:59:16,0.128,16.3
2026-08-04,22:59:16,0.129,16.4
2026-08-04,22:59:17,0.130,16.6
2026-08-04,22:59:17,0.131,16.7
2026-08-04,22:59:17,0.132,16.8
2026-08-04,22:59:17,0.133,16.9
2026-08-04,22:59:17,0.134,17.1
2026-08-04,22:59:17,0.136,17.2
2026-08-04,22:59:18,0.137,17.3
2026-08-04,22:59:18,0.138,17.5
2026-08-04,22:59:18,0.139,17.6
2026-08-04,22:59:18,0.140,17.7
2026-08-04,22:59:18,0.141,17.9
2026-08-04,22:59:18,0.142,18.0
2026-08-04,22:59:19,0.143,18.2
2026-08-04,22:59:19,0.144,18.3
2026-08-04,22:59:19,0.145,18.4
2026-08-04,22:59:19,0.146,18.6
2026-08-04,22:59:19,0.147,18.7
2026-08-04,22:59:19,0.148,18.9
2026-08-04,22:59:20,0.150,19.0
2026-08-04,22:59:20,0.151,19.1
2026-08-04,22:59:20,0.152,19.3
2026-08-04,22:59:20,0.153,19.4
2026-08-04,22:59:20,0.154,19.5
2026-08-04,22:59:20,0.155,19.6
2026-08-04,22:59:21,0.156,19.8
2026-08-04,22:59:21,0.157,19.9
2026-08-04,22:59:21,0.158,20.0
2026-08-04,22:59:21,0.159,20.1
2026-08-04,22:59:21,0.160,20.3
2026-08-04,22:59:21,0.161,20.4
2026-08-04,22:59:22,0.161,20.5
2026-08-04,22:59:22,0.162,20.6
2026-08-04,22:59:22,0.163,20.7
2026-08-04,22:59:22,0.164,20.9
2026-08-04,22:59:22,0.165,21.0
2026-08-04,22:59:22,0.166,21.1
2026-08-04,22:59:23,0.167,21.2
2026-08-04,22:59:23,0.168,21.4
2026-08-04,22:59:23,0.169,21.5
2026-08-04,22:59:23,0.170,21.6
2026-08-04,22:59:23,0.171,21.7
2026-08-04,22:59:23,0.172,21.8
2026-08-04,22:59:24,0.173,21.9
2026-08-04,22:59:24,0.174,22.0
2026-08-04,22:59:24,0.174,22.1
2026-08-04,22:59:24,0.175,22.3
2026-08-04,22:59:24,0.176,22.4
2026-08-04,22:59:24,0.177,22.5
2026-08-04,22:59:25,0.178,22.6
2026-08-04,22:59:25,0.179,22.7
2026-08-04,22:59:25,0.180,22.8
2026-08-04,22:59:25,0.181,23.0
2026-08-04,22:59:25,0.182,23.1
2026-08-04,22:59:25,0.183,23.2
2026-08-04,22:59:26,0.183,23.3
2026-08-04,22:59:26,0.184,23.4
2026-08-04,22:59:26,0.185,23.5
2026-08-04,22:59:26,0.186,23.6
2026-08-04,22:59:26,0.187,23.8
2026-08-04,22:59:26,0.188,23.9
2026-08-04,22:59:27,0.189,24.0
2026-08-04,22:59:27,0.190,24.1
2026-08-04,22:59:27,0.191,24.2
2026-08-04,22:59:27,0.192,24.4
2026-08-04,22:59:27,0.193,24.5
2026-08-04,22:59:27,0.194,24.6
2026-08-04,22:59:28,0.195,24.7
2026-08-04,22:59:28,0.196,24.8
2026-08-04,22:59:28,0.197,25.0
2026-08-04,22:59:28,0.197,25.1
2026-08-04,22:59:28,0.198,25.2
2026-08-04,22:59:28,0.199,25.3
2026-08-04,22:59:29,0.200,25.4
2026-08-04,22:59:29,0.201,25.5
2026-08-04,22:59:29,0.202,25.6
2026-08-04,22:59:29,0.203,25.7
2026-08-04,22:59:29,0.204,25.9
2026-08-04,22:59:29,0.204,26.0
2026-08-04,22:59:30,0.205,26.1
2026-08-04,22:59:30,0.206,26.2
2026-08-04,22:59:30,0.207,26.3
2026-08-04,22:59:30,0.208,26.4
2026-08-04,22:59:30,0.209,26.5
2026-08-04,22:59:30,0.210,26.6
2026-08-04,22:59:31,0.211,26.7
2026-08-04,22:59:31,0.211,26.9
2026-08-04,22:59:31,0.212,27.0
2026-08-04,22:59:31,0.213,27.1
2026-08-04,22:59:31,0.214,27.2
2026-08-04,22:59:31,0.215,27.3
2026-08-04,22:59:31,0.216,27.4
2026-08-04,22:59:32,0.217,27.6
2026-08-04,22:59:32,0.218,27.7
2026-08-04,22:59:32,0.219,27.8
2026-08-04,22:59:32,0.220,27.9
2026-08-04,22:59:32,0.221,28.1
2026-08-04,22:59:32,0.222,28.2
2026-08-04,22:59:33,0.223,28.3
2026-08-04,22:59:33,0.224,28.4
2026-08-04,22:59:33,0.225,28.6
2026-08-04,22:59:33,0.226,28.7
2026-08-04,22:59:33,0.227,28.8
2026-08-04,22:59:33,0.228,28.9
2026-08-04,22:59:34,0.228,29.0
2026-08-04,22:59:34,0.229,29.1
2026-08-04,22:59:34,0.230,29.3
2026-08-04,22:59:34,0.231,29.4
2026-08-04,22:59:34,0.232,29.5
2026-08-04,22:59:34,0.233,29.6
2026-08-04,22:59:35,0.234,29.7
2026-08-04,22:59:35,0.235,29.9
2026-08-04,22:59:35,0.236,30.0
2026-08-04,22:59:35,0.237,30.1
2026-08-04,22:59:35,0.238,30.2
2026-08-04,22:59:35,0.238,30.3
2026-08-04,22:59:36,0.239,30.4
2026-08-04,22:59:36,0.240,30.5
2026-08-04,22:59:36,0.241,30.6
2026-08-04,22:59:36,0.241,30.7
2026-08-04,22:59:36,0.242,30.8
2026-08-04,22:59:36,0.243,30.9
2026-08-04,22:59:37,0.244,30.9
2026-08-04,22:59:37,0.244,31.0
2026-08-04,22:59:37,0.245,31.2
2026-08-04,22:59:37,0.246,31.3
2026-08-04,22:59:37,0.247,31.4
2026-08-04,22:59:37,0.248,31.5
2026-08-04,22:59:38,0.249,31.6
2026-08-04,22:59:38,0.250,31.7
2026-08-04,22:59:38,0.251,31.8
2026-08-04,22:59:38,0.251,31.9
2026-08-04,22:59:38,0.252,32.0
2026-08-04,22:59:38,0.253,32.1
2026-08-04,22:59:39,0.254,32.2
2026-08-04,22:59:39,0.255,32.3
2026-08-04,22:59:39,0.256,32.5
2026-08-04,22:59:39,0.256,32.6
2026-08-04,22:59:39,0.257,32.7
2026-08-04,22:59:39,0.258,32.8
2026-08-04,22:59:40,0.259,32.9
2026-08-04,22:59:40,0.260,33.0
2026-08-04,22:59:40,0.261,33.2
2026-08-04,22:59:40,0.262,33.3
2026-08-04,22:59:40,0.263,33.4
2026-08-04,22:59:40,0.264,33.5
2026-08-04,22:59:41,0.264,33.6
2026-08-04,22:59:41,0.265,33.7
2026-08-04,22:59:41,0.266,33.7
2026-08-04,22:59:41,0.266,33.8
2026-08-04,22:59:41,0.267,33.9
2026-08-04,22:59:41,0.268,34.0
2026-08-04,22:59:42,0.269,34.1
2026-08-04,22:59:42,0.270,34.2
2026-08-04,22:59:42,0.270,34.3
2026-08-04,22:59:42,0.271,34.5
2026-08-04,22:59:42,0.272,34.6
2026-08-04,22:59:42,0.273,34.7
2026-08-04,22:59:43,0.274,34.8
2026-08-04,22:59:43,0.275,34.9
2026-08-04,22:59:43,0.276,35.0
2026-08-04,22:59:43,0.276,35.1
2026-08-04,22:59:43,0.277,35.2
2026-08-04,22:59:43,0.278,35.3
2026-08-04,22:59:44,0.279,35.4
2026-08-04,22:59:44,0.279,35.5
2026-08-04,22:59:44,0.280,35.6
2026-08-04,22:59:44,0.281,35.7
2026-08-04,22:59:44,0.282,35.8
2026-08-04,22:59:44,0.282,35.9
2026-08-04,22:59:45,0.283,36.0
2026-08-04,22:59:45,0.284,36.1
2026-08-04,22:59:45,0.285,36.2
2026-08-04,22:59:45,0.286,36.3
2026-08-04,22:59:45,0.286,36.4
2026-08-04,22:59:45,0.287,36.4
2026-08-04,22:59:46,0.288,36.5
2026-08-04,22:59:46,0.288,36.6
2026-08-04,22:59:46,0.289,36.7
2026-08-04,22:59:46,0.290,36.8
2026-08-04,22:59:46,0.291,36.9
2026-08-04,22:59:46,0.291,37.0
2026-08-04,22:59:47,0.292,37.1
2026-08-04,22:59:47,0.293,37.2
2026-08-04,22:59:47,0.293,37.3
2026-08-04,22:59:47,0.294,37.4
2026-08-04,22:59:47,0.295,37.5
2026-08-04,22:59:47,0.296,37.5
2026-08-04,22:59:48,0.296,37.6
2026-08-04,22:59:48,0.297,37.7
2026-08-04,22:59:48,0.298,37.8
2026-08-04,22:59:48,0.298,37.9
2026-08-04,22:59:48,0.299,38.0
2026-08-04,22:59:48,0.300,38.1
2026-08-04,22:59:48,0.301,38.2
2026-08-04,22:59:49,0.301,38.3
2026-08-04,22:59:49,0.302,38.4
2026-08-04,22:59:49,0.303,38.4
2026-08-04,22:59:49,0.303,38.5
2026-08-04,22:59:49,0.304,38.6
2026-08-04,22:59:49,0.305,38.7
2026-08-04,22:59:50,0.306,38.8
2026-08-04,22:59:50,0.307,38.9
2026-08-04,22:59:50,0.307,39.0
2026-08-04,22:59:50,0.308,39.2
2026-08-04,22:59:50,0.309,39.3
2026-08-04,22:59:50,0.310,39.4
2026-08-04,22:59:51,0.311,39.5
2026-08-04,22:59:51,0.312,39.6
2026-08-04,22:59:51,0.313,39.7
2026-08-04,22:59:51,0.314,39.8
2026-08-04,22:59:51,0.315,39.9
2026-08-04,22:59:51,0.315,40.1
2026-08-04,22:59:52,0.316,40.2
2026-08-04,22:59:52,0.317,40.3
2026-08-04,22:59:52,0.318,40.4
2026-08-04,22:59:52,0.319,40.5
2026-08-04,22:59:52,0.319,40.6
2026-08-04,22:59:52,0.320,40.7
2026-08-04,22:59:53,0.321,40.8
2026-08-04,22:59:53,0.322,40.9
2026-08-04,22:59:53,0.323,41.0
2026-08-04,22:59:53,0.324,41.1
2026-08-04,22:59:53,0.324,41.2
2026-08-04,22:59:53,0.325,41.3
2026-08-04,22:59:54,0.326,41.4
2026-08-04,22:59:54,0.327,41.5
2026-08-04,22:59:54,0.327,41.6
2026-08-04,22:59:54,0.328,41.6
2026-08-04,22:59:54,0.329,41.7
2026-08-04,22:59:54,0.329,41.8
2026-08-04,22:59:55,0.330,41.9
2026-08-04,22:59:55,0.331,42.0
2026-08-04,22:59:55,0.332,42.1
2026-08-04,22:59:55,0.332,42.2
2026-08-04,22:59:55,0.333,42.3
2026-08-04,22:59:55,0.334,42.4
2026-08-04,22:59:56,0.334,42.4
2026-08-04,22:59:56,0.335,42.5
2026-08-04,22:59:56,0.335,42.6
2026-08-04,22:59:56,0.336,42.7
2026-08-04,22:59:56,0.337,42.8
2026-08-04,22:59:56,0.337,42.8
2026-08-04,22:59:57,0.338,42.9
2026-08-04,22:59:57,0.339,43.0
2026-08-04,22:59:57,0.340,43.1
2026-08-04,22:59:57,0.340,43.2
2026-08-04,22:59:57,0.341,43.3
2026-08-04,22:59:57,0.342,43.4
2026-08-04,22:59:58,0.342,43.5
2026-08-04,22:59:58,0.343,43.6
2026-08-04,22:59:58,0.344,43.6
2026-08-04,22:59:58,0.344,43.7
2026-08-04,22:59:58,0.345,43.8
2026-08-04,22:59:58,0.345,43.9
2026-08-04,22:59:59,0.346,44.0
2026-08-04,22:59:59,0.347,44.0
2026-08-04,22:59:59,0.347,44.1
2026-08-04,22:59:59,0.348,44.2
2026-08-04,22:59:59,0.349,44.3
2026-08-04,22:59:59,0.350,44.4
2026-08-04,23:00:00,0.350,44.5
2026-08-04,23:00:00,0.351,44.6
2026-08-04,23:00:00,0.352,44.7
2026-08-04,23:00:00,0.353,44.8
2026-08-04,23:00:00,0.353,44.9
2026-08-04,23:00:00,0.354,45.0
2026-08-04,23:00:01,0.355,45.1
2026-08-04,23:00:01,0.355,45.1
2026-08-04,23:00:01,0.356,45.2
2026-08-04,23:00:01,0.357,45.3
2026-08-04,23:00:01,0.357,45.4
2026-08-04,23:00:01,0.358,45.5
2026-08-04,23:00:02,0.359,45.5
2026-08-04,23:00:02,0.359,45.6
2026-08-04,23:00:02,0.360,45.7
2026-08-04,23:00:02,0.361,45.8
2026-08-04,23:00:02,0.361,45.9
2026-08-04,23:00:02,0.362,46.0
2026-08-04,23:00:03,0.363,46.0
2026-08-04,23:00:03,0.363,46.1
2026-08-04,23:00:03,0.364,46.2
2026-08-04,23:00:03,0.364,46.3
2026-08-04,23:00:03,0.365,46.4
2026-08-04,23:00:03,0.366,46.5
2026-08-04,23:00:04,0.367,46.5
2026-08-04,23:00:04,0.367,46.6
2026-08-04,23:00:04,0.368,46.7
2026-08-04,23:00:04,0.369,46.8
2026-08-04,23:00:04,0.369,46.9
2026-08-04,23:00:04,0.370,47.0
2026-08-04,23:00:04,0.371,47.1
2026-08-04,23:00:05,0.371,47.2
2026-08-04,23:00:05,0.372,47.3
2026-08-04,23:00:05,0.373,47.3
2026-08-04,23:00:05,0.373,47.4
2026-08-04,23:00:05,0.374,47.5
2026-08-04,23:00:05,0.375,47.6
2026-08-04,23:00:06,0.375,47.7
2026-08-04,23:00:06,0.376,47.8
2026-08-04,23:00:06,0.377,47.8
2026-08-04,23:00:06,0.377,47.9
2026-08-04,23:00:06,0.378,48.0
2026-08-04,23:00:06,0.378,48.1
2026-08-04,23:00:07,0.379,48.1
2026-08-04,23:00:07,0.380,48.2
2026-08-04,23:00:07,0.380,48.3
2026-08-04,23:00:07,0.381,48.4
2026-08-04,23:00:07,0.382,48.5
2026-08-04,23:00:07,0.382,48.6
2026-08-04,23:00:08,0.383,48.7
2026-08-04,23:00:08,0.384,48.7
2026-08-04,23:00:08,0.384,48.8
2026-08-04,23:00:08,0.385,48.9
2026-08-04,23:00:08,0.386,49.0
2026-08-04,23:00:08,0.387,49.1
2026-08-04,23:00:09,0.387,49.2
2026-08-04,23:00:09,0.388,49.3
2026-08-04,23:00:09,0.388,49.3
2026-08-04,23:00:09,0.389,49.4
2026-08-04,23:00:09,0.390,49.5
2026-08-04,23:00:09,0.390,49.6
2026-08-04,23:00:10,0.391,49.7
2026-08-04,23:00:10,0.392,49.7
2026-08-04,23:00:10,0.392,49.8
2026-08-04,23:00:10,0.393,49.9
2026-08-04,23:00:10,0.394,50.0
2026-08-04,23:00:10,0.395,50.1
2026-08-04,23:00:11,0.395,50.2
2026-08-04,23:00:11,0.396,50.3
2026-08-04,23:00:11,0.397,50.4
2026-08-04,23:00:11,0.397,50.5
2026-08-04,23:00:11,0.398,50.5
2026-08-04,23:00:11,0.398,50.6
2026-08-04,23:00:12,0.399,50.7
2026-08-04,23:00:12,0.400,50.7
2026-08-04,23:00:12,0.400,50.8
2026-08-04,23:00:12,0.401,50.9
2026-08-04,23:00:12,0.401,51.0
2026-08-04,23:00:12,0.402,51.0
2026-08-04,23:00:13,0.402,51.1
2026-08-04,23:00:13,0.403,51.2
2026-08-04,23:00:13,0.403,51.2
2026-08-04,23:00:13,0.404,51.3
2026-08-04,23:00:13,0.404,51.4
2026-08-04,23:00:13,0.405,51.4
2026-08-04,23:00:14,0.406,51.5
2026-08-04,23:00:14,0.406,51.6
2026-08-04,23:00:14,0.407,51.6
2026-08-04,23:00:14,0.407,51.7
2026-08-04,23:00:14,0.408,51.8
2026-08-04,23:00:14,0.409,51.9
2026-08-04,23:00:15,0.409,52.0
2026-08-04,23:00:15,0.410,52.0
2026-08-04,23:00:15,0.410,52.1
2026-08-04,23:00:15,0.411,52.2
2026-08-04,23:00:15,0.412,52.3
2026-08-04,23:00:15,0.412,52.4
2026-08-04,23:00:16,0.413,52.4
2026-08-04,23:00:16,0.413,52.5
2026-08-04,23:00:16,0.414,52.6
2026-08-04,23:00:16,0.415,52.7
2026-08-04,23:00:16,0.415,52.7
2026-08-04,23:00:16,0.416,52.8
2026-08-04,23:00:17,0.416,52.9
2026-08-04,23:00:17,0.417,53.0
2026-08-04,23:00:17,0.418,53.0
2026-08-04,23:00:17,0.418,53.1
2026-08-04,23:00:17,0.419,53.2
2026-08-04,23:00:17,0.419,53.3
2026-08-04,23:00:18,0.420,53.4
2026-08-04,23:00:18,0.421,53.4
2026-08-04,23:00:18,0.421,53.5
2026-08-04,23:00:18,0.422,53.6
2026-08-04,23:00:18,0.423,53.7
2026-08-04,23:00:18,0.423,53.7
2026-08-04,23:00:19,0.424,53.8
2026-08-04,23:00:19,0.424,53.9
2026-08-04,23:00:19,0.425,54.0
2026-08-04,23:00:19,0.426,54.1
2026-08-04,23:00:19,0.426,54.1
2026-08-04,23:00:19,0.427,54.2
2026-08-04,23:00:20,0.427,54.3
2026-08-04,23:00:20,0.428,54.4
2026-08-04,23:00:20,0.429,54.4
2026-08-04,23:00:20,0.429,54.5
2026-08-04,23:00:20,0.430,54.6
2026-08-04,23:00:20,0.430,54.7
2026-08-04,23:00:21,0.431,54.7
2026-08-04,23:00:21,0.432,54.8
2026-08-04,23:00:21,0.432,54.9
2026-08-04,23:00:21,0.433,55.0
2026-08-04,23:00:21,0.434,55.1
2026-08-04,23:00:21,0.434,55.2
2026-08-04,23:00:21,0.435,55.2
2026-08-04,23:00:22,0.436,55.3
2026-08-04,23:00:22,0.436,55.4
2026-08-04,23:00:22,0.437,55.5
2026-08-04,23:00:22,0.438,55.6
2026-08-04,23:00:22,0.438,55.6
2026-08-04,23:00:22,0.439,55.7
2026-08-04,23:00:23,0.439,55.8
2026-08-04,23:00:23,0.440,55.9
2026-08-04,23:00:23,0.441,56.0
2026-08-04,23:00:23,0.441,56.0
2026-08-04,23:00:23,0.442,56.1
2026-08-04,23:00:23,0.442,56.2
2026-08-04,23:00:24,0.443,56.3
2026-08-04,23:00:24,0.444,56.3
2026-08-04,23:00:24,0.444,56.4
2026-08-04,23:00:24,0.445,56.5
2026-08-04,23:00:24,0.445,56.5
2026-08-04,23:00:24,0.446,56.6
2026-08-04,23:00:25,0.446,56.7
2026-08-04,23:00:25,0.447,56.8
2026-08-04,23:00:25,0.448,56.9
2026-08-04,23:00:25,0.448,56.9
2026-08-04,23:00:25,0.449,57.0
2026-08-04,23:00:25,0.449,57.1
2026-08-04,23:00:26,0.450,57.2
2026-08-04,23:00:26,0.451,57.2
2026-08-04,23:00:26,0.451,57.3
2026-08-04,23:00:26,0.452,57.4
2026-08-04,23:00:26,0.452,57.5
2026-08-04,23:00:26,0.453,57.5
2026-08-04,23:00:27,0.454,57.6
2026-08-04,23:00:27,0.454,57.7
2026-08-04,23:00:27,0.455,57.7
2026-08-04,23:00:27,0.455,57.8
2026-08-04,23:00:27,0.456,57.9
2026-08-04,23:00:27,0.456,57.9
2026-08-04,23:00:28,0.457,58.0
2026-08-04,23:00:28,0.457,58.1
2026-08-04,23:00:28,0.458,58.1
2026-08-04,23:00:28,0.458,58.2
2026-08-04,23:00:28,0.459,58.3
2026-08-04,23:00:28,0.459,58.3
2026-08-04,23:00:29,0.460,58.4
2026-08-04,23:00:29,0.460,58.5
2026-08-04,23:00:29,0.461,58.5
2026-08-04,23:00:29,0.462,58.6
2026-08-04,23:00:29,0.462,58.7
2026-08-04,23:00:29,0.463,58.8
2026-08-04,23:00:30,0.463,58.8
2026-08-04,23:00:30,0.464,58.9
2026-08-04,23:00:30,0.465,59.0
2026-08-04,23:00:30,0.465,59.1
2026-08-04,23:00:30,0.466,59.2
2026-08-04,23:00:30,0.466,59.2
2026-08-04,23:00:31,0.467,59.3
2026-08-04,23:00:31,0.467,59.4
2026-08-04,23:00:31,0.468,59.4
2026-08-04,23:00:31,0.469,59.5
2026-08-04,23:00:31,0.469,59.6
2026-08-04,23:00:31,0.470,59.7
2026-08-04,23:00:32,0.470,59.7
2026-08-04,23:00:32,0.471,59.8
2026-08-04,23:00:32,0.471,59.8
2026-08-04,23:00:32,0.472,59.9
2026-08-04,23:00:32,0.472,60.0
2026-08-04,23:00:32,0.472,60.0
2026-08-04,23:00:33,0.473,60.1
2026-08-04,23:00:33,0.473,60.1
2026-08-04,23:00:33,0.474,60.2
2026-08-04,23:00:33,0.475,60.3
2026-08-04,23:00:33,0.475,60.3
2026-08-04,23:00:33,0.476,60.4
2026-08-04,23:00:34,0.476,60.5
2026-08-04,23:00:34,0.477,60.6
2026-08-04,23:00:34,0.477,60.6
2026-08-04,23:00:34,0.478,60.7
2026-08-04,23:00:34,0.479,60.8
2026-08-04,23:00:34,0.479,60.9
2026-08-04,23:00:35,0.480,60.9
2026-08-04,23:00:35,0.480,61.0
2026-08-04,23:00:35,0.481,61.1
2026-08-04,23:00:35,0.481,61.1
2026-08-04,23:00:35,0.482,61.2
2026-08-04,23:00:35,0.483,61.3
2026-08-04,23:00:36,0.483,61.4
2026-08-04,23:00:36,0.484,61.4
2026-08-04,23:00:36,0.484,61.5
2026-08-04,23:00:36,0.485,61.6
2026-08-04,23:00:36,0.485,61.6
2026-08-04,23:00:36,0.486,61.7
2026-08-04,23:00:37,0.486,61.7
2026-08-04,23:00:37,0.487,61.8
2026-08-04,23:00:37,0.487,61.9
2026-08-04,23:00:37,0.488,61.9
2026-08-04,23:00:37,0.488,62.0
2026-08-04,23:00:37,0.489,62.1
2026-08-04,23:00:38,0.489,62.1
2026-08-04,23:00:38,0.490,62.2
2026-08-04,23:00:38,0.490,62.3
2026-08-04,23:00:38,0.491,62.3
2026-08-04,23:00:38,0.491,62.4
2026-08-04,23:00:38,0.492,62.4
2026-08-04,23:00:38,0.492,62.5
2026-08-04,23:00:39,0.492,62.5
2026-08-04,23:00:39,0.493,62.6
2026-08-04,23:00:39,0.493,62.7
2026-08-04,23:00:39,0.494,62.7
2026-08-04,23:00:39,0.494,62.8
2026-08-04,23:00:39,0.495,62.8
2026-08-04,23:00:40,0.495,62.9
2026-08-04,23:00:40,0.496,63.0
2026-08-04,23:00:40,0.496,63.0
2026-08-04,23:00:40,0.497,63.1
2026-08-04,23:00:40,0.497,63.1
2026-08-04,23:00:40,0.498,63.2
2026-08-04,23:00:41,0.498,63.3
2026-08-04,23:00:41,0.499,63.3
2026-08-04,23:00:41,0.499,63.4
2026-08-04,23:00:41,0.500,63.5
2026-08-04,23:00:41,0.500,63.6
2026-08-04,23:00:41,0.501,63.6
2026-08-04,23:00:42,0.502,63.7
2026-08-04,23:00:42,0.502,63.8
2026-08-04,23:00:42,0.503,63.9
2026-08-04,23:00:42,0.503,63.9
2026-08-04,23:00:42,0.504,64.0
2026-08-04,23:00:42,0.504,64.1
2026-08-04,23:00:43,0.505,64.1
2026-08-04,23:00:43,0.505,64.2
2026-08-04,23:00:43,0.506,64.3
2026-08-04,23:00:43,0.506,64.3
2026-08-04,23:00:43,0.507,64.4
2026-08-04,23:00:43,0.507,64.4
2026-08-04,23:00:44,0.508,64.5
2026-08-04,23:00:44,0.508,64.5
2026-08-04,23:00:44,0.509,64.6
2026-08-04,23:00:44,0.509,64.7
2026-08-04,23:00:44,0.510,64.7
2026-08-04,23:00:44,0.510,64.8
2026-08-04,23:00:45,0.511,64.8
2026-08-04,23:00:45,0.511,64.9
2026-08-04,23:00:45,0.511,65.0
2026-08-04,23:00:45,0.512,65.0
2026-08-04,23:00:45,0.512,65.1
2026-08-04,23:00:45,0.513,65.1
2026-08-04,23:00:46,0.513,65.2
2026-08-04,23:00:46,0.514,65.2
2026-08-04,23:00:46,0.514,65.3
2026-08-04,23:00:46,0.515,65.4
2026-08-04,23:00:46,0.515,65.4
2026-08-04,23:00:46,0.516,65.5
2026-08-04,23:00:47,0.516,65.5
2026-08-04,23:00:47,0.516,65.6
2026-08-04,23:00:47,0.517,65.6
2026-08-04,23:00:47,0.517,65.7
2026-08-04,23:00:47,0.518,65.7
2026-08-04,23:00:47,0.518,65.8
2026-08-04,23:00:48,0.519,65.9
2026-08-04,23:00:48,0.519,65.9
2026-08-04,23:00:48,0.519,66.0
2026-08-04,23:00:48,0.520,66.0
2026-08-04,23:00:48,0.520,66.1
2026-08-04,23:00:48,0.521,66.1
2026-08-04,23:00:49,0.521,66.2
2026-08-04,23:00:49,0.521,66.2
2026-08-04,23:00:49,0.522,66.3
2026-08-04,23:00:49,0.522,66.3
2026-08-04,23:00:49,0.523,66.4
2026-08-04,23:00:49,0.523,66.5
2026-08-04,23:00:50,0.524,66.5
2026-08-04,23:00:50,0.524,66.6
2026-08-04,23:00:50,0.525,66.6
2026-08-04,23:00:50,0.525,66.7
2026-08-04,23:00:50,0.526,66.8
2026-08-04,23:00:50,0.526,66.8
2026-08-04,23:00:51,0.527,66.9
2026-08-04,23:00:51,0.527,67.0
2026-08-04,23:00:51,0.528,67.0
2026-08-04,23:00:51,0.528,67.1
2026-08-04,23:00:51,0.529,67.2
2026-08-04,23:00:51,0.529,67.2
2026-08-04,23:00:52,0.530,67.3
2026-08-04,23:00:52,0.530,67.3
2026-08-04,23:00:52,0.531,67.4
2026-08-04,23:00:52,0.531,67.5
2026-08-04,23:00:52,0.532,67.5
2026-08-04,23:00:52,0.532,67.6
2026-08-04,23:00:53,0.533,67.6
2026-08-04,23:00:53,0.533,67.7
2026-08-04,23:00:53,0.533,67.8
2026-08-04,23:00:53,0.534,67.8
2026-08-04,23:00:53,0.534,67.9
2026-08-04,23:00:53,0.535,67.9
2026-08-04,23:00:54,0.535,68.0
2026-08-04,23:00:54,0.536,68.1
2026-08-04,23:00:54,0.536,68.1
2026-08-04,23:00:54,0.537,68.2
2026-08-04,23:00:54,0.537,68.2
2026-08-04,23:00:54,0.538,68.3
2026-08-04,23:00:54,0.538,68.4
2026-08-04,23:00:55,0.539,68.4
2026-08-04,23:00:55,0.539,68.5
2026-08-04,23:00:55,0.540,68.6
2026-08-04,23:00:55,0.540,68.6
2026-08-04,23:00:55,0.541,68.7
2026-08-04,23:00:55,0.541,68.7
2026-08-04,23:00:56,0.542,68.8
2026-08-04,23:00:56,0.542,68.9
2026-08-04,23:00:56,0.543,68.9
2026-08-04,23:00:56,0.543,69.0
2026-08-04,23:00:56,0.544,69.0
2026-08-04,23:00:56,0.544,69.1
2026-08-04,23:00:57,0.544,69.1
2026-08-04,23:00:57,0.545,69.2
2026-08-04,23:00:57,0.545,69.2
2026-08-04,23:00:57,0.546,69.3
2026-08-04,23:00:57,0.546,69.4
2026-08-04,23:00:57,0.547,69.4
2026-08-04,23:00:58,0.547,69.5
2026-08-04,23:00:58,0.547,69.5
2026-08-04,23:00:58,0.548,69.6
2026-08-04,23:00:58,0.548,69.6
2026-08-04,23:00:58,0.549,69.7
2026-08-04,23:00:58,0.549,69.8
2026-08-04,23:00:59,0.550,69.8
2026-08-04,23:00:59,0.550,69.9
2026-08-04,23:00:59,0.551,69.9
2026-08-04,23:00:59,0.551,70.0
2026-08-04,23:00:59,0.552,70.0
2026-08-04,23:00:59,0.552,70.1
2026-08-04,23:01:00,0.552,70.2
2026-08-04,23:01:00,0.553,70.2
2026-08-04,23:01:00,0.553,70.3
2026-08-04,23:01:00,0.554,70.3
2026-08-04,23:01:00,0.554,70.4
2026-08-04,23:01:00,0.555,70.4
2026-08-04,23:01:01,0.555,70.5
2026-08-04,23:01:01,0.556,70.6
2026-08-04,23:01:01,0.556,70.6
2026-08-04,23:01:01,0.557,70.7
2026-08-04,23:01:01,0.557,70.7
2026-08-04,23:01:01,0.557,70.8
2026-08-04,23:01:02,0.558,70.8
2026-08-04,23:01:02,0.558,70.9
2026-08-04,23:01:02,0.559,71.0
2026-08-04,23:01:02,0.559,71.0
2026-08-04,23:01:02,0.560,71.1
2026-08-04,23:01:02,0.560,71.1
2026-08-04,23:01:03,0.560,71.2
2026-08-04,23:01:03,0.561,71.2
2026-08-04,23:01:03,0.561,71.3
2026-08-04,23:01:03,0.561,71.3
2026-08-04,23:01:03,0.562,71.3
2026-08-04,23:01:03,0.562,71.4
2026-08-04,23:01:04,0.562,71.4
2026-08-04,23:01:04,0.563,71.5
2026-08-04,23:01:04,0.563,71.5
2026-08-04,23:01:04,0.564,71.6
2026-08-04,23:01:04,0.564,71.6
2026-08-04,23:01:04,0.564,71.7
2026-08-04,23:01:05,0.565,71.7
2026-08-04,23:01:05,0.565,71.8
2026-08-04,23:01:05,0.566,71.9
2026-08-04,23:01:05,0.566,71.9
2026-08-04,23:01:05,0.567,72.0
2026-08-04,23:01:05,0.567,72.0
2026-08-04,23:01:06,0.568,72.1
2026-08-04,23:01:06,0.568,72.2
2026-08-04,23:01:06,0.569,72.2
2026-08-04,23:01:06,0.569,72.3
2026-08-04,23:01:06,0.570,72.3
2026-08-04,23:01:06,0.570,72.4
2026-08-04,23:01:07,0.570,72.4
2026-08-04,23:01:07,0.571,72.5
2026-08-04,23:01:07,0.571,72.6
2026-08-04,23:01:07,0.572,72.6
2026-08-04,23:01:07,0.572,72.7
2026-08-04,23:01:07,0.573,72.7
2026-08-04,23:01:08,0.573,72.8
2026-08-04,23:01:08,0.574,72.9
2026-08-04,23:01:08,0.574,72.9
2026-08-04,23:01:08,0.575,73.0
2026-08-04,23:01:08,0.575,73.0
2026-08-04,23:01:08,0.575,73.1
2026-08-04,23:01:09,0.576,73.1
2026-08-04,23:01:09,0.576,73.2
2026-08-04,23:01:09,0.577,73.3
2026-08-04,23:01:09,0.577,73.3
2026-08-04,23:01:09,0.578,73.4
2026-08-04,23:01:09,0.578,73.4
2026-08-04,23:01:10,0.578,73.5
2026-08-04,23:01:10,0.579,73.5
2026-08-04,23:01:10,0.579,73.6
2026-08-04,23:01:10,0.580,73.6
2026-08-04,23:01:10,0.580,73.7
2026-08-04,23:01:10,0.580,73.7
2026-08-04,23:01:11,0.581,73.7
2026-08-04,23:01:11,0.581,73.8
2026-08-04,23:01:11,0.581,73.8
2026-08-04,23:01:11,0.582,73.9
2026-08-04,23:01:11,0.582,73.9
2026-08-04,23:01:11,0.583,74.0
2026-08-04,23:01:11,0.583,74.0
2026-08-04,23:01:12,0.583,74.1
2026-08-04,23:01:12,0.584,74.1
2026-08-04,23:01:12,0.584,74.2
2026-08-04,23:01:12,0.585,74.2
2026-08-04,23:01:12,0.585,74.3
2026-08-04,23:01:12,0.585,74.3
2026-08-04,23:01:13,0.586,74.4
2026-08-04,23:01:13,0.586,74.4
2026-08-04,23:01:13,0.587,74.5
2026-08-04,23:01:13,0.587,74.5
2026-08-04,23:01:13,0.587,74.6
2026-08-04,23:01:13,0.588,74.6
2026-08-04,23:01:14,0.588,74.7
2026-08-04,23:01:14,0.588,74.7
2026-08-04,23:01:14,0.589,74.8
2026-08-04,23:01:14,0.589,74.8
2026-08-04,23:01:14,0.589,74.9
2026-08-04,23:01:14,0.590,74.9
2026-08-04,23:01:15,0.590,75.0
2026-08-04,23:01:15,0.591,75.0
2026-08-04,23:01:15,0.591,75.1
2026-08-04,23:01:15,0.591,75.1
2026-08-04,23:01:15,0.592,75.1
2026-08-04,23:01:15,0.592,75.2
2026-08-04,23:01:16,0.592,75.2
2026-08-04,23:01:16,0.593,75.3
2026-08-04,23:01:16,0.593,75.3
2026-08-04,23:01:16,0.593,75.4
2026-08-04,23:01:16,0.594,75.4
2026-08-04,23:01:16,0.594,75.5
2026-08-04,23:01:17,0.595,75.5
2026-08-04,23:01:17,0.595,75.6
2026-08-04,23:01:17,0.595,75.6
2026-08-04,23:01:17,0.596,75.7
2026-08-04,23:01:17,0.596,75.7
2026-08-04,23:01:17,0.596,75.8
2026-08-04,23:01:18,0.597,75.8
2026-08-04,23:01:18,0.597,75.8
2026-08-04,23:01:18,0.598,75.9
2026-08-04,23:01:18,0.598,75.9
2026-08-04,23:01:18,0.598,76.0
2026-08-04,23:01:18,0.599,76.0
2026-08-04,23:01:19,0.599,76.1
2026-08-04,23:01:19,0.599,76.1
2026-08-04,23:01:19,0.600,76.2
2026-08-04,23:01:19,0.600,76.2
2026-08-04,23:01:19,0.600,76.2
2026-08-04,23:01:19,0.601,76.3
2026-08-04,23:01:20,0.601,76.3
2026-08-04,23:01:20,0.601,76.4
2026-08-04,23:01:20,0.602,76.4
2026-08-04,23:01:20,0.602,76.5
2026-08-04,23:01:20,0.603,76.5
2026-08-04,23:01:20,0.603,76.6
2026-08-04,23:01:21,0.603,76.6
2026-08-04,23:01:21,0.604,76.7
2026-08-04,23:01:21,0.604,76.7
2026-08-04,23:01:21,0.605,76.8
2026-08-04,23:01:21,0.605,76.8
2026-08-04,23:01:21,0.606,76.9
2026-08-04,23:01:22,0.606,77.0
2026-08-04,23:01:22,0.606,77.0
2026-08-04,23:01:22,0.607,77.1
2026-08-04,23:01:22,0.607,77.1
2026-08-04,23:01:22,0.607,77.2
2026-08-04,23:01:22,0.608,77.2
2026-08-04,23:01:23,0.608,77.2
2026-08-04,23:01:23,0.609,77.3
2026-08-04,23:01:23,0.609,77.3
2026-08-04,23:01:23,0.609,77.4
2026-08-04,23:01:23,0.610,77.4
2026-08-04,23:01:23,0.610,77.5
2026-08-04,23:01:24,0.610,77.5
2026-08-04,23:01:24,0.611,77.6
2026-08-04,23:01:24,0.611,77.6
2026-08-04,23:01:24,0.611,77.7
2026-08-04,23:01:24,0.612,77.7
2026-08-04,23:01:24,0.612,77.8
2026-08-04,23:01:25,0.613,77.8
2026-08-04,23:01:25,0.613,77.9
2026-08-04,23:01:25,0.614,77.9
2026-08-04,23:01:25,0.614,78.0
2026-08-04,23:01:25,0.615,78.1
2026-08-04,23:01:25,0.615,78.1
2026-08-04,23:01:26,0.616,78.2
2026-08-04,23:01:26,0.616,78.3
2026-08-04,23:01:26,0.617,78.3
2026-08-04,23:01:26,0.617,78.4
2026-08-04,23:01:26,0.618,78.4
2026-08-04,23:01:26,0.618,78.5
2026-08-04,23:01:27,0.619,78.6
2026-08-04,23:01:27,0.619,78.6
2026-08-04,23:01:27,0.619,78.7
2026-08-04,23:01:27,0.620,78.7
2026-08-04,23:01:27,0.620,78.8
2026-08-04,23:01:27,0.621,78.8
2026-08-04,23:01:27,0.621,78.9
2026-08-04,23:01:28,0.622,78.9
2026-08-04,23:01:28,0.622,79.0
2026-08-04,23:01:28,0.622,79.0
2026-08-04,23:01:28,0.623,79.1
2026-08-04,23:01:28,0.623,79.1
2026-08-04,23:01:28,0.624,79.2
2026-08-04,23:01:29,0.624,79.2
2026-08-04,23:01:29,0.624,79.3
2026-08-04,23:01:29,0.624,79.3
2026-08-04,23:01:29,0.625,79.4
2026-08-04,23:01:29,0.625,79.4
2026-08-04,23:01:29,0.625,79.4
2026-08-04,23:01:30,0.626,79.5
2026-08-04,23:01:30,0.626,79.5
2026-08-04,23:01:30,0.626,79.5
2026-08-04,23:01:30,0.627,79.6
2026-08-04,23:01:30,0.627,79.6
2026-08-04,23:01:30,0.627,79.7
2026-08-04,23:01:31,0.628,79.7
2026-08-04,23:01:31,0.628,79.8
2026-08-04,23:01:31,0.628,79.8
2026-08-04,23:01:31,0.629,79.8
2026-08-04,23:01:31,0.629,79.9
2026-08-04,23:01:31,0.629,79.9
2026-08-04,23:01:32,0.630,80.0
2026-08-04,23:01:32,0.630,80.0
2026-08-04,23:01:32,0.631,80.1
2026-08-04,23:01:32,0.631,80.1
2026-08-04,23:01:32,0.631,80.2
2026-08-04,23:01:32,0.632,80.2
2026-08-04,23:01:33,0.632,80.3
2026-08-04,23:01:33,0.633,80.3
2026-08-04,23:01:33,0.633,80.4
2026-08-04,23:01:33,0.633,80.4
2026-08-04,23:01:33,0.634,80.5
2026-08-04,23:01:33,0.634,80.6
2026-08-04,23:01:34,0.635,80.6
2026-08-04,23:01:34,0.635,80.6
2026-08-04,23:01:34,0.635,80.7
2026-08-04,23:01:34,0.636,80.7
2026-08-04,23:01:34,0.636,80.8
2026-08-04,23:01:34,0.636,80.8
2026-08-04,23:01:35,0.637,80.9
2026-08-04,23:01:35,0.637,80.9
2026-08-04,23:01:35,0.638,81.0
2026-08-04,23:01:35,0.638,81.0
2026-08-04,23:01:35,0.638,81.0
2026-08-04,23:01:35,0.638,81.1
2026-08-04,23:01:36,0.639,81.1
2026-08-04,23:01:36,0.639,81.2
2026-08-04,23:01:36,0.640,81.2
2026-08-04,23:01:36,0.640,81.3
2026-08-04,23:01:36,0.640,81.3
2026-08-04,23:01:36,0.641,81.4
2026-08-04,23:01:37,0.641,81.4
2026-08-04,23:01:37,0.642,81.5
2026-08-04,23:01:37,0.642,81.5
2026-08-04,23:01:37,0.643,81.6
2026-08-04,23:01:37,0.643,81.7
2026-08-04,23:01:37,0.643,81.7
2026-08-04,23:01:38,0.644,81.8
2026-08-04,23:01:38,0.644,81.8
2026-08-04,23:01:38,0.644,81.8
2026-08-04,23:01:38,0.645,81.9
2026-08-04,23:01:38,0.645,81.9
2026-08-04,23:01:38,0.645,82.0
2026-08-04,23:01:39,0.646,82.0
2026-08-04,23:01:39,0.646,82.0
2026-08-04,23:01:39,0.646,82.1
2026-08-04,23:01:39,0.646,82.1
2026-08-04,23:01:39,0.647,82.1
2026-08-04,23:01:39,0.647,82.2
2026-08-04,23:01:40,0.647,82.2
2026-08-04,23:01:40,0.647,82.2
2026-08-04,23:01:40,0.648,82.3
2026-08-04,23:01:40,0.648,82.3
2026-08-04,23:01:40,0.648,82.3
2026-08-04,23:01:40,0.649,82.4
2026-08-04,23:01:41,0.649,82.4
2026-08-04,23:01:41,0.649,82.4
2026-08-04,23:01:41,0.649,82.5
2026-08-04,23:01:41,0.650,82.5
2026-08-04,23:01:41,0.650,82.6
2026-08-04,23:01:41,0.650,82.6
2026-08-04,23:01:42,0.651,82.6
2026-08-04,23:01:42,0.651,82.7
2026-08-04,23:01:42,0.651,82.7
2026-08-04,23:01:42,0.652,82.8
2026-08-04,23:01:42,0.652,82.8
2026-08-04,23:01:42,0.652,82.9
2026-08-04,23:01:43,0.653,82.9
2026-08-04,23:01:43,0.653,83.0
2026-08-04,23:01:43,0.654,83.0
2026-08-04,23:01:43,0.654,83.0
2026-08-04,23:01:43,0.654,83.1
2026-08-04,23:01:43,0.655,83.1
2026-08-04,23:01:44,0.655,83.2
2026-08-04,23:01:44,0.655,83.2
2026-08-04,23:01:44,0.656,83.3
2026-08-04,23:01:44,0.656,83.3
2026-08-04,23:01:44,0.657,83.4
2026-08-04,23:01:44,0.657,83.4
2026-08-04,23:01:44,0.657,83.5
2026-08-04,23:01:45,0.658,83.5
2026-08-04,23:01:45,0.658,83.6
2026-08-04,23:01:45,0.658,83.6
2026-08-04,23:01:45,0.659,83.6
2026-08-04,23:01:45,0.659,83.7
2026-08-04,23:01:45,0.659,83.7
2026-08-04,23:01:46,0.660,83.8
2026-08-04,23:01:46,0.660,83.8
2026-08-04,23:01:46,0.660,83.9
2026-08-04,23:01:46,0.661,83.9
2026-08-04,23:01:46,0.661,83.9
2026-08-04,23:01:46,0.661,84.0
2026-08-04,23:01:47,0.661,84.0
2026-08-04,23:01:47,0.662,84.0
2026-08-04,23:01:47,0.662,84.1
2026-08-04,23:01:47,0.662,84.1
2026-08-04,23:01:47,0.663,84.2
2026-08-04,23:01:47,0.663,84.2
2026-08-04,23:01:48,0.663,84.2
2026-08-04,23:01:48,0.663,84.3
2026-08-04,23:01:48,0.664,84.3
2026-08-04,23:01:48,0.664,84.3
2026-08-04,23:01:48,0.664,84.4
2026-08-04,23:01:48,0.664,84.4
2026-08-04,23:01:49,0.665,84.4
2026-08-04,23:01:49,0.665,84.5
2026-08-04,23:01:49,0.665,84.5
2026-08-04,23:01:49,0.666,84.5
2026-08-04,23:01:49,0.666,84.6
2026-08-04,23:01:49,0.666,84.6
2026-08-04,23:01:50,0.667,84.7
2026-08-04,23:01:50,0.667,84.7
2026-08-04,23:01:50,0.667,84.7
2026-08-04,23:01:50,0.668,84.8
2026-08-04,23:01:50,0.668,84.8
2026-08-04,23:01:50,0.668,84.9
2026-08-04,23:01:51,0.669,84.9
2026-08-04,23:01:51,0.669,85.0
2026-08-04,23:01:51,0.669,85.0
2026-08-04,23:01:51,0.670,85.0
2026-08-04,23:01:51,0.670,85.1
2026-08-04,23:01:51,0.670,85.1
2026-08-04,23:01:52,0.670,85.1
2026-08-04,23:01:52,0.671,85.2
2026-08-04,23:01:52,0.671,85.2
2026-08-04,23:01:52,0.671,85.3
2026-08-04,23:01:52,0.672,85.3
2026-08-04,23:01:52,0.672,85.3
2026-08-04,23:01:53,0.672,85.4
2026-08-04,23:01:53,0.673,85.4
2026-08-04,23:01:53,0.673,85.5
2026-08-04,23:01:53,0.673,85.5
2026-08-04,23:01:53,0.674,85.6
2026-08-04,23:01:53,0.674,85.6
2026-08-04,23:01:54,0.674,85.6
2026-08-04,23:01:54,0.675,85.7
2026-08-04,23:01:54,0.675,85.7
2026-08-04,23:01:54,0.675,85.8
2026-08-04,23:01:54,0.676,85.8
2026-08-04,23:01:54,0.676,85.8
2026-08-04,23:01:55,0.676,85.9
2026-08-04,23:01:55,0.676,85.9
2026-08-04,23:01:55,0.677,85.9
2026-08-04,23:01:55,0.677,86.0
2026-08-04,23:01:55,0.677,86.0
2026-08-04,23:01:55,0.678,86.1
2026-08-04,23:01:56,0.678,86.1
2026-08-04,23:01:56,0.678,86.2
2026-08-04,23:01:56,0.679,86.2
2026-08-04,23:01:56,0.679,86.3
2026-08-04,23:01:56,0.680,86.3
2026-08-04,23:01:56,0.680,86.3
2026-08-04,23:01:57,0.680,86.4
2026-08-04,23:01:57,0.681,86.4
2026-08-04,23:01:57,0.681,86.5
2026-08-04,23:01:57,0.681,86.5
2026-08-04,23:01:57,0.681,86.5
2026-08-04,23:01:57,0.682,86.6
2026-08-04,23:01:58,0.682,86.6
2026-08-04,23:01:58,0.682,86.7
2026-08-04,23:01:58,0.683,86.7
2026-08-04,23:01:58,0.683,86.7
2026-08-04,23:01:58,0.683,86.8
2026-08-04,23:01:58,0.683,86.8
2026-08-04,23:01:59,0.684,86.8
2026-08-04,23:01:59,0.684,86.9
2026-08-04,23:01:59,0.684,86.9
2026-08-04,23:01:59,0.685,87.0
2026-08-04,23:01:59,0.685,87.0
2026-08-04,23:01:59,0.685,87.0
2026-08-04,23:02:00,0.686,87.1
2026-08-04,23:02:00,0.686,87.1
2026-08-04,23:02:00,0.686,87.2
2026-08-04,23:02:00,0.687,87.2
2026-08-04,23:02:00,0.687,87.2
2026-08-04,23:02:00,0.687,87.3
2026-08-04,23:02:00,0.688,87.3
2026-08-04,23:02:01,0.688,87.4
2026-08-04,23:02:01,0.688,87.4
2026-08-04,23:02:01,0.688,87.4
2026-08-04,23:02:01,0.689,87.5
2026-08-04,23:02:01,0.689,87.5
2026-08-04,23:02:01,0.689,87.5
2026-08-04,23:02:02,0.689,87.6
2026-08-04,23:02:02,0.690,87.6
2026-08-04,23:02:02,0.690,87.6
2026-08-04,23:02:02,0.690,87.7
2026-08-04,23:02:02,0.691,87.7
2026-08-04,23:02:02,0.691,87.8
2026-08-04,23:02:03,0.691,87.8
2026-08-04,23:02:03,0.692,87.8
2026-08-04,23:02:03,0.692,87.9
2026-08-04,23:02:03,0.692,87.9
2026-08-04,23:02:03,0.693,88.0
2026-08-04,23:02:03,0.693,88.0
2026-08-04,23:02:04,0.693,88.0
2026-08-04,23:02:04,0.693,88.1
2026-08-04,23:02:04,0.694,88.1
2026-08-04,23:02:04,0.694,88.1
2026-08-04,23:02:04,0.694,88.2
2026-08-04,23:02:04,0.694,88.2
2026-08-04,23:02:05,0.695,88.2
2026-08-04,23:02:05,0.695,88.3
2026-08-04,23:02:05,0.695,88.3
2026-08-04,23:02:05,0.695,88.3
2026-08-04,23:02:05,0.696,88.4
2026-08-04,23:02:05,0.696,88.4
2026-08-04,23:02:06,0.696,88.4
2026-08-04,23:02:06,0.697,88.5
2026-08-04,23:02:06,0.697,88.5
2026-08-04,23:02:06,0.697,88.5
2026-08-04,23:02:06,0.697,88.6
2026-08-04,23:02:06,0.698,88.6
2026-08-04,23:02:07,0.698,88.6
2026-08-04,23:02:07,0.698,88.7
2026-08-04,23:02:07,0.699,88.7
2026-08-04,23:02:07,0.699,88.7
2026-08-04,23:02:07,0.699,88.8
2026-08-04,23:02:07,0.699,88.8
2026-08-04,23:02:08,0.700,88.9
2026-08-04,23:02:08,0.700,88.9
2026-08-04,23:02:08,0.700,88.9
2026-08-04,23:02:08,0.701,89.0
2026-08-04,23:02:08,0.701,89.0
2026-08-04,23:02:08,0.701,89.1
2026-08-04,23:02:09,0.702,89.1
2026-08-04,23:02:09,0.702,89.1
2026-08-04,23:02:09,0.702,89.2
2026-08-04,23:02:09,0.702,89.2
2026-08-04,23:02:09,0.703,89.2
2026-08-04,23:02:09,0.703,89.3
2026-08-04,23:02:10,0.703,89.3
2026-08-04,23:02:10,0.703,89.3
2026-08-04,23:02:10,0.704,89.4
2026-08-04,23:02:10,0.704,89.4
2026-08-04,23:02:10,0.704,89.5
2026-08-04,23:02:10,0.705,89.5
2026-08-04,23:02:11,0.705,89.5
2026-08-04,23:02:11,0.705,89.6
2026-08-04,23:02:11,0.706,89.6
2026-08-04,23:02:11,0.706,89.6
2026-08-04,23:02:11,0.706,89.7
2026-08-04,23:02:11,0.706,89.7
2026-08-04,23:02:12,0.707,89.7
2026-08-04,23:02:12,0.707,89.8
2026-08-04,23:02:12,0.707,89.8
2026-08-04,23:02:12,0.707,89.8
2026-08-04,23:02:12,0.708,89.9
2026-08-04,23:02:12,0.708,89.9
2026-08-04,23:02:13,0.708,90.0
2026-08-04,23:02:13,0.709,90.0
2026-08-04,23:02:13,0.709,90.0
2026-08-04,23:02:13,0.709,90.1
2026-08-04,23:02:13,0.710,90.1
2026-08-04,23:02:13,0.710,90.2
2026-08-04,23:02:14,0.710,90.2
2026-08-04,23:02:14,0.710,90.2
2026-08-04,23:02:14,0.711,90.3
2026-08-04,23:02:14,0.711,90.3
2026-08-04,23:02:14,0.711,90.3
2026-08-04,23:02:14,0.711,90.4
2026-08-04,23:02:15,0.712,90.4
2026-08-04,23:02:15,0.712,90.4
2026-08-04,23:02:15,0.712,90.5
2026-08-04,23:02:15,0.713,90.5
2026-08-04,23:02:15,0.713,90.5
2026-08-04,23:02:15,0.713,90.6
2026-08-04,23:02:16,0.713,90.6
2026-08-04,23:02:16,0.714,90.6
2026-08-04,23:02:16,0.714,90.7
2026-08-04,23:02:16,0.714,90.7
2026-08-04,23:02:16,0.715,90.8
2026-08-04,23:02:16,0.715,90.8
2026-08-04,23:02:17,0.715,90.9
2026-08-04,23:02:17,0.716,90.9
2026-08-04,23:02:17,0.716,90.9
2026-08-04,23:02:17,0.716,91.0
2026-08-04,23:02:17,0.717,91.0
2026-08-04,23:02:17,0.717,91.1
2026-08-04,23:02:17,0.717,91.1
2026-08-04,23:02:18,0.717,91.1
2026-08-04,23:02:18,0.718,91.1
2026-08-04,23:02:18,0.718,91.2
2026-08-04,23:02:18,0.718,91.2
2026-08-04,23:02:18,0.718,91.2
2026-08-04,23:02:18,0.719,91.3
2026-08-04,23:02:19,0.719,91.3
2026-08-04,23:02:19,0.719,91.3
2026-08-04,23:02:19,0.719,91.3
2026-08-04,23:02:19,0.720,91.4
2026-08-04,23:02:19,0.720,91.4
2026-08-04,23:02:19,0.720,91.5
2026-08-04,23:02:20,0.720,91.5
2026-08-04,23:02:20,0.721,91.5
2026-08-04,23:02:20,0.721,91.6
2026-08-04,23:02:20,0.721,91.6
2026-08-04,23:02:20,0.722,91.6
2026-08-04,23:02:20,0.722,91.7
2026-08-04,23:02:21,0.722,91.7
2026-08-04,23:02:21,0.722,91.7
2026-08-04,23:02:21,0.723,91.8
2026-08-04,23:02:21,0.723,91.8
2026-08-04,23:02:21,0.723,91.8
2026-08-04,23:02:21,0.723,91.9
2026-08-04,23:02:22,0.724,91.9
2026-08-04,23:02:22,0.724,91.9
2026-08-04,23:02:22,0.724,92.0
2026-08-04,23:02:22,0.724,92.0
2026-08-04,23:02:22,0.725,92.0
2026-08-04,23:02:22,0.725,92.0
2026-08-04,23:02:23,0.725,92.1
2026-08-04,23:02:23,0.725,92.1
2026-08-04,23:02:23,0.726,92.1
2026-08-04,23:02:23,0.726,92.2
2026-08-04,23:02:23,0.726,92.2
2026-08-04,23:02:23,0.726,92.3
2026-08-04,23:02:24,0.727,92.3
2026-08-04,23:02:24,0.727,92.3
2026-08-04,23:02:24,0.727,92.4
2026-08-04,23:02:24,0.728,92.4
2026-08-04,23:02:24,0.728,92.4
2026-08-04,23:02:24,0.728,92.5
2026-08-04,23:02:25,0.729,92.5
2026-08-04,23:02:25,0.729,92.6
2026-08-04,23:02:25,0.729,92.6
2026-08-04,23:02:25,0.729,92.6
2026-08-04,23:02:25,0.730,92.7
2026-08-04,23:02:25,0.730,92.7
2026-08-04,23:02:26,0.730,92.7
2026-08-04,23:02:26,0.730,92.8
2026-08-04,23:02:26,0.731,92.8
2026-08-04,23:02:26,0.731,92.8
2026-08-04,23:02:26,0.731,92.8
2026-08-04,23:02:26,0.731,92.9
2026-08-04,23:02:27,0.732,92.9
2026-08-04,23:02:27,0.732,92.9
2026-08-04,23:02:27,0.732,93.0
2026-08-04,23:02:27,0.732,93.0
2026-08-04,23:02:27,0.733,93.0
2026-08-04,23:02:27,0.733,93.1
2026-08-04,23:02:28,0.733,93.1
2026-08-04,23:02:28,0.734,93.2
2026-08-04,23:02:28,0.734,93.2
2026-08-04,23:02:28,0.734,93.2
2026-08-04,23:02:28,0.734,93.3
2026-08-04,23:02:28,0.735,93.3
2026-08-04,23:02:29,0.735,93.3
2026-08-04,23:02:29,0.735,93.4
2026-08-04,23:02:29,0.736,93.4
2026-08-04,23:02:29,0.736,93.4
2026-08-04,23:02:29,0.736,93.5
2026-08-04,23:02:29,0.736,93.5
2026-08-04,23:02:30,0.737,93.5
2026-08-04,23:02:30,0.737,93.6
2026-08-04,23:02:30,0.737,93.6
2026-08-04,23:02:30,0.737,93.6
2026-08-04,23:02:30,0.738,93.7
2026-08-04,23:02:30,0.738,93.7
2026-08-04,23:02:31,0.738,93.7
2026-08-04,23:02:31,0.738,93.8
2026-08-04,23:02:31,0.738,93.8
2026-08-04,23:02:31,0.739,93.8
2026-08-04,23:02:31,0.739,93.8
2026-08-04,23:02:31,0.739,93.9
2026-08-04,23:02:32,0.739,93.9
2026-08-04,23:02:32,0.739,93.9
2026-08-04,23:02:32,0.740,93.9
2026-08-04,23:02:32,0.740,94.0
2026-08-04,23:02:32,0.740,94.0
2026-08-04,23:02:32,0.740,94.0
2026-08-04,23:02:33,0.740,94.0
2026-08-04,23:02:33,0.741,94.1
2026-08-04,23:02:33,0.741,94.1
2026-08-04,23:02:33,0.741,94.1
2026-08-04,23:02:33,0.741,94.1
2026-08-04,23:02:33,0.741,94.2
2026-08-04,23:02:33,0.742,94.2
2026-08-04,23:02:34,0.742,94.2
2026-08-04,23:02:34,0.742,94.3
2026-08-04,23:02:34,0.742,94.3
2026-08-04,23:02:34,0.743,94.3
2026-08-04,23:02:34,0.743,94.3
2026-08-04,23:02:34,0.743,94.4
2026-08-04,23:02:35,0.743,94.4
2026-08-04,23:02:35,0.744,94.5
2026-08-04,23:02:35,0.744,94.5
2026-08-04,23:02:35,0.744,94.5
2026-08-04,23:02:35,0.745,94.6
2026-08-04,23:02:35,0.745,94.6
2026-08-04,23:02:36,0.745,94.6
2026-08-04,23:02:36,0.745,94.7
2026-08-04,23:02:36,0.746,94.7
2026-08-04,23:02:36,0.746,94.7
2026-08-04,23:02:36,0.746,94.8
2026-08-04,23:02:36,0.746,94.8
2026-08-04,23:02:37,0.747,94.8
2026-08-04,23:02:37,0.747,94.8
2026-08-04,23:02:37,0.747,94.9
2026-08-04,23:02:37,0.747,94.9
2026-08-04,23:02:37,0.748,94.9
2026-08-04,23:02:37,0.748,95.0
2026-08-04,23:02:38,0.748,95.0
2026-08-04,23:02:38,0.748,95.0
2026-08-04,23:02:38,0.749,95.1
2026-08-04,23:02:38,0.749,95.1
2026-08-04,23:02:38,0.749,95.1
2026-08-04,23:02:38,0.749,95.1
2026-08-04,23:02:39,0.749,95.2
2026-08-04,23:02:39,0.750,95.2
2026-08-04,23:02:39,0.750,95.2
2026-08-04,23:02:39,0.750,95.2
2026-08-04,23:02:39,0.750,95.3
2026-08-04,23:02:39,0.750,95.3
2026-08-04,23:02:40,0.750,95.3
2026-08-04,23:02:40,0.751,95.3
2026-08-04,23:02:40,0.751,95.4
2026-08-04,23:02:40,0.751,95.4
2026-08-04,23:02:40,0.751,95.4
2026-08-04,23:02:40,0.752,95.5
2026-08-04,23:02:41,0.752,95.5
2026-08-04,23:02:41,0.752,95.5
2026-08-04,23:02:41,0.752,95.6
2026-08-04,23:02:41,0.753,95.6
2026-08-04,23:02:41,0.753,95.6
2026-08-04,23:02:41,0.753,95.7
2026-08-04,23:02:42,0.754,95.7
2026-08-04,23:02:42,0.754,95.7
2026-08-04,23:02:42,0.754,95.8
2026-08-04,23:02:42,0.754,95.8
2026-08-04,23:02:42,0.755,95.9
2026-08-04,23:02:42,0.755,95.9
2026-08-04,23:02:43,0.755,95.9
2026-08-04,23:02:43,0.756,96.0
2026-08-04,23:02:43,0.756,96.0
2026-08-04,23:02:43,0.756,96.0
2026-08-04,23:02:43,0.756,96.1
2026-08-04,23:02:43,0.757,96.1
2026-08-04,23:02:44,0.757,96.1
2026-08-04,23:02:44,0.757,96.1
2026-08-04,23:02:44,0.757,96.2
2026-08-04,23:02:44,0.757,96.2
2026-08-04,23:02:44,0.758,96.2
2026-08-04,23:02:44,0.758,96.3
2026-08-04,23:02:45,0.758,96.3
2026-08-04,23:02:45,0.758,96.3
2026-08-04,23:02:45,0.759,96.3
2026-08-04,23:02:45,0.759,96.4
2026-08-04,23:02:45,0.759,96.4
2026-08-04,23:02:45,0.759,96.4
2026-08-04,23:02:46,0.760,96.5
2026-08-04,23:02:46,0.760,96.5
2026-08-04,23:02:46,0.760,96.5
2026-08-04,23:02:46,0.760,96.6
2026-08-04,23:02:46,0.761,96.6
2026-08-04,23:02:46,0.761,96.7
2026-08-04,23:02:47,0.761,96.7
2026-08-04,23:02:47,0.762,96.7
2026-08-04,23:02:47,0.762,96.8
2026-08-04,23:02:47,0.762,96.8
2026-08-04,23:02:47,0.762,96.8
2026-08-04,23:02:47,0.763,96.9
2026-08-04,23:02:48,0.763,96.9
2026-08-04,23:02:48,0.763,96.9
2026-08-04,23:02:48,0.763,96.9
2026-08-04,23:02:48,0.764,97.0
2026-08-04,23:02:48,0.764,97.0
2026-08-04,23:02:48,0.764,97.0
2026-08-04,23:02:49,0.764,97.1
2026-08-04,23:02:49,0.765,97.1
2026-08-04,23:02:49,0.765,97.1
2026-08-04,23:02:49,0.765,97.2
2026-08-04,23:02:49,0.765,97.2
2026-08-04,23:02:49,0.765,97.2
2026-08-04,23:02:50,0.766,97.2
2026-08-04,23:02:50,0.766,97.3
2026-08-04,23:02:50,0.766,97.3
2026-08-04,23:02:50,0.766,97.3
2026-08-04,23:02:50,0.766,97.3
2026-08-04,23:02:50,0.767,97.4
2026-08-04,23:02:50,0.767,97.4
2026-08-04,23:02:51,0.767,97.4
2026-08-04,23:02:51,0.767,97.5
2026-08-04,23:02:51,0.768,97.5
2026-08-04,23:02:51,0.768,97.5
2026-08-04,23:02:51,0.768,97.6
2026-08-04,23:02:51,0.768,97.6
2026-08-04,23:02:52,0.769,97.6
2026-08-04,23:02:52,0.769,97.7
2026-08-04,23:02:52,0.769,97.7
2026-08-04,23:02:52,0.770,97.7
2026-08-04,23:02:52,0.770,97.8
2026-08-04,23:02:52,0.770,97.8
2026-08-04,23:02:53,0.770,97.8
2026-08-04,23:02:53,0.771,97.9
2026-08-04,23:02:53,0.771,97.9
2026-08-04,23:02:53,0.771,97.9
2026-08-04,23:02:53,0.771,98.0
2026-08-04,23:02:53,0.772,98.0
2026-08-04,23:02:54,0.772,98.0
2026-08-04,23:02:54,0.772,98.0
2026-08-04,23:02:54,0.772,98.1
2026-08-04,23:02:54,0.772,98.1
2026-08-04,23:02:54,0.773,98.1
2026-08-04,23:02:54,0.773,98.1
2026-08-04,23:02:55,0.773,98.2
2026-08-04,23:02:55,0.773,98.2
2026-08-04,23:02:55,0.773,98.2
2026-08-04,23:02:55,0.774,98.3
2026-08-04,23:02:55,0.774,98.3
2026-08-04,23:02:55,0.774,98.3
2026-08-04,23:02:56,0.774,98.3
2026-08-04,23:02:56,0.774,98.4
2026-08-04,23:02:56,0.775,98.4
2026-08-04,23:02:56,0.775,98.4
2026-08-04,23:02:56,0.775,98.4
2026-08-04,23:02:56,0.775,98.5
2026-08-04,23:02:57,0.776,98.5
2026-08-04,23:02:57,0.776,98.5
2026-08-04,23:02:57,0.776,98.6
2026-08-04,23:02:57,0.776,98.6
2026-08-04,23:02:57,0.776,98.6
2026-08-04,23:02:57,0.777,98.6
2026-08-04,23:02:58,0.777,98.7
2026-08-04,23:02:58,0.777,98.7
2026-08-04,23:02:58,0.777,98.7
2026-08-04,23:02:58,0.777,98.7
2026-08-04,23:02:58,0.778,98.8
2026-08-04,23:02:58,0.778,98.8
2026-08-04,23:02:59,0.778,98.8
2026-08-04,23:02:59,0.778,98.9
2026-08-04,23:02:59,0.779,98.9
2026-08-04,23:02:59,0.779,98.9
2026-08-04,23:02:59,0.779,99.0
2026-08-04,23:02:59,0.779,99.0
2026-08-04,23:03:00,0.780,99.0
2026-08-04,23:03:00,0.780,99.1
2026-08-04,23:03:00,0.780,99.1
2026-08-04,23:03:00,0.781,99.1
2026-08-04,23:03:00,0.781,99.2
2026-08-04,23:03:00,0.781,99.2
2026-08-04,23:03:01,0.782,99.3
2026-08-04,23:03:01,0.782,99.3
2026-08-04,23:03:01,0.782,99.3
2026-08-04,23:03:01,0.782,99.4
2026-08-04,23:03:01,0.783,99.4
2026-08-04,23:03:01,0.783,99.4
2026-08-04,23:03:02,0.783,99.5
2026-08-04,23:03:02,0.784,99.5
2026-08-04,23:03:02,0.784,99.5
2026-08-04,23:03:02,0.784,99.6
2026-08-04,23:03:02,0.784,99.6
2026-08-04,23:03:02,0.784,99.6
2026-08-04,23:03:03,0.784,99.6
2026-08-04,23:03:03,0.785,99.6
2026-08-04,23:03:03,0.785,99.7
2026-08-04,23:03:03,0.785,99.7
2026-08-04,23:03:03,0.785,99.7
2026-08-04,23:03:03,0.785,99.7
2026-08-04,23:03:04,0.786,99.8
2026-08-04,23:03:04,0.786,99.8
2026-08-04,23:03:04,0.786,99.8
2026-08-04,23:03:04,0.786,99.9
2026-08-04,23:03:04,0.787,99.9
2026-08-04,23:03:04,0.787,99.9
2026-08-04,23:03:05,0.787,100.0
2026-08-04,23:03:05,0.787,100.0
2026-08-04,23:03:05,0.787,100.0
2026-08-04,23:03:05,0.788,100.0
2026-08-04,23:03:05,0.788,100.1
2026-08-04,23:03:05,0.788,100.1
2026-08-04,23:03:06,0.788,100.1
2026-08-04,23:03:06,0.788,100.1
2026-08-04,23:03:06,0.789,100.1
2026-08-04,23:03:06,0.789,100.2
2026-08-04,23:03:06,0.789,100.2
2026-08-04,23:03:06,0.789,100.2
2026-08-04,23:03:06,0.789,100.2
2026-08-04,23:03:07,0.789,100.2
2026-08-04,23:03:07,0.789,100.3
2026-08-04,23:03:07,0.790,100.3
2026-08-04,23:03:07,0.790,100.3
2026-08-04,23:03:07,0.790,100.3
2026-08-04,23:03:07,0.790,100.3
2026-08-04,23:03:08,0.790,100.4
2026-08-04,23:03:08,0.791,100.4
2026-08-04,23:03:08,0.791,100.4
2026-08-04,23:03:08,0.791,100.5
2026-08-04,23:03:08,0.791,100.5
2026-08-04,23:03:08,0.791,100.5
2026-08-04,23:03:09,0.792,100.5
2026-08-04,23:03:09,0.792,100.6
2026-08-04,23:03:09,0.792,100.6
2026-08-04,23:03:09,0.792,100.6
2026-08-04,23:03:09,0.792,100.6
2026-08-04,23:03:09,0.793,100.7
2026-08-04,23:03:10,0.793,100.7
2026-08-04,23:03:10,0.793,100.7
2026-08-04,23:03:10,0.793,100.7
2026-08-04,23:03:10,0.793,100.7
2026-08-04,23:03:10,0.793,100.8
2026-08-04,23:03:10,0.794,100.8
2026-08-04,23:03:11,0.794,100.8
2026-08-04,23:03:11,0.794,100.8
2026-08-04,23:03:11,0.794,100.9
2026-08-04,23:03:11,0.794,100.9
2026-08-04,23:03:11,0.795,100.9
2026-08-04,23:03:11,0.795,100.9
2026-08-04,23:03:12,0.795,101.0
2026-08-04,23:03:12,0.795,101.0
2026-08-04,23:03:12,0.795,101.0
2026-08-04,23:03:12,0.796,101.0
2026-08-04,23:03:12,0.796,101.1
2026-08-04,23:03:12,0.796,101.1
2026-08-04,23:03:13,0.796,101.1
2026-08-04,23:03:13,0.796,101.1
2026-08-04,23:03:13,0.796,101.1
2026-08-04,23:03:13,0.797,101.2
2026-08-04,23:03:13,0.797,101.2
2026-08-04,23:03:13,0.797,101.2
2026-08-04,23:03:14,0.797,101.2
2026-08-04,23:03:14,0.797,101.2
2026-08-04,23:03:14,0.797,101.3
2026-08-04,23:03:14,0.798,101.3
2026-08-04,23:03:14,0.798,101.3
2026-08-04,23:03:14,0.798,101.3
2026-08-04,23:03:15,0.798,101.4
2026-08-04,23:03:15,0.798,101.4
2026-08-04,23:03:15,0.799,101.4
2026-08-04,23:03:15,0.799,101.4
2026-08-04,23:03:15,0.799,101.5
2026-08-04,23:03:15,0.799,101.5
2026-08-04,23:03:16,0.799,101.5
2026-08-04,23:03:16,0.800,101.6
2026-08-04,23:03:16,0.800,101.6
2026-08-04,23:03:16,0.800,101.6
2026-08-04,23:03:16,0.800,101.7
2026-08-04,23:03:16,0.801,101.7
2026-08-04,23:03:17,0.801,101.7
2026-08-04,23:03:17,0.801,101.7
2026-08-04,23:03:17,0.801,101.8
2026-08-04,23:03:17,0.802,101.8
2026-08-04,23:03:17,0.802,101.8
2026-08-04,23:03:17,0.802,101.9
2026-08-04,23:03:18,0.802,101.9
2026-08-04,23:03:18,0.803,101.9
2026-08-04,23:03:18,0.803,101.9
2026-08-04,23:03:18,0.803,102.0
2026-08-04,23:03:18,0.803,102.0
2026-08-04,23:03:18,0.803,102.0
2026-08-04,23:03:19,0.804,102.1
2026-08-04,23:03:19,0.804,102.1
2026-08-04,23:03:19,0.804,102.1
2026-08-04,23:03:19,0.804,102.2
2026-08-04,23:03:19,0.805,102.2
2026-08-04,23:03:19,0.805,102.2
2026-08-04,23:03:20,0.805,102.3
2026-08-04,23:03:20,0.805,102.3
2026-08-04,23:03:20,0.806,102.3
2026-08-04,23:03:20,0.806,102.3
2026-08-04,23:03:20,0.806,102.3
2026-08-04,23:03:20,0.806,102.4
2026-08-04,23:03:21,0.806,102.4
2026-08-04,23:03:21,0.806,102.4
2026-08-04,23:03:21,0.807,102.4
2026-08-04,23:03:21,0.807,102.5
2026-08-04,23:03:21,0.807,102.5
2026-08-04,23:03:21,0.807,102.5
2026-08-04,23:03:22,0.807,102.5
2026-08-04,23:03:22,0.807,102.5
2026-08-04,23:03:22,0.807,102.6
2026-08-04,23:03:22,0.808,102.6
2026-08-04,23:03:22,0.808,102.6
2026-08-04,23:03:22,0.808,102.6
2026-08-04,23:03:23,0.808,102.6
2026-08-04,23:03:23,0.808,102.6
2026-08-04,23:03:23,0.808,102.7
2026-08-04,23:03:23,0.809,102.7
2026-08-04,23:03:23,0.809,102.7
2026-08-04,23:03:23,0.809,102.7
2026-08-04,23:03:23,0.809,102.8
2026-08-04,23:03:24,0.809,102.8
2026-08-04,23:03:24,0.809,102.8
2026-08-04,23:03:24,0.810,102.8
2026-08-04,23:03:24,0.810,102.8
2026-08-04,23:03:24,0.810,102.9
2026-08-04,23:03:24,0.810,102.9
2026-08-04,23:03:25,0.810,102.9
2026-08-04,23:03:25,0.810,102.9
2026-08-04,23:03:25,0.811,102.9
2026-08-04,23:03:25,0.811,103.0
2026-08-04,23:03:25,0.811,103.0
2026-08-04,23:03:25,0.811,103.0
2026-08-04,23:03:26,0.811,103.0
2026-08-04,23:03:26,0.811,103.1
2026-08-04,23:03:26,0.812,103.1
2026-08-04,23:03:26,0.812,103.1
2026-08-04,23:03:26,0.812,103.1
2026-08-04,23:03:26,0.812,103.1
2026-08-04,23:03:27,0.812,103.2
2026-08-04,23:03:27,0.812,103.2
2026-08-04,23:03:27,0.813,103.2
2026-08-04,23:03:27,0.813,103.2
2026-08-04,23:03:27,0.813,103.2
2026-08-04,23:03:27,0.813,103.3
2026-08-04,23:03:28,0.813,103.3
2026-08-04,23:03:28,0.813,103.3
2026-08-04,23:03:28,0.813,103.3
2026-08-04,23:03:28,0.814,103.3
2026-08-04,23:03:28,0.814,103.3
2026-08-04,23:03:28,0.814,103.4
2026-08-04,23:03:29,0.814,103.4
2026-08-04,23:03:29,0.814,103.4
2026-08-04,23:03:29,0.814,103.4
2026-08-04,23:03:29,0.815,103.4
2026-08-04,23:03:29,0.815,103.5
2026-08-04,23:03:29,0.815,103.5
2026-08-04,23:03:30,0.815,103.5
2026-08-04,23:03:30,0.815,103.5
2026-08-04,23:03:30,0.815,103.5
2026-08-04,23:03:30,0.815,103.6
2026-08-04,23:03:30,0.816,103.6
2026-08-04,23:03:30,0.816,103.6
2026-08-04,23:03:31,0.816,103.6
2026-08-04,23:03:31,0.816,103.6
2026-08-04,23:03:31,0.816,103.7
2026-08-04,23:03:31,0.816,103.7
2026-08-04,23:03:31,0.817,103.7
2026-08-04,23:03:31,0.817,103.7
2026-08-04,23:03:32,0.817,103.8
2026-08-04,23:03:32,0.817,103.8
2026-08-04,23:03:32,0.818,103.8
2026-08-04,23:03:32,0.818,103.9
2026-08-04,23:03:32,0.818,103.9
2026-08-04,23:03:32,0.818,103.9
2026-08-04,23:03:33,0.818,103.9
2026-08-04,23:03:33,0.819,104.0
2026-08-04,23:03:33,0.819,104.0
2026-08-04,23:03:33,0.819,104.0
2026-08-04,23:03:33,0.819,104.0
2026-08-04,23:03:33,0.820,104.1
2026-08-04,23:03:34,0.820,104.1
2026-08-04,23:03:34,0.820,104.1
2026-08-04,23:03:34,0.820,104.2
2026-08-04,23:03:34,0.820,104.2
2026-08-04,23:03:34,0.821,104.2
2026-08-04,23:03:34,0.821,104.3
2026-08-04,23:03:35,0.821,104.3
2026-08-04,23:03:35,0.821,104.3
2026-08-04,23:03:35,0.822,104.3
2026-08-04,23:03:35,0.822,104.4
2026-08-04,23:03:35,0.822,104.4
2026-08-04,23:03:35,0.822,104.4
2026-08-04,23:03:36,0.822,104.5
2026-08-04,23:03:36,0.823,104.5
2026-08-04,23:03:36,0.823,104.5
2026-08-04,23:03:36,0.823,104.5
2026-08-04,23:03:36,0.823,104.6
2026-08-04,23:03:36,0.824,104.6
2026-08-04,23:03:37,0.824,104.6
2026-08-04,23:03:37,0.824,104.6
2026-08-04,23:03:37,0.824,104.7
2026-08-04,23:03:37,0.824,104.7
2026-08-04,23:03:37,0.824,104.7
2026-08-04,23:03:37,0.825,104.7
2026-08-04,23:03:38,0.825,104.8
2026-08-04,23:03:38,0.825,104.8
2026-08-04,23:03:38,0.825,104.8
2026-08-04,23:03:38,0.825,104.8
2026-08-04,23:03:38,0.826,104.9
2026-08-04,23:03:38,0.826,104.9
2026-08-04,23:03:39,0.826,104.9
2026-08-04,23:03:39,0.826,104.9
2026-08-04,23:03:39,0.826,105.0
2026-08-04,23:03:39,0.827,105.0
2026-08-04,23:03:39,0.827,105.0
2026-08-04,23:03:39,0.827,105.0
2026-08-04,23:03:39,0.827,105.0
2026-08-04,23:03:40,0.827,105.1
2026-08-04,23:03:40,0.827,105.1
2026-08-04,23:03:40,0.828,105.1
2026-08-04,23:03:40,0.828,105.1
2026-08-04,23:03:40,0.828,105.1
2026-08-04,23:03:40,0.828,105.2
2026-08-04,23:03:41,0.828,105.2
2026-08-04,23:03:41,0.828,105.2
2026-08-04,23:03:41,0.828,105.2
2026-08-04,23:03:41,0.829,105.2
2026-08-04,23:03:41,0.829,105.2
2026-08-04,23:03:41,0.829,105.3
2026-08-04,23:03:42,0.829,105.3
2026-08-04,23:03:42,0.829,105.3
2026-08-04,23:03:42,0.830,105.4
2026-08-04,23:03:42,0.830,105.4
2026-08-04,23:03:42,0.830,105.4
2026-08-04,23:03:42,0.830,105.4
2026-08-04,23:03:43,0.830,105.5
2026-08-04,23:03:43,0.831,105.5
2026-08-04,23:03:43,0.831,105.5
2026-08-04,23:03:43,0.831,105.6
2026-08-04,23:03:43,0.831,105.6
2026-08-04,23:03:43,0.832,105.6
2026-08-04,23:03:44,0.832,105.6
2026-08-04,23:03:44,0.832,105.7
2026-08-04,23:03:44,0.832,105.7
2026-08-04,23:03:44,0.832,105.7
2026-08-04,23:03:44,0.833,105.7
2026-08-04,23:03:44,0.833,105.8
2026-08-04,23:03:45,0.833,105.8
2026-08-04,23:03:45,0.833,105.8
2026-08-04,23:03:45,0.833,105.8
2026-08-04,23:03:45,0.833,105.9
2026-08-04,23:03:45,0.834,105.9
2026-08-04,23:03:45,0.834,105.9
2026-08-04,23:03:46,0.834,105.9
2026-08-04,23:03:46,0.834,105.9
2026-08-04,23:03:46,0.834,105.9
2026-08-04,23:03:46,0.834,106.0
2026-08-04,23:03:46,0.835,106.0
2026-08-04,23:03:46,0.835,106.0
2026-08-04,23:03:47,0.835,106.0
2026-08-04,23:03:47,0.835,106.0
2026-08-04,23:03:47,0.835,106.1
2026-08-04,23:03:47,0.835,106.1
2026-08-04,23:03:47,0.835,106.1
2026-08-04,23:03:47,0.836,106.1
2026-08-04,23:03:48,0.836,106.1
2026-08-04,23:03:48,0.836,106.2
2026-08-04,23:03:48,0.836,106.2
2026-08-04,23:03:48,0.836,106.2
2026-08-04,23:03:48,0.836,106.2
2026-08-04,23:03:48,0.836,106.2
2026-08-04,23:03:49,0.837,106.3
2026-08-04,23:03:49,0.837,106.3
2026-08-04,23:03:49,0.837,106.3
2026-08-04,23:03:49,0.837,106.3
2026-08-04,23:03:49,0.837,106.4
2026-08-04,23:03:49,0.838,106.4
2026-08-04,23:03:50,0.838,106.4
2026-08-04,23:03:50,0.838,106.4
2026-08-04,23:03:50,0.838,106.5
2026-08-04,23:03:50,0.839,106.5
2026-08-04,23:03:50,0.839,106.5
2026-08-04,23:03:50,0.839,106.6
2026-08-04,23:03:51,0.839,106.6
2026-08-04,23:03:51,0.840,106.6
2026-08-04,23:03:51,0.840,106.6
2026-08-04,23:03:51,0.840,106.7
2026-08-04,23:03:51,0.840,106.7
2026-08-04,23:03:51,0.840,106.7
2026-08-04,23:03:52,0.841,106.7
2026-08-04,23:03:52,0.841,106.8
2026-08-04,23:03:52,0.841,106.8
2026-08-04,23:03:52,0.841,106.8
2026-08-04,23:03:52,0.841,106.8
2026-08-04,23:03:52,0.841,106.9
2026-08-04,23:03:53,0.842,106.9
2026-08-04,23:03:53,0.842,106.9
2026-08-04,23:03:53,0.842,106.9
2026-08-04,23:03:53,0.842,106.9
2026-08-04,23:03:53,0.842,106.9
2026-08-04,23:03:53,0.842,107.0
2026-08-04,23:03:54,0.842,107.0
2026-08-04,23:03:54,0.843,107.0
2026-08-04,23:03:54,0.843,107.0
2026-08-04,23:03:54,0.843,107.0
2026-08-04,23:03:54,0.843,107.1
2026-08-04,23:03:54,0.843,107.1
2026-08-04,23:03:55,0.843,107.1
2026-08-04,23:03:55,0.843,107.1
2026-08-04,23:03:55,0.844,107.1
2026-08-04,23:03:55,0.844,107.2
2026-08-04,23:03:55,0.844,107.2
2026-08-04,23:03:55,0.844,107.2
2026-08-04,23:03:56,0.844,107.2
2026-08-04,23:03:56,0.844,107.2
2026-08-04,23:03:56,0.845,107.3
2026-08-04,23:03:56,0.845,107.3
2026-08-04,23:03:56,0.845,107.3
2026-08-04,23:03:56,0.845,107.3
2026-08-04,23:03:56,0.845,107.4
2026-08-04,23:03:57,0.845,107.4
2026-08-04,23:03:57,0.846,107.4
2026-08-04,23:03:57,0.846,107.4
2026-08-04,23:03:57,0.846,107.4
2026-08-04,23:03:57,0.846,107.4
2026-08-04,23:03:57,0.846,107.5
2026-08-04,23:03:58,0.846,107.5
2026-08-04,23:03:58,0.847,107.5
2026-08-04,23:03:58,0.847,107.5
2026-08-04,23:03:58,0.847,107.5
2026-08-04,23:03:58,0.847,107.6
2026-08-04,23:03:58,0.847,107.6
2026-08-04,23:03:59,0.847,107.6
2026-08-04,23:03:59,0.847,107.6
2026-08-04,23:03:59,0.848,107.6
2026-08-04,23:03:59,0.848,107.7
2026-08-04,23:03:59,0.848,107.7
2026-08-04,23:03:59,0.848,107.7
2026-08-04,23:04:00,0.848,107.7
2026-08-04,23:04:00,0.848,107.7
2026-08-04,23:04:00,0.849,107.8
2026-08-04,23:04:00,0.849,107.8
2026-08-04,23:04:00,0.849,107.8
2026-08-04,23:04:00,0.849,107.8
2026-08-04,23:04:01,0.849,107.9
2026-08-04,23:04:01,0.849,107.9
2026-08-04,23:04:01,0.850,107.9
2026-08-04,23:04:01,0.850,107.9
2026-08-04,23:04:01,0.850,107.9
2026-08-04,23:04:01,0.850,108.0
2026-08-04,23:04:02,0.850,108.0
2026-08-04,23:04:02,0.851,108.0
2026-08-04,23:04:02,0.851,108.0
2026-08-04,23:04:02,0.851,108.1
2026-08-04,23:04:02,0.851,108.1
2026-08-04,23:04:02,0.851,108.1
2026-08-04,23:04:03,0.852,108.2
2026-08-04,23:04:03,0.852,108.2
2026-08-04,23:04:03,0.852,108.2
2026-08-04,23:04:03,0.852,108.2
2026-08-04,23:04:03,0.852,108.3
2026-08-04,23:04:03,0.853,108.3
2026-08-04,23:04:04,0.853,108.3
2026-08-04,23:04:04,0.853,108.3
2026-08-04,23:04:04,0.853,108.3
2026-08-04,23:04:04,0.853,108.4
2026-08-04,23:04:04,0.853,108.4
2026-08-04,23:04:04,0.854,108.4
2026-08-04,23:04:05,0.854,108.4
2026-08-04,23:04:05,0.854,108.4
2026-08-04,23:04:05,0.854,108.5
2026-08-04,23:04:05,0.854,108.5
2026-08-04,23:04:05,0.854,108.5
2026-08-04,23:04:05,0.855,108.5
2026-08-04,23:04:06,0.855,108.6
2026-08-04,23:04:06,0.855,108.6
2026-08-04,23:04:06,0.855,108.6
2026-08-04,23:04:06,0.855,108.6
2026-08-04,23:04:06,0.856,108.7
2026-08-04,23:04:06,0.856,108.7
2026-08-04,23:04:07,0.856,108.7
2026-08-04,23:04:07,0.856,108.7
2026-08-04,23:04:07,0.856,108.7
2026-08-04,23:04:07,0.856,108.8
2026-08-04,23:04:07,0.857,108.8
2026-08-04,23:04:07,0.857,108.8
2026-08-04,23:04:08,0.857,108.8
2026-08-04,23:04:08,0.857,108.9
2026-08-04,23:04:08,0.857,108.9
2026-08-04,23:04:08,0.858,108.9
2026-08-04,23:04:08,0.858,108.9
2026-08-04,23:04:08,0.858,109.0
2026-08-04,23:04:09,0.858,109.0
2026-08-04,23:04:09,0.858,109.0
2026-08-04,23:04:09,0.858,109.0
2026-08-04,23:04:09,0.858,109.0
2026-08-04,23:04:09,0.859,109.0
2026-08-04,23:04:09,0.859,109.1
2026-08-04,23:04:10,0.859,109.1
2026-08-04,23:04:10,0.859,109.1
2026-08-04,23:04:10,0.859,109.1
2026-08-04,23:04:10,0.859,109.1
2026-08-04,23:04:10,0.859,109.2
2026-08-04,23:04:10,0.860,109.2
2026-08-04,23:04:11,0.860,109.2
2026-08-04,23:04:11,0.860,109.2
2026-08-04,23:04:11,0.860,109.2
2026-08-04,23:04:11,0.860,109.3
2026-08-04,23:04:11,0.860,109.3
2026-08-04,23:04:11,0.861,109.3
2026-08-04,23:04:12,0.861,109.3
2026-08-04,23:04:12,0.861,109.3
2026-08-04,23:04:12,0.861,109.3
2026-08-04,23:04:12,0.861,109.4
2026-08-04,23:04:12,0.861,109.4
2026-08-04,23:04:12,0.861,109.4
2026-08-04,23:04:13,0.862,109.4
2026-08-04,23:04:13,0.862,109.4
2026-08-04,23:04:13,0.862,109.4
2026-08-04,23:04:13,0.862,109.5
2026-08-04,23:04:13,0.862,109.5
2026-08-04,23:04:13,0.862,109.5
2026-08-04,23:04:13,0.862,109.5
2026-08-04,23:04:14,0.863,109.5
2026-08-04,23:04:14,0.863,109.6
2026-08-04,23:04:14,0.863,109.6
2026-08-04,23:04:14,0.863,109.6
2026-08-04,23:04:14,0.863,109.6
2026-08-04,23:04:14,0.863,109.7
2026-08-04,23:04:15,0.864,109.7
2026-08-04,23:04:15,0.864,109.7
2026-08-04,23:04:15,0.864,109.7
2026-08-04,23:04:15,0.864,109.7
2026-08-04,23:04:15,0.864,109.8
2026-08-04,23:04:15,0.864,109.8
2026-08-04,23:04:16,0.865,109.8
2026-08-04,23:04:16,0.865,109.8
2026-08-04,23:04:16,0.865,109.9
2026-08-04,23:04:16,0.865,109.9
2026-08-04,23:04:16,0.865,109.9
2026-08-04,23:04:16,0.866,109.9
2026-08-04,23:04:17,0.866,110.0
2026-08-04,23:04:17,0.866,110.0
2026-08-04,23:04:17,0.866,110.0
2026-08-04,23:04:17,0.866,110.0
2026-08-04,23:04:17,0.866,110.0
2026-08-04,23:04:17,0.867,110.1
2026-08-04,23:04:18,0.867,110.1
2026-08-04,23:04:18,0.867,110.1
2026-08-04,23:04:18,0.867,110.1
2026-08-04,23:04:18,0.867,110.1
2026-08-04,23:04:18,0.867,110.1
2026-08-04,23:04:18,0.867,110.2
2026-08-04,23:04:19,0.868,110.2
2026-08-04,23:04:19,0.868,110.2
2026-08-04,23:04:19,0.868,110.2
2026-08-04,23:04:19,0.868,110.2
2026-08-04,23:04:19,0.868,110.2
2026-08-04,23:04:20,0.868,110.3
2026-08-04,23:04:20,0.868,110.3
2026-08-04,23:04:20,0.868,110.3
2026-08-04,23:04:20,0.869,110.3
2026-08-04,23:04:20,0.869,110.3
2026-08-04,23:04:20,0.869,110.3
2026-08-04,23:04:21,0.869,110.4
2026-08-04,23:04:21,0.869,110.4
2026-08-04,23:04:21,0.869,110.4
2026-08-04,23:04:21,0.869,110.4
2026-08-04,23:04:21,0.870,110.4
2026-08-04,23:04:21,0.870,110.4
2026-08-04,23:04:22,0.870,110.5
2026-08-04,23:04:22,0.870,110.5
2026-08-04,23:04:22,0.870,110.5
2026-08-04,23:04:22,0.870,110.5
2026-08-04,23:04:22,0.870,110.5
2026-08-04,23:04:22,0.870,110.5
2026-08-04,23:04:23,0.871,110.6
2026-08-04,23:04:23,0.871,110.6
2026-08-04,23:04:23,0.871,110.6
2026-08-04,23:04:23,0.871,110.6
2026-08-04,23:04:23,0.871,110.6
2026-08-04,23:04:23,0.871,110.6
2026-08-04,23:04:24,0.871,110.6
2026-08-04,23:04:24,0.871,110.7
2026-08-04,23:04:24,0.871,110.7
2026-08-04,23:04:24,0.872,110.7
2026-08-04,23:04:24,0.872,110.7
2026-08-04,23:04:24,0.872,110.7
2026-08-04,23:04:25,0.872,110.7
2026-08-04,23:04:25,0.872,110.8
2026-08-04,23:04:25,0.872,110.8
2026-08-04,23:04:25,0.872,110.8
2026-08-04,23:04:25,0.873,110.8
2026-08-04,23:04:25,0.873,110.8
2026-08-04,23:04:26,0.873,110.9
2026-08-04,23:04:26,0.873,110.9
2026-08-04,23:04:26,0.873,110.9
2026-08-04,23:04:26,0.873,110.9
2026-08-04,23:04:26,0.874,110.9
2026-08-04,23:04:26,0.874,111.0
2026-08-04,23:04:27,0.874,111.0
2026-08-04,23:04:27,0.874,111.0
2026-08-04,23:04:27,0.874,111.0
2026-08-04,23:04:27,0.874,111.0
2026-08-04,23:04:27,0.874,111.0
2026-08-04,23:04:27,0.875,111.1
2026-08-04,23:04:28,0.875,111.1
2026-08-04,23:04:28,0.875,111.1
2026-08-04,23:04:28,0.875,111.1
2026-08-04,23:04:28,0.875,111.1
2026-08-04,23:04:28,0.875,111.1
2026-08-04,23:04:28,0.875,111.2
2026-08-04,23:04:29,0.875,111.2
2026-08-04,23:04:29,0.876,111.2
2026-08-04,23:04:29,0.876,111.2
2026-08-04,23:04:29,0.876,111.2
2026-08-04,23:04:29,0.876,111.2
2026-08-04,23:04:29,0.876,111.3
2026-08-04,23:04:29,0.876,111.3
2026-08-04,23:04:30,0.876,111.3
2026-08-04,23:04:30,0.877,111.3
2026-08-04,23:04:30,0.877,111.3
2026-08-04,23:04:30,0.877,111.4
2026-08-04,23:04:30,0.877,111.4
2026-08-04,23:04:30,0.877,111.4
2026-08-04,23:04:31,0.877,111.4
2026-08-04,23:04:31,0.877,111.4
2026-08-04,23:04:31,0.877,111.4
2026-08-04,23:04:31,0.878,111.4
2026-08-04,23:04:31,0.878,111.5
2026-08-04,23:04:31,0.878,111.5
2026-08-04,23:04:32,0.878,111.5
2026-08-04,23:04:32,0.878,111.5
2026-08-04,23:04:32,0.878,111.5
2026-08-04,23:04:32,0.878,111.5
2026-08-04,23:04:32,0.878,111.6
2026-08-04,23:04:32,0.879,111.6
2026-08-04,23:04:33,0.879,111.6
2026-08-04,23:04:33,0.879,111.6
2026-08-04,23:04:33,0.879,111.6
2026-08-04,23:04:33,0.879,111.7
2026-08-04,23:04:33,0.880,111.7
2026-08-04,23:04:33,0.880,111.7
2026-08-04,23:04:34,0.880,111.7
2026-08-04,23:04:34,0.880,111.8
2026-08-04,23:04:34,0.880,111.8
2026-08-04,23:04:34,0.880,111.8
2026-08-04,23:04:34,0.881,111.8
2026-08-04,23:04:34,0.881,111.9
2026-08-04,23:04:35,0.881,111.9
2026-08-04,23:04:35,0.881,111.9
2026-08-04,23:04:35,0.881,111.9
2026-08-04,23:04:35,0.881,111.9
2026-08-04,23:04:35,0.882,112.0
2026-08-04,23:04:35,0.882,112.0
2026-08-04,23:04:36,0.882,112.0
2026-08-04,23:04:36,0.882,112.0
2026-08-04,23:04:36,0.882,112.1
2026-08-04,23:04:36,0.882,112.1
2026-08-04,23:04:36,0.883,112.1
2026-08-04,23:04:36,0.883,112.1
2026-08-04,23:04:37,0.883,112.1
2026-08-04,23:04:37,0.883,112.2
2026-08-04,23:04:37,0.883,112.2
2026-08-04,23:04:37,0.883,112.2
2026-08-04,23:04:37,0.883,112.2
2026-08-04,23:04:37,0.884,112.2
2026-08-04,23:04:38,0.884,112.2
2026-08-04,23:04:38,0.884,112.2
2026-08-04,23:04:38,0.884,112.2
2026-08-04,23:04:38,0.884,112.3
2026-08-04,23:04:38,0.884,112.3
2026-08-04,23:04:38,0.884,112.3
2026-08-04,23:04:39,0.884,112.3
2026-08-04,23:04:39,0.884,112.3
2026-08-04,23:04:39,0.885,112.3
2026-08-04,23:04:39,0.885,112.4
2026-08-04,23:04:39,0.885,112.4
2026-08-04,23:04:39,0.885,112.4
2026-08-04,23:04:40,0.885,112.4
2026-08-04,23:04:40,0.885,112.4
2026-08-04,23:04:40,0.885,112.5
2026-08-04,23:04:40,0.886,112.5
2026-08-04,23:04:40,0.886,112.5
2026-08-04,23:04:40,0.886,112.5
2026-08-04,23:04:41,0.886,112.5
2026-08-04,23:04:41,0.886,112.5
2026-08-04,23:04:41,0.886,112.6
2026-08-04,23:04:41,0.887,112.6
2026-08-04,23:04:41,0.887,112.6
2026-08-04,23:04:41,0.887,112.6
2026-08-04,23:04:42,0.887,112.6
2026-08-04,23:04:42,0.887,112.7
2026-08-04,23:04:42,0.887,112.7
2026-08-04,23:04:42,0.887,112.7
2026-08-04,23:04:42,0.888,112.7
2026-08-04,23:04:42,0.888,112.8
2026-08-04,23:04:43,0.888,112.8
2026-08-04,23:04:43,0.888,112.8
2026-08-04,23:04:43,0.888,112.8
2026-08-04,23:04:43,0.889,112.8
2026-08-04,23:04:43,0.889,112.9
2026-08-04,23:04:43,0.889,112.9
2026-08-04,23:04:44,0.889,112.9
2026-08-04,23:04:44,0.889,112.9
2026-08-04,23:04:44,0.889,112.9
2026-08-04,23:04:44,0.889,113.0
2026-08-04,23:04:44,0.890,113.0
2026-08-04,23:04:44,0.890,113.0
2026-08-04,23:04:45,0.890,113.0
2026-08-04,23:04:45,0.890,113.0
2026-08-04,23:04:45,0.890,113.0
2026-08-04,23:04:45,0.890,113.1
2026-08-04,23:04:45,0.890,113.1
2026-08-04,23:04:45,0.890,113.1
2026-08-04,23:04:46,0.891,113.1
2026-08-04,23:04:46,0.891,113.1
2026-08-04,23:04:46,0.891,113.1
2026-08-04,23:04:46,0.891,113.2
2026-08-04,23:04:46,0.891,113.2
2026-08-04,23:04:46,0.891,113.2
2026-08-04,23:04:46,0.892,113.2
2026-08-04,23:04:47,0.892,113.3
2026-08-04,23:04:47,0.892,113.3
2026-08-04,23:04:47,0.892,113.3
2026-08-04,23:04:47,0.892,113.3
2026-08-04,23:04:47,0.892,113.3
2026-08-04,23:04:47,0.893,113.4
2026-08-04,23:04:48,0.893,113.4
2026-08-04,23:04:48,0.893,113.4
2026-08-04,23:04:48,0.893,113.4
2026-08-04,23:04:48,0.893,113.4
2026-08-04,23:04:48,0.893,113.4
2026-08-04,23:04:48,0.893,113.4
2026-08-04,23:04:49,0.893,113.5
2026-08-04,23:04:49,0.893,113.5
2026-08-04,23:04:49,0.894,113.5
2026-08-04,23:04:49,0.894,113.5
2026-08-04,23:04:49,0.894,113.5
2026-08-04,23:04:49,0.894,113.5
2026-08-04,23:04:50,0.894,113.5
2026-08-04,23:04:50,0.894,113.5
2026-08-04,23:04:50,0.894,113.6
2026-08-04,23:04:50,0.894,113.6
2026-08-04,23:04:50,0.894,113.6
2026-08-04,23:04:50,0.895,113.6
2026-08-04,23:04:51,0.895,113.6
2026-08-04,23:04:51,0.895,113.6
2026-08-04,23:04:51,0.895,113.7
2026-08-04,23:04:51,0.895,113.7
2026-08-04,23:04:51,0.895,113.7
2026-08-04,23:04:51,0.896,113.7
2026-08-04,23:04:52,0.896,113.8
2026-08-04,23:04:52,0.896,113.8
2026-08-04,23:04:52,0.896,113.8
2026-08-04,23:04:52,0.896,113.8
2026-08-04,23:04:52,0.896,113.8
2026-08-04,23:04:52,0.897,113.9
2026-08-04,23:04:53,0.897,113.9
2026-08-04,23:04:53,0.897,113.9
2026-08-04,23:04:53,0.897,113.9
2026-08-04,23:04:53,0.897,114.0
2026-08-04,23:04:53,0.897,114.0
2026-08-04,23:04:53,0.898,114.0
2026-08-04,23:04:54,0.898,114.0
2026-08-04,23:04:54,0.898,114.0
2026-08-04,23:04:54,0.898,114.0
2026-08-04,23:04:54,0.898,114.1
2026-08-04,23:04:54,0.898,114.1
2026-08-04,23:04:54,0.898,114.1
2026-08-04,23:04:55,0.899,114.1
2026-08-04,23:04:55,0.899,114.1
2026-08-04,23:04:55,0.899,114.1
2026-08-04,23:04:55,0.899,114.2
2026-08-04,23:04:55,0.899,114.2
2026-08-04,23:04:55,0.899,114.2
2026-08-04,23:04:56,0.899,114.2
2026-08-04,23:04:56,0.899,114.2
2026-08-04,23:04:56,0.899,114.2
2026-08-04,23:04:56,0.900,114.2
2026-08-04,23:04:56,0.900,114.2
2026-08-04,23:04:56,0.900,114.3
2026-08-04,23:04:57,0.900,114.3
2026-08-04,23:04:57,0.900,114.3
2026-08-04,23:04:57,0.900,114.3
2026-08-04,23:04:57,0.900,114.3
2026-08-04,23:04:57,0.900,114.3
2026-08-04,23:04:57,0.900,114.3
2026-08-04,23:04:58,0.900,114.4
2026-08-04,23:04:58,0.901,114.4
2026-08-04,23:04:58,0.901,114.4
2026-08-04,23:04:58,0.901,114.4
2026-08-04,23:04:58,0.901,114.4
2026-08-04,23:04:58,0.901,114.4
2026-08-04,23:04:59,0.901,114.5
2026-08-04,23:04:59,0.901,114.5
2026-08-04,23:04:59,0.902,114.5
2026-08-04,23:04:59,0.902,114.5
2026-08-04,23:04:59,0.902,114.5
2026-08-04,23:04:59,0.902,114.6
2026-08-04,23:05:00,0.902,114.6
2026-08-04,23:05:00,0.902,114.6
2026-08-04,23:05:00,0.902,114.6
2026-08-04,23:05:00,0.902,114.6
2026-08-04,23:05:00,0.903,114.6
2026-08-04,23:05:00,0.903,114.6
2026-08-04,23:05:01,0.903,114.7
2026-08-04,23:05:01,0.903,114.7
2026-08-04,23:05:01,0.903,114.7
2026-08-04,23:05:01,0.903,114.7
2026-08-04,23:05:01,0.903,114.7
2026-08-04,23:05:01,0.903,114.7
2026-08-04,23:05:02,0.904,114.8
2026-08-04,23:05:02,0.904,114.8
2026-08-04,23:05:02,0.904,114.8
2026-08-04,23:05:02,0.904,114.8
2026-08-04,23:05:02,0.904,114.8
2026-08-04,23:05:02,0.904,114.8
2026-08-04,23:05:02,0.904,114.8
2026-08-04,23:05:03,0.904,114.9
2026-08-04,23:05:03,0.905,114.9
2026-08-04,23:05:03,0.905,114.9
2026-08-04,23:05:03,0.905,114.9
2026-08-04,23:05:03,0.905,114.9
2026-08-04,23:05:03,0.905,114.9
2026-08-04,23:05:04,0.905,115.0
2026-08-04,23:05:04,0.905,115.0
2026-08-04,23:05:04,0.905,115.0
2026-08-04,23:05:04,0.906,115.0
2026-08-04,23:05:04,0.906,115.0
2026-08-04,23:05:04,0.906,115.1
2026-08-04,23:05:05,0.906,115.1
2026-08-04,23:05:05,0.906,115.1
2026-08-04,23:05:05,0.906,115.1
2026-08-04,23:05:05,0.907,115.1
2026-08-04,23:05:05,0.907,115.2
2026-08-04,23:05:05,0.907,115.2
2026-08-04,23:05:06,0.907,115.2
2026-08-04,23:05:06,0.907,115.2
2026-08-04,23:05:06,0.907,115.2
2026-08-04,23:05:06,0.908,115.3
2026-08-04,23:05:06,0.908,115.3
2026-08-04,23:05:06,0.908,115.3
2026-08-04,23:05:07,0.908,115.3
2026-08-04,23:05:07,0.908,115.3
2026-08-04,23:05:07,0.908,115.3
2026-08-04,23:05:07,0.908,115.4
2026-08-04,23:05:07,0.909,115.4
2026-08-04,23:05:07,0.909,115.4
2026-08-04,23:05:08,0.909,115.4
2026-08-04,23:05:08,0.909,115.4
2026-08-04,23:05:08,0.909,115.5
2026-08-04,23:05:08,0.909,115.5
2026-08-04,23:05:08,0.909,115.5
2026-08-04,23:05:08,0.910,115.5
2026-08-04,23:05:09,0.910,115.5
2026-08-04,23:05:09,0.910,115.6
2026-08-04,23:05:09,0.910,115.6
2026-08-04,23:05:09,0.910,115.6
2026-08-04,23:05:09,0.910,115.6
2026-08-04,23:05:09,0.910,115.6
2026-08-04,23:05:10,0.911,115.6
2026-08-04,23:05:10,0.911,115.7
2026-08-04,23:05:10,0.911,115.7
2026-08-04,23:05:10,0.911,115.7
2026-08-04,23:05:10,0.911,115.7
2026-08-04,23:05:10,0.911,115.7
2026-08-04,23:05:11,0.911,115.7
2026-08-04,23:05:11,0.911,115.7
2026-08-04,23:05:11,0.911,115.7
2026-08-04,23:05:11,0.911,115.7
2026-08-04,23:05:11,0.911,115.7
2026-08-04,23:05:11,0.911,115.8
2026-08-04,23:05:12,0.912,115.8
2026-08-04,23:05:12,0.912,115.8
2026-08-04,23:05:12,0.912,115.8
2026-08-04,23:05:12,0.912,115.8
2026-08-04,23:05:12,0.912,115.8
2026-08-04,23:05:12,0.912,115.8
2026-08-04,23:05:13,0.912,115.8
2026-08-04,23:05:13,0.912,115.8
2026-08-04,23:05:13,0.912,115.8
2026-08-04,23:05:13,0.912,115.8
2026-08-04,23:05:13,0.912,115.8
2026-08-04,23:05:13,0.912,115.9
2026-08-04,23:05:14,0.912,115.9
2026-08-04,23:05:14,0.912,115.9
2026-08-04,23:05:14,0.912,115.9
2026-08-04,23:05:14,0.913,115.9
2026-08-04,23:05:14,0.913,115.9
2026-08-04,23:05:14,0.913,115.9
2026-08-04,23:05:15,0.913,115.9
2026-08-04,23:05:15,0.913,115.9
2026-08-04,23:05:15,0.913,115.9
2026-08-04,23:05:15,0.913,116.0
2026-08-04,23:05:15,0.913,116.0
2026-08-04,23:05:15,0.913,116.0
2026-08-04,23:05:16,0.913,116.0
2026-08-04,23:05:16,0.913,116.0
2026-08-04,23:05:16,0.914,116.0
2026-08-04,23:05:16,0.914,116.0
2026-08-04,23:05:16,0.914,116.1
2026-08-04,23:05:16,0.914,116.1
2026-08-04,23:05:17,0.914,116.1
2026-08-04,23:05:17,0.914,116.1
2026-08-04,23:05:17,0.914,116.1
2026-08-04,23:05:17,0.915,116.2
2026-08-04,23:05:17,0.915,116.2
2026-08-04,23:05:17,0.915,116.2
2026-08-04,23:05:18,0.915,116.2
2026-08-04,23:05:18,0.915,116.2
2026-08-04,23:05:18,0.915,116.2
2026-08-04,23:05:18,0.915,116.3
2026-08-04,23:05:18,0.915,116.3
2026-08-04,23:05:18,0.916,116.3
2026-08-04,23:05:19,0.916,116.3
2026-08-04,23:05:19,0.916,116.3
2026-08-04,23:05:19,0.916,116.3
2026-08-04,23:05:19,0.916,116.3
2026-08-04,23:05:19,0.916,116.3
2026-08-04,23:05:19,0.916,116.4
2026-08-04,23:05:19,0.916,116.4
2026-08-04,23:05:20,0.916,116.4
2026-08-04,23:05:20,0.917,116.4
2026-08-04,23:05:20,0.917,116.4
2026-08-04,23:05:20,0.917,116.4
2026-08-04,23:05:20,0.917,116.4
2026-08-04,23:05:20,0.917,116.5
2026-08-04,23:05:21,0.917,116.5
2026-08-04,23:05:21,0.917,116.5
2026-08-04,23:05:21,0.917,116.5
2026-08-04,23:05:21,0.918,116.5
2026-08-04,23:05:21,0.918,116.5
2026-08-04,23:05:21,0.918,116.6
2026-08-04,23:05:22,0.918,116.6
2026-08-04,23:05:22,0.918,116.6
2026-08-04,23:05:22,0.918,116.6
2026-08-04,23:05:22,0.918,116.6
2026-08-04,23:05:22,0.918,116.6
2026-08-04,23:05:22,0.919,116.7
2026-08-04,23:05:23,0.919,116.7
2026-08-04,23:05:23,0.919,116.7
2026-08-04,23:05:23,0.919,116.7
2026-08-04,23:05:23,0.919,116.7
2026-08-04,23:05:23,0.919,116.7
2026-08-04,23:05:23,0.919,116.8
2026-08-04,23:05:24,0.919,116.8
2026-08-04,23:05:24,0.920,116.8
2026-08-04,23:05:24,0.920,116.8
2026-08-04,23:05:24,0.920,116.8
2026-08-04,23:05:24,0.920,116.8
2026-08-04,23:05:24,0.920,116.9
2026-08-04,23:05:25,0.920,116.9
2026-08-04,23:05:25,0.921,116.9
2026-08-04,23:05:25,0.921,116.9
2026-08-04,23:05:25,0.921,116.9
2026-08-04,23:05:25,0.921,117.0
2026-08-04,23:05:25,0.921,117.0
2026-08-04,23:05:26,0.921,117.0
2026-08-04,23:05:26,0.921,117.0
2026-08-04,23:05:26,0.922,117.0
2026-08-04,23:05:26,0.922,117.0
2026-08-04,23:05:26,0.922,117.1
2026-08-04,23:05:26,0.922,117.1
2026-08-04,23:05:27,0.922,117.1
2026-08-04,23:05:27,0.922,117.1
2026-08-04,23:05:27,0.922,117.1
2026-08-04,23:05:27,0.922,117.1
2026-08-04,23:05:27,0.923,117.2
2026-08-04,23:05:27,0.923,117.2
2026-08-04,23:05:28,0.923,117.2
2026-08-04,23:05:28,0.923,117.2
2026-08-04,23:05:28,0.923,117.2
2026-08-04,23:05:28,0.923,117.2
2026-08-04,23:05:28,0.923,117.2
2026-08-04,23:05:28,0.923,117.3
2026-08-04,23:05:29,0.923,117.3
2026-08-04,23:05:29,0.923,117.3
2026-08-04,23:05:29,0.924,117.3
2026-08-04,23:05:29,0.924,117.3
2026-08-04,23:05:29,0.924,117.3
2026-08-04,23:05:29,0.924,117.3
2026-08-04,23:05:30,0.924,117.4
2026-08-04,23:05:30,0.924,117.4
2026-08-04,23:05:30,0.924,117.4
2026-08-04,23:05:30,0.924,117.4
2026-08-04,23:05:30,0.925,117.4
2026-08-04,23:05:30,0.925,117.4
2026-08-04,23:05:31,0.925,117.4
2026-08-04,23:05:31,0.925,117.5
2026-08-04,23:05:31,0.925,117.5
2026-08-04,23:05:31,0.925,117.5
2026-08-04,23:05:31,0.925,117.5
2026-08-04,23:05:31,0.925,117.5
2026-08-04,23:05:32,0.925,117.5
2026-08-04,23:05:32,0.926,117.5
2026-08-04,23:05:32,0.926,117.6
2026-08-04,23:05:32,0.926,117.6
2026-08-04,23:05:32,0.926,117.6
2026-08-04,23:05:32,0.926,117.6
2026-08-04,23:05:33,0.926,117.6
2026-08-04,23:05:33,0.926,117.6
2026-08-04,23:05:33,0.926,117.6
2026-08-04,23:05:33,0.927,117.7
2026-08-04,23:05:33,0.927,117.7
2026-08-04,23:05:33,0.927,117.7
2026-08-04,23:05:34,0.927,117.7
2026-08-04,23:05:34,0.927,117.7
2026-08-04,23:05:34,0.927,117.7
2026-08-04,23:05:34,0.927,117.7
2026-08-04,23:05:34,0.927,117.8
2026-08-04,23:05:34,0.927,117.8
2026-08-04,23:05:35,0.927,117.8
2026-08-04,23:05:35,0.928,117.8
2026-08-04,23:05:35,0.928,117.8
2026-08-04,23:05:35,0.928,117.8
2026-08-04,23:05:35,0.928,117.8
2026-08-04,23:05:35,0.928,117.9
2026-08-04,23:05:35,0.928,117.9
2026-08-04,23:05:36,0.928,117.9
2026-08-04,23:05:36,0.928,117.9
2026-08-04,23:05:36,0.929,117.9
2026-08-04,23:05:36,0.929,117.9
2026-08-04,23:05:36,0.929,118.0
2026-08-04,23:05:36,0.929,118.0
2026-08-04,23:05:37,0.929,118.0
2026-08-04,23:05:37,0.929,118.0
2026-08-04,23:05:37,0.929,118.0
2026-08-04,23:05:37,0.929,118.0
2026-08-04,23:05:37,0.930,118.0
2026-08-04,23:05:37,0.930,118.1
2026-08-04,23:05:38,0.930,118.1
2026-08-04,23:05:38,0.930,118.1
2026-08-04,23:05:38,0.930,118.1
2026-08-04,23:05:38,0.930,118.1
2026-08-04,23:05:38,0.930,118.1
2026-08-04,23:05:38,0.930,118.1
2026-08-04,23:05:39,0.930,118.2
2026-08-04,23:05:39,0.930,118.2
2026-08-04,23:05:39,0.931,118.2
2026-08-04,23:05:39,0.931,118.2
2026-08-04,23:05:39,0.931,118.2
2026-08-04,23:05:39,0.931,118.2
2026-08-04,23:05:40,0.931,118.2
2026-08-04,23:05:40,0.931,118.3
2026-08-04,23:05:40,0.931,118.3
2026-08-04,23:05:40,0.931,118.3
2026-08-04,23:05:40,0.931,118.3
2026-08-04,23:05:40,0.932,118.3
2026-08-04,23:05:41,0.932,118.3
2026-08-04,23:05:41,0.932,118.3
2026-08-04,23:05:41,0.932,118.3
2026-08-04,23:05:41,0.932,118.3
2026-08-04,23:05:41,0.932,118.4
2026-08-04,23:05:41,0.932,118.4
2026-08-04,23:05:42,0.932,118.4
2026-08-04,23:05:42,0.932,118.4
2026-08-04,23:05:42,0.932,118.4
2026-08-04,23:05:42,0.932,118.4
2026-08-04,23:05:42,0.933,118.4
2026-08-04,23:05:42,0.933,118.5
2026-08-04,23:05:43,0.933,118.5
2026-08-04,23:05:43,0.933,118.5
2026-08-04,23:05:43,0.933,118.5
2026-08-04,23:05:43,0.933,118.5
2026-08-04,23:05:43,0.933,118.5
2026-08-04,23:05:43,0.934,118.6
2026-08-04,23:05:44,0.934,118.6
2026-08-04,23:05:44,0.934,118.6
2026-08-04,23:05:44,0.934,118.6
2026-08-04,23:05:44,0.934,118.6
2026-08-04,23:05:44,0.934,118.6
2026-08-04,23:05:44,0.934,118.6
2026-08-04,23:05:45,0.934,118.7
2026-08-04,23:05:45,0.934,118.7
2026-08-04,23:05:45,0.935,118.7
2026-08-04,23:05:45,0.935,118.7
2026-08-04,23:05:45,0.935,118.7
2026-08-04,23:05:45,0.935,118.7
2026-08-04,23:05:46,0.935,118.7
2026-08-04,23:05:46,0.935,118.8
2026-08-04,23:05:46,0.935,118.8
2026-08-04,23:05:46,0.935,118.8
2026-08-04,23:05:46,0.935,118.8
2026-08-04,23:05:46,0.935,118.8
2026-08-04,23:05:47,0.936,118.8
2026-08-04,23:05:47,0.936,118.8
2026-08-04,23:05:47,0.936,118.8
2026-08-04,23:05:47,0.936,118.9
2026-08-04,23:05:47,0.936,118.9
2026-08-04,23:05:47,0.936,118.9
2026-08-04,23:05:48,0.936,118.9
2026-08-04,23:05:48,0.936,118.9
2026-08-04,23:05:48,0.936,118.9
2026-08-04,23:05:48,0.936,118.9
2026-08-04,23:05:48,0.937,118.9
2026-08-04,23:05:48,0.937,119.0
2026-08-04,23:05:49,0.937,119.0
2026-08-04,23:05:49,0.937,119.0
2026-08-04,23:05:49,0.937,119.0
2026-08-04,23:05:49,0.937,119.0
2026-08-04,23:05:49,0.937,119.1
2026-08-04,23:05:49,0.938,119.1
2026-08-04,23:05:50,0.938,119.1
2026-08-04,23:05:50,0.938,119.1
2026-08-04,23:05:50,0.938,119.1
2026-08-04,23:05:50,0.938,119.1
2026-08-04,23:05:50,0.938,119.2
2026-08-04,23:05:50,0.938,119.2
2026-08-04,23:05:51,0.939,119.2
2026-08-04,23:05:51,0.939,119.2
2026-08-04,23:05:51,0.939,119.2
2026-08-04,23:05:51,0.939,119.2
2026-08-04,23:05:51,0.939,119.3
2026-08-04,23:05:51,0.939,119.3
2026-08-04,23:05:52,0.939,119.3
2026-08-04,23:05:52,0.939,119.3
2026-08-04,23:05:52,0.940,119.3
2026-08-04,23:05:52,0.940,119.3
2026-08-04,23:05:52,0.940,119.4
2026-08-04,23:05:52,0.940,119.4
2026-08-04,23:05:52,0.940,119.4
2026-08-04,23:05:53,0.940,119.4
2026-08-04,23:05:53,0.940,119.4
2026-08-04,23:05:53,0.940,119.4
2026-08-04,23:05:53,0.940,119.4
2026-08-04,23:05:53,0.940,119.4
2026-08-04,23:05:53,0.941,119.5
2026-08-04,23:05:54,0.941,119.5
2026-08-04,23:05:54,0.941,119.5
2026-08-04,23:05:54,0.941,119.5
2026-08-04,23:05:54,0.941,119.5
2026-08-04,23:05:54,0.941,119.5
2026-08-04,23:05:54,0.941,119.6
2026-08-04,23:05:55,0.942,119.6
2026-08-04,23:05:55,0.942,119.6
2026-08-04,23:05:55,0.942,119.6
2026-08-04,23:05:55,0.942,119.6
2026-08-04,23:05:55,0.942,119.6
2026-08-04,23:05:55,0.942,119.6
2026-08-04,23:05:56,0.942,119.7
2026-08-04,23:05:56,0.942,119.7
2026-08-04,23:05:56,0.942,119.7
2026-08-04,23:05:56,0.943,119.7
2026-08-04,23:05:56,0.943,119.7
2026-08-04,23:05:56,0.943,119.7
2026-08-04,23:05:57,0.943,119.8
2026-08-04,23:05:57,0.943,119.8
2026-08-04,23:05:57,0.943,119.8
2026-08-04,23:05:57,0.943,119.8
2026-08-04,23:05:57,0.943,119.8
2026-08-04,23:05:57,0.944,119.8
2026-08-04,23:05:58,0.944,119.8
2026-08-04,23:05:58,0.944,119.8
2026-08-04,23:05:58,0.944,119.9
2026-08-04,23:05:58,0.944,119.9
2026-08-04,23:05:58,0.944,119.9
2026-08-04,23:05:58,0.944,119.9
2026-08-04,23:05:59,0.944,119.9
2026-08-04,23:05:59,0.944,119.9
2026-08-04,23:05:59,0.944,119.9
2026-08-04,23:05:59,0.945,120.0
2026-08-04,23:05:59,0.945,120.0
2026-08-04,23:05:59,0.945,120.0
2026-08-04,23:06:00,0.945,120.0
2026-08-04,23:06:00,0.945,120.0
2026-08-04,23:06:00,0.945,120.0
2026-08-04,23:06:00,0.945,120.0
2026-08-04,23:06:00,0.945,120.1
2026-08-04,23:06:00,0.945,120.1
2026-08-04,23:06:01,0.946,120.1
2026-08-04,23:06:01,0.946,120.1
2026-08-04,23:06:01,0.946,120.1
2026-08-04,23:06:01,0.946,120.1
2026-08-04,23:06:01,0.946,120.1
2026-08-04,23:06:01,0.946,120.1
2026-08-04,23:06:02,0.946,120.2
2026-08-04,23:06:02,0.946,120.2
2026-08-04,23:06:02,0.946,120.2
2026-08-04,23:06:02,0.946,120.2
2026-08-04,23:06:02,0.946,120.2
2026-08-04,23:06:02,0.946,120.2
2026-08-04,23:06:03,0.947,120.2
2026-08-04,23:06:03,0.947,120.2
2026-08-04,23:06:03,0.947,120.2
2026-08-04,23:06:03,0.947,120.2
2026-08-04,23:06:03,0.947,120.2
2026-08-04,23:06:03,0.947,120.3
2026-08-04,23:06:04,0.947,120.3
2026-08-04,23:06:04,0.947,120.3
2026-08-04,23:06:04,0.947,120.3
2026-08-04,23:06:04,0.947,120.3
2026-08-04,23:06:04,0.947,120.3
2026-08-04,23:06:04,0.947,120.3
2026-08-04,23:06:05,0.947,120.3
2026-08-04,23:06:05,0.948,120.3
2026-08-04,23:06:05,0.948,120.3
2026-08-04,23:06:05,0.948,120.4
2026-08-04,23:06:05,0.948,120.4
2026-08-04,23:06:05,0.948,120.4
2026-08-04,23:06:06,0.948,120.4
2026-08-04,23:06:06,0.948,120.4
2026-08-04,23:06:06,0.948,120.4
2026-08-04,23:06:06,0.948,120.4
2026-08-04,23:06:06,0.948,120.4
2026-08-04,23:06:06,0.948,120.5
2026-08-04,23:06:07,0.949,120.5
2026-08-04,23:06:07,0.949,120.5
2026-08-04,23:06:07,0.949,120.5
2026-08-04,23:06:07,0.949,120.5
2026-08-04,23:06:07,0.949,120.5
2026-08-04,23:06:07,0.949,120.6
2026-08-04,23:06:08,0.949,120.6
2026-08-04,23:06:08,0.950,120.6
2026-08-04,23:06:08,0.950,120.6
2026-08-04,23:06:08,0.950,120.6
2026-08-04,23:06:08,0.950,120.7
2026-08-04,23:06:08,0.950,120.7
2026-08-04,23:06:08,0.950,120.7
2026-08-04,23:06:09,0.950,120.7
2026-08-04,23:06:09,0.951,120.7
2026-08-04,23:06:09,0.951,120.7
2026-08-04,23:06:09,0.951,120.8
2026-08-04,23:06:09,0.951,120.8
2026-08-04,23:06:09,0.951,120.8
2026-08-04,23:06:10,0.951,120.8
2026-08-04,23:06:10,0.951,120.8
2026-08-04,23:06:10,0.952,120.9
2026-08-04,23:06:10,0.952,120.9
2026-08-04,23:06:10,0.952,120.9
2026-08-04,23:06:10,0.952,120.9
2026-08-04,23:06:11,0.952,120.9
2026-08-04,23:06:11,0.952,120.9
2026-08-04,23:06:11,0.952,120.9
2026-08-04,23:06:11,0.952,120.9
2026-08-04,23:06:11,0.952,120.9
2026-08-04,23:06:11,0.952,120.9
2026-08-04,23:06:12,0.952,121.0
2026-08-04,23:06:12,0.953,121.0
2026-08-04,23:06:12,0.953,121.0
2026-08-04,23:06:12,0.953,121.0
2026-08-04,23:06:12,0.953,121.0
2026-08-04,23:06:12,0.953,121.0
2026-08-04,23:06:13,0.953,121.0
2026-08-04,23:06:13,0.953,121.0
2026-08-04,23:06:13,0.953,121.1
2026-08-04,23:06:13,0.953,121.1
2026-08-04,23:06:13,0.953,121.1
2026-08-04,23:06:13,0.953,121.1
2026-08-04,23:06:14,0.954,121.1
2026-08-04,23:06:14,0.954,121.1
2026-08-04,23:06:14,0.954,121.1
2026-08-04,23:06:14,0.954,121.2
2026-08-04,23:06:14,0.954,121.2
2026-08-04,23:06:14,0.954,121.2
2026-08-04,23:06:15,0.954,121.2
2026-08-04,23:06:15,0.954,121.2
2026-08-04,23:06:15,0.954,121.2
2026-08-04,23:06:15,0.955,121.2
2026-08-04,23:06:15,0.955,121.2
2026-08-04,23:06:15,0.955,121.2
2026-08-04,23:06:16,0.955,121.3
2026-08-04,23:06:16,0.955,121.3
2026-08-04,23:06:16,0.955,121.3
2026-08-04,23:06:16,0.955,121.3
2026-08-04,23:06:16,0.955,121.3
2026-08-04,23:06:16,0.955,121.3
2026-08-04,23:06:17,0.955,121.3
2026-08-04,23:06:17,0.956,121.4
2026-08-04,23:06:17,0.956,121.4
2026-08-04,23:06:17,0.956,121.4
2026-08-04,23:06:17,0.956,121.4
2026-08-04,23:06:17,0.956,121.4
2026-08-04,23:06:18,0.956,121.4
2026-08-04,23:06:18,0.956,121.4
2026-08-04,23:06:18,0.956,121.4
2026-08-04,23:06:18,0.956,121.5
2026-08-04,23:06:18,0.956,121.5
2026-08-04,23:06:18,0.957,121.5
2026-08-04,23:06:19,0.957,121.5
2026-08-04,23:06:19,0.957,121.5
2026-08-04,23:06:19,0.957,121.5
2026-08-04,23:06:19,0.957,121.5
2026-08-04,23:06:19,0.957,121.5
2026-08-04,23:06:19,0.957,121.6
2026-08-04,23:06:20,0.957,121.6
2026-08-04,23:06:20,0.957,121.6
2026-08-04,23:06:20,0.957,121.6
2026-08-04,23:06:20,0.958,121.6
2026-08-04,23:06:20,0.958,121.6
2026-08-04,23:06:20,0.958,121.6
2026-08-04,23:06:21,0.958,121.7
2026-08-04,23:06:21,0.958,121.7
2026-08-04,23:06:21,0.958,121.7
2026-08-04,23:06:21,0.958,121.7
2026-08-04,23:06:21,0.958,121.7
2026-08-04,23:06:21,0.958,121.7
2026-08-04,23:06:22,0.959,121.7
2026-08-04,23:06:22,0.959,121.8
2026-08-04,23:06:22,0.959,121.8
2026-08-04,23:06:22,0.959,121.8
2026-08-04,23:06:22,0.959,121.8
2026-08-04,23:06:22,0.959,121.8
2026-08-04,23:06:23,0.959,121.8
2026-08-04,23:06:23,0.959,121.8
2026-08-04,23:06:23,0.959,121.8
2026-08-04,23:06:23,0.960,121.9
2026-08-04,23:06:23,0.960,121.9
2026-08-04,23:06:23,0.960,121.9
2026-08-04,23:06:24,0.960,121.9
2026-08-04,23:06:24,0.960,121.9
2026-08-04,23:06:24,0.960,121.9
2026-08-04,23:06:24,0.960,121.9
2026-08-04,23:06:24,0.960,121.9
2026-08-04,23:06:24,0.960,122.0
2026-08-04,23:06:25,0.960,122.0
2026-08-04,23:06:25,0.960,122.0
2026-08-04,23:06:25,0.961,122.0
2026-08-04,23:06:25,0.961,122.0
2026-08-04,23:06:25,0.961,122.0
2026-08-04,23:06:25,0.961,122.0
2026-08-04,23:06:25,0.961,122.0
2026-08-04,23:06:26,0.961,122.0
2026-08-04,23:06:26,0.961,122.1
2026-08-04,23:06:26,0.961,122.1
2026-08-04,23:06:26,0.961,122.1
2026-08-04,23:06:26,0.961,122.1
2026-08-04,23:06:26,0.961,122.1
2026-08-04,23:06:27,0.962,122.1
2026-08-04,23:06:27,0.962,122.1
2026-08-04,23:06:27,0.962,122.1
2026-08-04,23:06:27,0.962,122.2
2026-08-04,23:06:27,0.962,122.2
2026-08-04,23:06:27,0.962,122.2
2026-08-04,23:06:28,0.962,122.2
2026-08-04,23:06:28,0.962,122.2
2026-08-04,23:06:28,0.962,122.2
2026-08-04,23:06:28,0.963,122.2
2026-08-04,23:06:28,0.963,122.3
2026-08-04,23:06:28,0.963,122.3
2026-08-04,23:06:29,0.963,122.3
2026-08-04,23:06:29,0.963,122.3
2026-08-04,23:06:29,0.963,122.3
2026-08-04,23:06:29,0.963,122.3
2026-08-04,23:06:29,0.963,122.3
2026-08-04,23:06:29,0.963,122.3
2026-08-04,23:06:30,0.963,122.3
2026-08-04,23:06:30,0.963,122.3
2026-08-04,23:06:30,0.963,122.3
2026-08-04,23:06:30,0.963,122.3
2026-08-04,23:06:30,0.963,122.3
2026-08-04,23:06:30,0.963,122.3
2026-08-04,23:06:31,0.963,122.4
2026-08-04,23:06:31,0.964,122.4
2026-08-04,23:06:31,0.964,122.4
2026-08-04,23:06:31,0.964,122.4
2026-08-04,23:06:31,0.964,122.4
2026-08-04,23:06:31,0.964,122.4
2026-08-04,23:06:32,0.964,122.4
2026-08-04,23:06:32,0.964,122.4
2026-08-04,23:06:32,0.964,122.5
2026-08-04,23:06:32,0.964,122.5
2026-08-04,23:06:32,0.964,122.5
2026-08-04,23:06:32,0.965,122.5
2026-08-04,23:06:33,0.965,122.5
2026-08-04,23:06:33,0.965,122.5
2026-08-04,23:06:33,0.965,122.5
2026-08-04,23:06:33,0.965,122.5
2026-08-04,23:06:33,0.965,122.6
2026-08-04,23:06:33,0.965,122.6
2026-08-04,23:06:34,0.965,122.6
2026-08-04,23:06:34,0.965,122.6
2026-08-04,23:06:34,0.965,122.6
2026-08-04,23:06:34,0.966,122.6
2026-08-04,23:06:34,0.966,122.6
2026-08-04,23:06:34,0.966,122.7
2026-08-04,23:06:35,0.966,122.7
2026-08-04,23:06:35,0.966,122.7
2026-08-04,23:06:35,0.966,122.7
2026-08-04,23:06:35,0.966,122.7
2026-08-04,23:06:35,0.966,122.7
2026-08-04,23:06:35,0.966,122.7
2026-08-04,23:06:36,0.966,122.7
2026-08-04,23:06:36,0.967,122.8
2026-08-04,23:06:36,0.967,122.8
2026-08-04,23:06:36,0.967,122.8
2026-08-04,23:06:36,0.967,122.8
2026-08-04,23:06:36,0.967,122.8
2026-08-04,23:06:37,0.967,122.8
2026-08-04,23:06:37,0.967,122.8
2026-08-04,23:06:37,0.967,122.8
2026-08-04,23:06:37,0.967,122.9
2026-08-04,23:06:37,0.967,122.9
2026-08-04,23:06:37,0.968,122.9
2026-08-04,23:06:38,0.968,122.9
2026-08-04,23:06:38,0.968,122.9
2026-08-04,23:06:38,0.968,122.9
2026-08-04,23:06:38,0.968,122.9
2026-08-04,23:06:38,0.968,122.9
2026-08-04,23:06:38,0.968,123.0
2026-08-04,23:06:39,0.968,123.0
2026-08-04,23:06:39,0.968,123.0
2026-08-04,23:06:39,0.969,123.0
2026-08-04,23:06:39,0.969,123.0
2026-08-04,23:06:39,0.969,123.0
2026-08-04,23:06:39,0.969,123.0
2026-08-04,23:06:40,0.969,123.1
2026-08-04,23:06:40,0.969,123.1
2026-08-04,23:06:40,0.969,123.1
2026-08-04,23:06:40,0.969,123.1
2026-08-04,23:06:40,0.969,123.1
2026-08-04,23:06:40,0.969,123.1
2026-08-04,23:06:41,0.970,123.1
2026-08-04,23:06:41,0.970,123.2
2026-08-04,23:06:41,0.970,123.2
2026-08-04,23:06:41,0.970,123.2
2026-08-04,23:06:41,0.970,123.2
2026-08-04,23:06:41,0.970,123.2
2026-08-04,23:06:41,0.970,123.2
2026-08-04,23:06:42,0.970,123.2
2026-08-04,23:06:42,0.970,123.2
2026-08-04,23:06:42,0.971,123.3
2026-08-04,23:06:42,0.971,123.3
2026-08-04,23:06:42,0.971,123.3
2026-08-04,23:06:42,0.971,123.3
2026-08-04,23:06:43,0.971,123.3
2026-08-04,23:06:43,0.971,123.3
2026-08-04,23:06:43,0.971,123.3
2026-08-04,23:06:43,0.971,123.4
2026-08-04,23:06:43,0.971,123.4
2026-08-04,23:06:43,0.972,123.4
2026-08-04,23:06:44,0.972,123.4
2026-08-04,23:06:44,0.972,123.4
2026-08-04,23:06:44,0.972,123.4
2026-08-04,23:07:21,0.991,125.8
2026-08-04,23:07:21,0.991,125.8
2026-08-04,23:07:21,0.991,125.8
2026-08-04,23:07:21,0.991,125.8
2026-08-04,23:07:21,0.991,125.9
2026-08-04,23:07:22,0.991,125.9
2026-08-04,23:07:22,0.991,125.9
2026-08-04,23:07:22,0.991,125.9
2026-08-04,23:07:22,0.991,125.9
2026-08-04,23:07:22,0.991,125.9
2026-08-04,23:07:22,0.992,125.9
2026-08-04,23:07:23,0.992,125.9
2026-08-04,23:07:23,0.992,125.9
2026-08-04,23:07:23,0.992,126.0
2026-08-04,23:07:23,0.992,126.0
2026-08-04,23:07:23,0.992,126.0
2026-08-04,23:07:23,0.992,126.0
2026-08-04,23:07:24,0.992,126.0
2026-08-04,23:07:24,0.992,126.0
2026-08-04,23:07:24,0.992,126.0
2026-08-04,23:07:24,0.992,126.0
2026-08-04,23:07:24,0.992,126.0
2026-08-04,23:07:24,0.992,126.0
2026-08-04,23:07:25,0.993,126.1
2026-08-04,23:07:25,0.993,126.1
2026-08-04,23:07:25,0.993,126.1
2026-08-04,23:07:25,0.993,126.1
2026-08-04,23:07:25,0.993,126.1
2026-08-04,23:07:25,0.993,126.1
2026-08-04,23:07:26,0.993,126.1
2026-08-04,23:07:26,0.993,126.2
2026-08-04,23:07:26,0.993,126.2
2026-08-04,23:07:26,0.994,126.2
2026-08-04,23:07:26,0.994,126.2
2026-08-04,23:07:26,0.994,126.2
2026-08-04,23:07:27,0.994,126.2
2026-08-04,23:07:27,0.994,126.2
2026-08-04,23:07:27,0.994,126.2
2026-08-04,23:07:27,0.994,126.2
2026-08-04,23:07:27,0.994,126.2
2026-08-04,23:07:27,0.994,126.2
2026-08-04,23:07:28,0.994,126.2
2026-08-04,23:07:28,0.994,126.3
2026-08-04,23:07:28,0.994,126.3
2026-08-04,23:07:28,0.994,126.3
2026-08-04,23:07:28,0.994,126.3
2026-08-04,23:07:28,0.994,126.3
2026-08-04,23:07:29,0.995,126.3
2026-08-04,23:07:29,0.995,126.3
2026-08-04,23:07:29,0.995,126.3
2026-08-04,23:07:29,0.995,126.3
2026-08-04,23:07:29,0.995,126.4
2026-08-04,23:07:29,0.995,126.4
2026-08-04,23:07:30,0.995,126.4
2026-08-04,23:07:30,0.995,126.4
2026-08-04,23:07:30,0.995,126.4
2026-08-04,23:07:30,0.995,126.4
2026-08-04,23:07:30,0.995,126.4
2026-08-04,23:07:30,0.995,126.4
2026-08-04,23:07:31,0.995,126.4
2026-08-04,23:07:31,0.995,126.4
2026-08-04,23:07:31,0.995,126.4
2026-08-04,23:07:31,0.996,126.4
2026-08-04,23:07:31,0.996,126.4
2026-08-04,23:07:31,0.996,126.4
2026-08-04,23:07:31,0.996,126.5
2026-08-04,23:07:32,0.996,126.5
2026-08-04,23:07:32,0.996,126.5
2026-08-04,23:07:32,0.996,126.5
2026-08-04,23:07:32,0.996,126.5
2026-08-04,23:07:32,0.996,126.5
2026-08-04,23:07:32,0.996,126.5
2026-08-04,23:07:33,0.996,126.5
2026-08-04,23:07:33,0.996,126.5
2026-08-04,23:07:33,0.996,126.5
2026-08-04,23:07:33,0.996,126.5
2026-08-04,23:07:33,0.996,126.6
2026-08-04,23:07:33,0.997,126.6
2026-08-04,23:07:34,0.997,126.6
2026-08-04,23:07:34,0.997,126.6
2026-08-04,23:07:34,0.997,126.6
2026-08-04,23:07:34,0.997,126.6
2026-08-04,23:07:34,0.997,126.6
2026-08-04,23:07:34,0.997,126.6
2026-08-04,23:07:35,0.997,126.6
2026-08-04,23:07:35,0.997,126.6
2026-08-04,23:07:35,0.997,126.7
2026-08-04,23:07:35,0.997,126.7
2026-08-04,23:07:35,0.997,126.7
2026-08-04,23:07:35,0.997,126.7
2026-08-04,23:07:36,0.998,126.7
2026-08-04,23:07:36,0.998,126.7
2026-08-04,23:07:36,0.998,126.7
2026-08-04,23:07:36,0.998,126.7
2026-08-04,23:07:36,0.998,126.7
2026-08-04,23:07:36,0.998,126.7
2026-08-04,23:07:37,0.998,126.8
2026-08-04,23:07:37,0.998,126.8
2026-08-04,23:07:37,0.998,126.8
2026-08-04,23:07:37,0.998,126.8
2026-08-04,23:07:37,0.999,126.8
2026-08-04,23:07:37,0.999,126.8
2026-08-04,23:07:38,0.999,126.8
2026-08-04,23:07:38,0.999,126.9
2026-08-04,23:07:38,0.999,126.9
2026-08-04,23:07:38,0.999,126.9
2026-08-04,23:07:38,0.999,126.9
2026-08-04,23:07:38,0.999,126.9
2026-08-04,23:07:39,0.999,126.9
2026-08-04,23:07:39,0.999,126.9
2026-08-04,23:07:39,0.999,126.9
2026-08-04,23:07:39,0.999,126.9
2026-08-04,23:07:39,1.000,126.9
2026-08-04,23:07:39,1.000,126.9
2026-08-04,23:07:40,1.000,127.0
2026-08-04,23:07:40,1.000,127.0
2026-08-04,23:07:40,1.000,127.0
2026-08-04,23:07:40,1.000,127.0
2026-08-04,23:07:40,1.000,127.0
2026-08-04,23:07:40,1.000,127.0
2026-08-04,23:07:41,1.000,127.0
2026-08-04,23:07:41,1.000,127.0
2026-08-04,23:07:41,1.000,127.0
2026-08-04,23:07:41,1.000,127.0
2026-08-04,23:07:41,1.000,127.0
2026-08-04,23:07:41,1.000,127.0
2026-08-04,23:07:42,1.000,127.1
2026-08-04,23:07:42,1.001,127.1
2026-08-04,23:07:42,1.001,127.1
2026-08-04,23:07:42,1.001,127.1
2026-08-04,23:07:42,1.001,127.1
2026-08-04,23:07:42,1.001,127.1
2026-08-04,23:07:43,1.001,127.1
2026-08-04,23:07:43,1.001,127.2
2026-08-04,23:07:43,1.001,127.2
2026-08-04,23:07:43,1.002,127.2
2026-08-04,23:07:43,1.002,127.2
2026-08-04,23:07:43,1.002,127.2
2026-08-04,23:07:44,1.002,127.2
2026-08-04,23:07:44,1.002,127.2
2026-08-04,23:07:44,1.002,127.3
2026-08-04,23:07:44,1.002,127.3
2026-08-04,23:07:44,1.002,127.3
2026-08-04,23:07:44,1.002,127.3
2026-08-04,23:07:45,1.002,127.3
2026-08-04,23:07:45,1.002,127.3
2026-08-04,23:07:45,1.002,127.3
2026-08-04,23:07:45,1.003,127.3
2026-08-04,23:07:45,1.003,127.3
2026-08-04,23:07:45,1.003,127.3
2026-08-04,23:07:46,1.003,127.3
2026-08-04,23:07:46,1.003,127.3
2026-08-04,23:07:46,1.003,127.4
2026-08-04,23:07:46,1.003,127.4
2026-08-04,23:07:46,1.003,127.4
2026-08-04,23:07:46,1.003,127.4
2026-08-04,23:07:47,1.003,127.4
2026-08-04,23:07:47,1.003,127.4
2026-08-04,23:07:47,1.003,127.4
2026-08-04,23:07:47,1.003,127.4
2026-08-04,23:07:47,1.003,127.4
2026-08-04,23:07:47,1.003,127.4
2026-08-04,23:07:48,1.003,127.4
2026-08-04,23:07:48,1.003,127.4
2026-08-04,23:07:48,1.004,127.5
2026-08-04,23:07:48,1.004,127.5
2026-08-04,23:07:48,1.004,127.5
2026-08-04,23:07:48,1.004,127.5
2026-08-04,23:07:48,1.004,127.5
2026-08-04,23:07:49,1.004,127.5
2026-08-04,23:07:49,1.004,127.5
2026-08-04,23:07:49,1.004,127.5
2026-08-04,23:07:49,1.004,127.5
2026-08-04,23:07:49,1.004,127.6
2026-08-04,23:07:49,1.005,127.6
2026-08-04,23:07:50,1.005,127.6
2026-08-04,23:07:50,1.005,127.6
2026-08-04,23:07:50,1.005,127.6
2026-08-04,23:07:50,1.005,127.6
2026-08-04,23:07:50,1.005,127.6
2026-08-04,23:07:50,1.005,127.6
2026-08-04,23:07:51,1.005,127.7
2026-08-04,23:07:51,1.005,127.7
2026-08-04,23:07:51,1.005,127.7
2026-08-04,23:07:51,1.006,127.7
2026-08-04,23:07:51,1.006,127.7
2026-08-04,23:07:51,1.006,127.7
2026-08-04,23:07:52,1.006,127.7
2026-08-04,23:07:52,1.006,127.8
2026-08-04,23:07:52,1.006,127.8
2026-08-04,23:07:52,1.006,127.8
2026-08-04,23:07:52,1.006,127.8
2026-08-04,23:07:52,1.006,127.8
2026-08-04,23:07:53,1.006,127.8
2026-08-04,23:07:53,1.006,127.8
2026-08-04,23:07:53,1.007,127.8
2026-08-04,23:07:53,1.007,127.8
2026-08-04,23:07:53,1.007,127.9
2026-08-04,23:07:53,1.007,127.9
2026-08-04,23:07:54,1.007,127.9
2026-08-04,23:07:54,1.007,127.9
2026-08-04,23:07:54,1.007,127.9
2026-08-04,23:07:54,1.007,127.9
2026-08-04,23:07:54,1.007,127.9
2026-08-04,23:07:54,1.008,128.0
2026-08-04,23:07:55,1.008,128.0
2026-08-04,23:07:55,1.008,128.0
2026-08-04,23:07:55,1.008,128.0
2026-08-04,23:07:55,1.008,128.0
2026-08-04,23:07:55,1.008,128.0
2026-08-04,23:07:55,1.008,128.0
2026-08-04,23:07:56,1.008,128.0
2026-08-04,23:07:56,1.008,128.0
2026-08-04,23:07:56,1.008,128.0
2026-08-04,23:07:56,1.008,128.0
2026-08-04,23:07:56,1.008,128.0
2026-08-04,23:07:56,1.008,128.1
2026-08-04,23:07:57,1.008,128.1
2026-08-04,23:07:57,1.008,128.1
2026-08-04,23:07:57,1.008,128.1
2026-08-04,23:07:57,1.009,128.1
2026-08-04,23:07:57,1.009,128.1
2026-08-04,23:07:57,1.009,128.1
2026-08-04,23:07:58,1.009,128.1
2026-08-04,23:07:58,1.009,128.1
2026-08-04,23:07:58,1.009,128.1
2026-08-04,23:07:58,1.009,128.1
2026-08-04,23:07:58,1.009,128.1
2026-08-04,23:07:58,1.009,128.1
2026-08-04,23:07:59,1.009,128.1
2026-08-04,23:07:59,1.009,128.2
2026-08-04,23:07:59,1.009,128.2
2026-08-04,23:07:59,1.009,128.2
2026-08-04,23:07:59,1.009,128.2
2026-08-04,23:07:59,1.009,128.2
2026-08-04,23:08:00,1.010,128.2
2026-08-04,23:08:00,1.010,128.2
2026-08-04,23:08:00,1.010,128.2
2026-08-04,23:08:00,1.010,128.3
2026-08-04,23:08:00,1.010,128.3
2026-08-04,23:08:00,1.010,128.3
2026-08-04,23:08:01,1.010,128.3
2026-08-04,23:08:01,1.010,128.3
2026-08-04,23:08:01,1.010,128.3
2026-08-04,23:08:01,1.010,128.3
2026-08-04,23:08:01,1.010,128.3
2026-08-04,23:08:01,1.011,128.3
2026-08-04,23:08:02,1.011,128.4
2026-08-04,23:08:02,1.011,128.4
2026-08-04,23:08:02,1.011,128.4
2026-08-04,23:08:02,1.011,128.4
2026-08-04,23:08:02,1.011,128.4
2026-08-04,23:08:02,1.011,128.4
2026-08-04,23:08:03,1.011,128.4
2026-08-04,23:08:03,1.011,128.4
2026-08-04,23:08:03,1.011,128.5
2026-08-04,23:08:03,1.012,128.5
2026-08-04,23:08:03,1.012,128.5
2026-08-04,23:08:03,1.012,128.5
2026-08-04,23:08:04,1.012,128.5
2026-08-04,23:08:04,1.012,128.5
2026-08-04,23:08:04,1.012,128.5
2026-08-04,23:08:04,1.012,128.5
2026-08-04,23:08:04,1.012,128.5
2026-08-04,23:08:04,1.012,128.5
2026-08-04,23:08:04,1.012,128.5
2026-08-04,23:08:05,1.012,128.5
2026-08-04,23:08:05,1.012,128.5
2026-08-04,23:08:05,1.012,128.5
2026-08-04,23:08:05,1.012,128.6
2026-08-04,23:08:05,1.012,128.6
2026-08-04,23:08:05,1.012,128.6
2026-08-04,23:08:06,1.012,128.6
2026-08-04,23:08:06,1.013,128.6
2026-08-04,23:08:06,1.013,128.6
2026-08-04,23:08:06,1.013,128.6
2026-08-04,23:08:06,1.013,128.6
2026-08-04,23:08:06,1.013,128.6
2026-08-04,23:08:07,1.013,128.6
2026-08-04,23:08:07,1.013,128.6
2026-08-04,23:08:07,1.013,128.7
2026-08-04,23:08:07,1.013,128.7
2026-08-04,23:08:07,1.013,128.7
2026-08-04,23:08:07,1.013,128.7
2026-08-04,23:08:08,1.013,128.7
2026-08-04,23:08:08,1.013,128.7
2026-08-04,23:08:08,1.013,128.7
2026-08-04,23:08:08,1.013,128.7
2026-08-04,23:08:08,1.014,128.7
2026-08-04,23:08:08,1.014,128.7
2026-08-04,23:08:09,1.014,128.7
2026-08-04,23:08:09,1.014,128.8
2026-08-04,23:08:09,1.014,128.8
2026-08-04,23:08:09,1.014,128.8
2026-08-04,23:08:09,1.014,128.8
2026-08-04,23:08:09,1.014,128.8
2026-08-04,23:08:10,1.014,128.8
2026-08-04,23:08:10,1.014,128.8
2026-08-04,23:08:10,1.014,128.8
2026-08-04,23:08:10,1.014,128.8
2026-08-04,23:08:10,1.014,128.8
2026-08-04,23:08:10,1.014,128.8
2026-08-04,23:08:11,1.015,128.8
2026-08-04,23:08:11,1.015,128.9
2026-08-04,23:08:11,1.015,128.9
2026-08-04,23:08:11,1.015,128.9
2026-08-04,23:08:11,1.015,128.9
2026-08-04,23:08:11,1.015,128.9
2026-08-04,23:08:12,1.015,128.9
2026-08-04,23:08:12,1.015,128.9
2026-08-04,23:08:12,1.015,128.9
2026-08-04,23:08:12,1.015,128.9
2026-08-04,23:08:12,1.015,128.9
2026-08-04,23:08:12,1.015,128.9
2026-08-04,23:08:13,1.015,128.9
2026-08-04,23:08:13,1.015,129.0
2026-08-04,23:08:13,1.016,129.0
2026-08-04,23:08:13,1.016,129.0
2026-08-04,23:08:13,1.016,129.0
2026-08-04,23:08:13,1.016,129.0
2026-08-04,23:08:14,1.016,129.0
2026-08-04,23:08:14,1.016,129.0
2026-08-04,23:08:14,1.016,129.0
2026-08-04,23:08:14,1.016,129.0
2026-08-04,23:08:14,1.016,129.1
2026-08-04,23:08:14,1.016,129.1
2026-08-04,23:08:15,1.016,129.1
2026-08-04,23:08:15,1.016,129.1
2026-08-04,23:08:15,1.016,129.1
2026-08-04,23:08:15,1.016,129.1
2026-08-04,23:08:15,1.017,129.1
2026-08-04,23:08:15,1.017,129.1
2026-08-04,23:08:16,1.017,129.1
2026-08-04,23:08:16,1.017,129.1
2026-08-04,23:08:16,1.017,129.1
2026-08-04,23:08:16,1.017,129.1
2026-08-04,23:08:16,1.017,129.2
2026-08-04,23:08:16,1.017,129.2
2026-08-04,23:08:17,1.017,129.2
2026-08-04,23:08:17,1.017,129.2
2026-08-04,23:08:17,1.017,129.2
2026-08-04,23:08:17,1.017,129.2
2026-08-04,23:08:17,1.018,129.2
2026-08-04,23:08:17,1.018,129.2
2026-08-04,23:08:18,1.018,129.3
2026-08-04,23:08:18,1.018,129.3
2026-08-04,23:08:18,1.018,129.3
2026-08-04,23:08:18,1.018,129.3
2026-08-04,23:08:18,1.018,129.3
2026-08-04,23:08:18,1.018,129.3
2026-08-04,23:08:19,1.018,129.3
2026-08-04,23:08:19,1.018,129.3
2026-08-04,23:08:19,1.018,129.3
2026-08-04,23:08:19,1.018,129.3
2026-08-04,23:08:19,1.018,129.3
2026-08-04,23:08:19,1.018,129.3
2026-08-04,23:08:20,1.019,129.4
2026-08-04,23:08:20,1.019,129.4
2026-08-04,23:08:20,1.019,129.4
2026-08-04,23:08:20,1.019,129.4
2026-08-04,23:08:20,1.019,129.4
2026-08-04,23:08:20,1.019,129.4
2026-08-04,23:08:21,1.019,129.4
2026-08-04,23:08:21,1.019,129.4
2026-08-04,23:08:21,1.019,129.4
2026-08-04,23:08:21,1.019,129.4
2026-08-04,23:08:21,1.019,129.4
2026-08-04,23:08:21,1.019,129.4
2026-08-04,23:08:21,1.019,129.4
2026-08-04,23:08:22,1.019,129.4
2026-08-04,23:08:22,1.019,129.4
2026-08-04,23:08:22,1.019,129.4
2026-08-04,23:08:22,1.019,129.5
2026-08-04,23:08:22,1.019,129.5
2026-08-04,23:08:22,1.019,129.5
2026-08-04,23:08:23,1.020,129.5
2026-08-04,23:08:23,1.020,129.5
2026-08-04,23:08:23,1.020,129.5
2026-08-04,23:08:23,1.020,129.5
2026-08-04,23:08:23,1.020,129.5
2026-08-04,23:08:23,1.020,129.5
2026-08-04,23:08:24,1.020,129.5
2026-08-04,23:08:24,1.020,129.5
2026-08-04,23:08:24,1.020,129.5
2026-08-04,23:08:24,1.020,129.6
2026-08-04,23:08:24,1.020,129.6
2026-08-04,23:08:24,1.020,129.6
2026-08-04,23:08:25,1.020,129.6
2026-08-04,23:08:25,1.021,129.6
2026-08-04,23:08:25,1.021,129.6
2026-08-04,23:08:25,1.021,129.6
2026-08-04,23:08:25,1.021,129.6
2026-08-04,23:08:25,1.021,129.6
2026-08-04,23:08:26,1.021,129.7
2026-08-04,23:08:26,1.021,129.7
2026-08-04,23:08:26,1.021,129.7
2026-08-04,23:08:26,1.021,129.7
2026-08-04,23:08:26,1.021,129.7
2026-08-04,23:08:26,1.021,129.7
2026-08-04,23:08:27,1.021,129.7
2026-08-04,23:08:27,1.021,129.7
2026-08-04,23:08:27,1.022,129.7
2026-08-04,23:08:27,1.022,129.7
2026-08-04,23:08:27,1.022,129.8
2026-08-04,23:08:27,1.022,129.8
2026-08-04,23:08:28,1.022,129.8
2026-08-04,23:08:28,1.022,129.8
2026-08-04,23:08:28,1.022,129.8
2026-08-04,23:08:28,1.022,129.8
2026-08-04,23:08:28,1.022,129.8
2026-08-04,23:08:28,1.022,129.8
2026-08-04,23:08:29,1.022,129.9
2026-08-04,23:08:29,1.023,129.9
2026-08-04,23:08:29,1.023,129.9
2026-08-04,23:08:29,1.023,129.9
2026-08-04,23:08:29,1.023,129.9
2026-08-04,23:08:29,1.023,129.9
2026-08-04,23:08:30,1.023,129.9
2026-08-04,23:08:30,1.023,129.9
2026-08-04,23:08:30,1.023,129.9
2026-08-04,23:08:30,1.023,129.9
2026-08-04,23:08:30,1.023,129.9
2026-08-04,23:08:30,1.023,130.0
2026-08-04,23:08:31,1.023,130.0
2026-08-04,23:08:31,1.023,130.0
2026-08-04,23:08:31,1.023,130.0
2026-08-04,23:08:31,1.023,130.0
2026-08-04,23:08:31,1.024,130.0
2026-08-04,23:08:31,1.024,130.0
2026-08-04,23:08:32,1.024,130.0
2026-08-04,23:08:32,1.024,130.0
2026-08-04,23:08:32,1.024,130.0
2026-08-04,23:08:32,1.024,130.0
2026-08-04,23:08:32,1.024,130.0
2026-08-04,23:08:32,1.024,130.0
2026-08-04,23:08:33,1.024,130.1
2026-08-04,23:08:33,1.024,130.1
2026-08-04,23:08:33,1.024,130.1
2026-08-04,23:08:33,1.024,130.1
2026-08-04,23:08:33,1.025,130.1
2026-08-04,23:08:33,1.025,130.1
2026-08-04,23:08:34,1.025,130.1
2026-08-04,23:08:34,1.025,130.2
2026-08-04,23:08:34,1.025,130.2
2026-08-04,23:08:34,1.025,130.2
2026-08-04,23:08:34,1.025,130.2
2026-08-04,23:08:34,1.025,130.2
2026-08-04,23:08:35,1.025,130.2
2026-08-04,23:08:35,1.025,130.2
2026-08-04,23:08:35,1.025,130.2
2026-08-04,23:08:35,1.025,130.2
2026-08-04,23:08:35,1.025,130.2
2026-08-04,23:08:35,1.025,130.2
2026-08-04,23:08:36,1.026,130.2
2026-08-04,23:08:36,1.026,130.2
2026-08-04,23:08:36,1.026,130.2
2026-08-04,23:08:36,1.026,130.3
2026-08-04,23:08:36,1.026,130.3
2026-08-04,23:08:36,1.026,130.3
2026-08-04,23:08:37,1.026,130.3
2026-08-04,23:08:37,1.026,130.3
2026-08-04,23:08:37,1.026,130.3
2026-08-04,23:08:37,1.026,130.3
2026-08-04,23:08:37,1.026,130.3
2026-08-04,23:08:37,1.026,130.3
2026-08-04,23:08:37,1.026,130.3
2026-08-04,23:08:38,1.026,130.3
2026-08-04,23:08:38,1.026,130.4
2026-08-04,23:08:38,1.027,130.4
2026-08-04,23:08:38,1.027,130.4
2026-08-04,23:08:38,1.027,130.4
2026-08-04,23:08:38,1.027,130.4
2026-08-04,23:08:39,1.027,130.4
2026-08-04,23:08:39,1.027,130.4
2026-08-04,23:08:39,1.027,130.4
2026-08-04,23:08:39,1.027,130.4
2026-08-04,23:08:39,1.027,130.4
2026-08-04,23:08:39,1.027,130.5
2026-08-04,23:08:40,1.027,130.5
2026-08-04,23:08:40,1.027,130.5
2026-08-04,23:08:40,1.027,130.5
2026-08-04,23:08:40,1.027,130.5
2026-08-04,23:08:40,1.027,130.5
2026-08-04,23:08:40,1.028,130.5
2026-08-04,23:08:41,1.028,130.5
2026-08-04,23:08:41,1.028,130.5
2026-08-04,23:08:41,1.028,130.5
2026-08-04,23:08:41,1.028,130.5
2026-08-04,23:08:41,1.028,130.6
2026-08-04,23:08:41,1.028,130.6
2026-08-04,23:08:42,1.028,130.6
2026-08-04,23:08:42,1.028,130.6
2026-08-04,23:08:42,1.028,130.6
2026-08-04,23:08:42,1.028,130.6
2026-08-04,23:08:42,1.028,130.6
2026-08-04,23:08:42,1.029,130.6
2026-08-04,23:08:43,1.029,130.6
2026-08-04,23:08:43,1.029,130.6
2026-08-04,23:08:43,1.029,130.7
2026-08-04,23:08:43,1.029,130.7
2026-08-04,23:08:43,1.029,130.7
2026-08-04,23:08:43,1.029,130.7
2026-08-04,23:08:44,1.029,130.7
2026-08-04,23:08:44,1.029,130.7
2026-08-04,23:08:44,1.029,130.7
2026-08-04,23:08:44,1.029,130.7
2026-08-04,23:08:44,1.029,130.7
2026-08-04,23:08:44,1.029,130.7
2026-08-04,23:08:45,1.030,130.8
2026-08-04,23:08:45,1.030,130.8
2026-08-04,23:08:45,1.030,130.8
2026-08-04,23:08:45,1.030,130.8
2026-08-04,23:08:45,1.030,130.8
2026-08-04,23:08:45,1.030,130.8
2026-08-04,23:08:46,1.030,130.8
2026-08-04,23:08:46,1.030,130.8
2026-08-04,23:08:46,1.030,130.8
2026-08-04,23:08:46,1.030,130.8
2026-08-04,23:08:46,1.030,130.8
2026-08-04,23:08:46,1.030,130.8
2026-08-04,23:08:47,1.030,130.9
2026-08-04,23:08:47,1.030,130.9
2026-08-04,23:08:47,1.031,130.9
2026-08-04,23:08:47,1.031,130.9
2026-08-04,23:08:47,1.031,130.9
2026-08-04,23:08:47,1.031,130.9
2026-08-04,23:08:48,1.031,130.9
2026-08-04,23:08:48,1.031,130.9
2026-08-04,23:08:48,1.031,130.9
2026-08-04,23:08:48,1.031,130.9
2026-08-04,23:08:48,1.031,130.9
2026-08-04,23:08:48,1.031,130.9
2026-08-04,23:08:49,1.031,131.0
2026-08-04,23:08:49,1.031,131.0
2026-08-04,23:08:49,1.031,131.0
2026-08-04,23:08:49,1.031,131.0
2026-08-04,23:08:49,1.031,131.0
2026-08-04,23:08:49,1.031,131.0
2026-08-04,23:08:50,1.031,131.0
2026-08-04,23:08:50,1.031,131.0
2026-08-04,23:08:50,1.031,131.0
2026-08-04,23:08:50,1.032,131.0
2026-08-04,23:08:50,1.032,131.0
2026-08-04,23:08:50,1.032,131.0
2026-08-04,23:08:51,1.032,131.0
2026-08-04,23:08:51,1.032,131.0
2026-08-04,23:08:51,1.032,131.0
2026-08-04,23:08:51,1.032,131.0
2026-08-04,23:08:51,1.032,131.0
2026-08-04,23:08:51,1.032,131.1
2026-08-04,23:08:52,1.032,131.1
2026-08-04,23:08:52,1.032,131.1
2026-08-04,23:08:52,1.032,131.1
2026-08-04,23:08:52,1.032,131.1
2026-08-04,23:08:52,1.032,131.1
2026-08-04,23:08:52,1.032,131.1
2026-08-04,23:08:53,1.032,131.1
2026-08-04,23:08:53,1.033,131.1
2026-08-04,23:08:53,1.033,131.1
2026-08-04,23:08:53,1.033,131.2
2026-08-04,23:08:53,1.033,131.2
2026-08-04,23:08:53,1.033,131.2
2026-08-04,23:08:54,1.033,131.2
2026-08-04,23:08:54,1.033,131.2
2026-08-04,23:08:54,1.033,131.2
2026-08-04,23:08:54,1.033,131.2
2026-08-04,23:08:54,1.033,131.2
2026-08-04,23:08:54,1.033,131.2
2026-08-04,23:08:54,1.033,131.2
2026-08-04,23:08:55,1.033,131.3
2026-08-04,23:08:55,1.034,131.3
2026-08-04,23:08:55,1.034,131.3
2026-08-04,23:08:55,1.034,131.3
2026-08-04,23:08:55,1.034,131.3
2026-08-04,23:08:55,1.034,131.3
2026-08-04,23:08:56,1.034,131.3
2026-08-04,23:08:56,1.034,131.3
2026-08-04,23:08:56,1.034,131.3
2026-08-04,23:08:56,1.034,131.3
2026-08-04,23:08:56,1.034,131.3
2026-08-04,23:08:56,1.034,131.3
2026-08-04,23:08:57,1.034,131.3
2026-08-04,23:08:57,1.034,131.3
2026-08-04,23:08:57,1.034,131.3
2026-08-04,23:08:57,1.034,131.3
2026-08-04,23:08:57,1.034,131.4
2026-08-04,23:08:57,1.034,131.4
2026-08-04,23:08:58,1.034,131.4
2026-08-04,23:08:58,1.035,131.4
2026-08-04,23:08:58,1.035,131.4
2026-08-04,23:08:58,1.035,131.4
2026-08-04,23:08:58,1.035,131.4
2026-08-04,23:08:58,1.035,131.4
2026-08-04,23:08:59,1.035,131.4
2026-08-04,23:08:59,1.035,131.5
2026-08-04,23:08:59,1.035,131.5
2026-08-04,23:08:59,1.035,131.5
2026-08-04,23:08:59,1.035,131.5
2026-08-04,23:08:59,1.035,131.5
2026-08-04,23:09:00,1.035,131.5
2026-08-04,23:09:00,1.036,131.5
2026-08-04,23:09:00,1.036,131.5
2026-08-04,23:09:00,1.036,131.5
2026-08-04,23:09:00,1.036,131.5
2026-08-04,23:09:00,1.036,131.6
2026-08-04,23:09:01,1.036,131.6
2026-08-04,23:09:01,1.036,131.6
2026-08-04,23:09:01,1.036,131.6
2026-08-04,23:09:01,1.036,131.6
2026-08-04,23:09:01,1.036,131.6
2026-08-04,23:09:01,1.036,131.6
2026-08-04,23:09:02,1.036,131.6
2026-08-04,23:09:02,1.036,131.6
2026-08-04,23:09:02,1.036,131.6
2026-08-04,23:09:02,1.036,131.6
2026-08-04,23:09:02,1.036,131.6
2026-08-04,23:09:02,1.036,131.6
2026-08-04,23:09:03,1.037,131.6
2026-08-04,23:09:03,1.037,131.6
2026-08-04,23:09:03,1.037,131.7
2026-08-04,23:09:03,1.037,131.7
2026-08-04,23:09:03,1.037,131.7
2026-08-04,23:09:03,1.037,131.7
2026-08-04,23:09:04,1.037,131.7
2026-08-04,23:09:04,1.037,131.7
2026-08-04,23:09:04,1.037,131.7
2026-08-04,23:09:04,1.037,131.7
2026-08-04,23:09:04,1.037,131.7
2026-08-04,23:09:04,1.037,131.7
2026-08-04,23:09:05,1.037,131.8
2026-08-04,23:09:05,1.038,131.8
2026-08-04,23:09:05,1.038,131.8
2026-08-04,23:09:05,1.038,131.8
2026-08-04,23:09:05,1.038,131.8
2026-08-04,23:09:05,1.038,131.8
2026-08-04,23:09:06,1.038,131.8
2026-08-04,23:09:06,1.038,131.8
2026-08-04,23:09:06,1.038,131.8
2026-08-04,23:09:06,1.038,131.8
2026-08-04,23:09:06,1.038,131.8
2026-08-04,23:09:06,1.038,131.8
2026-08-04,23:09:07,1.038,131.8
2026-08-04,23:09:07,1.038,131.8
2026-08-04,23:09:07,1.038,131.8
2026-08-04,23:09:07,1.038,131.9
2026-08-04,23:09:07,1.038,131.9
2026-08-04,23:09:07,1.038,131.9
2026-08-04,23:09:08,1.038,131.9
2026-08-04,23:09:08,1.038,131.9
2026-08-04,23:09:08,1.039,131.9
2026-08-04,23:09:08,1.039,131.9
2026-08-04,23:09:08,1.039,131.9
2026-08-04,23:09:08,1.039,131.9
2026-08-04,23:09:09,1.039,131.9
2026-08-04,23:09:09,1.039,131.9
2026-08-04,23:09:09,1.039,132.0
2026-08-04,23:09:09,1.039,132.0
2026-08-04,23:09:09,1.039,132.0
2026-08-04,23:09:09,1.039,132.0
2026-08-04,23:09:10,1.039,132.0
2026-08-04,23:09:10,1.039,132.0
2026-08-04,23:09:10,1.040,132.0
2026-08-04,23:09:10,1.040,132.0
2026-08-04,23:09:10,1.040,132.0
2026-08-04,23:09:10,1.040,132.0
2026-08-04,23:09:10,1.040,132.1
2026-08-04,23:09:11,1.040,132.1
2026-08-04,23:09:11,1.040,132.1
2026-08-04,23:09:11,1.040,132.1
2026-08-04,23:09:11,1.040,132.1
2026-08-04,23:09:11,1.040,132.1
2026-08-04,23:09:11,1.040,132.1
2026-08-04,23:09:12,1.040,132.1
2026-08-04,23:09:12,1.040,132.1
2026-08-04,23:09:12,1.040,132.1
2026-08-04,23:09:12,1.040,132.1
2026-08-04,23:09:12,1.040,132.1
2026-08-04,23:09:12,1.040,132.1
2026-08-04,23:09:13,1.040,132.1
2026-08-04,23:09:13,1.040,132.1
2026-08-04,23:09:13,1.040,132.1
2026-08-04,23:09:13,1.040,132.1
2026-08-04,23:09:13,1.040,132.1
2026-08-04,23:09:13,1.040,132.1
2026-08-04,23:09:14,1.041,132.1
2026-08-04,23:09:14,1.041,132.2
2026-08-04,23:09:14,1.041,132.2
2026-08-04,23:09:14,1.041,132.2
2026-08-04,23:09:14,1.041,132.2
2026-08-04,23:09:14,1.041,132.2
2026-08-04,23:09:15,1.041,132.2
2026-08-04,23:09:15,1.041,132.2
2026-08-04,23:09:15,1.041,132.2
2026-08-04,23:09:15,1.041,132.2
2026-08-04,23:09:15,1.041,132.2
2026-08-04,23:09:15,1.041,132.2
2026-08-04,23:09:16,1.041,132.2
2026-08-04,23:09:16,1.041,132.3
2026-08-04,23:09:16,1.041,132.3
2026-08-04,23:09:16,1.042,132.3
2026-08-04,23:09:16,1.042,132.3
2026-08-04,23:09:16,1.042,132.3
2026-08-04,23:09:17,1.042,132.3
2026-08-04,23:09:17,1.042,132.3
2026-08-04,23:09:17,1.042,132.3
2026-08-04,23:09:17,1.042,132.4
2026-08-04,23:09:17,1.042,132.4
2026-08-04,23:09:17,1.042,132.4
2026-08-04,23:09:18,1.042,132.4
2026-08-04,23:09:18,1.043,132.4
2026-08-04,23:09:18,1.043,132.4
2026-08-04,23:09:18,1.043,132.4
2026-08-04,23:09:18,1.043,132.4
2026-08-04,23:09:18,1.043,132.5
2026-08-04,23:09:19,1.043,132.5
2026-08-04,23:09:19,1.043,132.5
2026-08-04,23:09:19,1.043,132.5
2026-08-04,23:09:19,1.043,132.5
2026-08-04,23:09:19,1.043,132.5
2026-08-04,23:09:19,1.043,132.5
2026-08-04,23:09:20,1.043,132.5
2026-08-04,23:09:20,1.044,132.5
2026-08-04,23:09:20,1.044,132.5
2026-08-04,23:09:20,1.044,132.5
2026-08-04,23:09:20,1.044,132.6
2026-08-04,23:09:20,1.044,132.6
2026-08-04,23:09:21,1.044,132.6
2026-08-04,23:09:21,1.044,132.6
2026-08-04,23:09:21,1.044,132.6
2026-08-04,23:09:21,1.044,132.6
2026-08-04,23:09:21,1.044,132.6
2026-08-04,23:09:21,1.044,132.6
2026-08-04,23:09:22,1.044,132.6
2026-08-04,23:09:22,1.044,132.6
2026-08-04,23:09:22,1.044,132.6
2026-08-04,23:09:22,1.044,132.6
2026-08-04,23:09:22,1.044,132.6
2026-08-04,23:09:22,1.044,132.6
2026-08-04,23:09:23,1.044,132.6
2026-08-04,23:09:23,1.044,132.6
2026-08-04,23:09:23,1.045,132.7
2026-08-04,23:09:23,1.045,132.7
2026-08-04,23:09:23,1.045,132.7
2026-08-04,23:09:23,1.045,132.7
2026-08-04,23:09:24,1.045,132.7
2026-08-04,23:09:24,1.045,132.7
2026-08-04,23:09:24,1.045,132.7
2026-08-04,23:09:24,1.045,132.7
2026-08-04,23:09:24,1.045,132.7
2026-08-04,23:09:24,1.045,132.7
2026-08-04,23:09:25,1.045,132.7
2026-08-04,23:09:25,1.045,132.7
2026-08-04,23:09:25,1.045,132.7
2026-08-04,23:09:25,1.045,132.7
2026-08-04,23:09:25,1.045,132.7
2026-08-04,23:09:25,1.045,132.7
2026-08-04,23:09:26,1.045,132.7
2026-08-04,23:09:26,1.045,132.7
2026-08-04,23:09:26,1.045,132.8
2026-08-04,23:09:26,1.045,132.8
2026-08-04,23:09:26,1.045,132.8
2026-08-04,23:09:26,1.045,132.8
2026-08-04,23:09:27,1.045,132.8
2026-08-04,23:09:27,1.046,132.8
2026-08-04,23:09:27,1.046,132.8
2026-08-04,23:09:27,1.046,132.8
2026-08-04,23:09:27,1.046,132.8
2026-08-04,23:09:27,1.046,132.8
2026-08-04,23:09:27,1.046,132.8
2026-08-04,23:09:28,1.046,132.8
2026-08-04,23:09:28,1.046,132.8
2026-08-04,23:09:28,1.046,132.8
2026-08-04,23:09:28,1.046,132.8
2026-08-04,23:09:28,1.046,132.8
2026-08-04,23:09:28,1.046,132.8
2026-08-04,23:09:29,1.046,132.8
2026-08-04,23:09:29,1.046,132.8
2026-08-04,23:09:29,1.046,132.9
2026-08-04,23:09:29,1.046,132.9
2026-08-04,23:09:29,1.046,132.9
2026-08-04,23:09:29,1.046,132.9
2026-08-04,23:09:30,1.046,132.9
2026-08-04,23:09:30,1.046,132.9
2026-08-04,23:09:30,1.046,132.9
2026-08-04,23:09:30,1.046,132.9
2026-08-04,23:09:30,1.046,132.9
2026-08-04,23:09:30,1.046,132.9
2026-08-04,23:09:31,1.046,132.9
2026-08-04,23:09:31,1.047,132.9
2026-08-04,23:09:31,1.047,132.9
2026-08-04,23:09:31,1.047,132.9
2026-08-04,23:09:31,1.047,132.9
2026-08-04,23:09:31,1.047,132.9
2026-08-04,23:09:32,1.047,132.9
2026-08-04,23:09:32,1.047,132.9
2026-08-04,23:09:32,1.047,133.0
2026-08-04,23:09:32,1.047,133.0
2026-08-04,23:09:32,1.047,133.0
2026-08-04,23:09:32,1.047,133.0
2026-08-04,23:09:33,1.047,133.0
2026-08-04,23:09:33,1.047,133.0
2026-08-04,23:09:33,1.047,133.0
2026-08-04,23:09:33,1.047,133.0
2026-08-04,23:09:33,1.047,133.0
2026-08-04,23:09:33,1.047,133.0
2026-08-04,23:09:34,1.047,133.0
2026-08-04,23:09:34,1.048,133.0
2026-08-04,23:09:34,1.048,133.0
2026-08-04,23:09:34,1.048,133.1
2026-08-04,23:09:34,1.048,133.1
2026-08-04,23:09:34,1.048,133.1
2026-08-04,23:09:35,1.048,133.1
2026-08-04,23:09:35,1.048,133.1
2026-08-04,23:09:35,1.048,133.1
2026-08-04,23:09:35,1.048,133.1
2026-08-04,23:09:35,1.048,133.1
2026-08-04,23:09:35,1.048,133.1
2026-08-04,23:09:36,1.048,133.1
2026-08-04,23:09:36,1.048,133.1
2026-08-04,23:09:36,1.048,133.2
2026-08-04,23:09:36,1.048,133.2
2026-08-04,23:09:36,1.049,133.2
2026-08-04,23:09:36,1.049,133.2
2026-08-04,23:09:37,1.049,133.2
2026-08-04,23:09:37,1.049,133.2
2026-08-04,23:09:37,1.049,133.2
2026-08-04,23:09:37,1.049,133.2
2026-08-04,23:09:37,1.049,133.2
2026-08-04,23:09:37,1.049,133.2
2026-08-04,23:09:38,1.049,133.2
2026-08-04,23:09:38,1.049,133.2
2026-08-04,23:09:38,1.049,133.2
2026-08-04,23:09:38,1.049,133.2
2026-08-04,23:09:38,1.049,133.2
2026-08-04,23:09:38,1.049,133.2
2026-08-04,23:09:39,1.049,133.3
2026-08-04,23:09:39,1.049,133.3
2026-08-04,23:09:39,1.049,133.3
2026-08-04,23:09:39,1.049,133.3
2026-08-04,23:09:39,1.049,133.3
2026-08-04,23:09:39,1.049,133.3
2026-08-04,23:09:40,1.050,133.3
2026-08-04,23:09:40,1.050,133.3
2026-08-04,23:09:40,1.050,133.3
2026-08-04,23:09:40,1.050,133.3
2026-08-04,23:09:40,1.050,133.3
2026-08-04,23:09:40,1.050,133.3
2026-08-04,23:09:41,1.050,133.3
2026-08-04,23:09:41,1.050,133.3
2026-08-04,23:09:41,1.050,133.3
2026-08-04,23:09:41,1.050,133.3
2026-08-04,23:09:41,1.050,133.4
2026-08-04,23:09:41,1.050,133.4
2026-08-04,23:09:42,1.050,133.4
2026-08-04,23:09:42,1.050,133.4
2026-08-04,23:09:42,1.050,133.4
2026-08-04,23:09:42,1.050,133.4
2026-08-04,23:09:42,1.050,133.4
2026-08-04,23:09:42,1.050,133.4
2026-08-04,23:09:43,1.050,133.4
2026-08-04,23:09:43,1.050,133.4
2026-08-04,23:09:43,1.050,133.4
2026-08-04,23:09:43,1.051,133.4
2026-08-04,23:09:43,1.051,133.4
2026-08-04,23:09:43,1.051,133.4
2026-08-04,23:09:43,1.051,133.4
2026-08-04,23:09:44,1.051,133.4
2026-08-04,23:09:44,1.051,133.4
2026-08-04,23:09:44,1.051,133.5
2026-08-04,23:09:44,1.051,133.5
2026-08-04,23:09:44,1.051,133.5
2026-08-04,23:09:44,1.051,133.5
2026-08-04,23:09:45,1.051,133.5
2026-08-04,23:09:45,1.051,133.5
2026-08-04,23:09:45,1.051,133.5
2026-08-04,23:09:45,1.051,133.5
2026-08-04,23:09:45,1.051,133.5
2026-08-04,23:09:45,1.051,133.5
2026-08-04,23:09:46,1.051,133.5
2026-08-04,23:09:46,1.051,133.5
2026-08-04,23:09:46,1.051,133.5
2026-08-04,23:09:46,1.052,133.5
2026-08-04,23:09:46,1.052,133.5
2026-08-04,23:09:46,1.052,133.6
2026-08-04,23:09:47,1.052,133.6
2026-08-04,23:09:47,1.052,133.6
2026-08-04,23:09:47,1.052,133.6
2026-08-04,23:09:47,1.052,133.6
2026-08-04,23:09:47,1.052,133.6
2026-08-04,23:09:47,1.052,133.6
2026-08-04,23:09:48,1.052,133.6
2026-08-04,23:09:48,1.052,133.6
2026-08-04,23:09:48,1.052,133.6
2026-08-04,23:09:48,1.052,133.6
2026-08-04,23:09:48,1.052,133.6
2026-08-04,23:09:48,1.052,133.6
2026-08-04,23:09:49,1.052,133.7
2026-08-04,23:09:49,1.052,133.7
2026-08-04,23:09:49,1.053,133.7
2026-08-04,23:09:49,1.053,133.7
2026-08-04,23:09:49,1.053,133.7
2026-08-04,23:09:49,1.053,133.7
2026-08-04,23:09:50,1.053,133.7
2026-08-04,23:09:50,1.053,133.7
2026-08-04,23:09:50,1.053,133.7
2026-08-04,23:09:50,1.053,133.7
2026-08-04,23:09:50,1.053,133.7
2026-08-04,23:09:50,1.053,133.7
2026-08-04,23:09:51,1.053,133.7
2026-08-04,23:09:51,1.053,133.8
2026-08-04,23:09:51,1.053,133.8
2026-08-04,23:09:51,1.053,133.8
2026-08-04,23:09:51,1.053,133.8
2026-08-04,23:09:51,1.053,133.8
2026-08-04,23:09:52,1.054,133.8
2026-08-04,23:09:52,1.054,133.8
2026-08-04,23:09:52,1.054,133.8
2026-08-04,23:09:52,1.054,133.8
2026-08-04,23:09:52,1.054,133.8
2026-08-04,23:09:52,1.054,133.8
2026-08-04,23:09:53,1.054,133.9
2026-08-04,23:09:53,1.054,133.9
2026-08-04,23:09:53,1.054,133.9
2026-08-04,23:09:53,1.054,133.9
2026-08-04,23:09:53,1.054,133.9
2026-08-04,23:09:53,1.054,133.9
2026-08-04,23:09:54,1.054,133.9
2026-08-04,23:09:54,1.054,133.9
2026-08-04,23:09:54,1.054,133.9
2026-08-04,23:09:54,1.054,133.9
2026-08-04,23:09:54,1.054,133.9
2026-08-04,23:09:54,1.054,133.9
2026-08-04,23:09:55,1.055,133.9
2026-08-04,23:09:55,1.055,133.9
2026-08-04,23:09:55,1.055,133.9
2026-08-04,23:09:55,1.055,134.0
2026-08-04,23:09:55,1.055,134.0
2026-08-04,23:09:55,1.055,134.0
2026-08-04,23:09:56,1.055,134.0
2026-08-04,23:09:56,1.055,134.0
2026-08-04,23:09:56,1.055,134.0
2026-08-04,23:09:56,1.055,134.0
2026-08-04,23:09:56,1.055,134.0
2026-08-04,23:09:56,1.055,134.0
2026-08-04,23:09:57,1.055,134.0
2026-08-04,23:09:57,1.055,134.0
2026-08-04,23:09:57,1.055,134.0
2026-08-04,23:09:57,1.055,134.0
2026-08-04,23:09:57,1.055,134.0
2026-08-04,23:09:57,1.055,134.0
2026-08-04,23:09:58,1.055,134.0
2026-08-04,23:09:58,1.055,134.0
2026-08-04,23:09:58,1.056,134.0
2026-08-04,23:09:58,1.056,134.1
2026-08-04,23:09:58,1.056,134.1
2026-08-04,23:09:58,1.056,134.1
2026-08-04,23:09:59,1.056,134.1
2026-08-04,23:09:59,1.056,134.1
2026-08-04,23:09:59,1.056,134.1
2026-08-04,23:09:59,1.056,134.1
2026-08-04,23:09:59,1.056,134.1
2026-08-04,23:09:59,1.056,134.1
2026-08-04,23:10:00,1.056,134.1
2026-08-04,23:10:00,1.056,134.1
2026-08-04,23:10:00,1.056,134.2
2026-08-04,23:10:00,1.056,134.2
2026-08-04,23:10:00,1.056,134.2
2026-08-04,23:10:00,1.057,134.2
2026-08-04,23:10:00,1.057,134.2
2026-08-04,23:10:01,1.057,134.2
2026-08-04,23:10:01,1.057,134.2
2026-08-04,23:10:01,1.057,134.2
2026-08-04,23:10:01,1.057,134.2
2026-08-04,23:10:01,1.057,134.2
2026-08-04,23:10:01,1.057,134.2
2026-08-04,23:10:02,1.057,134.2
2026-08-04,23:10:02,1.057,134.3
2026-08-04,23:10:02,1.057,134.3
2026-08-04,23:10:02,1.057,134.3
2026-08-04,23:10:02,1.057,134.3
2026-08-04,23:10:02,1.057,134.3
2026-08-04,23:10:03,1.057,134.3
2026-08-04,23:10:03,1.057,134.3
2026-08-04,23:10:03,1.057,134.3
2026-08-04,23:10:03,1.057,134.3
2026-08-04,23:10:03,1.057,134.3
2026-08-04,23:10:03,1.057,134.3
2026-08-04,23:10:04,1.057,134.3
2026-08-04,23:10:04,1.057,134.3
2026-08-04,23:10:04,1.058,134.3
2026-08-04,23:10:04,1.058,134.3
2026-08-04,23:10:04,1.058,134.3
2026-08-04,23:10:04,1.058,134.3
2026-08-04,23:10:05,1.058,134.3
2026-08-04,23:10:05,1.058,134.3
2026-08-04,23:10:05,1.058,134.3
2026-08-04,23:10:05,1.058,134.3
2026-08-04,23:10:05,1.058,134.3
2026-08-04,23:10:05,1.058,134.3
2026-08-04,23:10:06,1.058,134.4
2026-08-04,23:10:06,1.058,134.4
2026-08-04,23:10:06,1.058,134.4
2026-08-04,23:10:06,1.058,134.4
2026-08-04,23:10:06,1.058,134.4
2026-08-04,23:10:06,1.058,134.4
2026-08-04,23:10:07,1.058,134.4
2026-08-04,23:10:07,1.058,134.4
2026-08-04,23:10:07,1.058,134.4
2026-08-04,23:10:07,1.059,134.4
2026-08-04,23:10:07,1.059,134.4
2026-08-04,23:10:07,1.059,134.5
2026-08-04,23:10:08,1.059,134.5
2026-08-04,23:10:08,1.059,134.5
2026-08-04,23:10:08,1.059,134.5
2026-08-04,23:10:08,1.059,134.5
2026-08-04,23:10:08,1.059,134.5
2026-08-04,23:10:08,1.059,134.5
2026-08-04,23:10:09,1.059,134.5
2026-08-04,23:10:09,1.059,134.5
2026-08-04,23:10:09,1.059,134.5
2026-08-04,23:10:09,1.059,134.6
2026-08-04,23:10:09,1.060,134.6
2026-08-04,23:10:09,1.060,134.6
2026-08-04,23:10:10,1.060,134.6
2026-08-04,23:10:10,1.060,134.6
2026-08-04,23:10:10,1.060,134.6
2026-08-04,23:10:10,1.060,134.6
2026-08-04,23:10:10,1.060,134.6
2026-08-04,23:10:11,1.060,134.6
2026-08-04,23:10:11,1.060,134.6
2026-08-04,23:10:11,1.060,134.6
2026-08-04,23:10:11,1.060,134.6
2026-08-04,23:10:11,1.060,134.6
2026-08-04,23:10:11,1.060,134.6
2026-08-04,23:10:12,1.060,134.7
2026-08-04,23:10:12,1.060,134.7
2026-08-04,23:10:12,1.060,134.7
2026-08-04,23:10:12,1.060,134.7
2026-08-04,23:10:12,1.060,134.7
2026-08-04,23:10:12,1.060,134.7
2026-08-04,23:10:13,1.061,134.7
2026-08-04,23:10:13,1.061,134.7
2026-08-04,23:10:13,1.061,134.7
2026-08-04,23:10:13,1.061,134.7
2026-08-04,23:10:13,1.061,134.7
2026-08-04,23:10:13,1.061,134.7
2026-08-04,23:10:14,1.061,134.7
2026-08-04,23:10:14,1.061,134.7
2026-08-04,23:10:14,1.061,134.7
2026-08-04,23:10:14,1.061,134.7
2026-08-04,23:10:14,1.061,134.7
2026-08-04,23:10:14,1.061,134.7
2026-08-04,23:10:15,1.061,134.7
2026-08-04,23:10:15,1.061,134.7
2026-08-04,23:10:15,1.061,134.7
2026-08-04,23:10:15,1.061,134.8
2026-08-04,23:10:15,1.061,134.8
2026-08-04,23:10:15,1.061,134.8
2026-08-04,23:10:16,1.061,134.8
2026-08-04,23:10:16,1.061,134.8
2026-08-04,23:10:16,1.061,134.8
2026-08-04,23:10:16,1.061,134.8
2026-08-04,23:10:16,1.061,134.8
2026-08-04,23:10:16,1.061,134.8
2026-08-04,23:10:16,1.061,134.8
2026-08-04,23:10:17,1.062,134.8
2026-08-04,23:10:17,1.062,134.8
2026-08-04,23:10:17,1.062,134.8
2026-08-04,23:10:17,1.062,134.8
2026-08-04,23:10:17,1.062,134.8
2026-08-04,23:10:17,1.062,134.8
2026-08-04,23:10:18,1.062,134.9
2026-08-04,23:10:18,1.062,134.9
2026-08-04,23:10:18,1.062,134.9
2026-08-04,23:10:18,1.062,134.9
2026-08-04,23:10:18,1.062,134.9
2026-08-04,23:10:18,1.062,134.9
2026-08-04,23:10:19,1.062,134.9
2026-08-04,23:10:19,1.062,134.9
2026-08-04,23:10:19,1.062,134.9
2026-08-04,23:10:19,1.062,134.9
2026-08-04,23:10:19,1.062,134.9
2026-08-04,23:10:19,1.062,134.9
2026-08-04,23:10:20,1.063,134.9
2026-08-04,23:10:20,1.063,134.9
2026-08-04,23:10:20,1.063,135.0
2026-08-04,23:10:20,1.063,135.0
2026-08-04,23:10:20,1.063,135.0
2026-08-04,23:10:20,1.063,135.0
2026-08-04,23:10:21,1.063,135.0
2026-08-04,23:10:21,1.063,135.0
2026-08-04,23:10:21,1.063,135.0
2026-08-04,23:10:21,1.063,135.0
2026-08-04,23:10:21,1.063,135.0
2026-08-04,23:10:21,1.063,135.0
2026-08-04,23:10:22,1.063,135.0
2026-08-04,23:10:22,1.063,135.0
2026-08-04,23:10:22,1.063,135.0
2026-08-04,23:10:22,1.063,135.0
2026-08-04,23:10:22,1.063,135.1
2026-08-04,23:10:22,1.063,135.1
2026-08-04,23:10:23,1.064,135.1
2026-08-04,23:10:23,1.064,135.1
2026-08-04,23:10:23,1.064,135.1
2026-08-04,23:10:23,1.064,135.1
2026-08-04,23:10:23,1.064,135.1
2026-08-04,23:10:23,1.064,135.1
2026-08-04,23:10:24,1.064,135.1
2026-08-04,23:10:24,1.064,135.1
2026-08-04,23:10:24,1.064,135.1
2026-08-04,23:10:24,1.064,135.1
2026-08-04,23:10:24,1.064,135.1
2026-08-04,23:10:24,1.064,135.1
2026-08-04,23:10:25,1.064,135.2
2026-08-04,23:10:25,1.064,135.2
2026-08-04,23:10:25,1.064,135.2
2026-08-04,23:10:25,1.064,135.2
2026-08-04,23:10:25,1.065,135.2
2026-08-04,23:10:25,1.065,135.2
2026-08-04,23:10:26,1.065,135.2
2026-08-04,23:10:26,1.065,135.2
2026-08-04,23:10:26,1.065,135.2
2026-08-04,23:10:26,1.065,135.2
2026-08-04,23:10:26,1.065,135.2
2026-08-04,23:10:26,1.065,135.2
2026-08-04,23:10:27,1.065,135.2
2026-08-04,23:10:27,1.065,135.2
2026-08-04,23:10:27,1.065,135.3
2026-08-04,23:10:27,1.065,135.3
2026-08-04,23:10:27,1.065,135.3
2026-08-04,23:10:27,1.065,135.3
2026-08-04,23:10:28,1.065,135.3
2026-08-04,23:10:28,1.065,135.3
2026-08-04,23:10:28,1.065,135.3
2026-08-04,23:10:28,1.065,135.3
2026-08-04,23:10:28,1.065,135.3
2026-08-04,23:10:28,1.065,135.3
2026-08-04,23:10:29,1.065,135.3
2026-08-04,23:10:29,1.065,135.3
2026-08-04,23:10:29,1.065,135.3
2026-08-04,23:10:29,1.066,135.3
2026-08-04,23:10:29,1.066,135.3
2026-08-04,23:10:29,1.066,135.3
2026-08-04,23:10:30,1.066,135.3
2026-08-04,23:10:30,1.066,135.3
2026-08-04,23:10:30,1.066,135.4
2026-08-04,23:10:30,1.066,135.4
2026-08-04,23:10:30,1.066,135.4
2026-08-04,23:10:30,1.066,135.4
2026-08-04,23:10:31,1.066,135.4
2026-08-04,23:10:31,1.066,135.4
2026-08-04,23:10:31,1.066,135.4
2026-08-04,23:10:31,1.066,135.4
2026-08-04,23:10:31,1.066,135.4
2026-08-04,23:10:31,1.066,135.4
2026-08-04,23:10:32,1.066,135.4
2026-08-04,23:10:32,1.067,135.5
2026-08-04,23:10:32,1.067,135.5
2026-08-04,23:10:32,1.067,135.5
2026-08-04,23:10:32,1.067,135.5
2026-08-04,23:10:32,1.067,135.5
2026-08-04,23:10:33,1.067,135.5
2026-08-04,23:10:33,1.067,135.5
2026-08-04,23:10:33,1.067,135.5
2026-08-04,23:10:33,1.067,135.5
2026-08-04,23:10:33,1.067,135.5
2026-08-04,23:10:33,1.067,135.6
2026-08-04,23:10:33,1.067,135.6
2026-08-04,23:10:34,1.067,135.6
2026-08-04,23:10:34,1.068,135.6
2026-08-04,23:10:34,1.068,135.6
2026-08-04,23:10:34,1.068,135.6
2026-08-04,23:10:34,1.068,135.6
2026-08-04,23:10:34,1.068,135.6
2026-08-04,23:10:35,1.068,135.6
2026-08-04,23:10:35,1.068,135.6
2026-08-04,23:10:35,1.068,135.6
2026-08-04,23:10:35,1.068,135.6
2026-08-04,23:10:35,1.068,135.6
2026-08-04,23:10:35,1.068,135.6
2026-08-04,23:10:36,1.068,135.6
2026-08-04,23:10:36,1.068,135.6
2026-08-04,23:10:36,1.068,135.6
2026-08-04,23:10:36,1.068,135.7
2026-08-04,23:10:36,1.068,135.7
2026-08-04,23:10:36,1.068,135.7
2026-08-04,23:10:37,1.068,135.7
2026-08-04,23:10:37,1.068,135.7
2026-08-04,23:10:37,1.068,135.7
2026-08-04,23:10:37,1.068,135.7
2026-08-04,23:10:37,1.068,135.7
2026-08-04,23:10:37,1.068,135.7
2026-08-04,23:10:38,1.068,135.7
2026-08-04,23:10:38,1.069,135.7
2026-08-04,23:10:38,1.069,135.7
2026-08-04,23:10:38,1.069,135.7
2026-08-04,23:10:38,1.069,135.7
2026-08-04,23:10:38,1.069,135.7
2026-08-04,23:10:39,1.069,135.7
2026-08-04,23:10:39,1.069,135.7
2026-08-04,23:10:39,1.069,135.7
2026-08-04,23:10:39,1.069,135.7
2026-08-04,23:10:39,1.069,135.7
2026-08-04,23:10:39,1.069,135.8
2026-08-04,23:10:40,1.069,135.8
2026-08-04,23:10:40,1.069,135.8
2026-08-04,23:10:40,1.069,135.8
2026-08-04,23:10:40,1.069,135.8
2026-08-04,23:10:40,1.069,135.8
2026-08-04,23:10:40,1.069,135.8
2026-08-04,23:10:41,1.069,135.8
2026-08-04,23:10:41,1.069,135.8
2026-08-04,23:10:41,1.069,135.8
2026-08-04,23:10:41,1.069,135.8
2026-08-04,23:10:41,1.069,135.8
2026-08-04,23:10:41,1.069,135.8
2026-08-04,23:10:42,1.069,135.8
2026-08-04,23:10:42,1.069,135.8
2026-08-04,23:10:42,1.070,135.8
2026-08-04,23:10:42,1.070,135.8
2026-08-04,23:10:42,1.070,135.8
2026-08-04,23:10:42,1.070,135.9
2026-08-04,23:10:43,1.070,135.9
2026-08-04,23:10:43,1.070,135.9
2026-08-04,23:10:43,1.070,135.9
2026-08-04,23:10:43,1.070,135.9
2026-08-04,23:10:43,1.070,135.9
2026-08-04,23:10:43,1.070,135.9
2026-08-04,23:10:44,1.070,135.9
2026-08-04,23:10:44,1.070,135.9
2026-08-04,23:10:44,1.070,135.9
2026-08-04,23:10:44,1.070,135.9
2026-08-04,23:10:44,1.070,135.9
2026-08-04,23:10:44,1.070,135.9
2026-08-04,23:10:45,1.070,135.9
2026-08-04,23:10:45,1.070,135.9
2026-08-04,23:10:45,1.070,135.9
2026-08-04,23:10:45,1.070,135.9
2026-08-04,23:10:45,1.070,135.9
2026-08-04,23:10:45,1.070,135.9
2026-08-04,23:10:46,1.070,135.9
2026-08-04,23:10:46,1.070,135.9
2026-08-04,23:10:46,1.070,135.9
2026-08-04,23:10:46,1.070,135.9
2026-08-04,23:10:46,1.070,135.9
2026-08-04,23:10:46,1.070,135.9
2026-08-04,23:10:47,1.070,136.0
2026-08-04,23:10:47,1.071,136.0
2026-08-04,23:10:47,1.071,136.0
2026-08-04,23:10:47,1.071,136.0
2026-08-04,23:10:47,1.071,136.0
2026-08-04,23:10:47,1.071,136.0
2026-08-04,23:10:48,1.071,136.0
2026-08-04,23:10:48,1.071,136.0
2026-08-04,23:10:48,1.071,136.0
2026-08-04,23:10:48,1.071,136.0
2026-08-04,23:10:48,1.071,136.0
2026-08-04,23:10:48,1.071,136.0
2026-08-04,23:10:49,1.071,136.0
2026-08-04,23:10:49,1.071,136.0
2026-08-04,23:10:49,1.071,136.0
2026-08-04,23:10:49,1.071,136.0
2026-08-04,23:10:49,1.071,136.0
2026-08-04,23:10:49,1.071,136.0
2026-08-04,23:10:49,1.071,136.0
2026-08-04,23:10:50,1.071,136.1
2026-08-04,23:10:50,1.071,136.1
2026-08-04,23:10:50,1.071,136.1
2026-08-04,23:10:50,1.071,136.1
2026-08-04,23:10:50,1.072,136.1
2026-08-04,23:10:50,1.072,136.1
2026-08-04,23:10:51,1.072,136.1
2026-08-04,23:10:51,1.072,136.1
2026-08-04,23:10:51,1.072,136.1
2026-08-04,23:10:51,1.072,136.1
2026-08-04,23:10:51,1.072,136.1
2026-08-04,23:10:51,1.072,136.2
2026-08-04,23:10:52,1.072,136.2
2026-08-04,23:10:52,1.072,136.2
2026-08-04,23:10:52,1.072,136.2
2026-08-04,23:10:52,1.072,136.2
2026-08-04,23:10:52,1.072,136.2
2026-08-04,23:10:52,1.072,136.2
2026-08-04,23:10:53,1.072,136.2
2026-08-04,23:10:53,1.073,136.2
2026-08-04,23:10:53,1.073,136.2
2026-08-04,23:10:53,1.073,136.2
2026-08-04,23:10:53,1.073,136.2
2026-08-04,23:10:53,1.073,136.2
2026-08-04,23:10:54,1.073,136.2
2026-08-04,23:10:54,1.073,136.2
2026-08-04,23:10:54,1.073,136.2
2026-08-04,23:10:54,1.073,136.3
2026-08-04,23:10:54,1.073,136.3
2026-08-04,23:10:54,1.073,136.3
2026-08-04,23:10:55,1.073,136.3
2026-08-04,23:10:55,1.073,136.3
2026-08-04,23:10:55,1.073,136.3
2026-08-04,23:10:55,1.073,136.3
2026-08-04,23:10:55,1.073,136.3
2026-08-04,23:10:55,1.073,136.3
2026-08-04,23:10:56,1.073,136.3
2026-08-04,23:10:56,1.073,136.3
2026-08-04,23:10:56,1.073,136.3
2026-08-04,23:10:56,1.073,136.3
2026-08-04,23:10:56,1.073,136.3
2026-08-04,23:10:56,1.073,136.3
2026-08-04,23:10:57,1.073,136.3
2026-08-04,23:10:57,1.073,136.3
2026-08-04,23:10:57,1.073,136.3
2026-08-04,23:10:57,1.073,136.3
2026-08-04,23:10:57,1.073,136.3
2026-08-04,23:10:57,1.073,136.3
2026-08-04,23:10:58,1.074,136.3
2026-08-04,23:10:58,1.074,136.3
2026-08-04,23:10:58,1.074,136.4
2026-08-04,23:10:58,1.074,136.4
2026-08-04,23:10:58,1.074,136.4
2026-08-04,23:10:58,1.074,136.4
2026-08-04,23:10:59,1.074,136.4
2026-08-04,23:10:59,1.074,136.4
2026-08-04,23:10:59,1.074,136.4
2026-08-04,23:10:59,1.074,136.4
2026-08-04,23:10:59,1.074,136.4
2026-08-04,23:10:59,1.074,136.4
2026-08-04,23:11:00,1.074,136.4
2026-08-04,23:11:00,1.074,136.4
2026-08-04,23:11:00,1.074,136.4
2026-08-04,23:11:00,1.074,136.4
2026-08-04,23:11:00,1.074,136.5
2026-08-04,23:11:00,1.074,136.5
2026-08-04,23:11:01,1.074,136.5
2026-08-04,23:11:01,1.075,136.5
2026-08-04,23:11:01,1.075,136.5
2026-08-04,23:11:01,1.075,136.5
2026-08-04,23:11:01,1.075,136.5
2026-08-04,23:11:01,1.075,136.5
2026-08-04,23:11:02,1.075,136.5
2026-08-04,23:11:02,1.075,136.5
2026-08-04,23:11:02,1.075,136.5
2026-08-04,23:11:02,1.075,136.5
2026-08-04,23:11:02,1.075,136.5
2026-08-04,23:11:02,1.075,136.5
2026-08-04,23:11:03,1.075,136.5
2026-08-04,23:11:03,1.075,136.5
2026-08-04,23:11:03,1.075,136.6
2026-08-04,23:11:03,1.075,136.6
2026-08-04,23:11:03,1.075,136.6
2026-08-04,23:11:03,1.075,136.6
2026-08-04,23:11:04,1.076,136.6
2026-08-04,23:11:04,1.076,136.6
2026-08-04,23:11:04,1.076,136.6
2026-08-04,23:11:04,1.076,136.6
2026-08-04,23:11:04,1.076,136.6
2026-08-04,23:11:04,1.076,136.6
2026-08-04,23:11:05,1.076,136.6
2026-08-04,23:11:05,1.076,136.6
2026-08-04,23:11:05,1.076,136.6
2026-08-04,23:11:05,1.076,136.6
2026-08-04,23:11:05,1.076,136.6
2026-08-04,23:11:05,1.076,136.6
2026-08-04,23:11:06,1.076,136.6
2026-08-04,23:11:06,1.076,136.6
2026-08-04,23:11:06,1.076,136.6
2026-08-04,23:11:06,1.076,136.7
2026-08-04,23:11:06,1.076,136.7
2026-08-04,23:11:06,1.076,136.7
2026-08-04,23:11:06,1.076,136.7
2026-08-04,23:11:07,1.076,136.7
2026-08-04,23:11:07,1.076,136.7
2026-08-04,23:11:07,1.076,136.7
2026-08-04,23:11:07,1.076,136.7
2026-08-04,23:11:07,1.076,136.7
2026-08-04,23:11:07,1.076,136.7
2026-08-04,23:11:08,1.076,136.7
2026-08-04,23:11:08,1.076,136.7
2026-08-04,23:11:08,1.076,136.7
2026-08-04,23:11:08,1.076,136.7
2026-08-04,23:11:08,1.077,136.7
2026-08-04,23:11:08,1.077,136.7
2026-08-04,23:11:09,1.077,136.7
2026-08-04,23:11:09,1.077,136.7
2026-08-04,23:11:09,1.077,136.8
2026-08-04,23:11:09,1.077,136.8
2026-08-04,23:11:09,1.077,136.8
2026-08-04,23:11:09,1.077,136.8
2026-08-04,23:11:10,1.077,136.8
2026-08-04,23:11:10,1.077,136.8
2026-08-04,23:11:10,1.077,136.8
2026-08-04,23:11:10,1.077,136.8
2026-08-04,23:11:10,1.077,136.8
2026-08-04,23:11:10,1.077,136.8
2026-08-04,23:11:11,1.077,136.8
2026-08-04,23:11:11,1.077,136.8
2026-08-04,23:11:11,1.077,136.8
2026-08-04,23:11:11,1.077,136.8
2026-08-04,23:11:11,1.077,136.8
2026-08-04,23:11:11,1.077,136.8
2026-08-04,23:11:12,1.078,136.8
2026-08-04,23:11:12,1.078,136.9
2026-08-04,23:11:12,1.078,136.9
2026-08-04,23:11:12,1.078,136.9
2026-08-04,23:11:12,1.078,136.9
2026-08-04,23:11:12,1.078,136.9
2026-08-04,23:11:13,1.078,136.9
2026-08-04,23:11:13,1.078,136.9
2026-08-04,23:11:13,1.078,136.9
2026-08-04,23:11:13,1.078,136.9
2026-08-04,23:11:13,1.078,136.9
2026-08-04,23:11:13,1.078,136.9
2026-08-04,23:11:14,1.078,136.9
2026-08-04,23:11:14,1.078,136.9
2026-08-04,23:11:14,1.078,136.9
2026-08-04,23:11:14,1.078,136.9
2026-08-04,23:11:14,1.078,136.9
2026-08-04,23:11:14,1.078,136.9
2026-08-04,23:11:15,1.078,136.9
2026-08-04,23:11:15,1.078,136.9
2026-08-04,23:11:15,1.078,136.9
2026-08-04,23:11:15,1.078,136.9
2026-08-04,23:11:15,1.078,136.9
2026-08-04,23:11:15,1.078,136.9
2026-08-04,23:11:16,1.078,137.0
2026-08-04,23:11:16,1.078,137.0
2026-08-04,23:11:16,1.078,137.0
2026-08-04,23:11:16,1.078,137.0
2026-08-04,23:11:16,1.079,137.0
2026-08-04,23:11:16,1.079,137.0
2026-08-04,23:11:17,1.079,137.0
2026-08-04,23:11:17,1.079,137.0
2026-08-04,23:11:17,1.079,137.0
2026-08-04,23:11:17,1.079,137.0
2026-08-04,23:11:17,1.079,137.0
2026-08-04,23:11:17,1.079,137.0
2026-08-04,23:11:18,1.079,137.0
2026-08-04,23:11:18,1.079,137.0
2026-08-04,23:11:18,1.079,137.0
2026-08-04,23:11:18,1.079,137.0
2026-08-04,23:11:18,1.079,137.0
2026-08-04,23:11:18,1.079,137.0
2026-08-04,23:11:19,1.079,137.0
2026-08-04,23:11:19,1.079,137.0
2026-08-04,23:11:19,1.079,137.1
2026-08-04,23:11:19,1.079,137.1
2026-08-04,23:11:19,1.079,137.1
2026-08-04,23:11:19,1.079,137.1
2026-08-04,23:11:20,1.079,137.1
2026-08-04,23:11:20,1.079,137.1
2026-08-04,23:11:20,1.079,137.1
2026-08-04,23:11:20,1.079,137.1
2026-08-04,23:11:20,1.079,137.1
2026-08-04,23:11:20,1.080,137.1
2026-08-04,23:11:21,1.080,137.1
2026-08-04,23:11:21,1.080,137.1
2026-08-04,23:11:21,1.080,137.1
2026-08-04,23:11:21,1.080,137.1
2026-08-04,23:11:21,1.080,137.1
2026-08-04,23:11:21,1.080,137.1
2026-08-04,23:11:22,1.080,137.2
2026-08-04,23:11:22,1.080,137.2
2026-08-04,23:11:22,1.080,137.2
2026-08-04,23:11:22,1.080,137.2
2026-08-04,23:11:22,1.080,137.2
2026-08-04,23:11:22,1.080,137.2
2026-08-04,23:11:23,1.080,137.2
2026-08-04,23:11:23,1.080,137.2
2026-08-04,23:11:23,1.080,137.2
2026-08-04,23:11:23,1.081,137.2
2026-08-04,23:11:23,1.081,137.2
2026-08-04,23:11:23,1.081,137.2
2026-08-04,23:11:23,1.081,137.3
2026-08-04,23:11:24,1.081,137.3
2026-08-04,23:11:24,1.081,137.3
2026-08-04,23:11:24,1.081,137.3
2026-08-04,23:11:24,1.081,137.3
2026-08-04,23:11:24,1.081,137.3
2026-08-04,23:11:24,1.081,137.3
2026-08-04,23:11:25,1.081,137.3
2026-08-04,23:11:25,1.081,137.3
2026-08-04,23:11:25,1.081,137.3
2026-08-04,23:11:25,1.081,137.3
2026-08-04,23:11:25,1.081,137.3
2026-08-04,23:11:25,1.081,137.3
2026-08-04,23:11:26,1.081,137.3
2026-08-04,23:11:26,1.081,137.4
2026-08-04,23:11:26,1.082,137.4
2026-08-04,23:11:26,1.082,137.4
2026-08-04,23:11:26,1.082,137.4
2026-08-04,23:11:26,1.082,137.4
2026-08-04,23:11:27,1.082,137.4
2026-08-04,23:11:27,1.082,137.4
2026-08-04,23:11:27,1.082,137.4
2026-08-04,23:11:27,1.082,137.4
2026-08-04,23:11:27,1.082,137.4
2026-08-04,23:11:27,1.082,137.4
2026-08-04,23:11:28,1.082,137.4
2026-08-04,23:11:28,1.082,137.4
2026-08-04,23:11:28,1.082,137.4
2026-08-04,23:11:28,1.082,137.4
2026-08-04,23:11:28,1.082,137.4
2026-08-04,23:11:28,1.082,137.4
2026-08-04,23:11:29,1.082,137.4
2026-08-04,23:11:29,1.082,137.4
2026-08-04,23:11:29,1.082,137.4
2026-08-04,23:11:29,1.082,137.4
2026-08-04,23:11:29,1.082,137.4
2026-08-04,23:11:29,1.082,137.4
2026-08-04,23:11:30,1.082,137.4
2026-08-04,23:11:30,1.082,137.5
2026-08-04,23:11:30,1.082,137.5
2026-08-04,23:11:30,1.082,137.5
2026-08-04,23:11:30,1.082,137.5
2026-08-04,23:11:30,1.082,137.5
2026-08-04,23:11:31,1.082,137.5
2026-08-04,23:11:31,1.082,137.5
2026-08-04,23:11:31,1.082,137.5
2026-08-04,23:11:31,1.083,137.5
2026-08-04,23:11:31,1.083,137.5
2026-08-04,23:11:31,1.083,137.5
2026-08-04,23:11:32,1.083,137.5
2026-08-04,23:11:32,1.083,137.5
2026-08-04,23:11:32,1.083,137.5
2026-08-04,23:11:32,1.083,137.5
2026-08-04,23:11:32,1.083,137.5
2026-08-04,23:11:32,1.083,137.5
2026-08-04,23:11:33,1.083,137.5
2026-08-04,23:11:33,1.083,137.5
2026-08-04,23:11:33,1.083,137.5
2026-08-04,23:11:33,1.083,137.5
2026-08-04,23:11:33,1.083,137.5
2026-08-04,23:11:33,1.083,137.5
2026-08-04,23:11:34,1.083,137.5
2026-08-04,23:11:34,1.083,137.6
2026-08-04,23:11:34,1.083,137.6
2026-08-04,23:11:34,1.083,137.6
2026-08-04,23:11:34,1.083,137.6
2026-08-04,23:11:34,1.083,137.6
2026-08-04,23:11:35,1.083,137.6
2026-08-04,23:11:35,1.083,137.6
2026-08-04,23:11:35,1.083,137.6
2026-08-04,23:11:35,1.083,137.6
2026-08-04,23:11:35,1.083,137.6
2026-08-04,23:11:35,1.084,137.6
2026-08-04,23:11:36,1.084,137.6
2026-08-04,23:11:36,1.084,137.6
2026-08-04,23:11:36,1.084,137.6
2026-08-04,23:11:36,1.084,137.6
2026-08-04,23:11:36,1.084,137.6
2026-08-04,23:11:36,1.084,137.6
2026-08-04,23:11:37,1.084,137.6
2026-08-04,23:11:37,1.084,137.6
2026-08-04,23:11:37,1.084,137.6
2026-08-04,23:11:37,1.084,137.6
2026-08-04,23:11:37,1.084,137.6
2026-08-04,23:11:37,1.084,137.7
2026-08-04,23:11:38,1.084,137.7
2026-08-04,23:11:38,1.084,137.7
2026-08-04,23:11:38,1.084,137.7
2026-08-04,23:11:38,1.084,137.7
2026-08-04,23:11:38,1.084,137.7
2026-08-04,23:11:38,1.084,137.7
2026-08-04,23:11:39,1.084,137.7
2026-08-04,23:11:39,1.084,137.7
2026-08-04,23:11:39,1.084,137.7
2026-08-04,23:11:39,1.084,137.7
2026-08-04,23:11:39,1.084,137.7
2026-08-04,23:11:39,1.085,137.7
2026-08-04,23:11:39,1.085,137.7
2026-08-04,23:11:40,1.085,137.7
2026-08-04,23:11:40,1.085,137.8
2026-08-04,23:11:40,1.085,137.8
2026-08-04,23:11:40,1.085,137.8
2026-08-04,23:11:40,1.085,137.8
2026-08-04,23:11:40,1.085,137.8
2026-08-04,23:11:41,1.085,137.8
2026-08-04,23:11:41,1.085,137.8
2026-08-04,23:11:41,1.085,137.8
2026-08-04,23:11:41,1.085,137.8
2026-08-04,23:11:41,1.085,137.8
2026-08-04,23:11:41,1.085,137.8
2026-08-04,23:11:42,1.085,137.8
2026-08-04,23:11:42,1.085,137.8
2026-08-04,23:11:42,1.085,137.8
2026-08-04,23:11:42,1.085,137.9
2026-08-04,23:11:42,1.086,137.9
2026-08-04,23:11:42,1.086,137.9
2026-08-04,23:11:43,1.086,137.9
2026-08-04,23:11:43,1.086,137.9
2026-08-04,23:11:43,1.086,137.9
2026-08-04,23:11:43,1.086,137.9
2026-08-04,23:11:43,1.086,137.9
2026-08-04,23:11:43,1.086,137.9
2026-08-04,23:11:44,1.086,137.9
2026-08-04,23:11:44,1.086,137.9
2026-08-04,23:11:44,1.086,137.9
2026-08-04,23:11:44,1.086,137.9
2026-08-04,23:11:44,1.086,137.9
2026-08-04,23:11:44,1.086,137.9
2026-08-04,23:11:45,1.086,137.9
2026-08-04,23:11:45,1.086,137.9
2026-08-04,23:11:45,1.086,138.0
2026-08-04,23:11:45,1.086,138.0
2026-08-04,23:11:45,1.086,138.0
2026-08-04,23:11:45,1.086,138.0
2026-08-04,23:11:46,1.086,138.0
2026-08-04,23:11:46,1.086,138.0
2026-08-04,23:11:46,1.086,138.0
2026-08-04,23:11:46,1.087,138.0
2026-08-04,23:11:46,1.087,138.0
2026-08-04,23:11:46,1.087,138.0
2026-08-04,23:11:47,1.087,138.0
2026-08-04,23:11:47,1.087,138.0
2026-08-04,23:11:47,1.087,138.0
2026-08-04,23:11:47,1.087,138.0
2026-08-04,23:11:47,1.087,138.0
2026-08-04,23:11:47,1.087,138.0
2026-08-04,23:11:48,1.087,138.0
2026-08-04,23:11:48,1.087,138.0
2026-08-04,23:11:48,1.087,138.0
2026-08-04,23:11:48,1.087,138.0
2026-08-04,23:11:48,1.087,138.0
2026-08-04,23:11:48,1.087,138.1
2026-08-04,23:11:49,1.087,138.1
2026-08-04,23:11:49,1.087,138.1
2026-08-04,23:11:49,1.087,138.1
2026-08-04,23:11:49,1.087,138.1
2026-08-04,23:11:49,1.087,138.1
2026-08-04,23:11:49,1.087,138.1
2026-08-04,23:11:50,1.087,138.1
2026-08-04,23:11:50,1.087,138.1
2026-08-04,23:11:50,1.087,138.1
2026-08-04,23:11:50,1.088,138.1
2026-08-04,23:11:50,1.088,138.1
2026-08-04,23:11:50,1.088,138.1
2026-08-04,23:11:51,1.088,138.1
2026-08-04,23:11:51,1.088,138.1
2026-08-04,23:11:51,1.088,138.1
2026-08-04,23:11:51,1.088,138.2
2026-08-04,23:11:51,1.088,138.2
2026-08-04,23:11:51,1.088,138.2
2026-08-04,23:11:52,1.088,138.2
2026-08-04,23:11:52,1.088,138.2
2026-08-04,23:11:52,1.088,138.2
2026-08-04,23:11:52,1.088,138.2
2026-08-04,23:11:52,1.088,138.2
2026-08-04,23:11:52,1.088,138.2
2026-08-04,23:11:53,1.088,138.2
2026-08-04,23:11:53,1.088,138.2
2026-08-04,23:11:53,1.088,138.2
2026-08-04,23:11:53,1.088,138.2
2026-08-04,23:11:53,1.088,138.2
2026-08-04,23:11:53,1.089,138.2
2026-08-04,23:11:54,1.089,138.2
2026-08-04,23:11:54,1.089,138.3
2026-08-04,23:11:54,1.089,138.3
2026-08-04,23:11:54,1.089,138.3
2026-08-04,23:11:54,1.089,138.3
2026-08-04,23:11:54,1.089,138.3
2026-08-04,23:11:55,1.089,138.3
2026-08-04,23:11:55,1.089,138.3
2026-08-04,23:11:55,1.089,138.3
2026-08-04,23:11:55,1.089,138.3
2026-08-04,23:11:55,1.089,138.3
2026-08-04,23:11:55,1.089,138.3
2026-08-04,23:11:56,1.089,138.3
2026-08-04,23:11:56,1.089,138.3
2026-08-04,23:11:56,1.089,138.3
2026-08-04,23:11:56,1.089,138.3
2026-08-04,23:11:56,1.089,138.3
2026-08-04,23:11:56,1.089,138.3
2026-08-04,23:11:56,1.089,138.4
2026-08-04,23:11:57,1.089,138.4
2026-08-04,23:11:57,1.089,138.4
2026-08-04,23:11:57,1.089,138.4
2026-08-04,23:11:57,1.090,138.4
2026-08-04,23:11:57,1.090,138.4
2026-08-04,23:11:57,1.090,138.4
2026-08-04,23:11:58,1.090,138.4
2026-08-04,23:11:58,1.090,138.4
2026-08-04,23:11:58,1.090,138.4
2026-08-04,23:11:58,1.090,138.4
2026-08-04,23:11:58,1.090,138.4
2026-08-04,23:11:58,1.090,138.4
2026-08-04,23:11:59,1.090,138.4
2026-08-04,23:11:59,1.090,138.4
2026-08-04,23:11:59,1.090,138.4
2026-08-04,23:11:59,1.090,138.4
2026-08-04,23:11:59,1.090,138.4
2026-08-04,23:11:59,1.090,138.4
2026-08-04,23:12:00,1.090,138.4
2026-08-04,23:12:00,1.090,138.4
2026-08-04,23:12:00,1.090,138.4
2026-08-04,23:12:00,1.090,138.4
2026-08-04,23:12:00,1.090,138.4
2026-08-04,23:12:00,1.090,138.4
2026-08-04,23:12:01,1.090,138.5
2026-08-04,23:12:01,1.090,138.5
2026-08-04,23:12:01,1.090,138.5
2026-08-04,23:12:01,1.090,138.5
2026-08-04,23:12:01,1.090,138.5
2026-08-04,23:12:01,1.090,138.5
2026-08-04,23:12:02,1.090,138.5
2026-08-04,23:12:02,1.090,138.5
2026-08-04,23:12:02,1.090,138.5
2026-08-04,23:12:02,1.090,138.5
2026-08-04,23:12:02,1.091,138.5
2026-08-04,23:12:02,1.091,138.5
2026-08-04,23:12:03,1.091,138.5
2026-08-04,23:12:03,1.091,138.5
2026-08-04,23:12:03,1.091,138.5
2026-08-04,23:12:03,1.091,138.5
2026-08-04,23:12:03,1.091,138.5
2026-08-04,23:12:03,1.091,138.5
2026-08-04,23:12:04,1.091,138.5
2026-08-04,23:12:04,1.091,138.5
2026-08-04,23:12:04,1.091,138.5
2026-08-04,23:12:04,1.091,138.5
2026-08-04,23:12:04,1.091,138.5
2026-08-04,23:12:04,1.091,138.5
2026-08-04,23:12:05,1.091,138.5
2026-08-04,23:12:05,1.091,138.6
2026-08-04,23:12:05,1.091,138.6
2026-08-04,23:12:05,1.091,138.6
2026-08-04,23:12:05,1.091,138.6
2026-08-04,23:12:05,1.091,138.6
2026-08-04,23:12:06,1.091,138.6
2026-08-04,23:12:06,1.091,138.6
2026-08-04,23:12:06,1.091,138.6
2026-08-04,23:12:06,1.091,138.6
2026-08-04,23:12:06,1.091,138.6
2026-08-04,23:12:06,1.091,138.6
2026-08-04,23:12:07,1.092,138.6
2026-08-04,23:12:07,1.092,138.6
2026-08-04,23:12:07,1.092,138.6
2026-08-04,23:12:07,1.092,138.6
2026-08-04,23:12:07,1.092,138.7
2026-08-04,23:12:07,1.092,138.7
2026-08-04,23:12:08,1.092,138.7
2026-08-04,23:12:08,1.092,138.7
2026-08-04,23:12:08,1.092,138.7
2026-08-04,23:12:08,1.092,138.7
2026-08-04,23:12:08,1.092,138.7
2026-08-04,23:12:08,1.092,138.7
2026-08-04,23:12:09,1.092,138.7
2026-08-04,23:12:09,1.092,138.7
2026-08-04,23:12:09,1.092,138.7
2026-08-04,23:12:09,1.092,138.7
2026-08-04,23:12:09,1.092,138.7
2026-08-04,23:12:09,1.092,138.7
2026-08-04,23:12:10,1.092,138.7
2026-08-04,23:12:10,1.092,138.7
2026-08-04,23:12:10,1.093,138.7
2026-08-04,23:12:10,1.093,138.8
2026-08-04,23:12:10,1.093,138.8
2026-08-04,23:12:10,1.093,138.8
2026-08-04,23:12:11,1.093,138.8
2026-08-04,23:12:11,1.093,138.8
2026-08-04,23:12:11,1.093,138.8
2026-08-04,23:12:11,1.093,138.8
2026-08-04,23:12:11,1.093,138.8
2026-08-04,23:12:11,1.093,138.8
2026-08-04,23:12:12,1.093,138.8
2026-08-04,23:12:12,1.093,138.8
2026-08-04,23:12:12,1.093,138.8
2026-08-04,23:12:12,1.093,138.8
2026-08-04,23:12:12,1.093,138.8
2026-08-04,23:12:12,1.093,138.8
2026-08-04,23:12:12,1.093,138.8
2026-08-04,23:12:13,1.093,138.8
2026-08-04,23:12:13,1.093,138.9
2026-08-04,23:12:13,1.093,138.9
2026-08-04,23:12:13,1.093,138.9
2026-08-04,23:12:13,1.093,138.9
2026-08-04,23:12:13,1.094,138.9
2026-08-04,23:12:14,1.094,138.9
2026-08-04,23:12:14,1.094,138.9
2026-08-04,23:12:14,1.094,138.9
2026-08-04,23:12:14,1.094,138.9
2026-08-04,23:12:14,1.094,138.9
2026-08-04,23:12:14,1.094,138.9
2026-08-04,23:12:15,1.094,138.9
2026-08-04,23:12:15,1.094,138.9
2026-08-04,23:12:15,1.094,138.9
2026-08-04,23:12:15,1.094,138.9
2026-08-04,23:12:15,1.094,138.9
2026-08-04,23:12:15,1.094,138.9
2026-08-04,23:12:16,1.094,138.9
2026-08-04,23:12:16,1.094,139.0
2026-08-04,23:12:16,1.094,139.0
2026-08-04,23:12:16,1.094,139.0
2026-08-04,23:12:16,1.094,139.0
2026-08-04,23:12:16,1.094,139.0
2026-08-04,23:12:17,1.094,139.0
2026-08-04,23:12:17,1.094,139.0
2026-08-04,23:12:17,1.094,139.0
2026-08-04,23:12:17,1.094,139.0
2026-08-04,23:12:17,1.095,139.0
2026-08-04,23:12:17,1.095,139.0
2026-08-04,23:12:18,1.095,139.0
2026-08-04,23:12:18,1.095,139.0
2026-08-04,23:12:18,1.095,139.0
2026-08-04,23:12:18,1.095,139.0
2026-08-04,23:12:18,1.095,139.0
2026-08-04,23:12:18,1.095,139.0
2026-08-04,23:12:19,1.095,139.0
2026-08-04,23:12:19,1.095,139.1
2026-08-04,23:12:19,1.095,139.1
2026-08-04,23:12:19,1.095,139.1
2026-08-04,23:12:19,1.095,139.1
2026-08-04,23:12:19,1.095,139.1
2026-08-04,23:12:20,1.095,139.1
2026-08-04,23:12:20,1.095,139.1
2026-08-04,23:12:20,1.095,139.1
2026-08-04,23:12:20,1.095,139.1
2026-08-04,23:12:20,1.095,139.1
2026-08-04,23:12:20,1.095,139.1
2026-08-04,23:12:21,1.095,139.1
2026-08-04,23:12:21,1.095,139.1
2026-08-04,23:12:21,1.095,139.1
2026-08-04,23:12:21,1.095,139.1
2026-08-04,23:12:21,1.095,139.1
2026-08-04,23:12:21,1.096,139.1
2026-08-04,23:12:22,1.096,139.1
2026-08-04,23:12:22,1.096,139.1
2026-08-04,23:12:22,1.096,139.1
2026-08-04,23:12:22,1.096,139.1
2026-08-04,23:12:22,1.096,139.1
2026-08-04,23:12:22,1.096,139.2
2026-08-04,23:12:23,1.096,139.2
2026-08-04,23:12:23,1.096,139.2
2026-08-04,23:12:23,1.096,139.2
2026-08-04,23:12:23,1.096,139.2
2026-08-04,23:12:23,1.096,139.2
2026-08-04,23:12:23,1.096,139.2
2026-08-04,23:12:24,1.096,139.2
2026-08-04,23:12:24,1.096,139.2
2026-08-04,23:12:24,1.096,139.2
2026-08-04,23:12:24,1.096,139.2
2026-08-04,23:12:24,1.096,139.2
2026-08-04,23:12:24,1.096,139.2
2026-08-04,23:12:25,1.096,139.2
2026-08-04,23:12:25,1.096,139.2
2026-08-04,23:12:25,1.096,139.2
2026-08-04,23:12:25,1.096,139.2
2026-08-04,23:12:25,1.096,139.2
2026-08-04,23:12:25,1.097,139.3
2026-08-04,23:12:26,1.097,139.3
2026-08-04,23:12:26,1.097,139.3
2026-08-04,23:12:26,1.097,139.3
2026-08-04,23:12:26,1.097,139.3
2026-08-04,23:12:26,1.097,139.3
2026-08-04,23:12:26,1.097,139.3
2026-08-04,23:12:27,1.097,139.3
2026-08-04,23:12:27,1.097,139.3
2026-08-04,23:12:27,1.097,139.3
2026-08-04,23:12:27,1.097,139.3
2026-08-04,23:12:27,1.097,139.3
2026-08-04,23:12:27,1.097,139.3
2026-08-04,23:12:28,1.097,139.3
2026-08-04,23:12:28,1.097,139.3
2026-08-04,23:12:28,1.097,139.3
2026-08-04,23:12:28,1.097,139.3
2026-08-04,23:12:28,1.097,139.3
2026-08-04,23:12:28,1.097,139.3
2026-08-04,23:12:29,1.097,139.3
2026-08-04,23:12:29,1.097,139.3
2026-08-04,23:12:29,1.097,139.4
2026-08-04,23:12:29,1.097,139.4
2026-08-04,23:12:29,1.097,139.4
2026-08-04,23:12:29,1.097,139.4
2026-08-04,23:12:29,1.097,139.4
2026-08-04,23:12:30,1.097,139.4
2026-08-04,23:12:30,1.097,139.4
2026-08-04,23:12:30,1.097,139.4
2026-08-04,23:12:30,1.097,139.4
2026-08-04,23:12:30,1.098,139.4
2026-08-04,23:12:30,1.098,139.4
2026-08-04,23:12:31,1.098,139.4
2026-08-04,23:12:31,1.098,139.4
2026-08-04,23:12:31,1.098,139.4
2026-08-04,23:12:31,1.098,139.4
2026-08-04,23:12:31,1.098,139.4
2026-08-04,23:12:31,1.098,139.4
2026-08-04,23:12:32,1.098,139.4
2026-08-04,23:12:32,1.098,139.4
2026-08-04,23:12:32,1.098,139.4
2026-08-04,23:12:32,1.098,139.4
2026-08-04,23:12:32,1.098,139.4
2026-08-04,23:12:32,1.098,139.4
2026-08-04,23:12:33,1.098,139.4
2026-08-04,23:12:33,1.098,139.4
2026-08-04,23:12:33,1.098,139.4
2026-08-04,23:12:33,1.098,139.4
2026-08-04,23:12:33,1.098,139.5
2026-08-04,23:12:33,1.098,139.5
2026-08-04,23:12:34,1.098,139.5
2026-08-04,23:12:34,1.098,139.5
2026-08-04,23:12:34,1.098,139.5
2026-08-04,23:12:34,1.098,139.5
2026-08-04,23:12:34,1.098,139.5
2026-08-04,23:12:34,1.098,139.5
2026-08-04,23:12:35,1.098,139.5
2026-08-04,23:12:35,1.099,139.5
2026-08-04,23:12:35,1.099,139.5
2026-08-04,23:12:35,1.099,139.5
2026-08-04,23:12:35,1.099,139.5
2026-08-04,23:12:35,1.099,139.5
2026-08-04,23:12:36,1.099,139.5
2026-08-04,23:12:36,1.099,139.5
2026-08-04,23:12:36,1.099,139.5
2026-08-04,23:12:36,1.099,139.5
2026-08-04,23:12:36,1.099,139.5
2026-08-04,23:12:36,1.099,139.5
2026-08-04,23:12:37,1.099,139.6
2026-08-04,23:12:37,1.099,139.6
2026-08-04,23:12:37,1.099,139.6
2026-08-04,23:12:37,1.099,139.6
2026-08-04,23:12:37,1.099,139.6
2026-08-04,23:12:37,1.099,139.6
2026-08-04,23:12:38,1.099,139.6
2026-08-04,23:12:38,1.099,139.6
2026-08-04,23:12:38,1.099,139.6
2026-08-04,23:12:38,1.099,139.6
2026-08-04,23:12:38,1.099,139.6
2026-08-04,23:12:38,1.099,139.6
2026-08-04,23:12:39,1.099,139.6
2026-08-04,23:12:39,1.099,139.6
2026-08-04,23:12:39,1.099,139.6
2026-08-04,23:12:39,1.100,139.6
2026-08-04,23:12:39,1.100,139.6
2026-08-04,23:12:39,1.100,139.6
2026-08-04,23:12:40,1.100,139.7
2026-08-04,23:12:40,1.100,139.7
2026-08-04,23:12:40,1.100,139.7
2026-08-04,23:12:40,1.100,139.7
2026-08-04,23:12:40,1.100,139.7
2026-08-04,23:12:40,1.100,139.7
2026-08-04,23:12:41,1.100,139.7
2026-08-04,23:12:41,1.100,139.7
2026-08-04,23:12:41,1.100,139.7
2026-08-04,23:12:41,1.100,139.7
2026-08-04,23:12:41,1.100,139.7
2026-08-04,23:12:41,1.100,139.7
2026-08-04,23:12:42,1.100,139.7
2026-08-04,23:12:42,1.100,139.7
2026-08-04,23:12:42,1.100,139.7
2026-08-04,23:12:42,1.100,139.7
2026-08-04,23:12:42,1.100,139.7
2026-08-04,23:12:42,1.100,139.7
2026-08-04,23:12:43,1.100,139.7
2026-08-04,23:12:43,1.100,139.7
2026-08-04,23:12:43,1.100,139.8
2026-08-04,23:12:43,1.100,139.8
2026-08-04,23:12:43,1.100,139.8
2026-08-04,23:12:43,1.101,139.8
2026-08-04,23:12:44,1.101,139.8
2026-08-04,23:12:44,1.101,139.8
2026-08-04,23:12:44,1.101,139.8
2026-08-04,23:12:44,1.101,139.8
2026-08-04,23:12:44,1.101,139.8
2026-08-04,23:12:44,1.101,139.8
2026-08-04,23:12:45,1.101,139.8
2026-08-04,23:12:45,1.101,139.8
2026-08-04,23:12:45,1.101,139.8
2026-08-04,23:12:45,1.101,139.8
2026-08-04,23:12:45,1.101,139.8
2026-08-04,23:12:45,1.101,139.8
2026-08-04,23:12:45,1.101,139.8
2026-08-04,23:12:46,1.101,139.9
2026-08-04,23:12:46,1.101,139.9
2026-08-04,23:12:46,1.101,139.9
2026-08-04,23:12:46,1.101,139.9
2026-08-04,23:12:46,1.101,139.9
2026-08-04,23:12:46,1.101,139.9
2026-08-04,23:12:47,1.101,139.9
2026-08-04,23:12:47,1.101,139.9
2026-08-04,23:12:47,1.101,139.9
2026-08-04,23:12:47,1.101,139.9
2026-08-04,23:12:47,1.101,139.9
2026-08-04,23:12:47,1.101,139.9
2026-08-04,23:12:48,1.101,139.9
2026-08-04,23:12:48,1.101,139.9
2026-08-04,23:12:48,1.101,139.9
2026-08-04,23:12:48,1.101,139.9
2026-08-04,23:12:48,1.101,139.9
2026-08-04,23:12:48,1.101,139.9
2026-08-04,23:12:49,1.101,139.9
2026-08-04,23:12:49,1.102,139.9
2026-08-04,23:12:49,1.102,139.9
2026-08-04,23:12:49,1.102,139.9
2026-08-04,23:12:49,1.102,139.9
2026-08-04,23:12:49,1.102,139.9
2026-08-04,23:12:50,1.102,139.9
2026-08-04,23:12:50,1.102,139.9
2026-08-04,23:12:50,1.102,139.9
2026-08-04,23:12:50,1.102,139.9
2026-08-04,23:12:50,1.102,139.9
2026-08-04,23:12:50,1.102,139.9
2026-08-04,23:12:51,1.102,139.9
2026-08-04,23:12:51,1.102,139.9
2026-08-04,23:12:51,1.102,139.9
2026-08-04,23:12:51,1.102,140.0
2026-08-04,23:12:51,1.102,140.0
2026-08-04,23:12:51,1.102,140.0
2026-08-04,23:12:52,1.102,140.0
2026-08-04,23:12:52,1.102,140.0
2026-08-04,23:12:52,1.102,140.0
2026-08-04,23:12:52,1.102,140.0
2026-08-04,23:12:52,1.102,140.0
2026-08-04,23:12:52,1.102,140.0
2026-08-04,23:12:53,1.102,140.0
2026-08-04,23:12:53,1.102,140.0
2026-08-04,23:12:53,1.102,140.0
2026-08-04,23:12:53,1.102,140.0
2026-08-04,23:12:53,1.102,140.0
2026-08-04,23:12:53,1.102,140.0
2026-08-04,23:12:54,1.102,140.0
2026-08-04,23:12:54,1.102,140.0
2026-08-04,23:12:54,1.102,140.0
2026-08-04,23:12:54,1.103,140.0
2026-08-04,23:12:54,1.103,140.0
2026-08-04,23:12:54,1.103,140.0
