data,hora,corrente,potencia
2026-08-04,16:03:55,1.370,174.0
2026-08-04,16:03:55,1.370,174.0
2026-08-04,16:03:55,1.370,174.0
2026-08-04,16:03:55,1.370,174.0
2026-08-04,16:03:56,1.370,173.9
2026-08-04,16:03:56,1.369,173.9
2026-08-04,16:03:56,1.369,173.9
2026-08-04,16:03:56,1.369,173.9
2026-08-04,16:03:56,1.369,173.9
2026-08-04,16:03:56,1.369,173.8
2026-08-04,16:03:56,1.369,173.8
2026-08-04,16:03:57,1.369,173.8
2026-08-04,16:03:57,1.369,173.8
2026-08-04,16:03:57,1.369,173.8
2026-08-04,16:03:57,1.369,173.8
2026-08-04,16:03:57,1.369,173.8
2026-08-04,16:03:57,1.369,173.9
2026-08-04,16:03:58,1.369,173.9
2026-08-04,16:03:58,1.369,173.9
2026-08-04,16:03:58,1.369,173.9
2026-08-04,16:03:58,1.369,173.9
2026-08-04,16:03:58,1.369,173.9
2026-08-04,16:03:58,1.369,173.9
2026-08-04,16:03:59,1.369,173.9
2026-08-04,16:03:59,1.369,173.8
2026-08-04,16:03:59,1.369,173.8
2026-08-04,16:03:59,1.369,173.8
2026-08-04,16:03:59,1.369,173.8
2026-08-04,16:03:59,1.369,173.8
2026-08-04,16:04:00,1.369,173.8
2026-08-04,16:04:00,1.369,173.8
2026-08-04,16:04:00,1.368,173.8
2026-08-04,16:04:00,1.368,173.8
2026-08-04,16:04:00,1.368,173.8
2026-08-04,16:04:00,1.368,173.8
2026-08-04,16:04:01,1.368,173.8
2026-08-04,16:04:01,1.368,173.8
2026-08-04,16:04:01,1.368,173.8
2026-08-04,16:04:01,1.368,173.8
2026-08-04,16:04:01,1.368,173.8
2026-08-04,16:04:01,1.368,173.8
2026-08-04,16:04:02,1.368,173.8
2026-08-04,16:04:02,1.368,173.8
2026-08-04,16:04:02,1.368,173.8
2026-08-04,16:04:02,1.368,173.8
2026-08-04,16:04:02,1.368,173.8
2026-08-04,16:04:02,1.368,173.8
2026-08-04,16:04:03,1.368,173.8
2026-08-04,16:04:03,1.368,173.8
2026-08-04,16:04:03,1.368,173.8
2026-08-04,16:04:03,1.368,173.8
2026-08-04,16:04:03,1.368,173.8
2026-08-04,16:04:03,1.368,173.8
2026-08-04,16:04:04,1.368,173.7
2026-08-04,16:04:04,1.368,173.7
2026-08-04,16:04:04,1.368,173.7
2026-08-04,16:04:04,1.368,173.7
2026-08-04,16:04:04,1.368,173.7
2026-08-04,16:04:04,1.368,173.7
2026-08-04,16:04:05,1.368,173.7
2026-08-04,16:04:05,1.368,173.7
2026-08-04,16:04:05,1.368,173.7
2026-08-04,16:04:05,1.368,173.7
2026-08-04,16:04:05,1.368,173.7
2026-08-04,16:04:05,1.368,173.7
2026-08-04,16:04:06,1.368,173.7
2026-08-04,16:04:06,1.368,173.7
2026-08-04,16:04:06,1.368,173.7
2026-08-04,16:04:06,1.368,173.7
2026-08-04,16:04:06,1.368,173.7
2026-08-04,16:04:06,1.368,173.7
2026-08-04,16:04:07,1.368,173.7
2026-08-04,16:04:07,1.368,173.7
2026-08-04,16:04:07,1.368,173.7
2026-08-04,16:04:07,1.368,173.7
2026-08-04,16:04:07,1.368,173.7
2026-08-04,16:04:07,1.368,173.7
2026-08-04,16:04:08,1.368,173.7
2026-08-04,16:04:08,1.368,173.7
2026-08-04,16:04:08,1.368,173.7
2026-08-04,16:04:08,1.368,173.8
2026-08-04,16:04:08,1.368,173.8
2026-08-04,16:04:08,1.368,173.8
2026-08-04,16:04:09,1.369,173.8
2026-08-04,16:04:09,1.369,173.8
2026-08-04,16:04:09,1.368,173.8
2026-08-04,16:04:09,1.368,173.8
2026-08-04,16:04:09,1.368,173.8
2026-08-04,16:04:09,1.368,173.7
2026-08-04,16:04:10,1.368,173.7
2026-08-04,16:04:10,1.368,173.7
2026-08-04,16:04:10,1.368,173.7
2026-08-04,16:04:10,1.367,173.7
2026-08-04,16:04:10,1.367,173.6
2026-08-04,16:04:10,1.367,173.6
2026-08-04,16:04:11,1.367,173.6
2026-08-04,16:04:11,1.367,173.6
2026-08-04,16:04:11,1.366,173.5
2026-08-04,16:04:11,1.366,173.5
2026-08-04,16:04:11,1.366,173.5
2026-08-04,16:04:11,1.366,173.5
2026-08-04,16:04:12,1.366,173.5
2026-08-04,16:04:12,1.366,173.4
2026-08-04,16:04:12,1.366,173.4
2026-08-04,16:04:12,1.366,173.4
2026-08-04,16:04:12,1.366,173.4
2026-08-04,16:04:12,1.366,173.4
2026-08-04,16:04:13,1.366,173.4
2026-08-04,16:04:13,1.366,173.4
2026-08-04,16:04:13,1.366,173.4
2026-08-04,16:04:13,1.366,173.4
2026-08-04,16:04:13,1.365,173.4
2026-08-04,16:04:13,1.365,173.4
2026-08-04,16:04:13,1.365,173.4
2026-08-04,16:04:14,1.365,173.4
2026-08-04,16:04:14,1.365,173.4
2026-08-04,16:04:14,1.365,173.4
2026-08-04,16:04:14,1.365,173.4
2026-08-04,16:04:14,1.365,173.4
2026-08-04,16:04:14,1.365,173.4
2026-08-04,16:04:15,1.365,173.4
2026-08-04,16:04:15,1.365,173.4
2026-08-04,16:04:15,1.365,173.4
2026-08-04,16:04:15,1.365,173.4
2026-08-04,16:04:15,1.365,173.4
2026-08-04,16:04:15,1.365,173.4
2026-08-04,16:04:16,1.365,173.4
2026-08-04,16:04:16,1.365,173.4
2026-08-04,16:04:16,1.365,173.4
2026-08-04,16:04:16,1.365,173.4
2026-08-04,16:04:16,1.365,173.4
2026-08-04,16:04:16,1.365,173.4
2026-08-04,16:04:17,1.365,173.3
2026-08-04,16:04:17,1.365,173.3
2026-08-04,16:04:17,1.365,173.3
2026-08-04,16:04:17,1.365,173.3
2026-08-04,16:04:17,1.364,173.3
2026-08-04,16:04:17,1.364,173.3
2026-08-04,16:04:18,1.364,173.3
2026-08-04,16:04:18,1.364,173.3
2026-08-04,16:04:18,1.364,173.2
2026-08-04,16:04:18,1.364,173.2
2026-08-04,16:04:18,1.364,173.2
2026-08-04,16:04:18,1.364,173.2
2026-08-04,16:04:19,1.364,173.2
2026-08-04,16:04:19,1.364,173.2
2026-08-04,16:04:19,1.364,173.2
2026-08-04,16:04:19,1.364,173.2
2026-08-04,16:04:19,1.364,173.2
2026-08-04,16:04:19,1.364,173.2
2026-08-04,16:04:20,1.364,173.2
2026-08-04,16:04:20,1.364,173.2
2026-08-04,16:04:20,1.364,173.2
2026-08-04,16:04:20,1.364,173.2
2026-08-04,16:04:20,1.364,173.3
2026-08-04,16:04:20,1.364,173.2
2026-08-04,16:04:21,1.364,173.3
2026-08-04,16:04:21,1.364,173.3
2026-08-04,16:04:21,1.364,173.3
2026-08-04,16:04:21,1.364,173.3
2026-08-04,16:04:21,1.364,173.3
2026-08-04,16:04:21,1.364,173.3
2026-08-04,16:04:22,1.364,173.3
2026-08-04,16:04:22,1.364,173.3
2026-08-04,16:04:22,1.364,173.3
2026-08-04,16:04:22,1.364,173.3
2026-08-04,16:04:22,1.364,173.3
2026-08-04,16:04:22,1.364,173.3
2026-08-04,16:04:23,1.365,173.3
2026-08-04,16:04:23,1.365,173.3
2026-08-04,16:04:23,1.365,173.3
2026-08-04,16:04:23,1.365,173.4
2026-08-04,16:04:23,1.365,173.4
2026-08-04,16:04:23,1.365,173.4
2026-08-04,16:04:24,1.365,173.4
2026-08-04,16:04:24,1.365,173.4
2026-08-04,16:04:24,1.365,173.4
2026-08-04,16:04:24,1.365,173.4
2026-08-04,16:04:24,1.365,173.4
2026-08-04,16:04:24,1.365,173.4
2026-08-04,16:04:25,1.365,173.4
2026-08-04,16:04:25,1.365,173.4
2026-08-04,16:04:25,1.365,173.4
2026-08-04,16:04:25,1.365,173.4
2026-08-04,16:04:25,1.365,173.4
2026-08-04,16:04:25,1.365,173.4
2026-08-04,16:04:26,1.365,173.4
2026-08-04,16:04:26,1.365,173.4
2026-08-04,16:04:26,1.365,173.4
2026-08-04,16:04:26,1.365,173.4
2026-08-04,16:04:26,1.365,173.4
2026-08-04,16:04:26,1.365,173.4
2026-08-04,16:04:27,1.365,173.4
2026-08-04,16:04:27,1.365,173.4
2026-08-04,16:04:27,1.365,173.4
2026-08-04,16:04:27,1.365,173.4
2026-08-04,16:04:27,1.366,173.4
2026-08-04,16:04:27,1.366,173.4
2026-08-04,16:04:28,1.366,173.4
2026-08-04,16:04:28,1.366,173.5
2026-08-04,16:04:28,1.366,173.5
2026-08-04,16:04:28,1.366,173.5
2026-08-04,16:04:28,1.366,173.5
2026-08-04,16:04:28,1.366,173.5
2026-08-04,16:04:29,1.366,173.5
2026-08-04,16:04:29,1.366,173.5
2026-08-04,16:04:29,1.366,173.5
2026-08-04,16:04:29,1.366,173.5
2026-08-04,16:04:29,1.366,173.5
2026-08-04,16:04:29,1.366,173.4
2026-08-04,16:04:30,1.366,173.4
2026-08-04,16:04:30,1.366,173.4
2026-08-04,16:04:30,1.365,173.4
2026-08-04,16:04:30,1.365,173.4
2026-08-04,16:04:30,1.365,173.4
2026-08-04,16:04:30,1.365,173.3
2026-08-04,16:04:30,1.365,173.3
2026-08-04,16:04:31,1.365,173.4
2026-08-04,16:04:31,1.365,173.4
2026-08-04,16:04:31,1.365,173.4
2026-08-04,16:04:31,1.365,173.4
2026-08-04,16:04:31,1.365,173.4
2026-08-04,16:04:31,1.365,173.4
2026-08-04,16:04:32,1.365,173.4
2026-08-04,16:04:32,1.365,173.4
2026-08-04,16:04:32,1.365,173.4
2026-08-04,16:04:32,1.365,173.4
2026-08-04,16:04:32,1.365,173.4
2026-08-04,16:04:32,1.365,173.4
2026-08-04,16:04:33,1.365,173.4
2026-08-04,16:04:33,1.365,173.4
2026-08-04,16:04:33,1.366,173.4
2026-08-04,16:04:33,1.366,173.4
2026-08-04,16:04:33,1.366,173.5
2026-08-04,16:04:33,1.366,173.5
2026-08-04,16:04:34,1.366,173.5
2026-08-04,16:04:34,1.366,173.5
2026-08-04,16:04:34,1.366,173.5
2026-08-04,16:04:34,1.366,173.5
2026-08-04,16:04:34,1.366,173.5
2026-08-04,16:04:34,1.366,173.4
2026-08-04,16:04:35,1.366,173.4
2026-08-04,16:04:35,1.366,173.4
2026-08-04,16:04:35,1.366,173.4
2026-08-04,16:04:35,1.366,173.4
2026-08-04,16:04:35,1.366,173.4
2026-08-04,16:04:35,1.366,173.4
2026-08-04,16:04:36,1.366,173.4
2026-08-04,16:04:36,1.365,173.4
2026-08-04,16:04:36,1.365,173.4
2026-08-04,16:04:36,1.365,173.4
2026-08-04,16:04:36,1.365,173.4
2026-08-04,16:04:36,1.365,173.4
2026-08-04,16:04:37,1.365,173.4
2026-08-04,16:04:37,1.365,173.4
2026-08-04,16:04:37,1.365,173.4
2026-08-04,16:04:37,1.365,173.4
2026-08-04,16:04:37,1.365,173.4
2026-08-04,16:04:37,1.365,173.4
2026-08-04,16:04:38,1.365,173.4
2026-08-04,16:04:38,1.365,173.3
2026-08-04,16:04:38,1.365,173.3
2026-08-04,16:04:38,1.365,173.3
2026-08-04,16:04:38,1.365,173.4
2026-08-04,16:04:38,1.365,173.4
2026-08-04,16:04:39,1.365,173.4
2026-08-04,16:04:39,1.365,173.4
2026-08-04,16:04:39,1.365,173.4
2026-08-04,16:04:39,1.365,173.4
2026-08-04,16:04:39,1.366,173.4
2026-08-04,16:04:39,1.366,173.5
2026-08-04,16:04:40,1.366,173.5
2026-08-04,16:04:40,1.366,173.5
2026-08-04,16:04:40,1.366,173.5
2026-08-04,16:04:40,1.366,173.5
2026-08-04,16:04:40,1.366,173.5
2026-08-04,16:04:40,1.366,173.5
2026-08-04,16:04:41,1.366,173.5
2026-08-04,16:04:41,1.366,173.5
2026-08-04,16:04:41,1.366,173.5
2026-08-04,16:04:41,1.366,173.5
2026-08-04,16:04:41,1.366,173.5
2026-08-04,16:04:41,1.366,173.5
2026-08-04,16:04:42,1.366,173.5
2026-08-04,16:04:42,1.366,173.4
2026-08-04,16:04:42,1.366,173.4
2026-08-04,16:04:42,1.366,173.4
2026-08-04,16:04:42,1.365,173.4
2026-08-04,16:04:42,1.365,173.4
2026-08-04,16:04:43,1.365,173.4
2026-08-04,16:04:43,1.365,173.4
2026-08-04,16:04:43,1.365,173.3
2026-08-04,16:04:43,1.365,173.3
2026-08-04,16:04:43,1.365,173.3
2026-08-04,16:04:43,1.364,173.3
2026-08-04,16:04:44,1.364,173.3
2026-08-04,16:04:44,1.364,173.3
2026-08-04,16:04:44,1.364,173.2
2026-08-04,16:04:44,1.364,173.2
2026-08-04,16:04:44,1.364,173.2
2026-08-04,16:04:44,1.364,173.2
2026-08-04,16:04:45,1.363,173.2
2026-08-04,16:04:45,1.363,173.2
2026-08-04,16:04:45,1.363,173.2
2026-08-04,16:04:45,1.363,173.2
2026-08-04,16:04:45,1.363,173.2
2026-08-04,16:04:45,1.363,173.2
2026-08-04,16:04:46,1.363,173.2
2026-08-04,16:04:46,1.363,173.1
2026-08-04,16:04:46,1.363,173.1
2026-08-04,16:04:46,1.363,173.1
2026-08-04,16:04:46,1.363,173.1
2026-08-04,16:04:46,1.363,173.1
2026-08-04,16:04:46,1.363,173.1
2026-08-04,16:04:47,1.363,173.1
2026-08-04,16:04:47,1.363,173.1
2026-08-04,16:04:47,1.363,173.1
2026-08-04,16:04:47,1.363,173.1
2026-08-04,16:04:47,1.363,173.1
2026-08-04,16:04:47,1.363,173.1
2026-08-04,16:04:48,1.363,173.1
2026-08-04,16:04:48,1.363,173.1
2026-08-04,16:04:48,1.363,173.1
2026-08-04,16:04:48,1.363,173.1
2026-08-04,16:04:48,1.363,173.1
2026-08-04,16:04:48,1.363,173.1
2026-08-04,16:04:49,1.363,173.1
2026-08-04,16:04:49,1.363,173.1
2026-08-04,16:04:49,1.363,173.1
2026-08-04,16:04:49,1.363,173.1
2026-08-04,16:04:49,1.363,173.1
2026-08-04,16:04:49,1.363,173.1
2026-08-04,16:04:50,1.363,173.1
2026-08-04,16:04:50,1.363,173.1
2026-08-04,16:04:50,1.363,173.1
2026-08-04,16:04:50,1.363,173.1
2026-08-04,16:04:50,1.363,173.1
2026-08-04,16:04:50,1.363,173.1
2026-08-04,16:04:51,1.363,173.1
2026-08-04,16:04:51,1.363,173.1
2026-08-04,16:04:51,1.363,173.1
2026-08-04,16:04:51,1.363,173.2
2026-08-04,16:04:51,1.363,173.2
2026-08-04,16:04:51,1.364,173.2
2026-08-04,16:04:52,1.364,173.2
2026-08-04,16:04:52,1.364,173.2
2026-08-04,16:04:52,1.364,173.2
2026-08-04,16:04:52,1.364,173.2
2026-08-04,16:04:52,1.364,173.2
2026-08-04,16:04:52,1.364,173.2
2026-08-04,16:04:53,1.364,173.2
2026-08-04,16:04:53,1.364,173.3
2026-08-04,16:04:53,1.364,173.3
2026-08-04,16:04:53,1.364,173.3
2026-08-04,16:04:53,1.364,173.3
2026-08-04,16:04:53,1.364,173.3
2026-08-04,16:04:54,1.364,173.3
2026-08-04,16:04:54,1.364,173.3
2026-08-04,16:04:54,1.364,173.3
2026-08-04,16:04:54,1.364,173.3
2026-08-04,16:04:54,1.364,173.2
2026-08-04,16:04:54,1.364,173.2
2026-08-04,16:04:55,1.364,173.2
2026-08-04,16:04:55,1.364,173.2
2026-08-04,16:04:55,1.364,173.2
2026-08-04,16:04:55,1.364,173.2
2026-08-04,16:04:55,1.364,173.2
2026-08-04,16:04:55,1.364,173.2
2026-08-04,16:04:56,1.364,173.2
2026-08-04,16:04:56,1.364,173.2
2026-08-04,16:04:56,1.364,173.2
2026-08-04,16:04:56,1.364,173.2
2026-08-04,16:04:56,1.364,173.2
2026-08-04,16:04:56,1.364,173.2
2026-08-04,16:04:57,1.364,173.2
2026-08-04,16:04:57,1.364,173.2
2026-08-04,16:04:57,1.364,173.2
2026-08-04,16:04:57,1.364,173.2
2026-08-04,16:04:57,1.364,173.2
2026-08-04,16:04:57,1.364,173.2
2026-08-04,16:04:58,1.364,173.2
2026-08-04,16:04:58,1.364,173.2
2026-08-04,16:04:58,1.364,173.2
2026-08-04,16:04:58,1.364,173.2
2026-08-04,16:04:58,1.364,173.2
2026-08-04,16:04:58,1.364,173.2
2026-08-04,16:04:59,1.364,173.2
2026-08-04,16:04:59,1.364,173.2
2026-08-04,16:04:59,1.364,173.2
2026-08-04,16:04:59,1.364,173.2
2026-08-04,16:04:59,1.364,173.2
2026-08-04,16:04:59,1.364,173.2
2026-08-04,16:05:00,1.364,173.2
2026-08-04,16:05:00,1.364,173.2
2026-08-04,16:05:00,1.364,173.2
2026-08-04,16:05:00,1.364,173.2
2026-08-04,16:05:00,1.364,173.2
2026-08-04,16:05:00,1.363,173.2
2026-08-04,16:05:01,1.363,173.2
2026-08-04,16:05:01,1.363,173.1
2026-08-04,16:05:01,1.363,173.1
2026-08-04,16:05:01,1.363,173.1
2026-08-04,16:05:01,1.363,173.1
2026-08-04,16:05:01,1.363,173.1
2026-08-04,16:05:02,1.363,173.1
2026-08-04,16:05:02,1.363,173.1
2026-08-04,16:05:02,1.363,173.1
2026-08-04,16:05:02,1.363,173.1
2026-08-04,16:05:02,1.363,173.1
2026-08-04,16:05:02,1.363,173.1
2026-08-04,16:05:03,1.363,173.1
2026-08-04,16:05:03,1.363,173.1
2026-08-04,16:05:03,1.363,173.1
2026-08-04,16:05:03,1.363,173.1
2026-08-04,16:05:03,1.363,173.1
2026-08-04,16:05:03,1.363,173.1
2026-08-04,16:05:03,1.363,173.1
2026-08-04,16:05:04,1.363,173.1
2026-08-04,16:05:04,1.363,173.1
2026-08-04,16:05:04,1.363,173.1
2026-08-04,16:05:04,1.363,173.1
2026-08-04,16:05:04,1.363,173.1
2026-08-04,16:05:04,1.363,173.1
2026-08-04,16:05:05,1.363,173.1
2026-08-04,16:05:05,1.363,173.1
2026-08-04,16:05:05,1.363,173.1
2026-08-04,16:05:05,1.363,173.1
2026-08-04,16:05:05,1.363,173.1
2026-08-04,16:05:05,1.363,173.1
2026-08-04,16:05:06,1.363,173.1
2026-08-04,16:05:06,1.363,173.1
2026-08-04,16:05:06,1.363,173.1
2026-08-04,16:05:06,1.363,173.1
2026-08-04,16:05:06,1.363,173.1
2026-08-04,16:05:06,1.363,173.1
2026-08-04,16:05:07,1.363,173.1
2026-08-04,16:05:07,1.363,173.1
2026-08-04,16:05:07,1.363,173.1
2026-08-04,16:05:07,1.363,173.1
2026-08-04,16:05:07,1.363,173.1
2026-08-04,16:05:07,1.363,173.1
2026-08-04,16:05:08,1.363,173.1
2026-08-04,16:05:08,1.363,173.1
2026-08-04,16:05:08,1.363,173.1
2026-08-04,16:05:08,1.363,173.0
2026-08-04,16:05:08,1.362,173.0
2026-08-04,16:05:08,1.362,173.0
2026-08-04,16:05:09,1.362,173.0
2026-08-04,16:05:09,1.362,173.0
2026-08-04,16:05:09,1.362,173.0
2026-08-04,16:05:09,1.362,173.0
2026-08-04,16:05:09,1.362,173.0
2026-08-04,16:05:09,1.362,173.0
2026-08-04,16:05:10,1.362,173.0
2026-08-04,16:05:10,1.362,173.0
2026-08-04,16:05:10,1.362,173.0
2026-08-04,16:05:10,1.362,173.0
2026-08-04,16:05:10,1.362,173.0
2026-08-04,16:05:10,1.362,173.0
2026-08-04,16:05:11,1.362,173.0
2026-08-04,16:05:11,1.362,173.0
2026-08-04,16:05:11,1.362,173.0
2026-08-04,16:05:11,1.362,173.0
2026-08-04,16:05:11,1.362,173.0
2026-08-04,16:05:11,1.362,173.0
2026-08-04,16:05:12,1.362,173.0
2026-08-04,16:05:12,1.362,172.9
2026-08-04,16:05:12,1.362,172.9
2026-08-04,16:05:12,1.362,172.9
2026-08-04,16:05:12,1.362,172.9
2026-08-04,16:05:12,1.362,172.9
2026-08-04,16:05:13,1.362,172.9
2026-08-04,16:05:13,1.361,172.9
2026-08-04,16:05:13,1.361,172.9
2026-08-04,16:05:13,1.361,172.9
2026-08-04,16:05:13,1.361,172.9
2026-08-04,16:05:13,1.361,172.9
2026-08-04,16:05:14,1.361,172.9
2026-08-04,16:05:14,1.361,172.9
2026-08-04,16:05:14,1.361,172.9
2026-08-04,16:05:14,1.361,172.9
2026-08-04,16:05:14,1.361,172.9
2026-08-04,16:05:14,1.361,172.9
2026-08-04,16:05:15,1.361,172.9
2026-08-04,16:05:15,1.361,172.9
2026-08-04,16:05:15,1.361,172.9
2026-08-04,16:05:15,1.361,172.9
2026-08-04,16:05:15,1.361,172.9
2026-08-04,16:05:15,1.361,172.9
2026-08-04,16:05:16,1.361,172.9
2026-08-04,16:05:16,1.361,172.9
2026-08-04,16:05:16,1.361,172.9
2026-08-04,16:05:16,1.361,172.9
2026-08-04,16:05:16,1.361,172.9
2026-08-04,16:05:16,1.361,172.9
2026-08-04,16:05:17,1.361,172.9
2026-08-04,16:05:17,1.361,172.9
2026-08-04,16:05:17,1.361,172.9
2026-08-04,16:05:17,1.361,172.9
2026-08-04,16:05:17,1.361,172.9
2026-08-04,16:05:17,1.362,172.9
2026-08-04,16:05:18,1.362,172.9
2026-08-04,16:05:18,1.362,172.9
2026-08-04,16:05:18,1.362,172.9
2026-08-04,16:05:18,1.362,172.9
2026-08-04,16:05:18,1.362,172.9
2026-08-04,16:05:18,1.362,172.9
2026-08-04,16:05:19,1.362,173.0
2026-08-04,16:05:19,1.362,173.0
2026-08-04,16:05:19,1.362,173.0
2026-08-04,16:05:19,1.362,173.0
2026-08-04,16:05:19,1.362,173.0
2026-08-04,16:05:19,1.362,173.0
2026-08-04,16:05:19,1.362,173.0
2026-08-04,16:05:20,1.362,173.0
2026-08-04,16:05:20,1.362,173.0
2026-08-04,16:05:20,1.362,173.0
2026-08-04,16:05:20,1.362,173.0
2026-08-04,16:05:20,1.362,173.0
2026-08-04,16:05:20,1.362,173.0
2026-08-04,16:05:21,1.362,172.9
2026-08-04,16:05:21,1.362,172.9
2026-08-04,16:05:21,1.362,172.9
2026-08-04,16:05:21,1.362,172.9
2026-08-04,16:05:21,1.362,172.9
2026-08-04,16:05:21,1.362,172.9
2026-08-04,16:05:22,1.362,172.9
2026-08-04,16:05:22,1.362,172.9
2026-08-04,16:05:22,1.362,172.9
2026-08-04,16:05:22,1.362,172.9
2026-08-04,16:05:22,1.362,173.0
2026-08-04,16:05:22,1.362,173.0
2026-08-04,16:05:23,1.362,173.0
2026-08-04,16:05:23,1.362,173.0
2026-08-04,16:05:23,1.362,173.0
2026-08-04,16:05:23,1.362,173.0
2026-08-04,16:05:23,1.362,173.0
2026-08-04,16:05:23,1.362,173.0
2026-08-04,16:05:24,1.363,173.0
2026-08-04,16:05:24,1.363,173.1
2026-08-04,16:05:24,1.363,173.1
2026-08-04,16:05:24,1.363,173.1
2026-08-04,16:05:24,1.363,173.1
2026-08-04,16:05:24,1.363,173.1
2026-08-04,16:05:25,1.363,173.1
2026-08-04,16:05:25,1.363,173.1
2026-08-04,16:05:25,1.363,173.1
2026-08-04,16:05:25,1.363,173.1
2026-08-04,16:05:25,1.363,173.1
2026-08-04,16:05:25,1.363,173.1
2026-08-04,16:05:26,1.363,173.1
2026-08-04,16:05:26,1.363,173.1
2026-08-04,16:05:26,1.363,173.1
2026-08-04,16:05:26,1.363,173.1
2026-08-04,16:05:26,1.363,173.1
2026-08-04,16:05:26,1.363,173.1
2026-08-04,16:05:27,1.363,173.1
2026-08-04,16:05:27,1.363,173.1
2026-08-04,16:05:27,1.363,173.1
2026-08-04,16:05:27,1.363,173.1
2026-08-04,16:05:27,1.363,173.1
2026-08-04,16:05:27,1.363,173.1
2026-08-04,16:05:28,1.363,173.1
2026-08-04,16:05:28,1.363,173.1
2026-08-04,16:05:28,1.363,173.1
2026-08-04,16:05:28,1.363,173.1
2026-08-04,16:05:28,1.363,173.1
2026-08-04,16:05:28,1.363,173.1
2026-08-04,16:05:29,1.363,173.1
2026-08-04,16:05:29,1.363,173.1
2026-08-04,16:05:29,1.363,173.1
2026-08-04,16:05:29,1.363,173.1
2026-08-04,16:05:29,1.363,173.1
2026-08-04,16:05:29,1.363,173.1
2026-08-04,16:05:30,1.363,173.1
2026-08-04,16:05:30,1.363,173.1
2026-08-04,16:05:30,1.363,173.1
2026-08-04,16:05:30,1.363,173.1
2026-08-04,16:05:30,1.363,173.1
2026-08-04,16:05:30,1.363,173.1
2026-08-04,16:05:31,1.363,173.1
2026-08-04,16:05:31,1.363,173.1
2026-08-04,16:05:31,1.363,173.2
2026-08-04,16:05:31,1.363,173.2
2026-08-04,16:05:31,1.364,173.2
2026-08-04,16:05:31,1.364,173.2
2026-08-04,16:05:32,1.364,173.2
2026-08-04,16:05:32,1.364,173.2
2026-08-04,16:05:32,1.364,173.2
2026-08-04,16:05:32,1.364,173.2
2026-08-04,16:05:32,1.364,173.2
2026-08-04,16:05:32,1.364,173.2
2026-08-04,16:05:33,1.364,173.2
2026-08-04,16:05:33,1.364,173.2
2026-08-04,16:05:33,1.364,173.2
2026-08-04,16:05:33,1.364,173.2
2026-08-04,16:05:33,1.364,173.2
2026-08-04,16:05:33,1.364,173.2
2026-08-04,16:05:34,1.364,173.2
2026-08-04,16:05:34,1.364,173.2
2026-08-04,16:05:34,1.364,173.2
2026-08-04,16:05:34,1.364,173.2
2026-08-04,16:05:34,1.364,173.2
2026-08-04,16:05:34,1.364,173.2
2026-08-04,16:05:35,1.364,173.2
2026-08-04,16:05:35,1.364,173.3
2026-08-04,16:05:35,1.364,173.3
2026-08-04,16:05:35,1.364,173.3
2026-08-04,16:05:35,1.364,173.3
2026-08-04,16:05:35,1.364,173.3
2026-08-04,16:05:36,1.364,173.3
2026-08-04,16:05:36,1.364,173.3
2026-08-04,16:05:36,1.364,173.3
2026-08-04,16:05:36,1.364,173.3
2026-08-04,16:05:36,1.364,173.3
2026-08-04,16:05:36,1.364,173.3
2026-08-04,16:05:36,1.364,173.2
2026-08-04,16:05:37,1.364,173.2
2026-08-04,16:05:37,1.364,173.2
2026-08-04,16:05:37,1.364,173.2
2026-08-04,16:05:37,1.364,173.2
2026-08-04,16:05:37,1.364,173.2
2026-08-04,16:05:37,1.364,173.2
2026-08-04,16:05:38,1.364,173.2
2026-08-04,16:05:38,1.364,173.2
2026-08-04,16:05:38,1.364,173.2
2026-08-04,16:05:38,1.364,173.2
2026-08-04,16:05:38,1.364,173.2
2026-08-04,16:05:38,1.364,173.2
2026-08-04,16:05:39,1.363,173.2
2026-08-04,16:05:39,1.363,173.1
2026-08-04,16:05:39,1.363,173.1
2026-08-04,16:05:39,1.363,173.1
2026-08-04,16:05:39,1.363,173.1
2026-08-04,16:05:39,1.363,173.1
2026-08-04,16:05:40,1.363,173.1
2026-08-04,16:05:40,1.363,173.1
2026-08-04,16:05:40,1.363,173.1
2026-08-04,16:05:40,1.363,173.2
2026-08-04,16:05:40,1.364,173.2
2026-08-04,16:05:40,1.364,173.2
2026-08-04,16:05:41,1.364,173.2
2026-08-04,16:05:41,1.364,173.2
2026-08-04,16:05:41,1.364,173.2
2026-08-04,16:05:41,1.364,173.2
2026-08-04,16:05:41,1.364,173.2
2026-08-04,16:05:41,1.364,173.3
2026-08-04,16:05:42,1.364,173.3
2026-08-04,16:05:42,1.364,173.3
2026-08-04,16:05:42,1.364,173.3
2026-08-04,16:05:42,1.365,173.3
2026-08-04,16:05:42,1.365,173.3
2026-08-04,16:05:42,1.365,173.3
2026-08-04,16:05:43,1.365,173.3
2026-08-04,16:05:43,1.365,173.3
2026-08-04,16:05:43,1.365,173.3
2026-08-04,16:05:43,1.365,173.4
2026-08-04,16:05:43,1.365,173.4
2026-08-04,16:05:43,1.365,173.4
2026-08-04,16:05:44,1.365,173.4
2026-08-04,16:05:44,1.365,173.4
2026-08-04,16:05:44,1.365,173.4
2026-08-04,16:05:44,1.365,173.4
2026-08-04,16:05:44,1.365,173.4
2026-08-04,16:05:44,1.365,173.3
2026-08-04,16:05:45,1.365,173.3
2026-08-04,16:05:45,1.365,173.3
2026-08-04,16:05:45,1.365,173.3
2026-08-04,16:05:45,1.365,173.3
2026-08-04,16:05:45,1.365,173.3
2026-08-04,16:05:45,1.364,173.3
2026-08-04,16:05:46,1.364,173.3
2026-08-04,16:05:46,1.364,173.3
2026-08-04,16:05:46,1.364,173.2
2026-08-04,16:05:46,1.364,173.2
2026-08-04,16:05:46,1.364,173.2
2026-08-04,16:05:46,1.364,173.2
2026-08-04,16:05:47,1.364,173.2
2026-08-04,16:05:47,1.364,173.2
2026-08-04,16:05:47,1.364,173.2
2026-08-04,16:05:47,1.364,173.2
2026-08-04,16:05:47,1.364,173.2
2026-08-04,16:05:47,1.364,173.2
2026-08-04,16:05:48,1.364,173.2
2026-08-04,16:05:48,1.364,173.2
2026-08-04,16:05:48,1.364,173.2
2026-08-04,16:05:48,1.364,173.2
2026-08-04,16:05:48,1.364,173.2
2026-08-04,16:05:48,1.364,173.2
2026-08-04,16:05:49,1.364,173.2
2026-08-04,16:05:49,1.364,173.2
2026-08-04,16:05:49,1.364,173.2
2026-08-04,16:05:49,1.364,173.2
2026-08-04,16:05:49,1.364,173.2
2026-08-04,16:05:49,1.364,173.2
2026-08-04,16:05:50,1.364,173.2
2026-08-04,16:05:50,1.364,173.2
2026-08-04,16:05:50,1.364,173.2
2026-08-04,16:05:50,1.364,173.2
2026-08-04,16:05:50,1.364,173.2
2026-08-04,16:05:50,1.364,173.2
2026-08-04,16:05:51,1.364,173.2
2026-08-04,16:05:51,1.364,173.2
2026-08-04,16:05:51,1.364,173.2
2026-08-04,16:05:51,1.364,173.2
2026-08-04,16:05:51,1.364,173.2
2026-08-04,16:05:51,1.364,173.2
2026-08-04,16:05:52,1.364,173.2
2026-08-04,16:05:52,1.364,173.2
2026-08-04,16:05:52,1.364,173.2
2026-08-04,16:05:52,1.364,173.2
2026-08-04,16:05:52,1.364,173.2
2026-08-04,16:05:52,1.364,173.2
2026-08-04,16:05:52,1.364,173.2
2026-08-04,16:05:53,1.364,173.2
2026-08-04,16:05:53,1.364,173.2
2026-08-04,16:05:53,1.364,173.2
2026-08-04,16:05:53,1.364,173.2
2026-08-04,16:05:53,1.364,173.2
2026-08-04,16:05:53,1.364,173.2
2026-08-04,16:05:54,1.364,173.2
2026-08-04,16:05:54,1.364,173.2
2026-08-04,16:05:54,1.364,173.2
2026-08-04,16:05:54,1.364,173.2
2026-08-04,16:05:54,1.364,173.2
2026-08-04,16:05:54,1.364,173.2
2026-08-04,16:05:55,1.364,173.2
2026-08-04,16:05:55,1.364,173.2
2026-08-04,16:05:55,1.364,173.2
2026-08-04,16:05:55,1.364,173.2
2026-08-04,16:05:55,1.364,173.2
2026-08-04,16:05:55,1.364,173.2
2026-08-04,16:05:56,1.364,173.2
2026-08-04,16:05:56,1.364,173.2
2026-08-04,16:05:56,1.364,173.2
2026-08-04,16:05:56,1.364,173.2
2026-08-04,16:05:56,1.364,173.2
2026-08-04,16:05:56,1.364,173.2
2026-08-04,16:05:57,1.364,173.2
2026-08-04,16:05:57,1.364,173.2
2026-08-04,16:05:57,1.364,173.2
2026-08-04,16:05:57,1.364,173.2
2026-08-04,16:05:57,1.364,173.2
2026-08-04,16:05:57,1.364,173.2
2026-08-04,16:05:58,1.364,173.2
2026-08-04,16:05:58,1.364,173.2
2026-08-04,16:05:58,1.364,173.2
2026-08-04,16:05:58,1.364,173.2
2026-08-04,16:05:58,1.364,173.2
2026-08-04,16:05:58,1.364,173.2
2026-08-04,16:05:59,1.364,173.2
2026-08-04,16:05:59,1.364,173.2
2026-08-04,16:05:59,1.364,173.2
2026-08-04,16:05:59,1.364,173.2
2026-08-04,16:05:59,1.364,173.2
2026-08-04,16:05:59,1.364,173.2
2026-08-04,16:06:00,1.364,173.2
2026-08-04,16:06:00,1.364,173.2
2026-08-04,16:06:00,1.363,173.2
2026-08-04,16:06:00,1.363,173.2
2026-08-04,16:06:00,1.363,173.2
2026-08-04,16:06:00,1.363,173.1
2026-08-04,16:06:01,1.363,173.1
2026-08-04,16:06:01,1.363,173.1
2026-08-04,16:06:01,1.363,173.1
2026-08-04,16:06:01,1.363,173.1
2026-08-04,16:06:01,1.363,173.1
2026-08-04,16:06:01,1.363,173.1
2026-08-04,16:06:02,1.363,173.1
2026-08-04,16:06:02,1.363,173.1
2026-08-04,16:06:02,1.363,173.1
2026-08-04,16:06:02,1.363,173.1
2026-08-04,16:06:02,1.363,173.1
2026-08-04,16:06:02,1.363,173.1
2026-08-04,16:06:03,1.363,173.1
2026-08-04,16:06:03,1.363,173.1
2026-08-04,16:06:03,1.363,173.1
2026-08-04,16:06:03,1.363,173.1
2026-08-04,16:06:03,1.363,173.1
2026-08-04,16:06:03,1.363,173.0
2026-08-04,16:06:04,1.363,173.0
2026-08-04,16:06:04,1.363,173.0
2026-08-04,16:06:04,1.362,173.0
2026-08-04,16:06:04,1.362,173.0
2026-08-04,16:06:04,1.362,173.0
2026-08-04,16:06:04,1.362,173.0
2026-08-04,16:06:05,1.362,173.0
2026-08-04,16:06:05,1.362,173.0
2026-08-04,16:06:05,1.362,173.0
2026-08-04,16:06:05,1.362,173.0
2026-08-04,16:06:05,1.363,173.0
2026-08-04,16:06:05,1.363,173.1
2026-08-04,16:06:06,1.363,173.1
2026-08-04,16:06:06,1.363,173.1
2026-08-04,16:06:06,1.363,173.1
2026-08-04,16:06:06,1.363,173.1
2026-08-04,16:06:06,1.363,173.1
2026-08-04,16:06:06,1.363,173.1
2026-08-04,16:06:07,1.363,173.1
2026-08-04,16:06:07,1.363,173.1
2026-08-04,16:06:07,1.363,173.1
2026-08-04,16:06:07,1.363,173.1
2026-08-04,16:06:07,1.363,173.1
2026-08-04,16:06:07,1.363,173.1
2026-08-04,16:06:08,1.363,173.1
2026-08-04,16:06:08,1.363,173.1
2026-08-04,16:06:08,1.363,173.1
2026-08-04,16:06:08,1.363,173.1
2026-08-04,16:06:08,1.363,173.1
2026-08-04,16:06:08,1.363,173.1
2026-08-04,16:06:09,1.363,173.1
2026-08-04,16:06:09,1.363,173.1
2026-08-04,16:06:09,1.363,173.1
2026-08-04,16:06:09,1.363,173.1
2026-08-04,16:06:09,1.363,173.1
2026-08-04,16:06:09,1.363,173.1
2026-08-04,16:06:09,1.363,173.1
2026-08-04,16:06:10,1.363,173.1
2026-08-04,16:06:10,1.363,173.1
2026-08-04,16:06:10,1.363,173.1
2026-08-04,16:06:10,1.363,173.1
2026-08-04,16:06:10,1.363,173.1
2026-08-04,16:06:10,1.363,173.1
2026-08-04,16:06:11,1.363,173.1
2026-08-04,16:06:11,1.363,173.1
2026-08-04,16:06:11,1.363,173.1
2026-08-04,16:06:11,1.363,173.1
2026-08-04,16:06:11,1.363,173.1
2026-08-04,16:06:11,1.363,173.1
2026-08-04,16:06:12,1.363,173.1
2026-08-04,16:06:12,1.363,173.1
2026-08-04,16:06:12,1.363,173.1
2026-08-04,16:06:12,1.363,173.1
2026-08-04,16:06:12,1.363,173.1
2026-08-04,16:06:12,1.363,173.1
2026-08-04,16:06:13,1.363,173.1
2026-08-04,16:06:13,1.363,173.1
2026-08-04,16:06:13,1.363,173.1
2026-08-04,16:06:13,1.363,173.1
2026-08-04,16:06:13,1.363,173.1
2026-08-04,16:06:13,1.363,173.1
2026-08-04,16:06:14,1.363,173.1
2026-08-04,16:06:14,1.363,173.1
2026-08-04,16:06:14,1.363,173.2
2026-08-04,16:06:14,1.364,173.2
2026-08-04,16:06:14,1.364,173.2
2026-08-04,16:06:14,1.364,173.2
2026-08-04,16:06:15,1.364,173.2
2026-08-04,16:06:15,1.364,173.2
2026-08-04,16:06:15,1.364,173.2
2026-08-04,16:06:15,1.364,173.2
2026-08-04,16:06:15,1.364,173.2
2026-08-04,16:06:15,1.364,173.2
2026-08-04,16:06:16,1.364,173.2
2026-08-04,16:06:16,1.364,173.2
2026-08-04,16:06:16,1.364,173.2
2026-08-04,16:06:16,1.363,173.2
2026-08-04,16:06:16,1.363,173.2
2026-08-04,16:06:16,1.363,173.1
2026-08-04,16:06:17,1.363,173.1
2026-08-04,16:06:17,1.363,173.1
2026-08-04,16:06:17,1.363,173.1
2026-08-04,16:06:17,1.363,173.1
2026-08-04,16:06:17,1.363,173.1
2026-08-04,16:06:17,1.363,173.1
2026-08-04,16:06:18,1.363,173.1
2026-08-04,16:06:18,1.363,173.1
2026-08-04,16:06:18,1.363,173.1
2026-08-04,16:06:18,1.363,173.1
2026-08-04,16:06:18,1.363,173.1
2026-08-04,16:06:18,1.363,173.1
2026-08-04,16:06:19,1.363,173.2
2026-08-04,16:06:19,1.363,173.2
2026-08-04,16:06:19,1.363,173.2
2026-08-04,16:06:19,1.363,173.2
2026-08-04,16:06:19,1.363,173.2
2026-08-04,16:06:19,1.363,173.2
2026-08-04,16:06:20,1.363,173.1
2026-08-04,16:06:20,1.363,173.1
2026-08-04,16:06:20,1.363,173.1
2026-08-04,16:06:20,1.363,173.1
2026-08-04,16:06:20,1.363,173.1
2026-08-04,16:06:20,1.363,173.1
2026-08-04,16:06:21,1.363,173.1
2026-08-04,16:06:21,1.363,173.1
2026-08-04,16:06:21,1.363,173.1
2026-08-04,16:06:21,1.363,173.1
2026-08-04,16:06:21,1.363,173.1
2026-08-04,16:06:21,1.363,173.2
2026-08-04,16:06:22,1.363,173.2
2026-08-04,16:06:22,1.363,173.2
2026-08-04,16:06:22,1.363,173.2
2026-08-04,16:06:22,1.364,173.2
2026-08-04,16:06:22,1.364,173.2
2026-08-04,16:06:22,1.364,173.2
2026-08-04,16:06:23,1.364,173.2
2026-08-04,16:06:23,1.364,173.2
2026-08-04,16:06:23,1.364,173.2
2026-08-04,16:06:23,1.363,173.2
2026-08-04,16:06:23,1.363,173.2
2026-08-04,16:06:23,1.363,173.1
2026-08-04,16:06:24,1.363,173.1
2026-08-04,16:06:24,1.363,173.1
2026-08-04,16:06:24,1.363,173.1
2026-08-04,16:06:24,1.363,173.1
2026-08-04,16:06:24,1.363,173.1
2026-08-04,16:06:24,1.363,173.1
2026-08-04,16:06:25,1.363,173.1
2026-08-04,16:06:25,1.363,173.1
2026-08-04,16:06:25,1.363,173.1
2026-08-04,16:06:25,1.363,173.1
2026-08-04,16:06:25,1.363,173.1
2026-08-04,16:06:25,1.363,173.1
2026-08-04,16:06:25,1.363,173.1
2026-08-04,16:06:26,1.363,173.1
2026-08-04,16:06:26,1.363,173.2
2026-08-04,16:06:26,1.363,173.2
2026-08-04,16:06:26,1.363,173.2
2026-08-04,16:06:26,1.363,173.2
2026-08-04,16:06:26,1.363,173.1
2026-08-04,16:06:27,1.363,173.1
2026-08-04,16:06:27,1.363,173.1
2026-08-04,16:06:27,1.363,173.1
2026-08-04,16:06:27,1.363,173.1
2026-08-04,16:06:27,1.363,173.1
2026-08-04,16:06:27,1.363,173.1
2026-08-04,16:06:28,1.363,173.1
2026-08-04,16:06:28,1.363,173.1
2026-08-04,16:06:28,1.363,173.1
2026-08-04,16:06:28,1.363,173.1
2026-08-04,16:06:28,1.363,173.1
2026-08-04,16:06:28,1.363,173.1
2026-08-04,16:06:29,1.363,173.1
2026-08-04,16:06:29,1.363,173.1
2026-08-04,16:06:29,1.363,173.1
2026-08-04,16:06:29,1.363,173.1
2026-08-04,16:06:29,1.363,173.1
2026-08-04,16:06:29,1.363,173.1
2026-08-04,16:06:30,1.363,173.1
2026-08-04,16:06:30,1.363,173.1
2026-08-04,16:06:30,1.363,173.1
2026-08-04,16:06:30,1.363,173.1
2026-08-04,16:06:30,1.363,173.1
2026-08-04,16:06:30,1.363,173.1
2026-08-04,16:06:31,1.363,173.1
2026-08-04,16:06:31,1.363,173.1
2026-08-04,16:06:31,1.363,173.1
2026-08-04,16:06:31,1.363,173.1
2026-08-04,16:06:31,1.363,173.1
2026-08-04,16:06:31,1.363,173.1
2026-08-04,16:06:32,1.363,173.1
2026-08-04,16:06:32,1.363,173.1
2026-08-04,16:06:32,1.363,173.1
2026-08-04,16:06:32,1.363,173.1
2026-08-04,16:06:32,1.363,173.1
2026-08-04,16:06:32,1.363,173.1
2026-08-04,16:06:33,1.363,173.1
2026-08-04,16:06:33,1.363,173.1
2026-08-04,16:06:33,1.363,173.1
2026-08-04,16:06:33,1.363,173.1
2026-08-04,16:06:33,1.363,173.1
2026-08-04,16:06:33,1.363,173.1
2026-08-04,16:06:34,1.363,173.1
2026-08-04,16:06:34,1.363,173.1
2026-08-04,16:06:34,1.363,173.1
2026-08-04,16:06:34,1.363,173.1
2026-08-04,16:06:34,1.363,173.1
2026-08-04,16:06:34,1.363,173.1
2026-08-04,16:06:35,1.363,173.1
2026-08-04,16:06:35,1.363,173.1
2026-08-04,16:06:35,1.363,173.1
2026-08-04,16:06:35,1.363,173.1
2026-08-04,16:06:35,1.363,173.1
2026-08-04,16:06:35,1.363,173.1
2026-08-04,16:06:36,1.363,173.1
2026-08-04,16:06:36,1.363,173.1
2026-08-04,16:06:36,1.363,173.1
2026-08-04,16:06:36,1.363,173.1
2026-08-04,16:06:36,1.363,173.1
2026-08-04,16:06:36,1.363,173.1
2026-08-04,16:06:37,1.363,173.1
2026-08-04,16:06:37,1.363,173.1
2026-08-04,16:06:37,1.363,173.1
2026-08-04,16:06:37,1.363,173.1
2026-08-04,16:06:37,1.363,173.1
2026-08-04,16:06:37,1.363,173.1
2026-08-04,16:06:38,1.363,173.1
2026-08-04,16:06:38,1.363,173.1
2026-08-04,16:06:38,1.363,173.1
2026-08-04,16:06:38,1.363,173.1
2026-08-04,16:06:38,1.363,173.1
2026-08-04,16:06:38,1.363,173.1
2026-08-04,16:06:39,1.363,173.1
2026-08-04,16:06:39,1.363,173.1
2026-08-04,16:06:39,1.363,173.1
2026-08-04,16:06:39,1.363,173.1
2026-08-04,16:06:39,1.363,173.1
2026-08-04,16:06:39,1.363,173.1
2026-08-04,16:06:40,1.363,173.1
2026-08-04,16:06:40,1.363,173.1
2026-08-04,16:06:40,1.363,173.1
2026-08-04,16:06:40,1.363,173.1
2026-08-04,16:06:40,1.363,173.1
2026-08-04,16:06:40,1.363,173.1
2026-08-04,16:06:41,1.363,173.2
2026-08-04,16:06:41,1.363,173.2
2026-08-04,16:06:41,1.363,173.2
2026-08-04,16:06:41,1.363,173.2
2026-08-04,16:06:41,1.363,173.2
2026-08-04,16:06:41,1.363,173.2
2026-08-04,16:06:42,1.363,173.1
2026-08-04,16:06:42,1.363,173.1
2026-08-04,16:06:42,1.363,173.1
2026-08-04,16:06:42,1.363,173.1
2026-08-04,16:06:42,1.363,173.1
2026-08-04,16:06:42,1.363,173.1
2026-08-04,16:06:42,1.363,173.1
2026-08-04,16:06:43,1.363,173.1
2026-08-04,16:06:43,1.363,173.2
2026-08-04,16:06:43,1.363,173.2
2026-08-04,16:06:43,1.364,173.2
2026-08-04,16:06:43,1.364,173.2
2026-08-04,16:06:43,1.364,173.2
2026-08-04,16:06:44,1.364,173.2
2026-08-04,16:06:44,1.364,173.2
2026-08-04,16:06:44,1.364,173.2
2026-08-04,16:06:44,1.364,173.2
2026-08-04,16:06:44,1.364,173.2
2026-08-04,16:06:44,1.364,173.2
2026-08-04,16:06:45,1.364,173.2
2026-08-04,16:06:45,1.364,173.2
2026-08-04,16:06:45,1.364,173.2
2026-08-04,16:06:45,1.364,173.2
2026-08-04,16:06:45,1.364,173.2
2026-08-04,16:06:45,1.364,173.2
2026-08-04,16:06:46,1.364,173.2
2026-08-04,16:06:46,1.364,173.2
2026-08-04,16:06:46,1.364,173.2
2026-08-04,16:06:46,1.364,173.2
2026-08-04,16:06:46,1.364,173.2
2026-08-04,16:06:46,1.364,173.2
2026-08-04,16:06:47,1.364,173.2
2026-08-04,16:06:47,1.364,173.2
2026-08-04,16:06:47,1.364,173.2
2026-08-04,16:06:47,1.364,173.2
2026-08-04,16:06:47,1.364,173.2
2026-08-04,16:06:47,1.364,173.2
2026-08-04,16:06:48,1.364,173.2
2026-08-04,16:06:48,1.364,173.2
2026-08-04,16:06:48,1.364,173.2
2026-08-04,16:06:48,1.364,173.2
2026-08-04,16:06:48,1.364,173.2
2026-08-04,16:06:48,1.364,173.2
2026-08-04,16:06:49,1.364,173.2
2026-08-04,16:06:49,1.364,173.2
2026-08-04,16:06:49,1.364,173.2
2026-08-04,16:06:49,1.364,173.2
2026-08-04,16:06:49,1.364,173.2
2026-08-04,16:06:49,1.364,173.2
2026-08-04,16:06:50,1.364,173.2
2026-08-04,16:06:50,1.364,173.2
2026-08-04,16:06:50,1.364,173.2
2026-08-04,16:06:50,1.364,173.3
2026-08-04,16:06:50,1.364,173.3
2026-08-04,16:06:50,1.364,173.3
2026-08-04,16:06:51,1.364,173.3
2026-08-04,16:06:51,1.364,173.2
2026-08-04,16:06:51,1.364,173.2
2026-08-04,16:06:51,1.364,173.2
2026-08-04,16:06:51,1.364,173.2
2026-08-04,16:06:51,1.364,173.2
2026-08-04,16:06:52,1.364,173.2
2026-08-04,16:06:52,1.364,173.2
2026-08-04,16:06:52,1.364,173.2
2026-08-04,16:06:52,1.364,173.2
2026-08-04,16:06:52,1.364,173.2
2026-08-04,16:06:52,1.363,173.2
2026-08-04,16:06:53,1.363,173.2
2026-08-04,16:06:53,1.363,173.1
2026-08-04,16:06:53,1.363,173.1
2026-08-04,16:06:53,1.363,173.1
2026-08-04,16:06:53,1.363,173.1
2026-08-04,16:06:53,1.363,173.1
2026-08-04,16:06:54,1.363,173.1
2026-08-04,16:06:54,1.363,173.1
2026-08-04,16:06:54,1.363,173.1
2026-08-04,16:06:54,1.363,173.1
2026-08-04,16:06:54,1.363,173.1
2026-08-04,16:06:54,1.363,173.1
2026-08-04,16:06:55,1.363,173.1
2026-08-04,16:06:55,1.363,173.1
2026-08-04,16:06:55,1.363,173.1
2026-08-04,16:06:55,1.363,173.1
2026-08-04,16:06:55,1.363,173.1
2026-08-04,16:06:55,1.363,173.1
2026-08-04,16:06:56,1.363,173.1
2026-08-04,16:06:56,1.363,173.1
2026-08-04,16:06:56,1.363,173.1
2026-08-04,16:06:56,1.363,173.1
2026-08-04,16:06:56,1.363,173.1
2026-08-04,16:06:56,1.363,173.1
2026-08-04,16:06:57,1.363,173.1
2026-08-04,16:06:57,1.363,173.1
2026-08-04,16:06:57,1.363,173.1
2026-08-04,16:06:57,1.363,173.1
2026-08-04,16:06:57,1.363,173.1
2026-08-04,16:06:57,1.363,173.2
2026-08-04,16:06:58,1.364,173.2
2026-08-04,16:06:58,1.364,173.2
2026-08-04,16:06:58,1.364,173.2
2026-08-04,16:06:58,1.364,173.2
2026-08-04,16:06:58,1.364,173.2
2026-08-04,16:06:58,1.364,173.2
2026-08-04,16:06:58,1.364,173.2
2026-08-04,16:06:59,1.364,173.2
2026-08-04,16:06:59,1.364,173.3
2026-08-04,16:06:59,1.364,173.3
2026-08-04,16:06:59,1.364,173.3
2026-08-04,16:06:59,1.364,173.3
2026-08-04,16:06:59,1.364,173.3
2026-08-04,16:07:00,1.365,173.3
2026-08-04,16:07:00,1.365,173.3
2026-08-04,16:07:00,1.364,173.3
2026-08-04,16:07:00,1.364,173.3
2026-08-04,16:07:00,1.364,173.3
2026-08-04,16:07:00,1.364,173.3
2026-08-04,16:07:01,1.364,173.3
2026-08-04,16:07:01,1.364,173.3
2026-08-04,16:07:01,1.364,173.3
2026-08-04,16:07:01,1.364,173.3
2026-08-04,16:07:01,1.364,173.3
2026-08-04,16:07:01,1.364,173.3
2026-08-04,16:07:02,1.364,173.3
2026-08-04,16:07:02,1.364,173.3
2026-08-04,16:07:02,1.364,173.3
2026-08-04,16:07:02,1.364,173.3
2026-08-04,16:07:02,1.364,173.3
2026-08-04,16:07:02,1.364,173.3
2026-08-04,16:07:03,1.364,173.3
2026-08-04,16:07:03,1.364,173.3
2026-08-04,16:07:03,1.364,173.3
2026-08-04,16:07:03,1.364,173.3
2026-08-04,16:07:03,1.364,173.3
2026-08-04,16:07:03,1.364,173.3
2026-08-04,16:07:04,1.364,173.3
2026-08-04,16:07:04,1.364,173.3
2026-08-04,16:07:04,1.364,173.3
2026-08-04,16:07:04,1.364,173.3
2026-08-04,16:07:04,1.364,173.2
2026-08-04,16:07:04,1.364,173.2
2026-08-04,16:07:05,1.364,173.2
2026-08-04,16:07:05,1.364,173.2
2026-08-04,16:07:05,1.364,173.2
2026-08-04,16:07:05,1.364,173.2
2026-08-04,16:07:05,1.364,173.2
2026-08-04,16:07:05,1.364,173.2
2026-08-04,16:07:06,1.364,173.2
2026-08-04,16:07:06,1.364,173.2
2026-08-04,16:07:06,1.364,173.3
2026-08-04,16:07:06,1.364,173.3
2026-08-04,16:07:06,1.364,173.3
2026-08-04,16:07:06,1.364,173.3
2026-08-04,16:07:07,1.364,173.2
2026-08-04,16:07:07,1.364,173.2
2026-08-04,16:07:07,1.364,173.2
2026-08-04,16:07:07,1.364,173.2
2026-08-04,16:07:07,1.364,173.2
2026-08-04,16:07:07,1.364,173.2
2026-08-04,16:07:08,1.364,173.2
2026-08-04,16:07:08,1.364,173.2
2026-08-04,16:07:08,1.364,173.2
2026-08-04,16:07:08,1.364,173.2
2026-08-04,16:07:08,1.364,173.2
2026-08-04,16:07:08,1.364,173.2
2026-08-04,16:07:09,1.364,173.2
2026-08-04,16:07:09,1.364,173.2
2026-08-04,16:07:09,1.364,173.2
2026-08-04,16:07:09,1.364,173.2
2026-08-04,16:07:09,1.364,173.2
2026-08-04,16:07:09,1.364,173.2
2026-08-04,16:07:10,1.364,173.2
2026-08-04,16:07:10,1.364,173.2
2026-08-04,16:07:10,1.364,173.2
2026-08-04,16:07:10,1.364,173.2
2026-08-04,16:07:10,1.364,173.2
2026-08-04,16:07:10,1.364,173.2
2026-08-04,16:07:11,1.364,173.2
2026-08-04,16:07:11,1.364,173.2
2026-08-04,16:07:11,1.363,173.2
2026-08-04,16:07:11,1.363,173.2
2026-08-04,16:07:11,1.363,173.2
2026-08-04,16:07:11,1.363,173.1
2026-08-04,16:07:12,1.363,173.1
2026-08-04,16:07:12,1.363,173.1
2026-08-04,16:07:12,1.363,173.1
2026-08-04,16:07:12,1.363,173.1
2026-08-04,16:07:12,1.363,173.1
2026-08-04,16:07:12,1.363,173.1
2026-08-04,16:07:13,1.363,173.1
2026-08-04,16:07:13,1.363,173.1
2026-08-04,16:07:13,1.363,173.1
2026-08-04,16:07:13,1.363,173.1
2026-08-04,16:07:13,1.363,173.1
2026-08-04,16:07:13,1.363,173.2
2026-08-04,16:07:14,1.363,173.2
2026-08-04,16:07:14,1.363,173.2
2026-08-04,16:07:14,1.363,173.2
2026-08-04,16:07:14,1.363,173.2
2026-08-04,16:07:14,1.363,173.2
2026-08-04,16:07:14,1.363,173.2
2026-08-04,16:07:15,1.363,173.2
2026-08-04,16:07:15,1.364,173.2
2026-08-04,16:07:15,1.364,173.2
2026-08-04,16:07:15,1.364,173.2
2026-08-04,16:07:15,1.364,173.2
2026-08-04,16:07:15,1.364,173.2
2026-08-04,16:07:15,1.364,173.2
2026-08-04,16:07:16,1.364,173.2
2026-08-04,16:07:16,1.364,173.2
2026-08-04,16:07:16,1.364,173.2
2026-08-04,16:07:16,1.364,173.2
2026-08-04,16:07:16,1.364,173.2
2026-08-04,16:07:16,1.364,173.2
2026-08-04,16:07:17,1.364,173.2
2026-08-04,16:07:17,1.364,173.2
2026-08-04,16:07:17,1.364,173.2
2026-08-04,16:07:17,1.364,173.2
2026-08-04,16:07:17,1.364,173.2
2026-08-04,16:07:17,1.364,173.2
2026-08-04,16:07:18,1.364,173.2
2026-08-04,16:07:18,1.364,173.2
2026-08-04,16:07:18,1.363,173.2
2026-08-04,16:07:18,1.363,173.2
2026-08-04,16:07:18,1.363,173.2
2026-08-04,16:07:18,1.363,173.2
2026-08-04,16:07:19,1.363,173.2
2026-08-04,16:07:19,1.363,173.1
2026-08-04,16:07:19,1.363,173.1
2026-08-04,16:07:19,1.363,173.1
2026-08-04,16:07:19,1.363,173.1
2026-08-04,16:07:19,1.363,173.1
2026-08-04,16:07:20,1.363,173.1
2026-08-04,16:07:20,1.363,173.1
2026-08-04,16:07:20,1.363,173.1
2026-08-04,16:07:20,1.363,173.1
2026-08-04,16:07:20,1.363,173.1
2026-08-04,16:07:20,1.363,173.1
2026-08-04,16:07:21,1.363,173.1
2026-08-04,16:07:21,1.363,173.1
2026-08-04,16:07:21,1.363,173.1
2026-08-04,16:07:21,1.363,173.1
2026-08-04,16:07:21,1.363,173.1
2026-08-04,16:07:21,1.363,173.1
2026-08-04,16:07:22,1.363,173.1
2026-08-04,16:07:22,1.363,173.1
2026-08-04,16:07:22,1.363,173.1
2026-08-04,16:07:22,1.363,173.1
2026-08-04,16:07:22,1.363,173.1
2026-08-04,16:07:22,1.363,173.1
2026-08-04,16:07:23,1.363,173.1
2026-08-04,16:07:23,1.363,173.1
2026-08-04,16:07:23,1.363,173.1
2026-08-04,16:07:23,1.363,173.1
2026-08-04,16:07:23,1.363,173.1
2026-08-04,16:07:23,1.363,173.1
2026-08-04,16:07:24,1.363,173.1
2026-08-04,16:07:24,1.363,173.1
2026-08-04,16:07:24,1.363,173.1
2026-08-04,16:07:24,1.363,173.1
2026-08-04,16:07:24,1.363,173.1
2026-08-04,16:07:24,1.363,173.1
2026-08-04,16:07:25,1.363,173.1
2026-08-04,16:07:25,1.363,173.1
2026-08-04,16:07:25,1.363,173.1
2026-08-04,16:07:25,1.363,173.1
2026-08-04,16:07:25,1.363,173.1
2026-08-04,16:07:25,1.363,173.1
2026-08-04,16:07:26,1.363,173.1
2026-08-04,16:07:26,1.363,173.1
2026-08-04,16:07:26,1.363,173.1
2026-08-04,16:07:26,1.363,173.1
2026-08-04,16:07:26,1.363,173.1
2026-08-04,16:07:26,1.363,173.1
2026-08-04,16:07:27,1.363,173.0
2026-08-04,16:07:27,1.363,173.0
2026-08-04,16:07:27,1.363,173.0
2026-08-04,16:07:27,1.362,173.0
2026-08-04,16:07:27,1.362,173.0
2026-08-04,16:07:27,1.362,173.0
2026-08-04,16:07:28,1.362,173.0
2026-08-04,16:07:28,1.362,173.0
2026-08-04,16:07:28,1.362,173.0
2026-08-04,16:07:28,1.362,173.0
2026-08-04,16:07:28,1.362,173.0
2026-08-04,16:07:28,1.362,173.0
2026-08-04,16:07:29,1.362,173.0
2026-08-04,16:07:29,1.362,173.0
2026-08-04,16:07:29,1.362,173.0
2026-08-04,16:07:29,1.362,173.0
2026-08-04,16:07:29,1.362,173.0
2026-08-04,16:07:29,1.362,173.0
2026-08-04,16:07:30,1.363,173.0
2026-08-04,16:07:30,1.363,173.1
2026-08-04,16:07:30,1.363,173.1
2026-08-04,16:07:30,1.363,173.1
2026-08-04,16:07:30,1.363,173.1
2026-08-04,16:07:30,1.363,173.1
2026-08-04,16:07:31,1.363,173.1
2026-08-04,16:07:31,1.363,173.1
2026-08-04,16:07:31,1.363,173.1
2026-08-04,16:07:31,1.363,173.1
2026-08-04,16:07:31,1.363,173.1
2026-08-04,16:07:31,1.363,173.1
2026-08-04,16:07:31,1.363,173.1
2026-08-04,16:07:32,1.363,173.1
2026-08-04,16:07:32,1.363,173.1
2026-08-04,16:07:32,1.363,173.1
2026-08-04,16:07:32,1.363,173.1
2026-08-04,16:07:32,1.363,173.1
2026-08-04,16:07:32,1.363,173.1
2026-08-04,16:07:33,1.363,173.1
2026-08-04,16:07:33,1.363,173.1
2026-08-04,16:07:33,1.363,173.1
2026-08-04,16:07:33,1.363,173.1
2026-08-04,16:07:33,1.363,173.1
2026-08-04,16:07:33,1.363,173.1
2026-08-04,16:07:34,1.363,173.1
2026-08-04,16:07:34,1.363,173.1
2026-08-04,16:07:34,1.363,173.1
2026-08-04,16:07:34,1.363,173.2
2026-08-04,16:07:34,1.363,173.2
2026-08-04,16:07:34,1.364,173.2
2026-08-04,16:07:35,1.364,173.2
2026-08-04,16:07:35,1.364,173.2
2026-08-04,16:07:35,1.364,173.2
2026-08-04,16:07:35,1.364,173.2
2026-08-04,16:07:35,1.364,173.2
2026-08-04,16:07:35,1.364,173.2
2026-08-04,16:07:36,1.364,173.2
2026-08-04,16:07:36,1.364,173.2
2026-08-04,16:07:36,1.364,173.2
2026-08-04,16:07:36,1.364,173.2
2026-08-04,16:07:36,1.364,173.2
2026-08-04,16:07:36,1.364,173.2
2026-08-04,16:07:37,1.364,173.2
2026-08-04,16:07:37,1.364,173.2
2026-08-04,16:07:37,1.364,173.2
2026-08-04,16:07:37,1.364,173.2
2026-08-04,16:07:37,1.364,173.2
2026-08-04,16:07:37,1.364,173.2
2026-08-04,16:07:38,1.364,173.2
2026-08-04,16:07:38,1.364,173.2
2026-08-04,16:07:38,1.364,173.2
2026-08-04,16:07:38,1.364,173.2
2026-08-04,16:07:38,1.364,173.2
2026-08-04,16:07:38,1.363,173.2
2026-08-04,16:07:39,1.363,173.1
2026-08-04,16:07:39,1.363,173.1
2026-08-04,16:07:39,1.363,173.1
2026-08-04,16:07:39,1.363,173.1
2026-08-04,16:07:39,1.363,173.1
2026-08-04,16:07:39,1.363,173.1
2026-08-04,16:07:40,1.363,173.2
2026-08-04,16:07:40,1.363,173.2
2026-08-04,16:07:40,1.363,173.2
2026-08-04,16:07:40,1.364,173.2
2026-08-04,16:07:40,1.364,173.2
2026-08-04,16:07:40,1.364,173.2
2026-08-04,16:07:41,1.364,173.2
2026-08-04,16:07:41,1.364,173.2
2026-08-04,16:07:41,1.364,173.2
2026-08-04,16:07:41,1.364,173.2
2026-08-04,16:07:41,1.364,173.2
2026-08-04,16:07:41,1.364,173.2
2026-08-04,16:07:42,1.364,173.2
2026-08-04,16:07:42,1.364,173.2
2026-08-04,16:07:42,1.364,173.2
2026-08-04,16:07:42,1.364,173.2
2026-08-04,16:07:42,1.364,173.2
2026-08-04,16:07:42,1.364,173.2
2026-08-04,16:07:43,1.364,173.2
2026-08-04,16:07:43,1.364,173.2
2026-08-04,16:07:43,1.364,173.2
2026-08-04,16:07:43,1.364,173.2
2026-08-04,16:07:43,1.364,173.2
2026-08-04,16:07:43,1.364,173.2
2026-08-04,16:07:44,1.364,173.2
2026-08-04,16:07:44,1.364,173.2
2026-08-04,16:07:44,1.364,173.2
2026-08-04,16:07:44,1.364,173.2
2026-08-04,16:07:44,1.363,173.2
2026-08-04,16:07:44,1.363,173.2
2026-08-04,16:07:45,1.363,173.1
2026-08-04,16:07:45,1.363,173.1
2026-08-04,16:07:45,1.363,173.1
2026-08-04,16:07:45,1.363,173.1
2026-08-04,16:07:45,1.363,173.1
2026-08-04,16:07:45,1.363,173.1
2026-08-04,16:07:46,1.363,173.1
2026-08-04,16:07:46,1.363,173.1
2026-08-04,16:07:46,1.363,173.1
2026-08-04,16:07:46,1.363,173.1
2026-08-04,16:07:46,1.363,173.1
2026-08-04,16:07:46,1.363,173.1
2026-08-04,16:07:47,1.363,173.1
2026-08-04,16:07:47,1.363,173.1
2026-08-04,16:07:47,1.363,173.1
2026-08-04,16:07:47,1.363,173.1
2026-08-04,16:07:47,1.363,173.1
2026-08-04,16:07:47,1.363,173.1
2026-08-04,16:07:48,1.363,173.1
2026-08-04,16:07:48,1.363,173.1
2026-08-04,16:07:48,1.363,173.1
2026-08-04,16:07:48,1.363,173.1
2026-08-04,16:07:48,1.363,173.1
2026-08-04,16:07:48,1.363,173.2
2026-08-04,16:07:48,1.363,173.2
2026-08-04,16:07:49,1.364,173.2
2026-08-04,16:07:49,1.364,173.2
2026-08-04,16:07:49,1.364,173.2
2026-08-04,16:07:49,1.364,173.2
2026-08-04,16:07:49,1.364,173.2
2026-08-04,16:07:49,1.364,173.2
2026-08-04,16:07:50,1.364,173.2
2026-08-04,16:07:50,1.364,173.2
2026-08-04,16:07:50,1.364,173.2
2026-08-04,16:07:50,1.364,173.2
2026-08-04,16:07:50,1.364,173.2
2026-08-04,16:07:50,1.364,173.2
2026-08-04,16:07:51,1.364,173.2
2026-08-04,16:07:51,1.364,173.2
2026-08-04,16:07:51,1.364,173.2
2026-08-04,16:07:51,1.364,173.2
2026-08-04,16:07:51,1.364,173.2
2026-08-04,16:07:51,1.364,173.2
2026-08-04,16:07:52,1.364,173.2
2026-08-04,16:07:52,1.364,173.2
2026-08-04,16:07:52,1.364,173.2
2026-08-04,16:07:52,1.364,173.2
2026-08-04,16:07:52,1.364,173.2
2026-08-04,16:07:52,1.364,173.2
2026-08-04,16:07:53,1.364,173.2
2026-08-04,16:07:53,1.364,173.2
2026-08-04,16:07:53,1.364,173.2
2026-08-04,16:07:53,1.364,173.2
2026-08-04,16:07:53,1.364,173.2
2026-08-04,16:07:53,1.364,173.2
2026-08-04,16:07:54,1.364,173.2
2026-08-04,16:07:54,1.364,173.2
2026-08-04,16:07:54,1.364,173.2
2026-08-04,16:07:54,1.364,173.2
2026-08-04,16:07:54,1.364,173.2
2026-08-04,16:07:54,1.364,173.2
2026-08-04,16:07:55,1.364,173.2
2026-08-04,16:07:55,1.364,173.2
2026-08-04,16:07:55,1.364,173.2
2026-08-04,16:07:55,1.364,173.2
2026-08-04,16:07:55,1.364,173.2
2026-08-04,16:07:55,1.364,173.2
2026-08-04,16:07:56,1.364,173.2
2026-08-04,16:07:56,1.364,173.2
2026-08-04,16:07:56,1.364,173.2
2026-08-04,16:07:56,1.364,173.2
2026-08-04,16:07:56,1.364,173.2
2026-08-04,16:07:56,1.364,173.2
2026-08-04,16:07:57,1.364,173.2
2026-08-04,16:07:57,1.364,173.2
2026-08-04,16:07:57,1.364,173.2
2026-08-04,16:07:57,1.364,173.2
2026-08-04,16:07:57,1.364,173.2
2026-08-04,16:07:57,1.364,173.2
2026-08-04,16:07:58,1.364,173.2
2026-08-04,16:07:58,1.364,173.2
2026-08-04,16:07:58,1.364,173.2
2026-08-04,16:07:58,1.364,173.2
2026-08-04,16:07:58,1.364,173.2
2026-08-04,16:07:58,1.364,173.2
2026-08-04,16:07:59,1.364,173.2
2026-08-04,16:07:59,1.364,173.2
2026-08-04,16:07:59,1.364,173.2
2026-08-04,16:07:59,1.364,173.2
2026-08-04,16:07:59,1.364,173.2
2026-08-04,16:07:59,1.364,173.2
2026-08-04,16:08:00,1.364,173.2
2026-08-04,16:08:00,1.364,173.2
2026-08-04,16:08:00,1.364,173.2
2026-08-04,16:08:00,1.364,173.2
2026-08-04,16:08:00,1.364,173.2
2026-08-04,16:08:00,1.364,173.2
2026-08-04,16:08:01,1.364,173.2
2026-08-04,16:08:01,1.364,173.2
2026-08-04,16:08:01,1.364,173.2
2026-08-04,16:08:01,1.364,173.2
2026-08-04,16:08:01,1.364,173.2
2026-08-04,16:08:01,1.364,173.2
2026-08-04,16:08:02,1.364,173.2
2026-08-04,16:08:02,1.364,173.2
2026-08-04,16:08:02,1.364,173.2
2026-08-04,16:08:02,1.364,173.2
2026-08-04,16:08:02,1.364,173.2
2026-08-04,16:08:02,1.364,173.2
2026-08-04,16:08:03,1.364,173.2
2026-08-04,16:08:03,1.364,173.2
2026-08-04,16:08:03,1.364,173.2
2026-08-04,16:08:03,1.364,173.2
2026-08-04,16:08:03,1.364,173.2
2026-08-04,16:08:03,1.364,173.2
2026-08-04,16:08:04,1.364,173.2
2026-08-04,16:08:04,1.364,173.2
2026-08-04,16:08:04,1.364,173.2
2026-08-04,16:08:04,1.364,173.2
2026-08-04,16:08:04,1.364,173.2
2026-08-04,16:08:04,1.364,173.2
2026-08-04,16:08:04,1.364,173.2
2026-08-04,16:08:05,1.364,173.2
2026-08-04,16:08:05,1.364,173.2
2026-08-04,16:08:05,1.364,173.2
2026-08-04,16:08:05,1.364,173.2
2026-08-04,16:08:05,1.364,173.2
2026-08-04,16:08:05,1.364,173.2
2026-08-04,16:08:06,1.364,173.2
2026-08-04,16:08:06,1.364,173.2
2026-08-04,16:08:06,1.364,173.2
2026-08-04,16:08:06,1.364,173.3
2026-08-04,16:08:06,1.364,173.3
2026-08-04,16:08:06,1.364,173.3
2026-08-04,16:08:07,1.364,173.3
2026-08-04,16:08:07,1.364,173.2
2026-08-04,16:08:07,1.364,173.2
2026-08-04,16:08:07,1.364,173.2
2026-08-04,16:08:07,1.364,173.2
2026-08-04,16:08:07,1.364,173.2
2026-08-04,16:08:08,1.364,173.2
2026-08-04,16:08:08,1.364,173.2
2026-08-04,16:08:08,1.364,173.2
2026-08-04,16:08:08,1.364,173.2
2026-08-04,16:08:08,1.364,173.2
2026-08-04,16:08:08,1.364,173.2
2026-08-04,16:08:09,1.364,173.2
2026-08-04,16:08:09,1.364,173.2
2026-08-04,16:08:09,1.364,173.2
2026-08-04,16:08:09,1.364,173.2
2026-08-04,16:08:09,1.364,173.2
2026-08-04,16:08:09,1.364,173.2
2026-08-04,16:08:10,1.364,173.2
2026-08-04,16:08:10,1.364,173.2
2026-08-04,16:08:10,1.363,173.2
2026-08-04,16:08:10,1.363,173.2
2026-08-04,16:08:10,1.363,173.2
2026-08-04,16:08:10,1.363,173.2
2026-08-04,16:08:11,1.363,173.2
2026-08-04,16:08:11,1.363,173.2
2026-08-04,16:08:11,1.363,173.2
2026-08-04,16:08:11,1.364,173.2
2026-08-04,16:08:11,1.364,173.2
2026-08-04,16:08:11,1.364,173.2
2026-08-04,16:08:12,1.364,173.2
2026-08-04,16:08:12,1.364,173.2
2026-08-04,16:08:12,1.364,173.2
2026-08-04,16:08:12,1.364,173.2
2026-08-04,16:08:12,1.364,173.2
2026-08-04,16:08:12,1.364,173.2
2026-08-04,16:08:13,1.364,173.2
2026-08-04,16:08:13,1.364,173.2
2026-08-04,16:08:13,1.364,173.2
2026-08-04,16:08:13,1.364,173.2
2026-08-04,16:08:13,1.364,173.2
2026-08-04,16:08:13,1.364,173.2
2026-08-04,16:08:14,1.364,173.2
2026-08-04,16:08:14,1.364,173.2
2026-08-04,16:08:14,1.364,173.2
2026-08-04,16:08:14,1.364,173.2
2026-08-04,16:08:14,1.364,173.2
2026-08-04,16:08:14,1.364,173.2
2026-08-04,16:08:15,1.364,173.2
2026-08-04,16:08:15,1.364,173.2
2026-08-04,16:08:15,1.364,173.2
2026-08-04,16:08:15,1.364,173.3
2026-08-04,16:08:15,1.364,173.3
2026-08-04,16:08:15,1.364,173.3
2026-08-04,16:08:16,1.364,173.3
2026-08-04,16:08:16,1.364,173.2
2026-08-04,16:08:16,1.364,173.2
2026-08-04,16:08:16,1.364,173.2
2026-08-04,16:08:16,1.364,173.2
2026-08-04,16:08:16,1.364,173.2
2026-08-04,16:08:17,1.364,173.2
2026-08-04,16:08:17,1.364,173.2
2026-08-04,16:08:17,1.364,173.2
2026-08-04,16:08:17,1.364,173.2
2026-08-04,16:08:17,1.364,173.2
2026-08-04,16:08:17,1.364,173.2
2026-08-04,16:08:18,1.364,173.2
2026-08-04,16:08:18,1.364,173.2
2026-08-04,16:08:18,1.364,173.2
2026-08-04,16:08:18,1.364,173.2
2026-08-04,16:08:18,1.364,173.2
2026-08-04,16:08:18,1.364,173.2
2026-08-04,16:08:19,1.364,173.2
2026-08-04,16:08:19,1.364,173.2
2026-08-04,16:08:19,1.364,173.2
2026-08-04,16:08:19,1.364,173.2
2026-08-04,16:08:19,1.364,173.2
2026-08-04,16:08:19,1.363,173.2
2026-08-04,16:08:20,1.363,173.2
2026-08-04,16:08:20,1.363,173.1
2026-08-04,16:08:20,1.363,173.1
2026-08-04,16:08:20,1.363,173.1
2026-08-04,16:08:20,1.363,173.1
2026-08-04,16:08:20,1.363,173.1
2026-08-04,16:08:21,1.363,173.1
2026-08-04,16:08:21,1.363,173.1
2026-08-04,16:08:21,1.363,173.1
2026-08-04,16:08:21,1.363,173.1
2026-08-04,16:08:21,1.363,173.1
2026-08-04,16:08:21,1.363,173.1
2026-08-04,16:08:21,1.363,173.1
2026-08-04,16:08:22,1.363,173.1
2026-08-04,16:08:22,1.363,173.1
2026-08-04,16:08:22,1.363,173.1
2026-08-04,16:08:22,1.363,173.1
2026-08-04,16:08:22,1.363,173.1
2026-08-04,16:08:22,1.363,173.1
2026-08-04,16:08:23,1.363,173.1
2026-08-04,16:08:23,1.363,173.1
2026-08-04,16:08:23,1.363,173.1
2026-08-04,16:08:23,1.363,173.1
2026-08-04,16:08:23,1.363,173.1
2026-08-04,16:08:23,1.363,173.1
2026-08-04,16:08:24,1.363,173.1
2026-08-04,16:08:24,1.363,173.1
2026-08-04,16:08:24,1.363,173.1
2026-08-04,16:08:24,1.363,173.1
2026-08-04,16:08:24,1.363,173.1
2026-08-04,16:08:24,1.363,173.1
2026-08-04,16:08:25,1.363,173.1
2026-08-04,16:08:25,1.363,173.1
2026-08-04,16:08:25,1.363,173.1
2026-08-04,16:08:25,1.363,173.1
2026-08-04,16:08:25,1.363,173.1
2026-08-04,16:08:25,1.363,173.1
2026-08-04,16:08:26,1.363,173.1
2026-08-04,16:08:26,1.363,173.1
2026-08-04,16:08:26,1.363,173.1
2026-08-04,16:08:26,1.363,173.1
2026-08-04,16:08:26,1.363,173.1
2026-08-04,16:08:26,1.363,173.1
2026-08-04,16:08:27,1.363,173.1
2026-08-04,16:08:27,1.363,173.1
2026-08-04,16:08:27,1.363,173.1
2026-08-04,16:08:27,1.363,173.1
2026-08-04,16:08:27,1.363,173.1
2026-08-04,16:08:27,1.363,173.1
2026-08-04,16:08:28,1.363,173.1
2026-08-04,16:08:28,1.363,173.1
2026-08-04,16:08:28,1.363,173.1
2026-08-04,16:08:28,1.363,173.1
2026-08-04,16:08:28,1.363,173.1
2026-08-04,16:08:28,1.363,173.1
2026-08-04,16:08:29,1.363,173.1
2026-08-04,16:08:29,1.363,173.1
2026-08-04,16:08:29,1.363,173.1
2026-08-04,16:08:29,1.363,173.1
2026-08-04,16:08:29,1.363,173.0
2026-08-04,16:08:29,1.363,173.0
2026-08-04,16:08:30,1.362,173.0
2026-08-04,16:08:30,1.362,173.0
2026-08-04,16:08:30,1.362,173.0
2026-08-04,16:08:30,1.362,173.0
2026-08-04,16:08:30,1.362,173.0
2026-08-04,16:08:30,1.362,173.0
2026-08-04,16:08:31,1.362,173.0
2026-08-04,16:08:31,1.362,173.0
2026-08-04,16:08:31,1.363,173.0
2026-08-04,16:08:31,1.363,173.1
2026-08-04,16:08:31,1.363,173.1
2026-08-04,16:08:31,1.363,173.1
2026-08-04,16:08:32,1.363,173.1
2026-08-04,16:08:32,1.363,173.1
2026-08-04,16:08:32,1.363,173.1
2026-08-04,16:08:32,1.363,173.1
2026-08-04,16:08:32,1.363,173.1
2026-08-04,16:08:32,1.363,173.1
2026-08-04,16:08:33,1.363,173.1
2026-08-04,16:08:33,1.363,173.1
2026-08-04,16:08:33,1.363,173.1
2026-08-04,16:08:33,1.363,173.1
2026-08-04,16:08:33,1.363,173.1
2026-08-04,16:08:33,1.363,173.1
2026-08-04,16:08:34,1.363,173.1
2026-08-04,16:08:34,1.363,173.1
2026-08-04,16:08:34,1.363,173.1
2026-08-04,16:08:34,1.363,173.1
2026-08-04,16:08:34,1.363,173.1
2026-08-04,16:08:34,1.363,173.1
2026-08-04,16:08:35,1.363,173.1
2026-08-04,16:08:35,1.363,173.1
2026-08-04,16:08:35,1.363,173.1
2026-08-04,16:08:35,1.363,173.1
2026-08-04,16:08:35,1.363,173.1
2026-08-04,16:08:35,1.363,173.1
2026-08-04,16:08:36,1.363,173.1
2026-08-04,16:08:36,1.363,173.1
2026-08-04,16:08:36,1.363,173.0
2026-08-04,16:08:36,1.363,173.0
2026-08-04,16:08:36,1.362,173.0
2026-08-04,16:08:36,1.362,173.0
2026-08-04,16:08:37,1.362,173.0
2026-08-04,16:08:37,1.362,173.0
2026-08-04,16:08:37,1.362,173.0
2026-08-04,16:08:37,1.362,173.0
2026-08-04,16:08:37,1.362,173.0
2026-08-04,16:08:37,1.362,173.0
2026-08-04,16:08:37,1.362,173.0
2026-08-04,16:08:38,1.362,173.0
2026-08-04,16:08:38,1.362,173.0
2026-08-04,16:08:38,1.362,173.0
2026-08-04,16:08:38,1.362,173.0
2026-08-04,16:08:38,1.362,173.0
2026-08-04,16:08:38,1.362,173.0
2026-08-04,16:08:39,1.362,173.0
2026-08-04,16:08:39,1.362,173.0
2026-08-04,16:08:39,1.362,173.0
2026-08-04,16:08:39,1.362,173.0
2026-08-04,16:08:39,1.362,173.0
2026-08-04,16:08:39,1.362,173.0
2026-08-04,16:08:40,1.362,173.0
2026-08-04,16:08:40,1.362,173.0
2026-08-04,16:08:40,1.363,173.0
2026-08-04,16:08:40,1.363,173.0
2026-08-04,16:08:40,1.363,173.1
2026-08-04,16:08:40,1.363,173.1
2026-08-04,16:08:41,1.363,173.1
2026-08-04,16:08:41,1.363,173.1
2026-08-04,16:08:41,1.363,173.1
2026-08-04,16:08:41,1.363,173.1
2026-08-04,16:08:41,1.363,173.1
2026-08-04,16:08:41,1.363,173.1
2026-08-04,16:08:42,1.363,173.1
2026-08-04,16:08:42,1.363,173.1
2026-08-04,16:08:42,1.363,173.1
2026-08-04,16:08:42,1.363,173.1
2026-08-04,16:08:42,1.363,173.1
2026-08-04,16:08:42,1.363,173.1
2026-08-04,16:08:43,1.363,173.1
2026-08-04,16:08:43,1.363,173.1
2026-08-04,16:08:43,1.363,173.1
2026-08-04,16:08:43,1.363,173.1
2026-08-04,16:08:43,1.363,173.1
2026-08-04,16:08:43,1.363,173.1
2026-08-04,16:08:44,1.363,173.1
2026-08-04,16:08:44,1.363,173.1
2026-08-04,16:08:44,1.363,173.1
2026-08-04,16:08:44,1.363,173.1
2026-08-04,16:08:44,1.363,173.1
2026-08-04,16:08:44,1.363,173.1
2026-08-04,16:08:45,1.363,173.1
2026-08-04,16:08:45,1.363,173.1
2026-08-04,16:08:45,1.363,173.1
2026-08-04,16:08:45,1.363,173.1
2026-08-04,16:08:45,1.363,173.1
2026-08-04,16:08:45,1.363,173.1
2026-08-04,16:08:46,1.363,173.1
2026-08-04,16:08:46,1.363,173.1
2026-08-04,16:08:46,1.363,173.1
2026-08-04,16:08:46,1.363,173.1
2026-08-04,16:08:46,1.363,173.1
2026-08-04,16:08:46,1.363,173.1
2026-08-04,16:08:47,1.363,173.1
2026-08-04,16:08:47,1.363,173.1
2026-08-04,16:08:47,1.363,173.1
2026-08-04,16:08:47,1.363,173.1
2026-08-04,16:08:47,1.363,173.0
2026-08-04,16:08:47,1.363,173.0
2026-08-04,16:08:48,1.363,173.0
2026-08-04,16:08:48,1.363,173.0
2026-08-04,16:08:48,1.363,173.0
2026-08-04,16:08:48,1.363,173.0
2026-08-04,16:08:48,1.363,173.0
2026-08-04,16:08:48,1.363,173.0
2026-08-04,16:08:49,1.363,173.0
2026-08-04,16:08:49,1.363,173.0
2026-08-04,16:08:49,1.363,173.1
2026-08-04,16:08:49,1.363,173.1
2026-08-04,16:08:49,1.363,173.1
2026-08-04,16:08:49,1.363,173.1
2026-08-04,16:08:50,1.363,173.1
2026-08-04,16:08:50,1.363,173.1
2026-08-04,16:08:50,1.363,173.1
2026-08-04,16:08:50,1.363,173.1
2026-08-04,16:08:50,1.363,173.1
2026-08-04,16:08:50,1.363,173.1
2026-08-04,16:08:51,1.363,173.1
2026-08-04,16:08:51,1.363,173.1
2026-08-04,16:08:51,1.363,173.1
2026-08-04,16:08:51,1.363,173.1
2026-08-04,16:08:51,1.363,173.1
2026-08-04,16:08:51,1.363,173.1
2026-08-04,16:08:52,1.363,173.1
2026-08-04,16:08:52,1.363,173.1
2026-08-04,16:08:52,1.363,173.1
2026-08-04,16:08:52,1.363,173.1
2026-08-04,16:08:52,1.363,173.1
2026-08-04,16:08:52,1.363,173.1
2026-08-04,16:08:53,1.363,173.1
2026-08-04,16:08:53,1.363,173.1
2026-08-04,16:08:53,1.363,173.1
2026-08-04,16:08:53,1.363,173.1
2026-08-04,16:08:53,1.363,173.1
2026-08-04,16:08:53,1.363,173.1
2026-08-04,16:08:54,1.363,173.1
2026-08-04,16:08:54,1.363,173.1
2026-08-04,16:08:54,1.363,173.1
2026-08-04,16:08:54,1.363,173.1
2026-08-04,16:08:54,1.363,173.0
2026-08-04,16:08:54,1.363,173.0
2026-08-04,16:08:54,1.363,173.0
2026-08-04,16:08:55,1.362,173.0
2026-08-04,16:08:55,1.362,173.0
2026-08-04,16:08:55,1.362,173.0
2026-08-04,16:08:55,1.362,173.0
2026-08-04,16:08:55,1.362,173.0
2026-08-04,16:08:55,1.363,173.0
2026-08-04,16:08:56,1.363,173.0
2026-08-04,16:08:56,1.363,173.0
2026-08-04,16:08:56,1.363,173.0
2026-08-04,16:08:56,1.363,173.0
2026-08-04,16:08:56,1.363,173.0
2026-08-04,16:08:56,1.363,173.0
2026-08-04,16:08:57,1.363,173.0
2026-08-04,16:08:57,1.362,173.0
2026-08-04,16:08:57,1.362,173.0
2026-08-04,16:08:57,1.362,173.0
2026-08-04,16:08:57,1.362,173.0
2026-08-04,16:08:57,1.362,173.0
2026-08-04,16:08:58,1.362,173.0
2026-08-04,16:08:58,1.362,173.0
2026-08-04,16:08:58,1.362,173.0
2026-08-04,16:08:58,1.362,173.0
2026-08-04,16:08:58,1.362,173.0
2026-08-04,16:08:58,1.362,173.0
2026-08-04,16:08:59,1.362,173.0
2026-08-04,16:08:59,1.362,173.0
2026-08-04,16:08:59,1.362,173.0
2026-08-04,16:08:59,1.362,173.0
2026-08-04,16:08:59,1.362,173.0
2026-08-04,16:08:59,1.362,173.0
2026-08-04,16:09:00,1.362,173.0
2026-08-04,16:09:00,1.362,173.0
2026-08-04,16:09:00,1.362,173.0
2026-08-04,16:09:00,1.362,173.0
2026-08-04,16:09:00,1.362,173.0
2026-08-04,16:09:00,1.362,173.0
2026-08-04,16:09:01,1.362,173.0
2026-08-04,16:09:01,1.362,173.0
2026-08-04,16:09:01,1.362,173.0
2026-08-04,16:09:01,1.362,173.0
2026-08-04,16:09:01,1.362,173.0
2026-08-04,16:09:01,1.362,173.0
2026-08-04,16:09:02,1.362,173.0
2026-08-04,16:09:02,1.362,173.0
2026-08-04,16:09:02,1.362,173.0
2026-08-04,16:09:02,1.362,173.0
2026-08-04,16:09:02,1.362,173.0
2026-08-04,16:09:02,1.362,173.0
2026-08-04,16:09:03,1.362,173.0
2026-08-04,16:09:03,1.362,173.0
2026-08-04,16:09:03,1.362,173.0
2026-08-04,16:09:03,1.363,173.0
2026-08-04,16:09:03,1.363,173.1
2026-08-04,16:09:03,1.363,173.1
2026-08-04,16:09:04,1.363,173.1
2026-08-04,16:09:04,1.363,173.1
2026-08-04,16:09:04,1.363,173.1
2026-08-04,16:09:04,1.363,173.1
2026-08-04,16:09:04,1.363,173.1
2026-08-04,16:09:04,1.363,173.1
2026-08-04,16:09:05,1.363,173.1
2026-08-04,16:09:05,1.363,173.1
2026-08-04,16:09:05,1.363,173.1
2026-08-04,16:09:05,1.363,173.1
2026-08-04,16:09:05,1.363,173.1
2026-08-04,16:09:05,1.363,173.1
2026-08-04,16:09:06,1.363,173.1
2026-08-04,16:09:06,1.363,173.1
2026-08-04,16:09:06,1.363,173.1
2026-08-04,16:09:06,1.363,173.1
2026-08-04,16:09:06,1.363,173.1
2026-08-04,16:09:06,1.363,173.1
2026-08-04,16:09:07,1.363,173.1
2026-08-04,16:09:07,1.363,173.1
2026-08-04,16:09:07,1.363,173.1
2026-08-04,16:09:07,1.363,173.1
2026-08-04,16:09:07,1.363,173.1
2026-08-04,16:09:07,1.363,173.1
2026-08-04,16:09:08,1.363,173.1
2026-08-04,16:09:08,1.363,173.1
2026-08-04,16:09:08,1.363,173.1
2026-08-04,16:09:08,1.363,173.1
2026-08-04,16:09:08,1.363,173.1
2026-08-04,16:09:08,1.363,173.1
2026-08-04,16:09:09,1.363,173.1
2026-08-04,16:09:09,1.363,173.1
2026-08-04,16:09:09,1.363,173.1
2026-08-04,16:09:09,1.363,173.1
2026-08-04,16:09:09,1.363,173.1
2026-08-04,16:09:09,1.363,173.1
2026-08-04,16:09:10,1.363,173.1
2026-08-04,16:09:10,1.363,173.1
2026-08-04,16:09:10,1.363,173.0
2026-08-04,16:09:10,1.362,173.0
2026-08-04,16:09:10,1.362,173.0
2026-08-04,16:09:10,1.362,173.0
2026-08-04,16:09:11,1.362,173.0
2026-08-04,16:09:11,1.362,173.0
2026-08-04,16:09:11,1.362,173.0
2026-08-04,16:09:11,1.362,173.0
2026-08-04,16:09:11,1.362,173.0
2026-08-04,16:09:11,1.362,173.0
2026-08-04,16:09:11,1.362,173.0
2026-08-04,16:09:12,1.362,172.9
2026-08-04,16:09:12,1.362,172.9
2026-08-04,16:09:12,1.362,172.9
2026-08-04,16:09:12,1.362,172.9
2026-08-04,16:09:12,1.362,172.9
2026-08-04,16:09:12,1.362,172.9
2026-08-04,16:09:13,1.362,172.9
2026-08-04,16:09:13,1.362,172.9
2026-08-04,16:09:13,1.361,172.9
2026-08-04,16:09:13,1.361,172.9
2026-08-04,16:09:13,1.361,172.9
2026-08-04,16:09:13,1.361,172.9
2026-08-04,16:09:14,1.361,172.9
2026-08-04,16:09:14,1.362,172.9
2026-08-04,16:09:14,1.362,172.9
2026-08-04,16:09:14,1.362,172.9
2026-08-04,16:09:14,1.362,172.9
2026-08-04,16:09:14,1.362,172.9
2026-08-04,16:09:15,1.362,172.9
2026-08-04,16:09:15,1.362,172.9
2026-08-04,16:09:15,1.362,172.9
2026-08-04,16:09:15,1.362,172.9
2026-08-04,16:09:15,1.362,172.9
2026-08-04,16:09:15,1.362,172.9
2026-08-04,16:09:16,1.362,172.9
2026-08-04,16:09:16,1.362,172.9
2026-08-04,16:09:16,1.362,172.9
2026-08-04,16:09:16,1.362,172.9
2026-08-04,16:09:16,1.362,172.9
2026-08-04,16:09:16,1.362,172.9
2026-08-04,16:09:17,1.362,172.9
2026-08-04,16:09:17,1.362,172.9
2026-08-04,16:09:17,1.362,172.9
2026-08-04,16:09:17,1.362,172.9
2026-08-04,16:09:17,1.362,172.9
2026-08-04,16:09:17,1.362,172.9
2026-08-04,16:09:18,1.362,172.9
2026-08-04,16:09:18,1.362,172.9
2026-08-04,16:09:18,1.362,172.9
2026-08-04,16:09:18,1.362,172.9
2026-08-04,16:09:18,1.362,172.9
2026-08-04,16:09:18,1.362,172.9
2026-08-04,16:09:19,1.362,172.9
2026-08-04,16:09:19,1.362,172.9
2026-08-04,16:09:19,1.362,172.9
2026-08-04,16:09:19,1.362,172.9
2026-08-04,16:09:19,1.362,172.9
2026-08-04,16:09:19,1.362,172.9
2026-08-04,16:09:20,1.362,172.9
2026-08-04,16:09:20,1.362,172.9
2026-08-04,16:09:20,1.362,172.9
2026-08-04,16:09:20,1.362,172.9
2026-08-04,16:09:20,1.362,172.9
2026-08-04,16:09:20,1.362,172.9
2026-08-04,16:09:21,1.362,173.0
2026-08-04,16:09:21,1.362,173.0
2026-08-04,16:09:21,1.362,173.0
2026-08-04,16:09:21,1.362,173.0
2026-08-04,16:09:21,1.362,173.0
2026-08-04,16:09:21,1.362,173.0
2026-08-04,16:09:22,1.362,173.0
2026-08-04,16:09:22,1.362,173.0
2026-08-04,16:09:22,1.362,173.0
2026-08-04,16:09:22,1.362,173.0
2026-08-04,16:09:22,1.362,173.0
2026-08-04,16:09:22,1.362,173.0
2026-08-04,16:09:23,1.362,173.0
2026-08-04,16:09:23,1.362,173.0
2026-08-04,16:09:23,1.362,173.0
2026-08-04,16:09:23,1.362,173.0
2026-08-04,16:09:23,1.362,173.0
2026-08-04,16:09:23,1.362,173.0
2026-08-04,16:09:24,1.362,173.0
2026-08-04,16:09:24,1.362,173.0
2026-08-04,16:09:24,1.362,173.0
2026-08-04,16:09:24,1.362,173.0
2026-08-04,16:09:24,1.362,173.0
2026-08-04,16:09:24,1.362,173.0
2026-08-04,16:09:25,1.362,173.0
2026-08-04,16:09:25,1.362,173.0
2026-08-04,16:09:25,1.362,173.0
2026-08-04,16:09:25,1.362,173.0
2026-08-04,16:09:25,1.362,173.0
2026-08-04,16:09:25,1.362,173.0
2026-08-04,16:09:26,1.362,173.0
2026-08-04,16:09:26,1.362,173.0
2026-08-04,16:09:26,1.362,173.0
2026-08-04,16:09:26,1.362,173.0
2026-08-04,16:09:26,1.362,173.0
2026-08-04,16:09:26,1.362,173.0
2026-08-04,16:09:27,1.362,173.0
2026-08-04,16:09:27,1.362,173.0
2026-08-04,16:09:27,1.362,173.0
2026-08-04,16:09:27,1.362,173.0
2026-08-04,16:09:27,1.362,173.0
2026-08-04,16:09:27,1.362,173.0
2026-08-04,16:09:27,1.362,173.0
2026-08-04,16:09:28,1.362,173.0
2026-08-04,16:09:28,1.362,173.0
2026-08-04,16:09:28,1.362,173.0
2026-08-04,16:09:28,1.362,173.0
2026-08-04,16:09:28,1.362,173.0
2026-08-04,16:09:28,1.362,173.0
2026-08-04,16:09:29,1.362,173.0
2026-08-04,16:09:29,1.362,173.0
2026-08-04,16:09:29,1.362,173.0
2026-08-04,16:09:29,1.362,173.0
2026-08-04,16:09:29,1.362,173.0
2026-08-04,16:09:29,1.362,173.0
2026-08-04,16:09:30,1.362,173.0
2026-08-04,16:09:30,1.362,173.0
2026-08-04,16:09:30,1.362,173.0
2026-08-04,16:09:30,1.362,173.0
2026-08-04,16:09:30,1.362,173.0
2026-08-04,16:09:30,1.362,173.0
2026-08-04,16:09:31,1.362,173.0
2026-08-04,16:09:31,1.362,173.0
2026-08-04,16:09:31,1.362,173.0
2026-08-04,16:09:31,1.362,173.0
2026-08-04,16:09:31,1.362,173.0
2026-08-04,16:09:31,1.362,173.0
2026-08-04,16:09:32,1.362,173.0
2026-08-04,16:09:32,1.362,173.0
2026-08-04,16:09:32,1.362,173.0
2026-08-04,16:09:32,1.362,173.0
2026-08-04,16:09:32,1.362,173.0
2026-08-04,16:09:32,1.362,173.0
2026-08-04,16:09:33,1.362,173.0
2026-08-04,16:09:33,1.362,173.0
2026-08-04,16:09:33,1.362,173.0
2026-08-04,16:09:33,1.362,173.0
2026-08-04,16:09:33,1.362,173.0
2026-08-04,16:09:33,1.362,173.0
2026-08-04,16:09:34,1.362,173.0
2026-08-04,16:09:34,1.362,173.0
2026-08-04,16:09:34,1.362,173.0
2026-08-04,16:09:34,1.362,173.0
2026-08-04,16:09:34,1.362,173.0
2026-08-04,16:09:34,1.363,173.0
2026-08-04,16:09:35,1.363,173.0
2026-08-04,16:09:35,1.363,173.0
2026-08-04,16:09:35,1.363,173.0
2026-08-04,16:09:35,1.363,173.1
2026-08-04,16:09:35,1.363,173.0
2026-08-04,16:09:35,1.363,173.1
2026-08-04,16:09:36,1.363,173.1
2026-08-04,16:09:36,1.363,173.1
2026-08-04,16:09:36,1.363,173.1
2026-08-04,16:09:36,1.363,173.1
2026-08-04,16:09:36,1.363,173.1
2026-08-04,16:09:36,1.363,173.0
2026-08-04,16:09:37,1.363,173.0
2026-08-04,16:09:37,1.363,173.0
2026-08-04,16:09:37,1.363,173.0
2026-08-04,16:09:37,1.363,173.0
2026-08-04,16:09:37,1.363,173.1
2026-08-04,16:09:37,1.363,173.1
2026-08-04,16:09:38,1.363,173.1
2026-08-04,16:09:38,1.363,173.0
2026-08-04,16:09:38,1.363,173.0
2026-08-04,16:09:38,1.363,173.0
2026-08-04,16:09:38,1.363,173.0
2026-08-04,16:09:38,1.362,173.0
2026-08-04,16:09:39,1.362,173.0
2026-08-04,16:09:39,1.362,173.0
2026-08-04,16:09:39,1.362,173.0
2026-08-04,16:09:39,1.362,173.0
2026-08-04,16:09:39,1.362,173.0
2026-08-04,16:09:39,1.362,173.0
2026-08-04,16:09:40,1.362,173.0
2026-08-04,16:09:40,1.362,173.0
2026-08-04,16:09:40,1.362,173.0
2026-08-04,16:09:40,1.362,173.0
2026-08-04,16:09:40,1.362,173.0
2026-08-04,16:09:40,1.362,173.0
2026-08-04,16:09:41,1.362,173.0
2026-08-04,16:09:41,1.362,173.0
2026-08-04,16:09:41,1.362,173.0
2026-08-04,16:09:41,1.362,173.0
2026-08-04,16:09:41,1.362,173.0
2026-08-04,16:09:41,1.362,173.0
2026-08-04,16:09:42,1.362,173.0
2026-08-04,16:09:42,1.362,173.0
2026-08-04,16:09:42,1.362,173.0
2026-08-04,16:09:42,1.362,173.0
2026-08-04,16:09:42,1.362,173.0
2026-08-04,16:09:42,1.362,173.0
2026-08-04,16:09:43,1.362,173.0
2026-08-04,16:09:43,1.362,173.0
2026-08-04,16:09:43,1.362,173.0
2026-08-04,16:09:43,1.362,173.0
2026-08-04,16:09:43,1.362,173.0
2026-08-04,16:09:43,1.362,173.0
2026-08-04,16:09:44,1.362,173.0
2026-08-04,16:09:44,1.362,173.0
2026-08-04,16:09:44,1.362,173.0
2026-08-04,16:09:44,1.362,173.0
2026-08-04,16:09:44,1.362,173.0
2026-08-04,16:09:44,1.362,173.0
2026-08-04,16:09:44,1.362,173.0
2026-08-04,16:09:45,1.362,173.0
2026-08-04,16:09:45,1.362,173.0
2026-08-04,16:09:45,1.362,173.0
2026-08-04,16:09:45,1.362,173.0
2026-08-04,16:09:45,1.362,173.0
2026-08-04,16:09:45,1.362,173.0
2026-08-04,16:09:46,1.362,173.0
2026-08-04,16:09:46,1.362,173.0
2026-08-04,16:09:46,1.362,173.0
2026-08-04,16:09:46,1.362,173.0
2026-08-04,16:09:46,1.362,173.0
2026-08-04,16:09:46,1.362,173.0
2026-08-04,16:09:47,1.362,173.0
2026-08-04,16:09:47,1.362,173.0
2026-08-04,16:09:47,1.362,173.0
2026-08-04,16:09:47,1.362,173.0
2026-08-04,16:09:47,1.362,173.0
2026-08-04,16:09:47,1.362,173.0
2026-08-04,16:09:48,1.362,173.0
2026-08-04,16:09:48,1.362,173.0
2026-08-04,16:09:48,1.362,173.0
2026-08-04,16:09:48,1.362,173.0
2026-08-04,16:09:48,1.362,173.0
2026-08-04,16:09:48,1.362,173.0
2026-08-04,16:09:49,1.362,173.0
2026-08-04,16:09:49,1.362,173.0
2026-08-04,16:09:49,1.362,173.0
2026-08-04,16:09:49,1.362,173.0
2026-08-04,16:09:49,1.362,173.0
2026-08-04,16:09:49,1.362,173.0
2026-08-04,16:09:50,1.362,173.0
2026-08-04,16:09:50,1.362,173.0
2026-08-04,16:09:50,1.362,173.0
2026-08-04,16:09:50,1.362,173.0
2026-08-04,16:09:50,1.362,173.0
2026-08-04,16:09:50,1.362,173.0
2026-08-04,16:09:51,1.362,173.0
2026-08-04,16:09:51,1.362,173.0
2026-08-04,16:09:51,1.362,173.0
2026-08-04,16:09:51,1.362,173.0
2026-08-04,16:09:51,1.362,173.0
2026-08-04,16:09:51,1.362,173.0
2026-08-04,16:09:52,1.362,173.0
2026-08-04,16:09:52,1.362,173.0
2026-08-04,16:09:52,1.362,173.0
2026-08-04,16:09:52,1.362,173.0
2026-08-04,16:09:52,1.362,173.0
2026-08-04,16:09:52,1.362,173.0
2026-08-04,16:09:53,1.362,173.0
2026-08-04,16:09:53,1.362,173.0
2026-08-04,16:09:53,1.362,173.0
2026-08-04,16:09:53,1.362,173.0
2026-08-04,16:09:53,1.362,173.0
2026-08-04,16:09:53,1.362,173.0
2026-08-04,16:09:54,1.362,173.0
2026-08-04,16:09:54,1.362,173.0
2026-08-04,16:09:54,1.362,173.0
2026-08-04,16:09:54,1.362,173.0
2026-08-04,16:09:54,1.362,173.0
2026-08-04,16:09:54,1.362,173.0
2026-08-04,16:09:55,1.362,173.0
2026-08-04,16:09:55,1.362,173.0
2026-08-04,16:09:55,1.362,173.0
2026-08-04,16:09:55,1.362,173.0
2026-08-04,16:09:55,1.362,173.0
2026-08-04,16:09:55,1.362,173.0
2026-08-04,16:09:56,1.362,173.0
2026-08-04,16:09:56,1.362,173.0
2026-08-04,16:09:56,1.362,173.0
2026-08-04,16:09:56,1.362,173.0
2026-08-04,16:09:56,1.362,173.0
2026-08-04,16:09:56,1.362,173.0
2026-08-04,16:09:57,1.362,173.0
2026-08-04,16:09:57,1.362,173.0
2026-08-04,16:09:57,1.362,173.0
2026-08-04,16:09:57,1.362,173.0
2026-08-04,16:09:57,1.362,173.0
2026-08-04,16:09:57,1.362,173.0
2026-08-04,16:09:58,1.362,173.0
2026-08-04,16:09:58,1.362,173.0
2026-08-04,16:09:58,1.362,173.0
2026-08-04,16:09:58,1.362,173.0
2026-08-04,16:09:58,1.362,173.0
2026-08-04,16:09:58,1.362,173.0
2026-08-04,16:09:59,1.362,173.0
2026-08-04,16:09:59,1.362,173.0
2026-08-04,16:09:59,1.362,173.0
2026-08-04,16:09:59,1.362,173.0
2026-08-04,16:09:59,1.362,173.0
2026-08-04,16:09:59,1.362,173.0
2026-08-04,16:10:00,1.362,173.0
2026-08-04,16:10:00,1.362,173.0
2026-08-04,16:10:00,1.362,173.0
2026-08-04,16:10:00,1.362,173.0
2026-08-04,16:10:00,1.362,173.0
2026-08-04,16:10:00,1.362,173.0
2026-08-04,16:10:00,1.362,173.0
2026-08-04,16:10:01,1.362,173.0
2026-08-04,16:10:01,1.362,173.0
2026-08-04,16:10:01,1.362,173.0
2026-08-04,16:10:01,1.362,172.9
2026-08-04,16:10:01,1.362,172.9
2026-08-04,16:10:01,1.362,172.9
2026-08-04,16:10:02,1.362,172.9
2026-08-04,16:10:02,1.362,172.9
2026-08-04,16:10:02,1.362,172.9
2026-08-04,16:10:02,1.362,172.9
2026-08-04,16:10:02,1.362,172.9
2026-08-04,16:10:02,1.362,172.9
2026-08-04,16:10:03,1.362,172.9
2026-08-04,16:10:03,1.362,172.9
2026-08-04,16:10:03,1.361,172.9
2026-08-04,16:10:03,1.361,172.9
2026-08-04,16:10:03,1.361,172.9
2026-08-04,16:10:03,1.361,172.9
2026-08-04,16:10:04,1.361,172.9
2026-08-04,16:10:04,1.361,172.9
2026-08-04,16:10:04,1.361,172.9
2026-08-04,16:10:04,1.361,172.9
2026-08-04,16:10:04,1.361,172.9
2026-08-04,16:10:04,1.361,172.9
2026-08-04,16:10:05,1.361,172.9
2026-08-04,16:10:05,1.361,172.9
2026-08-04,16:10:05,1.362,172.9
2026-08-04,16:10:05,1.362,172.9
2026-08-04,16:10:05,1.362,172.9
2026-08-04,16:10:05,1.362,172.9
2026-08-04,16:10:06,1.362,172.9
2026-08-04,16:10:06,1.362,172.9
2026-08-04,16:10:06,1.362,172.9
2026-08-04,16:10:06,1.362,173.0
2026-08-04,16:10:06,1.362,173.0
2026-08-04,16:10:06,1.362,173.0
2026-08-04,16:10:07,1.362,173.0
2026-08-04,16:10:07,1.362,173.0
2026-08-04,16:10:07,1.362,173.0
2026-08-04,16:10:07,1.362,173.0
2026-08-04,16:10:07,1.362,173.0
2026-08-04,16:10:07,1.362,173.0
2026-08-04,16:10:08,1.362,173.0
2026-08-04,16:10:08,1.362,173.0
2026-08-04,16:10:08,1.362,173.0
2026-08-04,16:10:08,1.362,173.0
2026-08-04,16:10:08,1.362,173.0
2026-08-04,16:10:08,1.362,173.0
2026-08-04,16:10:09,1.362,173.0
2026-08-04,16:10:09,1.362,173.0
2026-08-04,16:10:09,1.362,173.0
2026-08-04,16:10:09,1.362,173.0
2026-08-04,16:10:09,1.362,173.0
2026-08-04,16:10:09,1.362,173.0
2026-08-04,16:10:10,1.362,173.0
2026-08-04,16:10:10,1.362,173.0
2026-08-04,16:10:10,1.362,173.0
2026-08-04,16:10:10,1.362,173.0
2026-08-04,16:10:10,1.362,173.0
2026-08-04,16:10:10,1.362,173.0
2026-08-04,16:10:11,1.362,173.0
2026-08-04,16:10:11,1.362,173.0
2026-08-04,16:10:11,1.362,173.0
2026-08-04,16:10:11,1.362,173.0
2026-08-04,16:10:11,1.362,173.0
2026-08-04,16:10:11,1.362,173.0
2026-08-04,16:10:12,1.362,173.0
2026-08-04,16:10:12,1.362,173.0
2026-08-04,16:10:12,1.362,173.0
2026-08-04,16:10:12,1.362,173.0
2026-08-04,16:10:12,1.362,173.0
2026-08-04,16:10:12,1.362,172.9
2026-08-04,16:10:13,1.362,172.9
2026-08-04,16:10:13,1.362,172.9
2026-08-04,16:10:13,1.362,172.9
2026-08-04,16:10:13,1.362,172.9
2026-08-04,16:10:13,1.362,172.9
2026-08-04,16:10:13,1.362,172.9
2026-08-04,16:10:14,1.362,172.9
2026-08-04,16:10:14,1.362,172.9
2026-08-04,16:10:14,1.362,172.9
2026-08-04,16:10:14,1.362,172.9
2026-08-04,16:10:14,1.362,172.9
2026-08-04,16:10:14,1.362,172.9
2026-08-04,16:10:15,1.362,172.9
2026-08-04,16:10:15,1.362,172.9
2026-08-04,16:10:15,1.362,172.9
2026-08-04,16:10:15,1.362,172.9
2026-08-04,16:10:15,1.362,172.9
2026-08-04,16:10:15,1.362,172.9
2026-08-04,16:10:16,1.362,172.9
2026-08-04,16:10:16,1.362,172.9
2026-08-04,16:10:16,1.362,172.9
2026-08-04,16:10:16,1.362,172.9
2026-08-04,16:10:16,1.362,172.9
2026-08-04,16:10:16,1.362,172.9
2026-08-04,16:10:17,1.361,172.9
2026-08-04,16:10:17,1.361,172.9
2026-08-04,16:10:17,1.361,172.9
2026-08-04,16:10:17,1.361,172.9
2026-08-04,16:10:17,1.361,172.9
2026-08-04,16:10:17,1.361,172.9
2026-08-04,16:10:17,1.361,172.9
2026-08-04,16:10:18,1.361,172.9
2026-08-04,16:10:18,1.361,172.9
2026-08-04,16:10:18,1.361,172.9
2026-08-04,16:10:18,1.361,172.9
2026-08-04,16:10:18,1.361,172.9
2026-08-04,16:10:18,1.361,172.9
2026-08-04,16:10:19,1.361,172.9
2026-08-04,16:10:19,1.361,172.9
2026-08-04,16:10:19,1.361,172.9
2026-08-04,16:10:19,1.361,172.9
2026-08-04,16:10:19,1.361,172.9
2026-08-04,16:10:19,1.361,172.9
2026-08-04,16:10:20,1.361,172.9
2026-08-04,16:10:20,1.361,172.9
2026-08-04,16:10:20,1.361,172.9
2026-08-04,16:10:20,1.361,172.9
2026-08-04,16:10:20,1.361,172.9
2026-08-04,16:10:20,1.361,172.9
2026-08-04,16:10:21,1.361,172.9
2026-08-04,16:10:21,1.361,172.9
2026-08-04,16:10:21,1.361,172.9
2026-08-04,16:10:21,1.361,172.9
2026-08-04,16:10:21,1.361,172.9
2026-08-04,16:10:21,1.361,172.9
2026-08-04,16:10:22,1.361,172.9
2026-08-04,16:10:22,1.361,172.9
2026-08-04,16:10:22,1.361,172.9
2026-08-04,16:10:22,1.361,172.9
2026-08-04,16:10:22,1.361,172.9
2026-08-04,16:10:22,1.361,172.9
2026-08-04,16:10:23,1.361,172.9
2026-08-04,16:10:23,1.361,172.9
2026-08-04,16:10:23,1.361,172.9
2026-08-04,16:10:23,1.361,172.9
2026-08-04,16:10:23,1.361,172.9
2026-08-04,16:10:23,1.361,172.9
2026-08-04,16:10:24,1.361,172.9
2026-08-04,16:10:24,1.361,172.9
2026-08-04,16:10:24,1.361,172.9
2026-08-04,16:10:24,1.361,172.9
2026-08-04,16:10:24,1.361,172.9
2026-08-04,16:10:24,1.361,172.9
2026-08-04,16:10:25,1.361,172.9
2026-08-04,16:10:25,1.361,172.9
2026-08-04,16:10:25,1.361,172.9
2026-08-04,16:10:25,1.361,172.9
2026-08-04,16:10:25,1.361,172.9
2026-08-04,16:10:25,1.362,172.9
2026-08-04,16:10:26,1.362,172.9
2026-08-04,16:10:26,1.362,172.9
2026-08-04,16:10:26,1.362,172.9
2026-08-04,16:10:26,1.361,172.9
2026-08-04,16:10:26,1.361,172.9
2026-08-04,16:10:26,1.361,172.9
2026-08-04,16:10:27,1.361,172.9
2026-08-04,16:10:27,1.361,172.9
2026-08-04,16:10:27,1.361,172.9
2026-08-04,16:10:27,1.361,172.9
2026-08-04,16:10:27,1.361,172.9
2026-08-04,16:10:27,1.361,172.9
2026-08-04,16:10:28,1.361,172.9
2026-08-04,16:10:28,1.361,172.9
2026-08-04,16:10:28,1.361,172.9
2026-08-04,16:10:28,1.361,172.9
2026-08-04,16:10:28,1.361,172.8
2026-08-04,16:10:28,1.361,172.8
2026-08-04,16:10:29,1.361,172.8
2026-08-04,16:10:29,1.361,172.8
2026-08-04,16:10:29,1.361,172.8
2026-08-04,16:10:29,1.361,172.8
2026-08-04,16:10:29,1.361,172.8
2026-08-04,16:10:29,1.361,172.8
2026-08-04,16:10:30,1.361,172.8
2026-08-04,16:10:30,1.361,172.8
2026-08-04,16:10:30,1.361,172.9
2026-08-04,16:10:30,1.361,172.9
2026-08-04,16:10:30,1.361,172.9
2026-08-04,16:10:30,1.361,172.8
2026-08-04,16:10:31,1.361,172.8
2026-08-04,16:10:31,1.361,172.8
2026-08-04,16:10:31,1.361,172.9
2026-08-04,16:10:31,1.361,172.9
2026-08-04,16:10:31,1.361,172.9
2026-08-04,16:10:31,1.361,172.8
2026-08-04,16:10:32,1.361,172.8
2026-08-04,16:10:32,1.361,172.8
2026-08-04,16:10:32,1.361,172.8
2026-08-04,16:10:32,1.361,172.8
2026-08-04,16:10:32,1.361,172.8
2026-08-04,16:10:32,1.361,172.8
2026-08-04,16:10:33,1.361,172.8
2026-08-04,16:10:33,1.361,172.8
2026-08-04,16:10:33,1.361,172.8
2026-08-04,16:10:33,1.361,172.9
2026-08-04,16:10:33,1.361,172.9
2026-08-04,16:10:33,1.361,172.9
2026-08-04,16:10:33,1.361,172.9
2026-08-04,16:10:34,1.361,172.9
2026-08-04,16:10:34,1.361,172.9
2026-08-04,16:10:34,1.361,172.9
2026-08-04,16:10:34,1.361,172.9
2026-08-04,16:10:34,1.361,172.9
2026-08-04,16:10:34,1.361,172.9
2026-08-04,16:10:35,1.361,172.9
2026-08-04,16:10:35,1.361,172.9
2026-08-04,16:10:35,1.361,172.9
2026-08-04,16:10:35,1.361,172.9
2026-08-04,16:10:35,1.361,172.9
2026-08-04,16:10:35,1.361,172.9
2026-08-04,16:10:36,1.361,172.9
2026-08-04,16:10:36,1.361,172.9
2026-08-04,16:10:36,1.361,172.9
2026-08-04,16:10:36,1.361,172.9
2026-08-04,16:10:36,1.361,172.9
2026-08-04,16:10:36,1.361,172.9
2026-08-04,16:10:37,1.361,172.9
2026-08-04,16:10:37,1.361,172.9
2026-08-04,16:10:37,1.361,172.9
2026-08-04,16:10:37,1.361,172.9
2026-08-04,16:10:37,1.361,172.9
2026-08-04,16:10:37,1.361,172.9
2026-08-04,16:10:38,1.361,172.9
2026-08-04,16:10:38,1.361,172.9
2026-08-04,16:10:38,1.361,172.9
2026-08-04,16:10:38,1.361,172.9
2026-08-04,16:10:38,1.361,172.9
2026-08-04,16:10:38,1.361,172.9
2026-08-04,16:10:39,1.361,172.9
2026-08-04,16:10:39,1.361,172.9
2026-08-04,16:10:39,1.361,172.9
2026-08-04,16:10:39,1.361,172.9
2026-08-04,16:10:39,1.361,172.9
2026-08-04,16:10:39,1.361,172.9
2026-08-04,16:10:40,1.361,172.9
2026-08-04,16:10:40,1.361,172.9
2026-08-04,16:10:40,1.361,172.9
2026-08-04,16:10:40,1.361,172.9
2026-08-04,16:10:40,1.361,172.9
2026-08-04,16:10:40,1.362,172.9
2026-08-04,16:10:41,1.362,172.9
2026-08-04,16:10:41,1.362,172.9
2026-08-04,16:10:41,1.362,172.9
2026-08-04,16:10:41,1.362,172.9
2026-08-04,16:10:41,1.362,172.9
2026-08-04,16:10:41,1.362,172.9
2026-08-04,16:10:42,1.362,172.9
2026-08-04,16:10:42,1.362,172.9
2026-08-04,16:10:42,1.362,172.9
2026-08-04,16:10:42,1.361,172.9
2026-08-04,16:10:42,1.361,172.9
2026-08-04,16:10:42,1.361,172.9
2026-08-04,16:10:43,1.361,172.9
2026-08-04,16:10:43,1.361,172.9
2026-08-04,16:10:43,1.361,172.9
2026-08-04,16:10:43,1.361,172.9
2026-08-04,16:10:43,1.361,172.9
2026-08-04,16:10:43,1.361,172.9
2026-08-04,16:10:44,1.361,172.9
2026-08-04,16:10:44,1.361,172.9
2026-08-04,16:10:44,1.361,172.9
2026-08-04,16:10:44,1.361,172.9
2026-08-04,16:10:44,1.361,172.9
2026-08-04,16:10:44,1.361,172.9
2026-08-04,16:10:45,1.361,172.9
2026-08-04,16:10:45,1.361,172.9
2026-08-04,16:10:45,1.362,172.9
2026-08-04,16:10:45,1.362,172.9
2026-08-04,16:10:45,1.362,172.9
2026-08-04,16:10:45,1.362,172.9
2026-08-04,16:10:46,1.362,172.9
2026-08-04,16:10:46,1.362,172.9
2026-08-04,16:10:46,1.362,172.9
2026-08-04,16:10:46,1.362,172.9
2026-08-04,16:10:46,1.362,172.9
2026-08-04,16:10:46,1.362,172.9
2026-08-04,16:10:47,1.362,172.9
2026-08-04,16:10:47,1.362,172.9
2026-08-04,16:10:47,1.361,172.9
2026-08-04,16:10:47,1.361,172.9
2026-08-04,16:10:47,1.361,172.9
2026-08-04,16:10:47,1.361,172.9
2026-08-04,16:10:48,1.361,172.9
2026-08-04,16:10:48,1.361,172.9
2026-08-04,16:10:48,1.361,172.9
2026-08-04,16:10:48,1.361,172.9
2026-08-04,16:10:48,1.361,172.9
2026-08-04,16:10:48,1.361,172.9
2026-08-04,16:10:49,1.361,172.9
2026-08-04,16:10:49,1.362,172.9
2026-08-04,16:10:49,1.362,172.9
2026-08-04,16:10:49,1.362,172.9
2026-08-04,16:10:49,1.362,172.9
2026-08-04,16:10:49,1.362,172.9
2026-08-04,16:10:50,1.362,172.9
2026-08-04,16:10:50,1.362,172.9
2026-08-04,16:10:50,1.362,172.9
2026-08-04,16:10:50,1.362,172.9
2026-08-04,16:10:50,1.362,172.9
2026-08-04,16:10:50,1.362,172.9
2026-08-04,16:10:50,1.362,172.9
2026-08-04,16:10:51,1.362,172.9
2026-08-04,16:10:51,1.362,172.9
2026-08-04,16:10:51,1.362,172.9
2026-08-04,16:10:51,1.362,172.9
2026-08-04,16:10:51,1.362,172.9
2026-08-04,16:10:51,1.362,172.9
2026-08-04,16:10:52,1.362,172.9
2026-08-04,16:10:52,1.362,172.9
2026-08-04,16:10:52,1.362,172.9
2026-08-04,16:10:52,1.362,172.9
2026-08-04,16:10:52,1.362,172.9
2026-08-04,16:10:52,1.362,172.9
2026-08-04,16:10:53,1.362,172.9
2026-08-04,16:10:53,1.362,172.9
2026-08-04,16:10:53,1.362,172.9
2026-08-04,16:10:53,1.362,172.9
2026-08-04,16:10:53,1.362,172.9
2026-08-04,16:10:53,1.362,172.9
2026-08-04,16:10:54,1.362,172.9
2026-08-04,16:10:54,1.362,172.9
2026-08-04,16:10:54,1.361,172.9
2026-08-04,16:10:54,1.361,172.9
2026-08-04,16:10:54,1.361,172.9
2026-08-04,16:10:54,1.361,172.9
2026-08-04,16:10:55,1.361,172.9
2026-08-04,16:10:55,1.361,172.9
2026-08-04,16:10:55,1.361,172.9
2026-08-04,16:10:55,1.361,172.9
2026-08-04,16:10:55,1.361,172.9
2026-08-04,16:10:55,1.361,172.9
2026-08-04,16:10:56,1.361,172.9
2026-08-04,16:10:56,1.361,172.9
2026-08-04,16:10:56,1.361,172.9
2026-08-04,16:10:56,1.361,172.9
2026-08-04,16:10:56,1.362,172.9
2026-08-04,16:10:56,1.362,172.9
2026-08-04,16:10:57,1.362,172.9
2026-08-04,16:10:57,1.362,172.9
2026-08-04,16:10:57,1.362,172.9
2026-08-04,16:10:57,1.362,172.9
2026-08-04,16:10:57,1.362,172.9
2026-08-04,16:10:57,1.362,172.9
2026-08-04,16:10:58,1.362,172.9
2026-08-04,16:10:58,1.362,172.9
2026-08-04,16:10:58,1.362,172.9
2026-08-04,16:10:58,1.362,172.9
2026-08-04,16:10:58,1.362,172.9
2026-08-04,16:10:58,1.362,172.9
2026-08-04,16:10:59,1.362,172.9
2026-08-04,16:10:59,1.362,172.9
2026-08-04,16:10:59,1.362,172.9
2026-08-04,16:10:59,1.362,172.9
2026-08-04,16:10:59,1.362,172.9
2026-08-04,16:10:59,1.362,172.9
2026-08-04,16:11:00,1.362,172.9
2026-08-04,16:11:00,1.362,172.9
2026-08-04,16:11:00,1.362,172.9
2026-08-04,16:11:00,1.362,172.9
2026-08-04,16:11:00,1.362,172.9
2026-08-04,16:11:00,1.362,172.9
2026-08-04,16:11:01,1.362,172.9
2026-08-04,16:11:01,1.361,172.9
2026-08-04,16:11:01,1.361,172.9
2026-08-04,16:11:01,1.361,172.9
2026-08-04,16:11:01,1.361,172.9
2026-08-04,16:11:01,1.361,172.9
2026-08-04,16:11:02,1.361,172.9
2026-08-04,16:11:02,1.361,172.9
2026-08-04,16:11:02,1.361,172.9
2026-08-04,16:11:02,1.361,172.9
2026-08-04,16:11:02,1.361,172.9
2026-08-04,16:11:02,1.361,172.9
2026-08-04,16:11:03,1.361,172.9
2026-08-04,16:11:03,1.361,172.9
2026-08-04,16:11:03,1.361,172.9
2026-08-04,16:11:03,1.361,172.9
2026-08-04,16:11:03,1.361,172.9
2026-08-04,16:11:03,1.361,172.9
2026-08-04,16:11:04,1.361,172.9
2026-08-04,16:11:04,1.361,172.9
2026-08-04,16:11:04,1.361,172.9
2026-08-04,16:11:04,1.361,172.9
2026-08-04,16:11:04,1.361,172.9
2026-08-04,16:11:04,1.361,172.9
2026-08-04,16:11:05,1.361,172.9
2026-08-04,16:11:05,1.361,172.9
2026-08-04,16:11:05,1.361,172.9
2026-08-04,16:11:05,1.361,172.9
2026-08-04,16:11:05,1.361,172.9
2026-08-04,16:11:05,1.361,172.9
2026-08-04,16:11:06,1.361,172.9
2026-08-04,16:11:06,1.361,172.9
2026-08-04,16:11:06,1.361,172.9
2026-08-04,16:11:06,1.361,172.9
2026-08-04,16:11:06,1.361,172.9
2026-08-04,16:11:06,1.361,172.9
2026-08-04,16:11:06,1.361,172.9
2026-08-04,16:11:07,1.361,172.9
2026-08-04,16:11:07,1.361,172.9
2026-08-04,16:11:07,1.361,172.9
2026-08-04,16:11:07,1.361,172.9
2026-08-04,16:11:07,1.361,172.9
2026-08-04,16:11:07,1.361,172.9
2026-08-04,16:11:08,1.361,172.9
2026-08-04,16:11:08,1.361,172.9
2026-08-04,16:11:08,1.361,172.9
2026-08-04,16:11:08,1.361,172.9
2026-08-04,16:11:08,1.361,172.9
2026-08-04,16:11:08,1.361,172.9
2026-08-04,16:11:09,1.361,172.9
2026-08-04,16:11:09,1.361,172.9
2026-08-04,16:11:09,1.361,172.9
2026-08-04,16:11:09,1.361,172.9
2026-08-04,16:11:09,1.361,172.9
2026-08-04,16:11:09,1.361,172.9
2026-08-04,16:11:10,1.361,172.9
2026-08-04,16:11:10,1.361,172.9
2026-08-04,16:11:10,1.361,172.9
2026-08-04,16:11:10,1.361,172.9
2026-08-04,16:11:10,1.361,172.9
2026-08-04,16:11:10,1.361,172.9
2026-08-04,16:11:11,1.361,172.9
2026-08-04,16:11:11,1.361,172.9
2026-08-04,16:11:11,1.361,172.9
2026-08-04,16:11:11,1.361,172.9
2026-08-04,16:11:11,1.361,172.9
2026-08-04,16:11:11,1.361,172.9
2026-08-04,16:11:12,1.361,172.9
2026-08-04,16:11:12,1.361,172.9
2026-08-04,16:11:12,1.361,172.9
2026-08-04,16:11:12,1.361,172.9
2026-08-04,16:11:12,1.361,172.9
2026-08-04,16:11:12,1.361,172.9
2026-08-04,16:11:13,1.361,172.9
2026-08-04,16:11:13,1.361,172.9
2026-08-04,16:11:13,1.361,172.9
2026-08-04,16:11:13,1.361,172.9
2026-08-04,16:11:13,1.361,172.9
2026-08-04,16:11:13,1.361,172.9
2026-08-04,16:11:14,1.361,172.9
2026-08-04,16:11:14,1.361,172.9
2026-08-04,16:11:14,1.361,172.9
2026-08-04,16:11:14,1.361,172.9
2026-08-04,16:11:14,1.361,172.9
2026-08-04,16:11:14,1.361,172.9
2026-08-04,16:11:15,1.361,172.9
2026-08-04,16:11:15,1.361,172.9
2026-08-04,16:11:15,1.361,172.9
2026-08-04,16:11:15,1.361,172.9
2026-08-04,16:11:15,1.361,172.9
2026-08-04,16:11:15,1.361,172.9
2026-08-04,16:11:16,1.362,172.9
2026-08-04,16:11:16,1.361,172.9
2026-08-04,16:11:16,1.361,172.9
2026-08-04,16:11:16,1.361,172.9
2026-08-04,16:11:16,1.361,172.9
2026-08-04,16:11:16,1.361,172.9
2026-08-04,16:11:17,1.361,172.9
2026-08-04,16:11:17,1.361,172.9
2026-08-04,16:11:17,1.361,172.9
2026-08-04,16:11:17,1.361,172.9
2026-08-04,16:11:17,1.361,172.9
2026-08-04,16:11:17,1.361,172.9
2026-08-04,16:11:18,1.361,172.9
2026-08-04,16:11:18,1.361,172.9
2026-08-04,16:11:18,1.361,172.9
2026-08-04,16:11:18,1.361,172.9
2026-08-04,16:11:18,1.361,172.9
2026-08-04,16:11:18,1.361,172.9
2026-08-04,16:11:19,1.361,172.9
2026-08-04,16:11:19,1.361,172.9
2026-08-04,16:11:19,1.361,172.9
2026-08-04,16:11:19,1.361,172.9
2026-08-04,16:11:19,1.361,172.9
2026-08-04,16:11:19,1.361,172.9
2026-08-04,16:11:20,1.361,172.9
2026-08-04,16:11:20,1.361,172.9
2026-08-04,16:11:20,1.361,172.9
2026-08-04,16:11:20,1.361,172.9
2026-08-04,16:11:20,1.361,172.9
2026-08-04,16:11:20,1.361,172.9
2026-08-04,16:11:21,1.361,172.9
2026-08-04,16:11:21,1.361,172.9
2026-08-04,16:11:21,1.361,172.9
2026-08-04,16:11:21,1.361,172.9
2026-08-04,16:11:21,1.361,172.9
2026-08-04,16:11:21,1.361,172.9
2026-08-04,16:11:22,1.361,172.9
2026-08-04,16:11:22,1.361,172.9
2026-08-04,16:11:22,1.361,172.9
2026-08-04,16:11:22,1.361,172.9
2026-08-04,16:11:22,1.361,172.9
2026-08-04,16:11:22,1.362,172.9
2026-08-04,16:11:23,1.362,172.9
2026-08-04,16:11:23,1.362,172.9
2026-08-04,16:11:23,1.362,172.9
2026-08-04,16:11:23,1.362,172.9
2026-08-04,16:11:23,1.362,172.9
2026-08-04,16:11:23,1.362,172.9
2026-08-04,16:11:23,1.362,172.9
2026-08-04,16:11:24,1.362,172.9
2026-08-04,16:11:24,1.362,172.9
2026-08-04,16:11:24,1.362,172.9
2026-08-04,16:11:24,1.362,172.9
2026-08-04,16:11:24,1.362,172.9
2026-08-04,16:11:24,1.362,172.9
2026-08-04,16:11:25,1.362,172.9
2026-08-04,16:11:25,1.362,172.9
2026-08-04,16:11:25,1.361,172.9
2026-08-04,16:11:25,1.361,172.9
2026-08-04,16:11:25,1.361,172.9
2026-08-04,16:11:25,1.361,172.9
2026-08-04,16:11:26,1.361,172.9
2026-08-04,16:11:26,1.361,172.9
2026-08-04,16:11:26,1.361,172.9
2026-08-04,16:11:26,1.361,172.9
2026-08-04,16:11:26,1.361,172.9
2026-08-04,16:11:26,1.361,172.9
2026-08-04,16:11:27,1.361,172.9
2026-08-04,16:11:27,1.361,172.9
2026-08-04,16:11:27,1.361,172.9
2026-08-04,16:11:27,1.361,172.9
2026-08-04,16:11:27,1.361,172.9
2026-08-04,16:11:27,1.361,172.9
2026-08-04,16:11:28,1.361,172.9
2026-08-04,16:11:28,1.361,172.9
2026-08-04,16:11:28,1.361,172.9
2026-08-04,16:11:28,1.361,172.9
2026-08-04,16:11:28,1.361,172.9
2026-08-04,16:11:28,1.361,172.9
2026-08-04,16:11:29,1.361,172.9
2026-08-04,16:11:29,1.361,172.9
2026-08-04,16:11:29,1.361,172.9
2026-08-04,16:11:29,1.361,172.9
2026-08-04,16:11:29,1.361,172.9
2026-08-04,16:11:29,1.361,172.9
2026-08-04,16:11:30,1.361,172.9
2026-08-04,16:11:30,1.361,172.9
2026-08-04,16:11:30,1.361,172.9
2026-08-04,16:11:30,1.361,172.9
2026-08-04,16:11:30,1.361,172.9
2026-08-04,16:11:30,1.361,172.9
2026-08-04,16:11:31,1.361,172.9
2026-08-04,16:11:31,1.361,172.9
2026-08-04,16:11:31,1.361,172.9
2026-08-04,16:11:31,1.361,172.9
2026-08-04,16:11:31,1.361,172.9
2026-08-04,16:11:31,1.361,172.9
2026-08-04,16:11:32,1.361,172.9
2026-08-04,16:11:32,1.361,172.9
2026-08-04,16:11:32,1.361,172.9
2026-08-04,16:11:32,1.361,172.9
2026-08-04,16:11:32,1.361,172.9
2026-08-04,16:11:32,1.361,172.9
2026-08-04,16:11:33,1.361,172.9
2026-08-04,16:11:33,1.361,172.9
2026-08-04,16:11:33,1.361,172.9
2026-08-04,16:11:33,1.361,172.9
2026-08-04,16:11:33,1.361,172.9
2026-08-04,16:11:33,1.361,172.9
2026-08-04,16:11:34,1.361,172.9
2026-08-04,16:11:34,1.361,172.9
2026-08-04,16:11:34,1.361,172.9
2026-08-04,16:11:34,1.361,172.9
2026-08-04,16:11:34,1.361,172.9
2026-08-04,16:11:34,1.361,172.9
2026-08-04,16:11:35,1.361,172.9
2026-08-04,16:11:35,1.361,172.9
2026-08-04,16:11:35,1.361,172.9
2026-08-04,16:11:35,1.361,172.9
2026-08-04,16:11:35,1.361,172.9
2026-08-04,16:11:35,1.361,172.9
2026-08-04,16:11:36,1.361,172.9
2026-08-04,16:11:36,1.361,172.9
2026-08-04,16:11:36,1.361,172.9
2026-08-04,16:11:36,1.361,172.9
2026-08-04,16:11:36,1.361,172.9
2026-08-04,16:11:36,1.361,172.9
2026-08-04,16:11:37,1.361,172.9
2026-08-04,16:11:37,1.361,172.9
2026-08-04,16:11:37,1.361,172.9
2026-08-04,16:11:37,1.361,172.9
2026-08-04,16:11:37,1.361,172.9
2026-08-04,16:11:37,1.361,172.9
2026-08-04,16:11:38,1.361,172.9
2026-08-04,16:11:38,1.361,172.9
2026-08-04,16:11:38,1.361,172.9
2026-08-04,16:11:38,1.361,172.9
2026-08-04,16:11:38,1.361,172.9
2026-08-04,16:11:38,1.361,172.9
2026-08-04,16:11:39,1.361,172.9
2026-08-04,16:11:39,1.361,172.9
2026-08-04,16:11:39,1.361,172.9
2026-08-04,16:11:39,1.361,172.9
2026-08-04,16:11:39,1.361,172.9
2026-08-04,16:11:39,1.361,172.9
2026-08-04,16:11:39,1.361,172.9
2026-08-04,16:11:40,1.361,172.9
2026-08-04,16:11:40,1.361,172.9
2026-08-04,16:11:40,1.361,172.9
2026-08-04,16:11:40,1.361,172.9
2026-08-04,16:11:40,1.361,172.9
2026-08-04,16:11:40,1.361,172.9
2026-08-04,16:11:41,1.362,172.9
2026-08-04,16:11:41,1.362,172.9
2026-08-04,16:11:41,1.362,172.9
2026-08-04,16:11:41,1.362,172.9
2026-08-04,16:11:41,1.362,172.9
2026-08-04,16:11:41,1.362,172.9
2026-08-04,16:11:42,1.362,172.9
2026-08-04,16:11:42,1.362,172.9
2026-08-04,16:11:42,1.362,172.9
2026-08-04,16:11:42,1.362,172.9
2026-08-04,16:11:42,1.362,172.9
2026-08-04,16:11:42,1.362,172.9
2026-08-04,16:11:43,1.362,172.9
2026-08-04,16:11:43,1.362,172.9
2026-08-04,16:11:43,1.362,172.9
2026-08-04,16:11:43,1.362,172.9
2026-08-04,16:11:43,1.362,172.9
2026-08-04,16:11:43,1.362,172.9
2026-08-04,16:11:44,1.362,172.9
2026-08-04,16:11:44,1.362,172.9
2026-08-04,16:11:44,1.361,172.9
2026-08-04,16:11:44,1.361,172.9
2026-08-04,16:11:44,1.361,172.9
2026-08-04,16:11:44,1.361,172.9
2026-08-04,16:11:45,1.361,172.9
2026-08-04,16:11:45,1.361,172.9
2026-08-04,16:11:45,1.361,172.9
2026-08-04,16:11:45,1.361,172.9
2026-08-04,16:11:45,1.361,172.9
2026-08-04,16:11:45,1.361,172.9
2026-08-04,16:11:46,1.361,172.9
2026-08-04,16:11:46,1.361,172.9
2026-08-04,16:11:46,1.361,172.9
2026-08-04,16:11:46,1.361,172.9
2026-08-04,16:11:46,1.361,172.9
2026-08-04,16:11:46,1.361,172.9
2026-08-04,16:11:47,1.361,172.9
2026-08-04,16:11:47,1.361,172.9
2026-08-04,16:11:47,1.361,172.9
2026-08-04,16:11:47,1.361,172.9
2026-08-04,16:11:47,1.361,172.9
2026-08-04,16:11:47,1.361,172.9
2026-08-04,16:11:48,1.361,172.9
2026-08-04,16:11:48,1.361,172.9
2026-08-04,16:11:48,1.362,172.9
2026-08-04,16:11:48,1.362,172.9
2026-08-04,16:11:48,1.362,172.9
2026-08-04,16:11:48,1.362,172.9
2026-08-04,16:11:49,1.362,172.9
2026-08-04,16:11:49,1.362,172.9
2026-08-04,16:11:49,1.362,172.9
2026-08-04,16:11:49,1.362,172.9
2026-08-04,16:11:49,1.362,172.9
2026-08-04,16:11:49,1.362,172.9
2026-08-04,16:11:50,1.362,172.9
2026-08-04,16:11:50,1.362,172.9
2026-08-04,16:11:50,1.362,172.9
2026-08-04,16:11:50,1.362,172.9
2026-08-04,16:11:50,1.362,172.9
2026-08-04,16:11:50,1.362,172.9
2026-08-04,16:11:51,1.362,172.9
2026-08-04,16:11:51,1.362,172.9
2026-08-04,16:11:51,1.362,172.9
2026-08-04,16:11:51,1.362,172.9
2026-08-04,16:11:51,1.362,173.0
2026-08-04,16:11:51,1.362,173.0
2026-08-04,16:11:52,1.362,173.0
2026-08-04,16:11:52,1.362,173.0
2026-08-04,16:11:52,1.362,173.0
2026-08-04,16:11:52,1.362,173.0
2026-08-04,16:11:52,1.362,173.0
2026-08-04,16:11:52,1.362,173.0
2026-08-04,16:11:53,1.362,173.0
2026-08-04,16:11:53,1.362,173.0
2026-08-04,16:11:53,1.362,173.0
2026-08-04,16:11:53,1.362,173.0
2026-08-04,16:11:53,1.362,173.0
2026-08-04,16:11:53,1.362,173.0
2026-08-04,16:11:54,1.362,173.0
2026-08-04,16:11:54,1.362,173.0
2026-08-04,16:11:54,1.362,172.9
2026-08-04,16:11:54,1.362,172.9
2026-08-04,16:11:54,1.362,172.9
2026-08-04,16:11:54,1.362,172.9
2026-08-04,16:11:55,1.362,172.9
2026-08-04,16:11:55,1.362,172.9
2026-08-04,16:11:55,1.362,172.9
2026-08-04,16:11:55,1.362,172.9
2026-08-04,16:11:55,1.362,172.9
2026-08-04,16:11:55,1.362,172.9
2026-08-04,16:11:56,1.361,172.9
2026-08-04,16:11:56,1.361,172.9
2026-08-04,16:11:56,1.361,172.9
2026-08-04,16:11:56,1.361,172.9
2026-08-04,16:11:56,1.361,172.9
2026-08-04,16:11:56,1.361,172.9
2026-08-04,16:11:56,1.361,172.9
2026-08-04,16:11:57,1.361,172.9
2026-08-04,16:11:57,1.361,172.9
2026-08-04,16:11:57,1.361,172.9
2026-08-04,16:11:57,1.361,172.9
2026-08-04,16:11:57,1.361,172.9
2026-08-04,16:11:57,1.361,172.9
2026-08-04,16:11:58,1.362,172.9
2026-08-04,16:11:58,1.362,172.9
2026-08-04,16:11:58,1.362,172.9
2026-08-04,16:11:58,1.362,172.9
2026-08-04,16:11:58,1.362,172.9
2026-08-04,16:11:58,1.362,172.9
2026-08-04,16:11:59,1.362,172.9
2026-08-04,16:11:59,1.362,172.9
2026-08-04,16:11:59,1.362,172.9
2026-08-04,16:11:59,1.362,173.0
2026-08-04,16:11:59,1.362,173.0
2026-08-04,16:11:59,1.362,173.0
2026-08-04,16:12:00,1.362,173.0
2026-08-04,16:12:00,1.362,173.0
2026-08-04,16:12:00,1.362,173.0
2026-08-04,16:12:00,1.362,173.0
2026-08-04,16:12:00,1.362,173.0
2026-08-04,16:12:00,1.362,173.0
2026-08-04,16:12:01,1.362,173.0
2026-08-04,16:12:01,1.362,173.0
2026-08-04,16:12:01,1.362,173.0
2026-08-04,16:12:01,1.362,173.0
2026-08-04,16:12:01,1.362,173.0
2026-08-04,16:12:01,1.362,173.0
2026-08-04,16:12:02,1.362,173.0
2026-08-04,16:12:02,1.362,173.0
2026-08-04,16:12:02,1.362,172.9
2026-08-04,16:12:02,1.362,172.9
2026-08-04,16:12:02,1.362,172.9
2026-08-04,16:12:02,1.362,172.9
2026-08-04,16:12:03,1.362,172.9
2026-08-04,16:12:03,1.362,172.9
2026-08-04,16:12:03,1.362,172.9
2026-08-04,16:12:03,1.362,172.9
2026-08-04,16:12:03,1.362,172.9
2026-08-04,16:12:03,1.362,172.9
2026-08-04,16:12:04,1.362,172.9
2026-08-04,16:12:04,1.362,172.9
2026-08-04,16:12:04,1.362,172.9
2026-08-04,16:12:04,1.362,172.9
2026-08-04,16:12:04,1.362,172.9
2026-08-04,16:12:04,1.361,172.9
2026-08-04,16:12:05,1.361,172.9
2026-08-04,16:12:05,1.361,172.9
2026-08-04,16:12:05,1.361,172.9
2026-08-04,16:12:05,1.361,172.9
2026-08-04,16:12:05,1.361,172.9
2026-08-04,16:12:05,1.361,172.9
2026-08-04,16:12:06,1.361,172.9
2026-08-04,16:12:06,1.361,172.9
2026-08-04,16:12:06,1.361,172.9
2026-08-04,16:12:06,1.361,172.9
2026-08-04,16:12:06,1.361,172.9
2026-08-04,16:12:06,1.361,172.9
2026-08-04,16:12:07,1.361,172.9
2026-08-04,16:12:07,1.361,172.9
2026-08-04,16:12:07,1.361,172.9
2026-08-04,16:12:07,1.361,172.9
2026-08-04,16:12:07,1.361,172.9
2026-08-04,16:12:07,1.361,172.9
2026-08-04,16:12:08,1.361,172.9
2026-08-04,16:12:08,1.361,172.9
2026-08-04,16:12:08,1.361,172.9
2026-08-04,16:12:08,1.361,172.9
2026-08-04,16:12:08,1.362,172.9
2026-08-04,16:12:08,1.362,172.9
2026-08-04,16:12:09,1.362,172.9
2026-08-04,16:12:09,1.362,172.9
2026-08-04,16:12:09,1.362,172.9
2026-08-04,16:12:09,1.362,172.9
2026-08-04,16:12:09,1.362,172.9
2026-08-04,16:12:09,1.361,172.9
2026-08-04,16:12:10,1.361,172.9
2026-08-04,16:12:10,1.361,172.9
2026-08-04,16:12:10,1.361,172.9
2026-08-04,16:12:10,1.361,172.9
2026-08-04,16:12:10,1.362,172.9
2026-08-04,16:12:10,1.362,172.9
2026-08-04,16:12:11,1.362,172.9
2026-08-04,16:12:11,1.362,172.9
2026-08-04,16:12:11,1.362,172.9
2026-08-04,16:12:11,1.362,172.9
2026-08-04,16:12:11,1.362,172.9
2026-08-04,16:12:11,1.362,172.9
2026-08-04,16:12:12,1.362,172.9
2026-08-04,16:12:12,1.362,172.9
2026-08-04,16:12:12,1.362,172.9
2026-08-04,16:12:12,1.362,172.9
2026-08-04,16:12:12,1.362,172.9
2026-08-04,16:12:12,1.362,172.9
2026-08-04,16:12:12,1.362,172.9
2026-08-04,16:12:13,1.362,172.9
2026-08-04,16:12:13,1.362,172.9
2026-08-04,16:12:13,1.362,172.9
2026-08-04,16:12:13,1.362,172.9
2026-08-04,16:12:13,1.362,172.9
2026-08-04,16:12:13,1.362,172.9
2026-08-04,16:12:14,1.362,172.9
2026-08-04,16:12:14,1.362,172.9
2026-08-04,16:12:14,1.362,172.9
2026-08-04,16:12:14,1.362,172.9
2026-08-04,16:12:14,1.362,172.9
2026-08-04,16:12:14,1.362,172.9
2026-08-04,16:12:15,1.362,172.9
2026-08-04,16:12:15,1.362,172.9
2026-08-04,16:12:15,1.362,172.9
2026-08-04,16:12:15,1.362,172.9
2026-08-04,16:12:15,1.362,172.9
2026-08-04,16:12:15,1.362,172.9
2026-08-04,16:12:16,1.362,172.9
2026-08-04,16:12:16,1.362,172.9
2026-08-04,16:12:16,1.362,172.9
2026-08-04,16:12:16,1.362,172.9
2026-08-04,16:12:16,1.362,172.9
2026-08-04,16:12:16,1.362,172.9
2026-08-04,16:12:17,1.362,172.9
2026-08-04,16:12:17,1.362,172.9
2026-08-04,16:12:17,1.362,172.9
2026-08-04,16:12:17,1.362,172.9
2026-08-04,16:12:17,1.362,172.9
2026-08-04,16:12:17,1.362,172.9
2026-08-04,16:12:18,1.362,172.9
2026-08-04,16:12:18,1.362,172.9
2026-08-04,16:12:18,1.362,172.9
2026-08-04,16:12:18,1.362,172.9
2026-08-04,16:12:18,1.362,172.9
2026-08-04,16:12:18,1.362,172.9
2026-08-04,16:12:19,1.362,172.9
2026-08-04,16:12:19,1.362,172.9
2026-08-04,16:12:19,1.362,172.9
2026-08-04,16:12:19,1.362,172.9
2026-08-04,16:12:19,1.362,172.9
2026-08-04,16:12:19,1.362,172.9
2026-08-04,16:12:20,1.362,172.9
2026-08-04,16:12:20,1.362,172.9
2026-08-04,16:12:20,1.362,172.9
2026-08-04,16:12:20,1.362,172.9
2026-08-04,16:12:20,1.362,172.9
2026-08-04,16:12:20,1.362,172.9
2026-08-04,16:12:21,1.362,172.9
2026-08-04,16:12:21,1.362,172.9
2026-08-04,16:12:21,1.362,172.9
2026-08-04,16:12:21,1.362,172.9
2026-08-04,16:12:21,1.362,172.9
2026-08-04,16:12:21,1.362,172.9
2026-08-04,16:12:22,1.362,172.9
2026-08-04,16:12:22,1.362,172.9
2026-08-04,16:12:22,1.362,172.9
2026-08-04,16:12:22,1.362,172.9
2026-08-04,16:12:22,1.362,172.9
2026-08-04,16:12:22,1.362,172.9
2026-08-04,16:12:23,1.362,172.9
2026-08-04,16:12:23,1.362,172.9
2026-08-04,16:12:23,1.362,172.9
2026-08-04,16:12:23,1.362,172.9
2026-08-04,16:12:23,1.362,172.9
2026-08-04,16:12:23,1.362,172.9
2026-08-04,16:12:24,1.362,172.9
2026-08-04,16:12:24,1.362,172.9
2026-08-04,16:12:24,1.362,172.9
2026-08-04,16:12:24,1.362,172.9
2026-08-04,16:12:24,1.362,172.9
2026-08-04,16:12:24,1.362,172.9
2026-08-04,16:12:25,1.362,172.9
2026-08-04,16:12:25,1.362,172.9
2026-08-04,16:12:25,1.362,172.9
2026-08-04,16:12:25,1.362,172.9
2026-08-04,16:12:25,1.362,172.9
2026-08-04,16:12:25,1.362,172.9
2026-08-04,16:12:26,1.362,172.9
2026-08-04,16:12:26,1.362,172.9
2026-08-04,16:12:26,1.362,172.9
2026-08-04,16:12:26,1.362,172.9
2026-08-04,16:12:26,1.362,172.9
2026-08-04,16:12:26,1.362,172.9
2026-08-04,16:12:27,1.362,172.9
2026-08-04,16:12:27,1.362,172.9
2026-08-04,16:12:27,1.362,172.9
2026-08-04,16:12:27,1.362,172.9
2026-08-04,16:12:27,1.362,172.9
2026-08-04,16:12:27,1.362,172.9
2026-08-04,16:12:28,1.362,172.9
2026-08-04,16:12:28,1.362,172.9
2026-08-04,16:12:28,1.362,172.9
2026-08-04,16:12:28,1.362,172.9
2026-08-04,16:12:28,1.362,173.0
2026-08-04,16:12:28,1.362,173.0
2026-08-04,16:12:29,1.362,173.0
2026-08-04,16:12:29,1.362,173.0
2026-08-04,16:12:29,1.362,173.0
2026-08-04,16:12:29,1.362,172.9
2026-08-04,16:12:29,1.362,172.9
2026-08-04,16:12:29,1.362,172.9
2026-08-04,16:12:29,1.362,172.9
2026-08-04,16:12:30,1.362,172.9
2026-08-04,16:12:30,1.362,172.9
2026-08-04,16:12:30,1.362,172.9
2026-08-04,16:12:30,1.362,172.9
2026-08-04,16:12:30,1.362,172.9
2026-08-04,16:12:30,1.362,173.0
2026-08-04,16:12:31,1.362,173.0
2026-08-04,16:12:31,1.362,173.0
2026-08-04,16:12:31,1.362,173.0
2026-08-04,16:12:31,1.362,173.0
2026-08-04,16:12:31,1.362,173.0
2026-08-04,16:12:31,1.362,173.0
2026-08-04,16:12:32,1.362,173.0
2026-08-04,16:12:32,1.362,173.0
2026-08-04,16:12:32,1.362,173.0
2026-08-04,16:12:32,1.362,173.0
2026-08-04,16:12:32,1.362,173.0
2026-08-04,16:12:32,1.362,173.0
2026-08-04,16:12:33,1.362,173.0
2026-08-04,16:12:33,1.362,173.0
2026-08-04,16:12:33,1.362,173.0
2026-08-04,16:12:33,1.362,173.0
2026-08-04,16:12:33,1.362,173.0
2026-08-04,16:12:33,1.362,173.0
2026-08-04,16:12:34,1.362,173.0
2026-08-04,16:12:34,1.362,173.0
2026-08-04,16:12:34,1.362,173.0
2026-08-04,16:12:34,1.362,173.0
2026-08-04,16:12:34,1.362,173.0
2026-08-04,16:12:34,1.362,173.0
2026-08-04,16:12:35,1.362,173.0
2026-08-04,16:12:35,1.362,173.0
2026-08-04,16:12:35,1.362,173.0
2026-08-04,16:12:35,1.362,173.0
2026-08-04,16:12:35,1.362,173.0
2026-08-04,16:12:35,1.362,173.0
2026-08-04,16:12:36,1.362,173.0
2026-08-04,16:12:36,1.362,173.0
2026-08-04,16:12:36,1.362,173.0
2026-08-04,16:12:36,1.362,173.0
2026-08-04,16:12:36,1.362,173.0
2026-08-04,16:12:36,1.362,173.0
2026-08-04,16:12:37,1.362,173.0
2026-08-04,16:12:37,1.362,173.0
2026-08-04,16:12:37,1.362,173.0
2026-08-04,16:12:37,1.362,172.9
2026-08-04,16:12:37,1.362,172.9
2026-08-04,16:12:37,1.362,172.9
2026-08-04,16:12:38,1.362,172.9
2026-08-04,16:12:38,1.362,172.9
2026-08-04,16:12:38,1.362,173.0
2026-08-04,16:12:38,1.362,173.0
2026-08-04,16:12:38,1.362,173.0
2026-08-04,16:12:38,1.362,173.0
2026-08-04,16:12:39,1.362,173.0
2026-08-04,16:12:39,1.362,173.0
2026-08-04,16:12:39,1.362,173.0
2026-08-04,16:12:39,1.362,173.0
2026-08-04,16:12:39,1.362,173.0
2026-08-04,16:12:39,1.362,173.0
2026-08-04,16:12:40,1.362,173.0
2026-08-04,16:12:40,1.362,173.0
2026-08-04,16:12:40,1.362,173.0
2026-08-04,16:12:40,1.362,173.0
2026-08-04,16:12:40,1.362,173.0
2026-08-04,16:12:40,1.362,173.0
2026-08-04,16:12:41,1.362,173.0
2026-08-04,16:12:41,1.362,173.0
2026-08-04,16:12:41,1.362,173.0
2026-08-04,16:12:41,1.362,173.0
2026-08-04,16:12:41,1.362,173.0
2026-08-04,16:12:41,1.362,173.0
2026-08-04,16:12:42,1.362,173.0
2026-08-04,16:12:42,1.362,173.0
2026-08-04,16:12:42,1.362,173.0
2026-08-04,16:12:42,1.362,173.0
2026-08-04,16:12:42,1.362,173.0
2026-08-04,16:12:42,1.362,173.0
2026-08-04,16:12:43,1.362,173.0
2026-08-04,16:12:43,1.362,173.0
2026-08-04,16:12:43,1.362,173.0
2026-08-04,16:12:43,1.362,173.0
2026-08-04,16:12:43,1.362,173.0
2026-08-04,16:12:43,1.362,173.0
2026-08-04,16:12:44,1.362,173.0
2026-08-04,16:12:44,1.362,173.0
2026-08-04,16:12:44,1.362,173.0
2026-08-04,16:12:44,1.362,173.0
2026-08-04,16:12:44,1.362,173.0
2026-08-04,16:12:44,1.362,173.0
2026-08-04,16:12:45,1.362,173.0
2026-08-04,16:12:45,1.362,173.0
2026-08-04,16:12:45,1.362,173.0
2026-08-04,16:12:45,1.362,173.0
2026-08-04,16:12:45,1.362,173.0
2026-08-04,16:12:45,1.362,173.0
2026-08-04,16:12:45,1.362,173.0
2026-08-04,16:12:46,1.362,173.0
2026-08-04,16:12:46,1.362,173.0
2026-08-04,16:12:46,1.362,173.0
2026-08-04,16:12:46,1.362,173.0
2026-08-04,16:12:46,1.362,173.0
2026-08-04,16:12:46,1.362,173.0
2026-08-04,16:12:47,1.362,173.0
2026-08-04,16:12:47,1.362,172.9
2026-08-04,16:12:47,1.362,172.9
2026-08-04,16:12:47,1.362,172.9
2026-08-04,16:12:47,1.362,172.9
2026-08-04,16:12:47,1.362,172.9
2026-08-04,16:12:48,1.362,172.9
2026-08-04,16:12:48,1.362,172.9
2026-08-04,16:12:48,1.362,172.9
2026-08-04,16:12:48,1.362,172.9
2026-08-04,16:12:48,1.362,172.9
2026-08-04,16:12:48,1.362,172.9
2026-08-04,16:12:49,1.362,172.9
2026-08-04,16:12:49,1.362,172.9
2026-08-04,16:12:49,1.362,172.9
2026-08-04,16:12:49,1.362,172.9
2026-08-04,16:12:49,1.362,172.9
2026-08-04,16:12:49,1.362,172.9
2026-08-04,16:12:50,1.362,172.9
2026-08-04,16:12:50,1.362,172.9
2026-08-04,16:12:50,1.362,172.9
2026-08-04,16:12:50,1.362,172.9
2026-08-04,16:12:50,1.362,172.9
2026-08-04,16:12:50,1.362,172.9
2026-08-04,16:12:51,1.362,172.9
2026-08-04,16:12:51,1.362,172.9
2026-08-04,16:12:51,1.362,172.9
2026-08-04,16:12:51,1.362,172.9
2026-08-04,16:12:51,1.362,172.9
2026-08-04,16:12:51,1.362,172.9
2026-08-04,16:12:52,1.362,172.9
2026-08-04,16:12:52,1.362,172.9
2026-08-04,16:12:52,1.362,172.9
2026-08-04,16:12:52,1.362,172.9
2026-08-04,16:12:52,1.362,172.9
2026-08-04,16:12:52,1.362,172.9
2026-08-04,16:12:53,1.362,172.9
2026-08-04,16:12:53,1.362,172.9
2026-08-04,16:12:53,1.362,172.9
2026-08-04,16:12:53,1.362,172.9
2026-08-04,16:12:53,1.362,172.9
2026-08-04,16:12:53,1.362,172.9
2026-08-04,16:12:54,1.362,172.9
2026-08-04,16:12:54,1.361,172.9
2026-08-04,16:12:54,1.361,172.9
2026-08-04,16:12:54,1.361,172.9
2026-08-04,16:12:54,1.361,172.9
2026-08-04,16:12:54,1.361,172.9
2026-08-04,16:12:55,1.361,172.9
2026-08-04,16:12:55,1.361,172.9
2026-08-04,16:12:55,1.361,172.9
2026-08-04,16:12:55,1.361,172.9
2026-08-04,16:12:55,1.361,172.9
2026-08-04,16:12:55,1.361,172.9
2026-08-04,16:12:56,1.361,172.9
2026-08-04,16:12:56,1.361,172.9
2026-08-04,16:12:56,1.361,172.9
2026-08-04,16:12:56,1.361,172.9
2026-08-04,16:12:56,1.361,172.9
2026-08-04,16:12:56,1.361,172.9
2026-08-04,16:12:57,1.361,172.9
2026-08-04,16:12:57,1.361,172.9
2026-08-04,16:12:57,1.362,172.9
2026-08-04,16:12:57,1.362,172.9
2026-08-04,16:12:57,1.362,172.9
2026-08-04,16:12:57,1.362,172.9
2026-08-04,16:12:58,1.362,172.9
2026-08-04,16:12:58,1.362,172.9
2026-08-04,16:12:58,1.362,172.9
2026-08-04,16:12:58,1.362,172.9
2026-08-04,16:12:58,1.362,172.9
2026-08-04,16:12:58,1.362,172.9
2026-08-04,16:12:59,1.362,172.9
2026-08-04,16:12:59,1.362,172.9
2026-08-04,16:12:59,1.362,172.9
2026-08-04,16:12:59,1.362,172.9
2026-08-04,16:12:59,1.362,172.9
2026-08-04,16:12:59,1.362,172.9
2026-08-04,16:13:00,1.362,172.9
2026-08-04,16:13:00,1.362,172.9
2026-08-04,16:13:00,1.362,172.9
2026-08-04,16:13:00,1.362,172.9
2026-08-04,16:13:00,1.362,172.9
2026-08-04,16:13:00,1.362,172.9
2026-08-04,16:13:01,1.362,172.9
2026-08-04,16:13:01,1.362,172.9
2026-08-04,16:13:01,1.362,172.9
2026-08-04,16:13:01,1.362,172.9
2026-08-04,16:13:01,1.362,173.0
2026-08-04,16:13:01,1.362,173.0
2026-08-04,16:13:02,1.362,173.0
2026-08-04,16:13:02,1.362,173.0
2026-08-04,16:13:02,1.362,173.0
2026-08-04,16:13:02,1.362,173.0
2026-08-04,16:13:02,1.362,173.0
2026-08-04,16:13:02,1.362,173.0
2026-08-04,16:13:02,1.362,173.0
2026-08-04,16:13:03,1.362,173.0
2026-08-04,16:13:03,1.362,173.0
2026-08-04,16:13:03,1.362,173.0
2026-08-04,16:13:03,1.362,173.0
2026-08-04,16:13:03,1.362,173.0
2026-08-04,16:13:03,1.362,173.0
2026-08-04,16:13:04,1.362,173.0
2026-08-04,16:13:04,1.362,173.0
2026-08-04,16:13:04,1.362,173.0
2026-08-04,16:13:04,1.362,173.0
2026-08-04,16:13:04,1.362,173.0
2026-08-04,16:13:04,1.362,173.0
2026-08-04,16:13:05,1.362,173.0
2026-08-04,16:13:05,1.362,173.0
2026-08-04,16:13:05,1.362,173.0
2026-08-04,16:13:05,1.362,173.0
2026-08-04,16:13:05,1.362,173.0
2026-08-04,16:13:05,1.362,173.0
2026-08-04,16:13:06,1.362,173.0
2026-08-04,16:13:06,1.362,173.0
2026-08-04,16:13:06,1.362,173.0
2026-08-04,16:13:06,1.362,173.0
2026-08-04,16:13:06,1.362,173.0
2026-08-04,16:13:06,1.362,173.0
2026-08-04,16:13:07,1.362,173.0
2026-08-04,16:13:07,1.362,173.0
2026-08-04,16:13:07,1.362,173.0
2026-08-04,16:13:07,1.362,173.0
2026-08-04,16:13:07,1.362,173.0
2026-08-04,16:13:07,1.362,173.0
2026-08-04,16:13:08,1.362,173.0
2026-08-04,16:13:08,1.362,173.0
2026-08-04,16:13:08,1.362,173.0
2026-08-04,16:13:08,1.362,173.0
2026-08-04,16:13:08,1.362,173.0
2026-08-04,16:13:08,1.362,173.0
2026-08-04,16:13:09,1.362,173.0
2026-08-04,16:13:09,1.362,173.0
2026-08-04,16:13:09,1.362,173.0
2026-08-04,16:13:09,1.362,173.0
2026-08-04,16:13:09,1.362,173.0
2026-08-04,16:13:09,1.362,173.0
2026-08-04,16:13:10,1.362,173.0
2026-08-04,16:13:10,1.362,173.0
2026-08-04,16:13:10,1.362,173.0
2026-08-04,16:13:10,1.362,173.0
2026-08-04,16:13:10,1.362,173.0
2026-08-04,16:13:10,1.362,173.0
2026-08-04,16:13:11,1.362,173.0
2026-08-04,16:13:11,1.362,173.0
2026-08-04,16:13:11,1.362,173.0
2026-08-04,16:13:11,1.362,173.0
2026-08-04,16:13:11,1.362,173.0
2026-08-04,16:13:11,1.362,173.0
2026-08-04,16:13:12,1.362,173.0
2026-08-04,16:13:12,1.362,173.0
2026-08-04,16:13:12,1.362,173.0
2026-08-04,16:13:12,1.362,173.0
2026-08-04,16:13:12,1.362,173.0
2026-08-04,16:13:12,1.362,173.0
2026-08-04,16:13:13,1.362,173.0
2026-08-04,16:13:13,1.362,173.0
2026-08-04,16:13:13,1.362,173.0
2026-08-04,16:13:13,1.362,173.0
2026-08-04,16:13:13,1.362,173.0
2026-08-04,16:13:13,1.362,173.0
2026-08-04,16:13:14,1.362,173.0
2026-08-04,16:13:14,1.362,173.0
2026-08-04,16:13:14,1.362,173.0
2026-08-04,16:13:14,1.362,173.0
2026-08-04,16:13:14,1.362,173.0
2026-08-04,16:13:14,1.362,173.0
2026-08-04,16:13:15,1.362,173.0
2026-08-04,16:13:15,1.362,173.0
2026-08-04,16:13:15,1.362,173.0
2026-08-04,16:13:15,1.362,173.0
2026-08-04,16:13:15,1.362,173.0
2026-08-04,16:13:15,1.362,173.0
2026-08-04,16:13:16,1.363,173.0
2026-08-04,16:13:16,1.363,173.0
2026-08-04,16:13:16,1.363,173.1
2026-08-04,16:13:16,1.363,173.1
2026-08-04,16:13:16,1.363,173.1
2026-08-04,16:13:16,1.363,173.1
2026-08-04,16:13:17,1.363,173.1
2026-08-04,16:13:17,1.363,173.1
2026-08-04,16:13:17,1.363,173.1
2026-08-04,16:13:17,1.363,173.1
2026-08-04,16:13:17,1.363,173.0
2026-08-04,16:13:17,1.363,173.0
2026-08-04,16:13:18,1.363,173.0
2026-08-04,16:13:18,1.363,173.0
2026-08-04,16:13:18,1.363,173.0
2026-08-04,16:13:18,1.363,173.0
2026-08-04,16:13:18,1.363,173.0
2026-08-04,16:13:18,1.363,173.0
2026-08-04,16:13:18,1.363,173.0
2026-08-04,16:13:19,1.363,173.0
2026-08-04,16:13:19,1.363,173.0
2026-08-04,16:13:19,1.363,173.0
2026-08-04,16:13:19,1.363,173.0
2026-08-04,16:13:19,1.363,173.0
2026-08-04,16:13:19,1.363,173.0
2026-08-04,16:13:20,1.363,173.0
2026-08-04,16:13:20,1.363,173.0
2026-08-04,16:13:20,1.363,173.0
2026-08-04,16:13:20,1.363,173.0
2026-08-04,16:13:20,1.363,173.0
2026-08-04,16:13:20,1.362,173.0
2026-08-04,16:13:21,1.362,173.0
2026-08-04,16:13:21,1.362,173.0
2026-08-04,16:13:21,1.362,173.0
2026-08-04,16:13:21,1.362,173.0
2026-08-04,16:13:21,1.362,173.0
2026-08-04,16:13:21,1.362,173.0
2026-08-04,16:13:22,1.362,173.0
2026-08-04,16:13:22,1.362,173.0
2026-08-04,16:13:22,1.362,173.0
2026-08-04,16:13:22,1.362,173.0
2026-08-04,16:13:22,1.362,173.0
2026-08-04,16:13:22,1.362,173.0
2026-08-04,16:13:23,1.362,173.0
2026-08-04,16:13:23,1.362,173.0
2026-08-04,16:13:23,1.362,173.0
2026-08-04,16:13:23,1.362,173.0
2026-08-04,16:13:23,1.362,173.0
2026-08-04,16:13:23,1.362,173.0
2026-08-04,16:13:24,1.362,173.0
2026-08-04,16:13:24,1.362,173.0
2026-08-04,16:13:24,1.362,173.0
2026-08-04,16:13:24,1.362,173.0
2026-08-04,16:13:24,1.362,173.0
2026-08-04,16:13:24,1.362,173.0
2026-08-04,16:13:25,1.362,173.0
2026-08-04,16:13:25,1.362,173.0
2026-08-04,16:13:25,1.362,173.0
2026-08-04,16:13:25,1.362,173.0
2026-08-04,16:13:25,1.362,173.0
2026-08-04,16:13:25,1.362,173.0
2026-08-04,16:13:26,1.362,173.0
2026-08-04,16:13:26,1.362,173.0
2026-08-04,16:13:26,1.362,173.0
2026-08-04,16:13:26,1.362,173.0
2026-08-04,16:13:26,1.362,173.0
2026-08-04,16:13:26,1.362,173.0
2026-08-04,16:13:27,1.362,173.0
2026-08-04,16:13:27,1.362,173.0
2026-08-04,16:13:27,1.362,173.0
2026-08-04,16:13:27,1.362,173.0
2026-08-04,16:13:27,1.362,173.0
2026-08-04,16:13:27,1.362,173.0
2026-08-04,16:13:28,1.362,173.0
2026-08-04,16:13:28,1.362,172.9
2026-08-04,16:13:28,1.362,172.9
2026-08-04,16:13:28,1.362,172.9
2026-08-04,16:13:28,1.362,172.9
2026-08-04,16:13:28,1.362,172.9
2026-08-04,16:13:29,1.362,172.9
2026-08-04,16:13:29,1.362,172.9
2026-08-04,16:13:29,1.362,172.9
2026-08-04,16:13:29,1.362,172.9
2026-08-04,16:13:29,1.362,172.9
2026-08-04,16:13:29,1.362,172.9
2026-08-04,16:13:30,1.362,172.9
2026-08-04,16:13:30,1.362,172.9
2026-08-04,16:13:30,1.362,172.9
2026-08-04,16:13:30,1.362,172.9
2026-08-04,16:13:30,1.362,172.9
2026-08-04,16:13:30,1.362,172.9
2026-08-04,16:13:31,1.362,172.9
2026-08-04,16:13:31,1.362,172.9
2026-08-04,16:13:31,1.362,172.9
2026-08-04,16:13:31,1.362,172.9
2026-08-04,16:13:31,1.362,173.0
2026-08-04,16:13:31,1.362,173.0
2026-08-04,16:13:32,1.362,173.0
2026-08-04,16:13:32,1.362,173.0
2026-08-04,16:13:32,1.362,173.0
2026-08-04,16:13:32,1.362,173.0
2026-08-04,16:13:32,1.362,173.0
2026-08-04,16:13:32,1.362,173.0
2026-08-04,16:13:33,1.362,173.0
2026-08-04,16:13:33,1.362,173.0
2026-08-04,16:13:33,1.362,173.0
2026-08-04,16:13:33,1.362,173.0
2026-08-04,16:13:33,1.362,173.0
2026-08-04,16:13:33,1.362,173.0
2026-08-04,16:13:34,1.362,173.0
2026-08-04,16:13:34,1.362,173.0
2026-08-04,16:13:34,1.362,173.0
2026-08-04,16:13:34,1.362,173.0
2026-08-04,16:13:34,1.362,173.0
2026-08-04,16:13:34,1.362,173.0
2026-08-04,16:13:35,1.362,173.0
2026-08-04,16:13:35,1.362,173.0
2026-08-04,16:13:35,1.362,173.0
2026-08-04,16:13:35,1.362,173.0
2026-08-04,16:13:35,1.362,173.0
2026-08-04,16:13:35,1.362,173.0
2026-08-04,16:13:35,1.362,173.0
2026-08-04,16:13:36,1.362,173.0
2026-08-04,16:13:36,1.362,173.0
2026-08-04,16:13:36,1.362,173.0
2026-08-04,16:13:36,1.362,173.0
2026-08-04,16:13:36,1.362,173.0
2026-08-04,16:13:36,1.362,173.0
2026-08-04,16:13:37,1.362,173.0
2026-08-04,16:13:37,1.362,173.0
2026-08-04,16:13:37,1.362,172.9
2026-08-04,16:13:37,1.362,172.9
2026-08-04,16:13:37,1.362,172.9
2026-08-04,16:13:37,1.362,172.9
2026-08-04,16:13:38,1.362,172.9
2026-08-04,16:13:38,1.362,172.9
2026-08-04,16:13:38,1.362,172.9
2026-08-04,16:13:38,1.362,172.9
2026-08-04,16:13:38,1.362,172.9
2026-08-04,16:13:38,1.362,172.9
2026-08-04,16:13:39,1.362,172.9
2026-08-04,16:13:39,1.362,172.9
2026-08-04,16:13:39,1.362,172.9
2026-08-04,16:13:39,1.362,172.9
2026-08-04,16:13:39,1.362,172.9
2026-08-04,16:13:39,1.362,172.9
2026-08-04,16:13:40,1.362,172.9
2026-08-04,16:13:40,1.362,172.9
2026-08-04,16:13:40,1.361,172.9
2026-08-04,16:13:40,1.361,172.9
2026-08-04,16:13:40,1.361,172.9
2026-08-04,16:13:40,1.361,172.9
2026-08-04,16:13:41,1.361,172.9
2026-08-04,16:13:41,1.361,172.9
2026-08-04,16:13:41,1.361,172.9
2026-08-04,16:13:41,1.361,172.9
2026-08-04,16:13:41,1.361,172.9
2026-08-04,16:13:41,1.361,172.9
2026-08-04,16:13:42,1.361,172.9
2026-08-04,16:13:42,1.361,172.9
2026-08-04,16:13:42,1.361,172.9
2026-08-04,16:13:42,1.361,172.9
2026-08-04,16:13:42,1.361,172.9
2026-08-04,16:13:42,1.361,172.9
2026-08-04,16:13:43,1.361,172.9
2026-08-04,16:13:43,1.361,172.9
2026-08-04,16:13:43,1.361,172.9
2026-08-04,16:13:43,1.361,172.9
2026-08-04,16:13:43,1.361,172.9
2026-08-04,16:13:43,1.361,172.9
2026-08-04,16:13:44,1.361,172.9
2026-08-04,16:13:44,1.361,172.9
2026-08-04,16:13:44,1.361,172.8
2026-08-04,16:13:44,1.361,172.8
2026-08-04,16:13:44,1.361,172.8
2026-08-04,16:13:44,1.361,172.8
2026-08-04,16:13:45,1.361,172.8
2026-08-04,16:13:45,1.361,172.8
2026-08-04,16:13:45,1.361,172.8
2026-08-04,16:13:45,1.361,172.8
2026-08-04,16:13:45,1.361,172.8
2026-08-04,16:13:45,1.361,172.8
2026-08-04,16:13:46,1.361,172.8
2026-08-04,16:13:46,1.361,172.8
2026-08-04,16:13:46,1.361,172.8
2026-08-04,16:13:46,1.361,172.8
2026-08-04,16:13:46,1.361,172.8
2026-08-04,16:13:46,1.361,172.8
2026-08-04,16:13:47,1.361,172.8
2026-08-04,16:13:47,1.361,172.8
2026-08-04,16:13:47,1.361,172.8
2026-08-04,16:13:47,1.361,172.8
2026-08-04,16:13:47,1.361,172.8
2026-08-04,16:13:47,1.361,172.8
2026-08-04,16:13:48,1.361,172.8
2026-08-04,16:13:48,1.361,172.8
2026-08-04,16:13:48,1.361,172.8
2026-08-04,16:13:48,1.361,172.9
2026-08-04,16:13:48,1.361,172.9
2026-08-04,16:13:48,1.361,172.9
2026-08-04,16:13:49,1.361,172.9
2026-08-04,16:13:49,1.361,172.9
2026-08-04,16:13:49,1.361,172.9
2026-08-04,16:13:49,1.361,172.9
2026-08-04,16:13:49,1.361,172.9
2026-08-04,16:13:49,1.361,172.9
2026-08-04,16:13:50,1.361,172.9
2026-08-04,16:13:50,1.361,172.9
2026-08-04,16:13:50,1.361,172.9
2026-08-04,16:13:50,1.361,172.9
2026-08-04,16:13:50,1.361,172.9
2026-08-04,16:13:50,1.361,172.9
2026-08-04,16:13:51,1.361,172.9
2026-08-04,16:13:51,1.361,172.9
2026-08-04,16:13:51,1.361,172.9
2026-08-04,16:13:51,1.361,172.9
2026-08-04,16:13:51,1.361,172.9
2026-08-04,16:13:51,1.361,172.9
2026-08-04,16:13:52,1.361,172.9
2026-08-04,16:13:52,1.361,172.9
2026-08-04,16:13:52,1.361,172.9
2026-08-04,16:13:52,1.361,172.9
2026-08-04,16:13:52,1.361,172.9
2026-08-04,16:13:52,1.361,172.9
2026-08-04,16:13:52,1.361,172.9
2026-08-04,16:13:53,1.362,172.9
2026-08-04,16:13:53,1.362,172.9
2026-08-04,16:13:53,1.362,172.9
2026-08-04,16:13:53,1.362,172.9
2026-08-04,16:13:53,1.362,172.9
2026-08-04,16:13:53,1.362,172.9
2026-08-04,16:13:54,1.362,172.9
2026-08-04,16:13:54,1.362,172.9
2026-08-04,16:13:54,1.362,172.9
2026-08-04,16:13:54,1.362,172.9
2026-08-04,16:13:54,1.362,172.9
2026-08-04,16:13:54,1.362,172.9
2026-08-04,16:13:55,1.361,172.9
2026-08-04,16:13:55,1.361,172.9
2026-08-04,16:13:55,1.361,172.9
2026-08-04,16:13:55,1.361,172.9
2026-08-04,16:13:55,1.361,172.9
2026-08-04,16:13:55,1.361,172.9
2026-08-04,16:13:56,1.361,172.9
2026-08-04,16:13:56,1.361,172.9
2026-08-04,16:13:56,1.361,172.9
2026-08-04,16:13:56,1.361,172.9
2026-08-04,16:13:56,1.361,172.9
2026-08-04,16:13:56,1.361,172.9
2026-08-04,16:13:57,1.361,172.9
2026-08-04,16:13:57,1.361,172.9
2026-08-04,16:13:57,1.361,172.9
2026-08-04,16:13:57,1.361,172.9
2026-08-04,16:13:57,1.361,172.9
2026-08-04,16:13:57,1.361,172.9
2026-08-04,16:13:58,1.361,172.9
2026-08-04,16:13:58,1.362,172.9
2026-08-04,16:13:58,1.362,172.9
2026-08-04,16:13:58,1.362,172.9
2026-08-04,16:13:58,1.362,172.9
2026-08-04,16:13:58,1.362,172.9
2026-08-04,16:13:59,1.362,172.9
2026-08-04,16:13:59,1.362,172.9
2026-08-04,16:13:59,1.362,172.9
2026-08-04,16:13:59,1.362,172.9
2026-08-04,16:13:59,1.362,172.9
2026-08-04,16:13:59,1.362,172.9
2026-08-04,16:14:00,1.362,172.9
2026-08-04,16:14:00,1.362,172.9
2026-08-04,16:14:00,1.362,172.9
2026-08-04,16:14:00,1.362,172.9
2026-08-04,16:14:00,1.362,172.9
2026-08-04,16:14:00,1.362,172.9
2026-08-04,16:14:01,1.362,172.9
2026-08-04,16:14:01,1.362,172.9
2026-08-04,16:14:01,1.362,172.9
2026-08-04,16:14:01,1.362,172.9
2026-08-04,16:14:01,1.362,172.9
2026-08-04,16:14:01,1.361,172.9
2026-08-04,16:14:02,1.361,172.9
2026-08-04,16:14:02,1.361,172.9
2026-08-04,16:14:02,1.361,172.9
2026-08-04,16:14:02,1.361,172.9
2026-08-04,16:14:02,1.361,172.9
2026-08-04,16:14:02,1.361,172.9
2026-08-04,16:14:03,1.361,172.9
2026-08-04,16:14:03,1.361,172.9
2026-08-04,16:14:03,1.361,172.9
2026-08-04,16:14:03,1.361,172.9
2026-08-04,16:14:03,1.361,172.9
2026-08-04,16:14:03,1.361,172.9
2026-08-04,16:14:04,1.361,172.9
2026-08-04,16:14:04,1.361,172.9
2026-08-04,16:14:04,1.361,172.9
2026-08-04,16:14:04,1.361,172.9
2026-08-04,16:14:04,1.362,172.9
2026-08-04,16:14:04,1.362,172.9
2026-08-04,16:14:05,1.362,172.9
2026-08-04,16:14:05,1.362,172.9
2026-08-04,16:14:05,1.362,172.9
2026-08-04,16:14:05,1.362,172.9
2026-08-04,16:14:05,1.362,172.9
2026-08-04,16:14:05,1.362,172.9
2026-08-04,16:14:06,1.362,172.9
2026-08-04,16:14:06,1.362,173.0
2026-08-04,16:14:06,1.362,173.0
2026-08-04,16:14:06,1.362,173.0
2026-08-04,16:14:06,1.362,173.0
2026-08-04,16:14:06,1.362,173.0
2026-08-04,16:14:07,1.362,173.0
2026-08-04,16:14:07,1.362,173.0
2026-08-04,16:14:07,1.362,173.0
2026-08-04,16:14:07,1.362,173.0
2026-08-04,16:14:07,1.362,173.0
2026-08-04,16:14:07,1.362,173.0
2026-08-04,16:14:08,1.362,173.0
2026-08-04,16:14:08,1.362,173.0
2026-08-04,16:14:08,1.362,173.0
2026-08-04,16:14:08,1.362,173.0
2026-08-04,16:14:08,1.362,173.0
2026-08-04,16:14:08,1.362,172.9
2026-08-04,16:14:08,1.362,172.9
2026-08-04,16:14:09,1.362,172.9
2026-08-04,16:14:09,1.362,172.9
2026-08-04,16:14:09,1.362,172.9
2026-08-04,16:14:09,1.362,172.9
2026-08-04,16:14:09,1.362,172.9
2026-08-04,16:14:09,1.362,172.9
2026-08-04,16:14:10,1.362,172.9
2026-08-04,16:14:10,1.362,172.9
2026-08-04,16:14:10,1.362,172.9
2026-08-04,16:14:10,1.362,172.9
2026-08-04,16:14:10,1.362,172.9
2026-08-04,16:14:10,1.362,172.9
2026-08-04,16:14:11,1.362,172.9
2026-08-04,16:14:11,1.362,172.9
2026-08-04,16:14:11,1.362,172.9
2026-08-04,16:14:11,1.362,172.9
2026-08-04,16:14:11,1.362,172.9
2026-08-04,16:14:11,1.362,172.9
2026-08-04,16:14:12,1.362,172.9
2026-08-04,16:14:12,1.362,172.9
2026-08-04,16:14:12,1.362,172.9
2026-08-04,16:14:12,1.362,172.9
2026-08-04,16:14:12,1.362,172.9
2026-08-04,16:14:12,1.362,172.9
2026-08-04,16:14:13,1.362,172.9
2026-08-04,16:14:13,1.362,172.9
2026-08-04,16:14:13,1.362,172.9
2026-08-04,16:14:13,1.362,172.9
2026-08-04,16:14:13,1.362,172.9
2026-08-04,16:14:13,1.362,172.9
2026-08-04,16:14:14,1.362,172.9
2026-08-04,16:14:14,1.362,172.9
2026-08-04,16:14:14,1.362,172.9
2026-08-04,16:14:14,1.362,172.9
2026-08-04,16:14:14,1.362,172.9
2026-08-04,16:14:14,1.362,172.9
2026-08-04,16:14:15,1.362,172.9
2026-08-04,16:14:15,1.362,172.9
2026-08-04,16:14:15,1.362,172.9
2026-08-04,16:14:15,1.362,172.9
2026-08-04,16:14:15,1.362,172.9
2026-08-04,16:14:15,1.362,172.9
2026-08-04,16:14:16,1.362,172.9
2026-08-04,16:14:16,1.362,172.9
2026-08-04,16:14:16,1.362,172.9
2026-08-04,16:14:16,1.362,172.9
2026-08-04,16:14:16,1.362,172.9
2026-08-04,16:14:16,1.362,172.9
2026-08-04,16:14:17,1.362,172.9
2026-08-04,16:14:17,1.362,172.9
2026-08-04,16:14:17,1.362,172.9
2026-08-04,16:14:17,1.362,172.9
2026-08-04,16:14:17,1.362,172.9
2026-08-04,16:14:17,1.362,172.9
2026-08-04,16:14:18,1.362,172.9
2026-08-04,16:14:18,1.362,172.9
2026-08-04,16:14:18,1.362,172.9
2026-08-04,16:14:18,1.362,173.0
2026-08-04,16:14:18,1.362,173.0
2026-08-04,16:14:18,1.362,173.0
2026-08-04,16:14:19,1.362,173.0
2026-08-04,16:14:19,1.362,173.0
2026-08-04,16:14:19,1.362,173.0
2026-08-04,16:14:19,1.362,173.0
2026-08-04,16:14:19,1.362,173.0
2026-08-04,16:14:19,1.362,173.0
2026-08-04,16:14:20,1.362,173.0
2026-08-04,16:14:20,1.362,172.9
2026-08-04,16:14:20,1.362,173.0
2026-08-04,16:14:20,1.362,173.0
2026-08-04,16:14:20,1.362,173.0
2026-08-04,16:14:20,1.362,173.0
2026-08-04,16:14:21,1.362,173.0
2026-08-04,16:14:21,1.362,173.0
2026-08-04,16:14:21,1.362,173.0
2026-08-04,16:14:21,1.362,173.0
2026-08-04,16:14:21,1.362,173.0
2026-08-04,16:14:21,1.362,173.0
2026-08-04,16:14:22,1.362,173.0
2026-08-04,16:14:22,1.362,173.0
2026-08-04,16:14:22,1.362,173.0
2026-08-04,16:14:22,1.362,173.0
2026-08-04,16:14:22,1.362,173.0
2026-08-04,16:14:22,1.362,173.0
2026-08-04,16:14:23,1.362,173.0
2026-08-04,16:14:23,1.362,173.0
2026-08-04,16:14:23,1.362,173.0
2026-08-04,16:14:23,1.362,173.0
2026-08-04,16:14:23,1.362,173.0
2026-08-04,16:14:23,1.362,173.0
2026-08-04,16:14:24,1.362,173.0
2026-08-04,16:14:24,1.362,173.0
2026-08-04,16:14:24,1.362,173.0
2026-08-04,16:14:24,1.362,173.0
2026-08-04,16:14:24,1.362,173.0
2026-08-04,16:14:24,1.362,173.0
2026-08-04,16:14:25,1.362,173.0
2026-08-04,16:14:25,1.362,173.0
2026-08-04,16:14:25,1.362,173.0
2026-08-04,16:14:25,1.362,173.0
2026-08-04,16:14:25,1.362,173.0
2026-08-04,16:14:25,1.362,173.0
2026-08-04,16:14:25,1.362,173.0
2026-08-04,16:14:26,1.362,173.0
2026-08-04,16:14:26,1.362,173.0
2026-08-04,16:14:26,1.362,173.0
2026-08-04,16:14:26,1.362,173.0
2026-08-04,16:14:26,1.362,173.0
2026-08-04,16:14:26,1.362,173.0
2026-08-04,16:14:27,1.362,173.0
2026-08-04,16:14:27,1.362,173.0
2026-08-04,16:14:27,1.362,173.0
2026-08-04,16:14:27,1.362,173.0
2026-08-04,16:14:27,1.362,173.0
2026-08-04,16:14:27,1.362,173.0
2026-08-04,16:14:28,1.362,173.0
2026-08-04,16:14:28,1.362,173.0
2026-08-04,16:14:28,1.362,173.0
2026-08-04,16:14:28,1.362,173.0
2026-08-04,16:14:28,1.362,173.0
2026-08-04,16:14:28,1.362,173.0
2026-08-04,16:14:29,1.362,173.0
2026-08-04,16:14:29,1.362,173.0
2026-08-04,16:14:29,1.362,173.0
2026-08-04,16:14:29,1.362,173.0
2026-08-04,16:14:29,1.362,173.0
2026-08-04,16:14:29,1.362,173.0
2026-08-04,16:14:30,1.362,173.0
2026-08-04,16:14:30,1.362,173.0
2026-08-04,16:14:30,1.362,173.0
2026-08-04,16:14:30,1.362,173.0
2026-08-04,16:14:30,1.362,173.0
2026-08-04,16:14:30,1.362,173.0
2026-08-04,16:14:31,1.362,173.0
2026-08-04,16:14:31,1.362,173.0
2026-08-04,16:14:31,1.362,173.0
2026-08-04,16:14:31,1.362,173.0
2026-08-04,16:14:31,1.362,173.0
2026-08-04,16:14:31,1.362,173.0
2026-08-04,16:14:32,1.362,173.0
2026-08-04,16:14:32,1.362,173.0
2026-08-04,16:14:32,1.362,173.0
2026-08-04,16:14:32,1.362,173.0
2026-08-04,16:14:32,1.362,173.0
2026-08-04,16:14:32,1.362,173.0
2026-08-04,16:14:33,1.362,173.0
2026-08-04,16:14:33,1.362,173.0
2026-08-04,16:14:33,1.362,173.0
2026-08-04,16:14:33,1.362,173.0
2026-08-04,16:14:33,1.362,173.0
2026-08-04,16:14:33,1.362,173.0
2026-08-04,16:14:34,1.362,173.0
2026-08-04,16:14:34,1.362,173.0
2026-08-04,16:14:34,1.362,173.0
2026-08-04,16:14:34,1.362,173.0
2026-08-04,16:14:34,1.362,173.0
2026-08-04,16:14:34,1.362,173.0
2026-08-04,16:14:35,1.362,173.0
2026-08-04,16:14:35,1.362,173.0
2026-08-04,16:14:35,1.362,173.0
2026-08-04,16:14:35,1.362,173.0
2026-08-04,16:14:35,1.362,173.0
2026-08-04,16:14:35,1.362,173.0
2026-08-04,16:14:36,1.362,173.0
2026-08-04,16:14:36,1.362,172.9
2026-08-04,16:14:36,1.362,172.9
2026-08-04,16:14:36,1.362,172.9
2026-08-04,16:14:36,1.362,172.9
2026-08-04,16:14:36,1.362,172.9
2026-08-04,16:14:37,1.362,172.9
2026-08-04,16:14:37,1.362,172.9
2026-08-04,16:14:37,1.362,172.9
2026-08-04,16:14:37,1.362,172.9
2026-08-04,16:14:37,1.362,172.9
2026-08-04,16:14:37,1.362,172.9
2026-08-04,16:14:38,1.362,172.9
2026-08-04,16:14:38,1.362,172.9
2026-08-04,16:14:38,1.362,172.9
2026-08-04,16:14:38,1.362,172.9
2026-08-04,16:14:38,1.361,172.9
2026-08-04,16:14:38,1.361,172.9
2026-08-04,16:14:39,1.361,172.9
2026-08-04,16:14:39,1.361,172.9
2026-08-04,16:14:39,1.361,172.9
2026-08-04,16:14:39,1.361,172.9
2026-08-04,16:14:39,1.361,172.9
2026-08-04,16:14:39,1.361,172.9
2026-08-04,16:14:40,1.361,172.9
2026-08-04,16:14:40,1.361,172.9
2026-08-04,16:14:40,1.361,172.9
2026-08-04,16:14:40,1.361,172.9
2026-08-04,16:14:40,1.361,172.9
2026-08-04,16:14:40,1.361,172.9
2026-08-04,16:14:41,1.361,172.9
2026-08-04,16:14:41,1.361,172.9
2026-08-04,16:14:41,1.361,172.9
2026-08-04,16:14:41,1.361,172.9
2026-08-04,16:14:41,1.361,172.9
2026-08-04,16:14:41,1.361,172.9
2026-08-04,16:14:41,1.361,172.9
2026-08-04,16:14:42,1.361,172.9
2026-08-04,16:14:42,1.361,172.9
2026-08-04,16:14:42,1.361,172.9
2026-08-04,16:14:42,1.361,172.9
2026-08-04,16:14:42,1.361,172.9
2026-08-04,16:14:42,1.361,172.9
2026-08-04,16:14:43,1.361,172.9
2026-08-04,16:14:43,1.361,172.9
2026-08-04,16:14:43,1.361,172.9
2026-08-04,16:14:43,1.361,172.9
2026-08-04,16:14:43,1.361,172.9
2026-08-04,16:14:43,1.361,172.9
2026-08-04,16:14:44,1.361,172.9
2026-08-04,16:14:44,1.361,172.9
2026-08-04,16:14:44,1.361,172.9
2026-08-04,16:14:44,1.361,172.9
2026-08-04,16:14:44,1.361,172.9
2026-08-04,16:14:44,1.361,172.9
2026-08-04,16:14:45,1.361,172.9
2026-08-04,16:14:45,1.361,172.9
2026-08-04,16:14:45,1.361,172.9
2026-08-04,16:14:45,1.361,172.9
2026-08-04,16:14:45,1.361,172.9
2026-08-04,16:14:45,1.361,172.9
2026-08-04,16:14:46,1.361,172.9
2026-08-04,16:14:46,1.361,172.9
2026-08-04,16:14:46,1.361,172.9
2026-08-04,16:14:46,1.361,172.9
2026-08-04,16:14:46,1.361,172.9
2026-08-04,16:14:46,1.361,172.9
2026-08-04,16:14:47,1.361,172.9
2026-08-04,16:14:47,1.361,172.9
2026-08-04,16:14:47,1.361,172.9
2026-08-04,16:14:47,1.361,172.9
2026-08-04,16:14:47,1.361,172.9
2026-08-04,16:14:47,1.361,172.9
2026-08-04,16:14:48,1.361,172.9
2026-08-04,16:14:48,1.361,172.9
2026-08-04,16:14:48,1.361,172.9
2026-08-04,16:14:48,1.361,172.9
2026-08-04,16:14:48,1.361,172.9
2026-08-04,16:14:48,1.361,172.9
2026-08-04,16:14:49,1.361,172.9
2026-08-04,16:14:49,1.361,172.9
2026-08-04,16:14:49,1.361,172.9
2026-08-04,16:14:49,1.361,172.9
2026-08-04,16:14:49,1.361,172.9
2026-08-04,16:14:49,1.361,172.9
2026-08-04,16:14:50,1.361,172.9
2026-08-04,16:14:50,1.361,172.9
2026-08-04,16:14:50,1.361,172.9
2026-08-04,16:14:50,1.361,172.9
2026-08-04,16:14:50,1.361,172.9
2026-08-04,16:14:50,1.361,172.9
2026-08-04,16:14:51,1.361,172.9
2026-08-04,16:14:51,1.361,172.9
2026-08-04,16:14:51,1.361,172.9
2026-08-04,16:14:51,1.361,172.9
2026-08-04,16:14:51,1.361,172.9
2026-08-04,16:14:51,1.361,172.9
2026-08-04,16:14:52,1.361,172.9
2026-08-04,16:14:52,1.361,172.9
2026-08-04,16:14:52,1.361,172.9
2026-08-04,16:14:52,1.361,172.9
2026-08-04,16:14:52,1.361,172.9
2026-08-04,16:14:52,1.361,172.9
2026-08-04,16:14:53,1.361,172.9
2026-08-04,16:14:53,1.361,172.9
2026-08-04,16:14:53,1.361,172.9
2026-08-04,16:14:53,1.361,172.9
2026-08-04,16:14:53,1.361,172.9
2026-08-04,16:14:53,1.361,172.9
2026-08-04,16:14:54,1.361,172.9
2026-08-04,16:14:54,1.361,172.9
2026-08-04,16:14:54,1.361,172.9
2026-08-04,16:14:54,1.361,172.9
2026-08-04,16:14:54,1.361,172.9
2026-08-04,16:14:54,1.361,172.9
2026-08-04,16:14:55,1.361,172.9
2026-08-04,16:14:55,1.361,172.9
2026-08-04,16:14:55,1.361,172.9
2026-08-04,16:14:55,1.361,172.9
2026-08-04,16:14:55,1.361,172.9
2026-08-04,16:14:55,1.361,172.9
2026-08-04,16:14:56,1.361,172.9
2026-08-04,16:14:56,1.361,172.9
2026-08-04,16:14:56,1.361,172.9
2026-08-04,16:14:56,1.361,172.9
2026-08-04,16:14:56,1.361,172.9
2026-08-04,16:14:56,1.361,172.9
2026-08-04,16:14:57,1.361,172.9
2026-08-04,16:14:57,1.361,172.9
2026-08-04,16:14:57,1.361,172.9
2026-08-04,16:14:57,1.361,172.9
2026-08-04,16:14:57,1.361,172.9
2026-08-04,16:14:57,1.361,172.9
2026-08-04,16:14:58,1.361,172.9
2026-08-04,16:14:58,1.361,172.9
2026-08-04,16:14:58,1.361,172.9
2026-08-04,16:14:58,1.361,172.9
2026-08-04,16:14:58,1.361,172.9
2026-08-04,16:14:58,1.361,172.9
2026-08-04,16:14:58,1.361,172.9
2026-08-04,16:14:59,1.361,172.9
2026-08-04,16:14:59,1.361,172.9
2026-08-04,16:14:59,1.361,172.9
2026-08-04,16:14:59,1.361,172.9
2026-08-04,16:14:59,1.361,172.9
2026-08-04,16:14:59,1.361,172.9
2026-08-04,16:15:00,1.361,172.9
2026-08-04,16:15:00,1.361,172.9
2026-08-04,16:15:00,1.361,172.9
2026-08-04,16:15:00,1.361,172.9
2026-08-04,16:15:00,1.361,172.9
2026-08-04,16:15:00,1.361,172.9
2026-08-04,16:15:01,1.361,172.9
2026-08-04,16:15:01,1.361,172.9
2026-08-04,16:15:01,1.361,172.9
2026-08-04,16:15:01,1.361,172.9
2026-08-04,16:15:01,1.362,172.9
2026-08-04,16:15:01,1.362,172.9
2026-08-04,16:15:02,1.362,172.9
2026-08-04,16:15:02,1.362,172.9
2026-08-04,16:15:02,1.362,172.9
2026-08-04,16:15:02,1.362,172.9
2026-08-04,16:15:02,1.362,172.9
2026-08-04,16:15:02,1.362,172.9
2026-08-04,16:15:03,1.362,172.9
2026-08-04,16:15:03,1.362,172.9
2026-08-04,16:15:03,1.362,172.9
2026-08-04,16:15:03,1.362,172.9
2026-08-04,16:15:03,1.362,172.9
2026-08-04,16:15:03,1.362,172.9
2026-08-04,16:15:04,1.362,172.9
2026-08-04,16:15:04,1.361,172.9
2026-08-04,16:15:04,1.361,172.9
2026-08-04,16:15:04,1.361,172.9
2026-08-04,16:15:04,1.361,172.9
2026-08-04,16:15:04,1.361,172.9
2026-08-04,16:15:05,1.361,172.9
2026-08-04,16:15:05,1.361,172.9
2026-08-04,16:15:05,1.361,172.9
2026-08-04,16:15:05,1.361,172.9
2026-08-04,16:15:05,1.361,172.9
2026-08-04,16:15:05,1.361,172.9
2026-08-04,16:15:06,1.361,172.9
2026-08-04,16:15:06,1.361,172.9
2026-08-04,16:15:06,1.361,172.9
2026-08-04,16:15:06,1.361,172.9
2026-08-04,16:15:06,1.361,172.9
2026-08-04,16:15:06,1.361,172.9
2026-08-04,16:15:07,1.361,172.9
2026-08-04,16:15:07,1.362,172.9
2026-08-04,16:15:07,1.362,172.9
2026-08-04,16:15:07,1.362,172.9
2026-08-04,16:15:07,1.362,172.9
2026-08-04,16:15:07,1.362,172.9
2026-08-04,16:15:08,1.362,172.9
2026-08-04,16:15:08,1.362,172.9
2026-08-04,16:15:08,1.362,172.9
2026-08-04,16:15:08,1.362,172.9
2026-08-04,16:15:08,1.362,172.9
2026-08-04,16:15:08,1.362,172.9
2026-08-04,16:15:09,1.362,172.9
2026-08-04,16:15:09,1.362,172.9
2026-08-04,16:15:09,1.362,172.9
2026-08-04,16:15:09,1.362,172.9
2026-08-04,16:15:09,1.362,172.9
2026-08-04,16:15:09,1.362,172.9
2026-08-04,16:15:10,1.362,172.9
2026-08-04,16:15:10,1.362,172.9
2026-08-04,16:15:10,1.362,172.9
2026-08-04,16:15:10,1.362,172.9
2026-08-04,16:15:10,1.362,172.9
2026-08-04,16:15:10,1.362,172.9
2026-08-04,16:15:11,1.362,172.9
2026-08-04,16:15:11,1.362,172.9
2026-08-04,16:15:11,1.361,172.9
2026-08-04,16:15:11,1.361,172.9
2026-08-04,16:15:11,1.361,172.9
2026-08-04,16:15:11,1.361,172.9
2026-08-04,16:15:12,1.361,172.9
2026-08-04,16:15:12,1.361,172.9
2026-08-04,16:15:12,1.361,172.9
2026-08-04,16:15:12,1.361,172.9
2026-08-04,16:15:12,1.361,172.9
2026-08-04,16:15:12,1.361,172.9
2026-08-04,16:15:13,1.361,172.9
2026-08-04,16:15:13,1.361,172.9
2026-08-04,16:15:13,1.361,172.9
2026-08-04,16:15:13,1.361,172.9
2026-08-04,16:15:13,1.361,172.9
2026-08-04,16:15:13,1.361,172.9
2026-08-04,16:15:14,1.361,172.9
2026-08-04,16:15:14,1.361,172.9
2026-08-04,16:15:14,1.361,172.9
2026-08-04,16:15:14,1.361,172.9
2026-08-04,16:15:14,1.361,172.9
2026-08-04,16:15:14,1.361,172.9
2026-08-04,16:15:14,1.361,172.9
2026-08-04,16:15:15,1.361,172.9
2026-08-04,16:15:15,1.361,172.9
2026-08-04,16:15:15,1.361,172.9
2026-08-04,16:15:15,1.361,172.9
2026-08-04,16:15:15,1.361,172.9
2026-08-04,16:15:15,1.361,172.9
2026-08-04,16:15:16,1.361,172.9
2026-08-04,16:15:16,1.361,172.9
2026-08-04,16:15:16,1.361,172.9
2026-08-04,16:15:16,1.361,172.9
2026-08-04,16:15:16,1.361,172.9
2026-08-04,16:15:16,1.361,172.9
2026-08-04,16:15:17,1.361,172.9
2026-08-04,16:15:17,1.361,172.9
2026-08-04,16:15:17,1.361,172.9
2026-08-04,16:15:17,1.361,172.9
2026-08-04,16:15:17,1.361,172.9
2026-08-04,16:15:17,1.361,172.9
2026-08-04,16:15:18,1.361,172.9
2026-08-04,16:15:18,1.361,172.9
2026-08-04,16:15:18,1.361,172.9
2026-08-04,16:15:18,1.361,172.9
2026-08-04,16:15:18,1.361,172.9
2026-08-04,16:15:18,1.361,172.9
2026-08-04,16:15:19,1.361,172.9
2026-08-04,16:15:19,1.361,172.9
2026-08-04,16:15:19,1.361,172.9
2026-08-04,16:15:19,1.361,172.9
2026-08-04,16:15:19,1.361,172.9
2026-08-04,16:15:19,1.361,172.9
2026-08-04,16:15:20,1.361,172.9
2026-08-04,16:15:20,1.361,172.9
2026-08-04,16:15:20,1.361,172.9
2026-08-04,16:15:20,1.361,172.9
2026-08-04,16:15:20,1.361,172.9
2026-08-04,16:15:20,1.361,172.9
2026-08-04,16:15:21,1.361,172.9
2026-08-04,16:15:21,1.361,172.9
2026-08-04,16:15:21,1.361,172.9
2026-08-04,16:15:21,1.361,172.9
2026-08-04,16:15:21,1.361,172.9
2026-08-04,16:15:21,1.361,172.9
2026-08-04,16:15:22,1.361,172.9
2026-08-04,16:15:22,1.361,172.9
2026-08-04,16:15:22,1.362,172.9
2026-08-04,16:15:22,1.362,172.9
2026-08-04,16:15:22,1.362,172.9
2026-08-04,16:15:22,1.362,172.9
2026-08-04,16:15:23,1.362,172.9
2026-08-04,16:15:23,1.362,172.9
2026-08-04,16:15:23,1.362,172.9
2026-08-04,16:15:23,1.362,172.9
2026-08-04,16:15:23,1.362,172.9
2026-08-04,16:15:23,1.362,172.9
2026-08-04,16:15:24,1.362,172.9
2026-08-04,16:15:24,1.362,172.9
2026-08-04,16:15:24,1.362,172.9
2026-08-04,16:15:24,1.362,172.9
2026-08-04,16:15:24,1.362,172.9
2026-08-04,16:15:24,1.362,172.9
2026-08-04,16:15:25,1.362,172.9
2026-08-04,16:15:25,1.362,172.9
2026-08-04,16:15:25,1.362,172.9
2026-08-04,16:15:25,1.362,172.9
2026-08-04,16:15:25,1.362,172.9
2026-08-04,16:15:25,1.362,172.9
2026-08-04,16:15:26,1.361,172.9
2026-08-04,16:15:26,1.361,172.9
2026-08-04,16:15:26,1.361,172.9
2026-08-04,16:15:26,1.361,172.9
2026-08-04,16:15:26,1.361,172.9
2026-08-04,16:15:26,1.361,172.9
2026-08-04,16:15:27,1.361,172.9
2026-08-04,16:15:27,1.361,172.9
2026-08-04,16:15:27,1.361,172.9
2026-08-04,16:15:27,1.361,172.9
2026-08-04,16:15:27,1.361,172.9
2026-08-04,16:15:27,1.361,172.9
2026-08-04,16:15:28,1.361,172.8
2026-08-04,16:15:28,1.361,172.8
2026-08-04,16:15:28,1.361,172.8
2026-08-04,16:15:28,1.361,172.8
2026-08-04,16:15:28,1.361,172.8
2026-08-04,16:15:28,1.361,172.8
2026-08-04,16:15:29,1.361,172.8
2026-08-04,16:15:29,1.361,172.8
2026-08-04,16:15:29,1.361,172.8
2026-08-04,16:15:29,1.361,172.8
2026-08-04,16:15:29,1.361,172.8
2026-08-04,16:15:29,1.361,172.8
2026-08-04,16:15:30,1.361,172.8
2026-08-04,16:15:30,1.361,172.8
2026-08-04,16:15:30,1.361,172.8
2026-08-04,16:15:30,1.361,172.8
2026-08-04,16:15:30,1.361,172.8
2026-08-04,16:15:30,1.361,172.8
2026-08-04,16:15:31,1.361,172.8
2026-08-04,16:15:31,1.361,172.8
2026-08-04,16:15:31,1.361,172.8
2026-08-04,16:15:31,1.361,172.8
2026-08-04,16:15:31,1.361,172.8
2026-08-04,16:15:31,1.361,172.8
2026-08-04,16:15:31,1.361,172.8
2026-08-04,16:15:32,1.361,172.8
2026-08-04,16:15:32,1.361,172.8
2026-08-04,16:15:32,1.361,172.8
2026-08-04,16:15:32,1.361,172.8
2026-08-04,16:15:32,1.361,172.8
2026-08-04,16:15:32,1.361,172.8
2026-08-04,16:15:33,1.361,172.8
2026-08-04,16:15:33,1.361,172.8
2026-08-04,16:15:33,1.361,172.8
2026-08-04,16:15:33,1.361,172.8
2026-08-04,16:15:33,1.361,172.8
2026-08-04,16:15:33,1.361,172.8
2026-08-04,16:15:34,1.361,172.8
2026-08-04,16:15:34,1.361,172.8
2026-08-04,16:15:34,1.361,172.8
2026-08-04,16:15:34,1.361,172.8
2026-08-04,16:15:34,1.361,172.8
2026-08-04,16:15:34,1.361,172.8
2026-08-04,16:15:35,1.361,172.8
2026-08-04,16:15:35,1.361,172.8
2026-08-04,16:15:35,1.361,172.8
2026-08-04,16:15:35,1.361,172.8
2026-08-04,16:15:35,1.361,172.8
2026-08-04,16:15:35,1.361,172.8
2026-08-04,16:15:36,1.361,172.8
2026-08-04,16:15:36,1.361,172.8
2026-08-04,16:15:36,1.361,172.8
2026-08-04,16:15:36,1.361,172.8
2026-08-04,16:15:36,1.361,172.8
2026-08-04,16:15:36,1.361,172.8
2026-08-04,16:15:37,1.361,172.8
2026-08-04,16:15:37,1.361,172.8
2026-08-04,16:15:37,1.361,172.8
2026-08-04,16:15:37,1.361,172.8
2026-08-04,16:15:37,1.361,172.8
2026-08-04,16:15:37,1.361,172.8
2026-08-04,16:15:38,1.361,172.8
2026-08-04,16:15:38,1.361,172.8
2026-08-04,16:15:38,1.361,172.8
2026-08-04,16:15:38,1.361,172.8
2026-08-04,16:15:38,1.361,172.8
2026-08-04,16:15:38,1.361,172.8
2026-08-04,16:15:39,1.361,172.8
2026-08-04,16:15:39,1.361,172.8
2026-08-04,16:15:39,1.361,172.8
2026-08-04,16:15:39,1.361,172.8
2026-08-04,16:15:39,1.361,172.8
2026-08-04,16:15:39,1.361,172.8
2026-08-04,16:15:40,1.361,172.8
2026-08-04,16:15:40,1.361,172.8
2026-08-04,16:15:40,1.361,172.8
2026-08-04,16:15:40,1.361,172.8
2026-08-04,16:15:40,1.361,172.8
2026-08-04,16:15:40,1.361,172.8
2026-08-04,16:15:41,1.361,172.8
2026-08-04,16:15:41,1.361,172.8
2026-08-04,16:15:41,1.361,172.8
2026-08-04,16:15:41,1.361,172.8
2026-08-04,16:15:41,1.361,172.8
2026-08-04,16:15:41,1.361,172.8
2026-08-04,16:15:42,1.361,172.8
2026-08-04,16:15:42,1.361,172.8
2026-08-04,16:15:42,1.361,172.8
2026-08-04,16:15:42,1.361,172.8
2026-08-04,16:15:42,1.361,172.8
2026-08-04,16:15:42,1.361,172.8
2026-08-04,16:15:43,1.361,172.8
2026-08-04,16:15:43,1.361,172.8
2026-08-04,16:15:43,1.361,172.8
2026-08-04,16:15:43,1.361,172.8
2026-08-04,16:15:43,1.361,172.8
2026-08-04,16:15:43,1.361,172.8
2026-08-04,16:15:44,1.361,172.8
2026-08-04,16:15:44,1.361,172.8
2026-08-04,16:15:44,1.361,172.8
2026-08-04,16:15:44,1.361,172.8
2026-08-04,16:15:44,1.361,172.8
2026-08-04,16:15:44,1.361,172.8
2026-08-04,16:15:45,1.361,172.8
2026-08-04,16:15:45,1.361,172.8
2026-08-04,16:15:45,1.361,172.8
2026-08-04,16:15:45,1.361,172.8
2026-08-04,16:15:45,1.361,172.8
2026-08-04,16:15:45,1.361,172.8
2026-08-04,16:15:46,1.361,172.8
2026-08-04,16:15:46,1.361,172.8
2026-08-04,16:15:46,1.361,172.8
2026-08-04,16:15:46,1.361,172.8
2026-08-04,16:15:46,1.361,172.8
2026-08-04,16:15:46,1.361,172.8
2026-08-04,16:15:47,1.361,172.8
2026-08-04,16:15:47,1.361,172.8
2026-08-04,16:15:47,1.361,172.8
2026-08-04,16:15:47,1.361,172.8
2026-08-04,16:15:47,1.361,172.8
2026-08-04,16:15:47,1.361,172.8
2026-08-04,16:15:47,1.361,172.8
2026-08-04,16:15:48,1.361,172.8
2026-08-04,16:15:48,1.361,172.8
2026-08-04,16:15:48,1.361,172.8
2026-08-04,16:15:48,1.361,172.8
2026-08-04,16:15:48,1.361,172.8
2026-08-04,16:15:48,1.361,172.8
2026-08-04,16:15:49,1.361,172.8
2026-08-04,16:15:49,1.361,172.8
2026-08-04,16:15:49,1.361,172.8
2026-08-04,16:15:49,1.361,172.8
2026-08-04,16:15:49,1.361,172.8
2026-08-04,16:15:49,1.361,172.8
2026-08-04,16:15:50,1.361,172.8
2026-08-04,16:15:50,1.361,172.8
2026-08-04,16:15:50,1.361,172.8
2026-08-04,16:15:50,1.361,172.8
2026-08-04,16:15:50,1.361,172.8
2026-08-04,16:15:50,1.361,172.8
2026-08-04,16:15:51,1.361,172.8
2026-08-04,16:15:51,1.361,172.8
2026-08-04,16:15:51,1.361,172.8
2026-08-04,16:15:51,1.361,172.8
2026-08-04,16:15:51,1.361,172.8
2026-08-04,16:15:51,1.361,172.8
2026-08-04,16:15:52,1.361,172.8
2026-08-04,16:15:52,1.361,172.8
2026-08-04,16:15:52,1.361,172.8
2026-08-04,16:15:52,1.361,172.8
2026-08-04,16:15:52,1.361,172.8
2026-08-04,16:15:52,1.361,172.8
2026-08-04,16:15:53,1.361,172.8
2026-08-04,16:15:53,1.361,172.8
2026-08-04,16:15:53,1.361,172.8
2026-08-04,16:15:53,1.361,172.8
2026-08-04,16:15:53,1.361,172.8
2026-08-04,16:15:53,1.361,172.8
2026-08-04,16:15:54,1.361,172.8
2026-08-04,16:15:54,1.361,172.8
2026-08-04,16:15:54,1.361,172.8
2026-08-04,16:15:54,1.361,172.8
2026-08-04,16:15:54,1.361,172.8
2026-08-04,16:15:54,1.361,172.8
2026-08-04,16:15:55,1.361,172.8
2026-08-04,16:15:55,1.361,172.8
2026-08-04,16:15:55,1.361,172.8
2026-08-04,16:15:55,1.361,172.8
2026-08-04,16:15:55,1.361,172.8
2026-08-04,16:15:55,1.361,172.8
2026-08-04,16:15:56,1.361,172.8
2026-08-04,16:15:56,1.361,172.8
2026-08-04,16:15:56,1.361,172.8
2026-08-04,16:15:56,1.361,172.8
2026-08-04,16:15:56,1.361,172.8
2026-08-04,16:15:56,1.361,172.8
2026-08-04,16:15:57,1.361,172.8
2026-08-04,16:15:57,1.361,172.8
2026-08-04,16:15:57,1.361,172.8
2026-08-04,16:15:57,1.361,172.8
2026-08-04,16:15:57,1.361,172.8
2026-08-04,16:15:57,1.361,172.8
2026-08-04,16:15:58,1.361,172.8
2026-08-04,16:15:58,1.361,172.8
2026-08-04,16:15:58,1.361,172.8
2026-08-04,16:15:58,1.361,172.8
2026-08-04,16:15:58,1.361,172.8
2026-08-04,16:15:58,1.361,172.8
2026-08-04,16:15:59,1.361,172.8
2026-08-04,16:15:59,1.361,172.8
2026-08-04,16:15:59,1.361,172.8
2026-08-04,16:15:59,1.361,172.8
2026-08-04,16:15:59,1.361,172.8
2026-08-04,16:15:59,1.361,172.8
2026-08-04,16:16:00,1.361,172.8
2026-08-04,16:16:00,1.361,172.8
2026-08-04,16:16:00,1.361,172.8
2026-08-04,16:16:00,1.361,172.8
2026-08-04,16:16:00,1.361,172.8
2026-08-04,16:16:00,1.361,172.8
2026-08-04,16:16:01,1.361,172.8
2026-08-04,16:16:01,1.361,172.8
2026-08-04,16:16:01,1.361,172.8
2026-08-04,16:16:01,1.361,172.8
2026-08-04,16:16:01,1.361,172.8
2026-08-04,16:16:01,1.361,172.8
2026-08-04,16:16:02,1.361,172.8
2026-08-04,16:16:02,1.361,172.8
2026-08-04,16:16:02,1.361,172.8
2026-08-04,16:16:02,1.361,172.8
2026-08-04,16:16:02,1.361,172.8
2026-08-04,16:16:02,1.361,172.8
2026-08-04,16:16:03,1.361,172.8
2026-08-04,16:16:03,1.361,172.8
2026-08-04,16:16:03,1.361,172.8
2026-08-04,16:16:03,1.361,172.8
2026-08-04,16:16:03,1.361,172.8
2026-08-04,16:16:03,1.361,172.8
2026-08-04,16:16:04,1.361,172.8
2026-08-04,16:16:04,1.361,172.8
2026-08-04,16:16:04,1.361,172.8
2026-08-04,16:16:04,1.361,172.8
2026-08-04,16:16:04,1.361,172.8
2026-08-04,16:16:04,1.361,172.8
2026-08-04,16:16:04,1.361,172.8
2026-08-04,16:16:05,1.361,172.8
2026-08-04,16:16:05,1.361,172.8
2026-08-04,16:16:05,1.361,172.8
2026-08-04,16:16:05,1.361,172.9
2026-08-04,16:16:05,1.361,172.9
2026-08-04,16:16:05,1.361,172.9
2026-08-04,16:16:06,1.361,172.9
2026-08-04,16:16:06,1.361,172.9
2026-08-04,16:16:06,1.361,172.9
2026-08-04,16:16:06,1.361,172.9
2026-08-04,16:16:06,1.361,172.9
2026-08-04,16:16:06,1.361,172.9
2026-08-04,16:16:07,1.361,172.9
2026-08-04,16:16:07,1.361,172.9
2026-08-04,16:16:07,1.361,172.9
2026-08-04,16:16:07,1.361,172.9
2026-08-04,16:16:07,1.361,172.9
2026-08-04,16:16:07,1.361,172.9
2026-08-04,16:16:08,1.361,172.9
2026-08-04,16:16:08,1.361,172.9
2026-08-04,16:16:08,1.361,172.9
2026-08-04,16:16:08,1.361,172.9
2026-08-04,16:16:08,1.361,172.9
2026-08-04,16:16:08,1.361,172.9
2026-08-04,16:16:09,1.361,172.9
2026-08-04,16:16:09,1.361,172.9
2026-08-04,16:16:09,1.361,172.9
2026-08-04,16:16:09,1.361,172.9
2026-08-04,16:16:09,1.361,172.9
2026-08-04,16:16:09,1.361,172.9
2026-08-04,16:16:10,1.361,172.9
2026-08-04,16:16:10,1.361,172.9
2026-08-04,16:16:10,1.361,172.9
2026-08-04,16:16:10,1.361,172.9
2026-08-04,16:16:10,1.361,172.9
2026-08-04,16:16:10,1.361,172.9
2026-08-04,16:16:11,1.361,172.9
2026-08-04,16:16:11,1.361,172.9
2026-08-04,16:16:11,1.361,172.9
2026-08-04,16:16:11,1.361,172.9
2026-08-04,16:16:11,1.361,172.9
2026-08-04,16:16:11,1.361,172.9
2026-08-04,16:16:12,1.361,172.9
2026-08-04,16:16:12,1.361,172.9
2026-08-04,16:16:12,1.361,172.9
2026-08-04,16:16:12,1.361,172.9
2026-08-04,16:16:12,1.361,172.9
2026-08-04,16:16:12,1.361,172.9
2026-08-04,16:16:13,1.361,172.9
2026-08-04,16:16:13,1.361,172.9
2026-08-04,16:16:13,1.361,172.9
2026-08-04,16:16:13,1.361,172.9
2026-08-04,16:16:13,1.361,172.9
2026-08-04,16:16:13,1.361,172.9
2026-08-04,16:16:14,1.361,172.9
2026-08-04,16:16:14,1.361,172.9
2026-08-04,16:16:14,1.361,172.9
2026-08-04,16:16:14,1.361,172.9
2026-08-04,16:16:14,1.361,172.9
2026-08-04,16:16:14,1.361,172.9
2026-08-04,16:16:15,1.361,172.9
2026-08-04,16:16:15,1.361,172.9
2026-08-04,16:16:15,1.361,172.9
2026-08-04,16:16:15,1.361,172.9
2026-08-04,16:16:15,1.361,172.9
2026-08-04,16:16:15,1.361,172.9
2026-08-04,16:16:16,1.361,172.9
2026-08-04,16:16:16,1.361,172.9
2026-08-04,16:16:16,1.361,172.9
2026-08-04,16:16:16,1.361,172.9
2026-08-04,16:16:16,1.361,172.9
2026-08-04,16:16:16,1.361,172.9
2026-08-04,16:16:17,1.361,172.9
2026-08-04,16:16:17,1.361,172.9
2026-08-04,16:16:17,1.361,172.9
2026-08-04,16:16:17,1.361,172.9
2026-08-04,16:16:17,1.361,172.9
2026-08-04,16:16:17,1.361,172.9
2026-08-04,16:16:18,1.361,172.9
2026-08-04,16:16:18,1.361,172.9
2026-08-04,16:16:18,1.361,172.9
2026-08-04,16:16:18,1.361,172.9
2026-08-04,16:16:18,1.361,172.9
2026-08-04,16:16:18,1.361,172.9
2026-08-04,16:16:19,1.361,172.9
2026-08-04,16:16:19,1.361,172.9
2026-08-04,16:16:19,1.361,172.9
2026-08-04,16:16:19,1.361,172.9
2026-08-04,16:16:19,1.361,172.9
2026-08-04,16:16:19,1.361,172.9
2026-08-04,16:16:20,1.361,172.9
2026-08-04,16:16:20,1.361,172.9
2026-08-04,16:16:20,1.361,172.9
2026-08-04,16:16:20,1.361,172.9
2026-08-04,16:16:20,1.361,172.9
2026-08-04,16:16:20,1.361,172.9
2026-08-04,16:16:20,1.361,172.9
2026-08-04,16:16:21,1.361,172.8
2026-08-04,16:16:21,1.361,172.8
2026-08-04,16:16:21,1.361,172.8
2026-08-04,16:16:21,1.361,172.8
2026-08-04,16:16:21,1.361,172.8
2026-08-04,16:16:21,1.361,172.9
2026-08-04,16:16:22,1.361,172.9
2026-08-04,16:16:22,1.361,172.9
2026-08-04,16:16:22,1.361,172.9
2026-08-04,16:16:22,1.361,172.9
2026-08-04,16:16:22,1.361,172.9
2026-08-04,16:16:22,1.361,172.9
2026-08-04,16:16:23,1.361,172.9
2026-08-04,16:16:23,1.361,172.9
2026-08-04,16:16:23,1.361,172.9
2026-08-04,16:16:23,1.361,172.9
2026-08-04,16:16:23,1.361,172.9
2026-08-04,16:16:23,1.361,172.9
2026-08-04,16:16:24,1.361,172.9
2026-08-04,16:16:24,1.362,172.9
2026-08-04,16:16:24,1.362,172.9
2026-08-04,16:16:24,1.362,172.9
2026-08-04,16:16:24,1.362,172.9
2026-08-04,16:16:24,1.362,172.9
2026-08-04,16:16:25,1.362,172.9
2026-08-04,16:16:25,1.362,172.9
2026-08-04,16:16:25,1.362,172.9
2026-08-04,16:16:25,1.362,172.9
2026-08-04,16:16:25,1.362,172.9
2026-08-04,16:16:25,1.362,172.9
2026-08-04,16:16:26,1.362,172.9
2026-08-04,16:16:26,1.362,172.9
2026-08-04,16:16:26,1.362,172.9
2026-08-04,16:16:26,1.362,172.9
2026-08-04,16:16:26,1.362,172.9
2026-08-04,16:16:26,1.362,172.9
2026-08-04,16:16:27,1.362,172.9
2026-08-04,16:16:27,1.362,172.9
2026-08-04,16:16:27,1.362,172.9
2026-08-04,16:16:27,1.362,172.9
2026-08-04,16:16:27,1.362,172.9
2026-08-04,16:16:27,1.362,172.9
2026-08-04,16:16:28,1.362,172.9
2026-08-04,16:16:28,1.362,172.9
2026-08-04,16:16:28,1.362,172.9
2026-08-04,16:16:28,1.362,172.9
2026-08-04,16:16:28,1.362,172.9
2026-08-04,16:16:28,1.362,172.9
2026-08-04,16:16:29,1.362,172.9
2026-08-04,16:16:29,1.362,172.9
2026-08-04,16:16:29,1.362,172.9
2026-08-04,16:16:29,1.362,172.9
2026-08-04,16:16:29,1.362,172.9
2026-08-04,16:16:29,1.362,172.9
2026-08-04,16:16:30,1.362,172.9
2026-08-04,16:16:30,1.362,172.9
2026-08-04,16:16:30,1.362,172.9
2026-08-04,16:16:30,1.362,172.9
2026-08-04,16:16:30,1.362,172.9
2026-08-04,16:16:30,1.362,172.9
2026-08-04,16:16:31,1.362,172.9
2026-08-04,16:16:31,1.362,172.9
2026-08-04,16:16:31,1.362,172.9
2026-08-04,16:16:31,1.362,172.9
2026-08-04,16:16:31,1.362,172.9
2026-08-04,16:16:31,1.362,172.9
2026-08-04,16:16:32,1.362,172.9
2026-08-04,16:16:32,1.362,172.9
2026-08-04,16:16:32,1.362,172.9
2026-08-04,16:16:32,1.362,172.9
2026-08-04,16:16:32,1.362,172.9
2026-08-04,16:16:32,1.362,172.9
2026-08-04,16:16:33,1.362,172.9
2026-08-04,16:16:33,1.362,172.9
2026-08-04,16:16:33,1.362,172.9
2026-08-04,16:16:33,1.362,172.9
2026-08-04,16:16:33,1.362,172.9
2026-08-04,16:16:33,1.362,172.9
2026-08-04,16:16:34,1.362,172.9
2026-08-04,16:16:34,1.362,172.9
2026-08-04,16:16:34,1.362,172.9
2026-08-04,16:16:34,1.362,172.9
2026-08-04,16:16:34,1.362,172.9
2026-08-04,16:16:34,1.362,172.9
2026-08-04,16:16:35,1.362,172.9
2026-08-04,16:16:35,1.362,172.9
2026-08-04,16:16:35,1.362,172.9
2026-08-04,16:16:35,1.362,172.9
2026-08-04,16:16:35,1.362,172.9
2026-08-04,16:16:35,1.362,172.9
2026-08-04,16:16:36,1.362,172.9
2026-08-04,16:16:36,1.362,172.9
2026-08-04,16:16:36,1.362,172.9
2026-08-04,16:16:36,1.362,172.9
2026-08-04,16:16:36,1.362,172.9
2026-08-04,16:16:36,1.362,172.9
2026-08-04,16:16:37,1.362,172.9
2026-08-04,16:16:37,1.362,172.9
2026-08-04,16:16:37,1.362,172.9
2026-08-04,16:16:37,1.362,172.9
2026-08-04,16:16:37,1.362,172.9
2026-08-04,16:16:37,1.362,172.9
2026-08-04,16:16:37,1.362,172.9
2026-08-04,16:16:38,1.362,172.9
2026-08-04,16:16:38,1.362,172.9
2026-08-04,16:16:38,1.362,172.9
2026-08-04,16:16:38,1.362,172.9
2026-08-04,16:16:38,1.362,172.9
2026-08-04,16:16:38,1.362,172.9
2026-08-04,16:16:39,1.362,172.9
2026-08-04,16:16:39,1.362,172.9
2026-08-04,16:16:39,1.362,172.9
2026-08-04,16:16:39,1.362,172.9
2026-08-04,16:16:39,1.362,172.9
2026-08-04,16:16:39,1.362,172.9
2026-08-04,16:16:40,1.362,172.9
2026-08-04,16:16:40,1.362,172.9
2026-08-04,16:16:40,1.362,172.9
2026-08-04,16:16:40,1.362,172.9
2026-08-04,16:16:40,1.362,172.9
2026-08-04,16:16:40,1.362,172.9
2026-08-04,16:16:41,1.362,172.9
2026-08-04,16:16:41,1.362,172.9
2026-08-04,16:16:41,1.362,172.9
2026-08-04,16:16:41,1.362,172.9
2026-08-04,16:16:41,1.362,172.9
2026-08-04,16:16:41,1.362,172.9
2026-08-04,16:16:42,1.362,172.9
2026-08-04,16:16:42,1.362,172.9
2026-08-04,16:16:42,1.362,172.9
2026-08-04,16:16:42,1.362,172.9
2026-08-04,16:16:42,1.362,172.9
2026-08-04,16:16:42,1.362,172.9
2026-08-04,16:16:43,1.362,172.9
2026-08-04,16:16:43,1.362,172.9
2026-08-04,16:16:43,1.362,172.9
2026-08-04,16:16:43,1.362,172.9
2026-08-04,16:16:43,1.362,172.9
2026-08-04,16:16:43,1.362,172.9
2026-08-04,16:16:44,1.362,172.9
2026-08-04,16:16:44,1.362,172.9
2026-08-04,16:16:44,1.361,172.9
2026-08-04,16:16:44,1.361,172.9
2026-08-04,16:16:44,1.361,172.9
2026-08-04,16:16:44,1.361,172.9
2026-08-04,16:16:45,1.361,172.9
2026-08-04,16:16:45,1.361,172.9
2026-08-04,16:16:45,1.361,172.9
2026-08-04,16:16:45,1.361,172.9
2026-08-04,16:16:45,1.361,172.9
2026-08-04,16:16:45,1.361,172.9
2026-08-04,16:16:46,1.361,172.9
2026-08-04,16:16:46,1.361,172.9
2026-08-04,16:16:46,1.361,172.9
2026-08-04,16:16:46,1.361,172.9
2026-08-04,16:16:46,1.361,172.9
2026-08-04,16:16:46,1.361,172.9
2026-08-04,16:16:47,1.361,172.9
2026-08-04,16:16:47,1.361,172.9
2026-08-04,16:16:47,1.361,172.9
2026-08-04,16:16:47,1.361,172.9
2026-08-04,16:16:47,1.361,172.9
2026-08-04,16:16:47,1.361,172.9
2026-08-04,16:16:48,1.361,172.9
2026-08-04,16:16:48,1.361,172.9
2026-08-04,16:16:48,1.361,172.9
2026-08-04,16:16:48,1.361,172.9
2026-08-04,16:16:48,1.361,172.9
2026-08-04,16:16:48,1.361,172.9
2026-08-04,16:16:49,1.361,172.9
2026-08-04,16:16:49,1.361,172.9
2026-08-04,16:16:49,1.361,172.9
2026-08-04,16:16:49,1.361,172.9
2026-08-04,16:16:49,1.361,172.9
2026-08-04,16:16:49,1.361,172.9
2026-08-04,16:16:50,1.361,172.9
2026-08-04,16:16:50,1.361,172.9
2026-08-04,16:16:50,1.361,172.9
2026-08-04,16:16:50,1.361,172.9
2026-08-04,16:16:50,1.361,172.9
2026-08-04,16:16:50,1.361,172.9
2026-08-04,16:16:51,1.361,172.9
2026-08-04,16:16:51,1.361,172.9
2026-08-04,16:16:51,1.361,172.9
2026-08-04,16:16:51,1.361,172.9
2026-08-04,16:16:51,1.361,172.9
2026-08-04,16:16:51,1.361,172.9
2026-08-04,16:16:52,1.361,172.9
2026-08-04,16:16:52,1.361,172.9
2026-08-04,16:16:52,1.361,172.9
2026-08-04,16:16:52,1.361,172.9
2026-08-04,16:16:52,1.361,172.9
2026-08-04,16:16:52,1.361,172.9
2026-08-04,16:16:53,1.362,172.9
2026-08-04,16:16:53,1.362,172.9
2026-08-04,16:16:53,1.362,172.9
2026-08-04,16:16:53,1.362,172.9
2026-08-04,16:16:53,1.362,172.9
2026-08-04,16:16:53,1.362,172.9
2026-08-04,16:16:53,1.362,172.9
2026-08-04,16:16:54,1.362,172.9
2026-08-04,16:16:54,1.362,172.9
2026-08-04,16:16:54,1.362,172.9
2026-08-04,16:16:54,1.362,172.9
2026-08-04,16:16:54,1.362,172.9
2026-08-04,16:16:54,1.362,172.9
2026-08-04,16:16:55,1.362,172.9
2026-08-04,16:16:55,1.362,172.9
2026-08-04,16:16:55,1.362,172.9
2026-08-04,16:16:55,1.362,172.9
2026-08-04,16:16:55,1.362,172.9
2026-08-04,16:16:55,1.362,172.9
2026-08-04,16:16:56,1.362,172.9
2026-08-04,16:16:56,1.362,172.9
2026-08-04,16:16:56,1.362,172.9
2026-08-04,16:16:56,1.362,172.9
2026-08-04,16:16:56,1.362,172.9
2026-08-04,16:16:56,1.362,172.9
2026-08-04,16:16:57,1.362,172.9
2026-08-04,16:16:57,1.362,173.0
2026-08-04,16:16:57,1.362,173.0
2026-08-04,16:16:57,1.362,173.0
2026-08-04,16:16:57,1.362,173.0
2026-08-04,16:16:57,1.362,173.0
2026-08-04,16:16:58,1.362,173.0
2026-08-04,16:16:58,1.362,173.0
2026-08-04,16:16:58,1.362,173.0
2026-08-04,16:16:58,1.362,173.0
2026-08-04,16:16:58,1.362,173.0
2026-08-04,16:16:58,1.362,173.0
2026-08-04,16:16:59,1.362,173.0
2026-08-04,16:16:59,1.362,173.0
2026-08-04,16:16:59,1.362,173.0
2026-08-04,16:16:59,1.362,173.0
2026-08-04,16:16:59,1.362,173.0
2026-08-04,16:16:59,1.362,173.0
2026-08-04,16:17:00,1.362,173.0
2026-08-04,16:17:00,1.362,173.0
2026-08-04,16:17:00,1.362,173.0
2026-08-04,16:17:00,1.362,173.0
2026-08-04,16:17:00,1.362,173.0
2026-08-04,16:17:00,1.362,173.0
2026-08-04,16:17:01,1.362,173.0
2026-08-04,16:17:01,1.362,173.0
2026-08-04,16:17:01,1.362,173.0
2026-08-04,16:17:01,1.362,173.0
2026-08-04,16:17:01,1.362,173.0
2026-08-04,16:17:01,1.362,173.0
2026-08-04,16:17:02,1.362,173.0
2026-08-04,16:17:02,1.362,173.0
2026-08-04,16:17:02,1.362,173.0
2026-08-04,16:17:02,1.362,173.0
2026-08-04,16:17:02,1.362,173.0
2026-08-04,16:17:02,1.362,173.0
2026-08-04,16:17:03,1.362,173.0
2026-08-04,16:17:03,1.362,173.0
2026-08-04,16:17:03,1.362,173.0
2026-08-04,16:17:03,1.362,173.0
2026-08-04,16:17:03,1.362,173.0
2026-08-04,16:17:03,1.362,173.0
2026-08-04,16:17:04,1.362,173.0
2026-08-04,16:17:04,1.362,173.0
2026-08-04,16:17:04,1.362,173.0
2026-08-04,16:17:04,1.362,173.0
2026-08-04,16:17:04,1.362,173.0
2026-08-04,16:17:04,1.362,173.0
2026-08-04,16:17:05,1.362,173.0
2026-08-04,16:17:05,1.362,173.0
2026-08-04,16:17:05,1.362,173.0
2026-08-04,16:17:05,1.362,173.0
2026-08-04,16:17:05,1.362,173.0
2026-08-04,16:17:05,1.362,173.0
2026-08-04,16:17:06,1.362,173.0
2026-08-04,16:17:06,1.362,173.0
2026-08-04,16:17:06,1.362,173.0
2026-08-04,16:17:06,1.362,173.0
2026-08-04,16:17:06,1.362,173.0
2026-08-04,16:17:06,1.362,173.0
2026-08-04,16:17:07,1.362,173.0
2026-08-04,16:17:07,1.362,173.0
2026-08-04,16:17:07,1.362,173.0
2026-08-04,16:17:07,1.362,173.0
2026-08-04,16:17:07,1.362,173.0
2026-08-04,16:17:07,1.362,173.0
2026-08-04,16:17:08,1.362,173.0
2026-08-04,16:17:08,1.362,173.0
2026-08-04,16:17:08,1.362,173.0
2026-08-04,16:17:08,1.362,173.0
2026-08-04,16:17:08,1.362,173.0
2026-08-04,16:17:08,1.362,173.0
2026-08-04,16:17:09,1.362,173.0
2026-08-04,16:17:09,1.362,173.0
2026-08-04,16:17:09,1.362,173.0
2026-08-04,16:17:09,1.362,173.0
2026-08-04,16:17:09,1.362,173.0
2026-08-04,16:17:09,1.362,173.0
2026-08-04,16:17:10,1.362,173.0
2026-08-04,16:17:10,1.362,173.0
2026-08-04,16:17:10,1.362,173.0
2026-08-04,16:17:10,1.362,173.0
2026-08-04,16:17:10,1.362,173.0
2026-08-04,16:17:10,1.362,173.0
2026-08-04,16:17:10,1.362,173.0
2026-08-04,16:17:11,1.362,173.0
2026-08-04,16:17:11,1.362,173.0
2026-08-04,16:17:11,1.362,173.0
2026-08-04,16:17:11,1.362,173.0
2026-08-04,16:17:11,1.362,173.0
2026-08-04,16:17:11,1.362,173.0
2026-08-04,16:17:12,1.362,173.0
2026-08-04,16:17:12,1.362,173.0
2026-08-04,16:17:12,1.362,173.0
2026-08-04,16:17:12,1.362,173.0
2026-08-04,16:17:12,1.362,173.0
2026-08-04,16:17:12,1.362,173.0
2026-08-04,16:17:13,1.362,173.0
2026-08-04,16:17:13,1.362,173.0
2026-08-04,16:17:13,1.362,173.0
2026-08-04,16:17:13,1.362,173.0
2026-08-04,16:17:13,1.362,173.0
2026-08-04,16:17:13,1.362,173.0
2026-08-04,16:17:14,1.362,173.0
2026-08-04,16:17:14,1.362,173.0
2026-08-04,16:17:14,1.362,173.0
2026-08-04,16:17:14,1.362,173.0
2026-08-04,16:17:14,1.362,173.0
2026-08-04,16:17:14,1.362,173.0
2026-08-04,16:17:15,1.362,173.0
2026-08-04,16:17:15,1.362,173.0
2026-08-04,16:17:15,1.362,173.0
2026-08-04,16:17:15,1.362,173.0
2026-08-04,16:17:15,1.362,173.0
2026-08-04,16:17:15,1.362,173.0
2026-08-04,16:17:16,1.362,173.0
2026-08-04,16:17:16,1.362,173.0
2026-08-04,16:17:16,1.362,173.0
2026-08-04,16:17:16,1.362,173.0
2026-08-04,16:17:16,1.362,173.0
2026-08-04,16:17:16,1.362,173.0
2026-08-04,16:17:17,1.362,173.0
2026-08-04,16:17:17,1.362,173.0
2026-08-04,16:17:17,1.362,173.0
2026-08-04,16:17:17,1.362,173.0
2026-08-04,16:17:17,1.362,173.0
2026-08-04,16:17:17,1.362,173.0
2026-08-04,16:17:18,1.362,173.0
2026-08-04,16:17:18,1.362,173.0
2026-08-04,16:17:18,1.362,173.0
2026-08-04,16:17:18,1.362,173.0
2026-08-04,16:17:18,1.362,173.0
2026-08-04,16:17:18,1.362,173.0
2026-08-04,16:17:19,1.362,173.0
2026-08-04,16:17:19,1.362,173.0
2026-08-04,16:17:19,1.362,173.0
2026-08-04,16:17:19,1.362,173.0
2026-08-04,16:17:19,1.362,173.0
2026-08-04,16:17:19,1.362,173.0
2026-08-04,16:17:20,1.362,173.0
2026-08-04,16:17:20,1.362,173.0
2026-08-04,16:17:20,1.362,173.0
2026-08-04,16:17:20,1.362,173.0
2026-08-04,16:17:20,1.362,173.0
2026-08-04,16:17:20,1.362,173.0
2026-08-04,16:17:21,1.362,173.0
2026-08-04,16:17:21,1.362,173.0
2026-08-04,16:17:21,1.362,173.0
2026-08-04,16:17:21,1.362,173.0
2026-08-04,16:17:21,1.362,173.0
2026-08-04,16:17:21,1.362,173.0
2026-08-04,16:17:22,1.362,173.0
2026-08-04,16:17:22,1.362,173.0
2026-08-04,16:17:22,1.362,173.0
2026-08-04,16:17:22,1.362,173.0
2026-08-04,16:17:22,1.362,173.0
2026-08-04,16:17:22,1.362,173.0
2026-08-04,16:17:23,1.362,173.0
2026-08-04,16:17:23,1.362,173.0
2026-08-04,16:17:23,1.362,173.0
2026-08-04,16:17:23,1.362,173.0
2026-08-04,16:17:23,1.362,173.0
2026-08-04,16:17:23,1.362,173.0
2026-08-04,16:17:24,1.362,173.0
2026-08-04,16:17:24,1.362,173.0
2026-08-04,16:17:24,1.362,173.0
2026-08-04,16:17:24,1.362,173.0
2026-08-04,16:17:24,1.362,173.0
2026-08-04,16:17:24,1.362,173.0
2026-08-04,16:17:25,1.362,173.0
2026-08-04,16:17:25,1.362,173.0
2026-08-04,16:17:25,1.362,173.0
2026-08-04,16:17:25,1.362,173.0
2026-08-04,16:17:25,1.362,173.0
2026-08-04,16:17:25,1.362,173.0
2026-08-04,16:17:26,1.362,173.0
2026-08-04,16:17:26,1.362,173.0
2026-08-04,16:17:26,1.362,173.0
2026-08-04,16:17:26,1.362,173.0
2026-08-04,16:17:26,1.362,173.0
2026-08-04,16:17:26,1.362,173.0
2026-08-04,16:17:26,1.362,173.0
2026-08-04,16:17:27,1.362,173.0
2026-08-04,16:17:27,1.362,173.0
2026-08-04,16:17:27,1.362,173.0
2026-08-04,16:17:27,1.362,173.0
2026-08-04,16:17:27,1.362,173.0
2026-08-04,16:17:27,1.362,173.0
2026-08-04,16:17:28,1.362,173.0
2026-08-04,16:17:28,1.362,173.0
2026-08-04,16:17:28,1.362,173.0
2026-08-04,16:17:28,1.362,173.0
2026-08-04,16:17:28,1.362,173.0
2026-08-04,16:17:28,1.362,173.0
2026-08-04,16:17:29,1.362,173.0
2026-08-04,16:17:29,1.362,173.0
2026-08-04,16:17:29,1.362,173.0
2026-08-04,16:17:29,1.362,173.0
2026-08-04,16:17:29,1.362,173.0
2026-08-04,16:17:29,1.362,173.0
2026-08-04,16:17:30,1.362,173.0
2026-08-04,16:17:30,1.362,173.0
2026-08-04,16:17:30,1.362,173.0
2026-08-04,16:17:30,1.362,173.0
2026-08-04,16:17:30,1.362,173.0
2026-08-04,16:17:30,1.362,173.0
2026-08-04,16:17:31,1.362,173.0
2026-08-04,16:17:31,1.362,173.0
2026-08-04,16:17:31,1.362,173.0
2026-08-04,16:17:31,1.362,173.0
2026-08-04,16:17:31,1.362,173.0
2026-08-04,16:17:31,1.362,173.0
2026-08-04,16:17:32,1.362,173.0
2026-08-04,16:17:32,1.362,173.0
2026-08-04,16:17:32,1.362,173.0
2026-08-04,16:17:32,1.362,173.0
2026-08-04,16:17:32,1.362,173.0
2026-08-04,16:17:32,1.362,173.0
2026-08-04,16:17:33,1.362,173.0
2026-08-04,16:17:33,1.362,173.0
2026-08-04,16:17:33,1.362,173.0
2026-08-04,16:17:33,1.362,173.0
2026-08-04,16:17:33,1.362,173.0
2026-08-04,16:17:33,1.362,173.0
2026-08-04,16:17:34,1.362,173.0
2026-08-04,16:17:34,1.362,173.0
2026-08-04,16:17:34,1.362,173.0
2026-08-04,16:17:34,1.362,173.0
2026-08-04,16:17:34,1.362,173.0
2026-08-04,16:17:34,1.362,173.0
2026-08-04,16:17:35,1.362,172.9
2026-08-04,16:17:35,1.362,172.9
2026-08-04,16:17:35,1.362,172.9
2026-08-04,16:17:35,1.362,172.9
2026-08-04,16:17:35,1.362,172.9
2026-08-04,16:17:35,1.362,172.9
2026-08-04,16:17:36,1.362,172.9
2026-08-04,16:17:36,1.362,172.9
2026-08-04,16:17:36,1.362,172.9
2026-08-04,16:17:36,1.362,172.9
2026-08-04,16:17:36,1.362,172.9
2026-08-04,16:17:36,1.362,172.9
2026-08-04,16:17:37,1.362,172.9
2026-08-04,16:17:37,1.362,172.9
2026-08-04,16:17:37,1.362,172.9
2026-08-04,16:17:37,1.362,172.9
2026-08-04,16:17:37,1.362,172.9
2026-08-04,16:17:37,1.362,172.9
2026-08-04,16:17:38,1.362,172.9
2026-08-04,16:17:38,1.362,172.9
2026-08-04,16:17:38,1.362,172.9
2026-08-04,16:17:38,1.362,172.9
2026-08-04,16:17:38,1.362,172.9
2026-08-04,16:17:38,1.362,172.9
2026-08-04,16:17:39,1.362,172.9
2026-08-04,16:17:39,1.362,172.9
2026-08-04,16:17:39,1.362,172.9
2026-08-04,16:17:39,1.362,172.9
2026-08-04,16:17:39,1.362,172.9
2026-08-04,16:17:39,1.362,172.9
2026-08-04,16:17:40,1.362,172.9
2026-08-04,16:17:40,1.362,172.9
2026-08-04,16:17:40,1.362,172.9
2026-08-04,16:17:40,1.362,172.9
2026-08-04,16:17:40,1.362,172.9
2026-08-04,16:17:40,1.362,172.9
2026-08-04,16:17:41,1.362,172.9
2026-08-04,16:17:41,1.362,172.9
2026-08-04,16:17:41,1.362,172.9
2026-08-04,16:17:41,1.362,172.9
2026-08-04,16:17:41,1.362,172.9
2026-08-04,16:17:41,1.362,172.9
2026-08-04,16:17:42,1.362,172.9
2026-08-04,16:17:42,1.362,172.9
2026-08-04,16:17:42,1.362,172.9
2026-08-04,16:17:42,1.362,172.9
2026-08-04,16:17:42,1.362,172.9
2026-08-04,16:17:42,1.362,172.9
2026-08-04,16:17:43,1.362,172.9
2026-08-04,16:17:43,1.362,172.9
2026-08-04,16:17:43,1.362,172.9
2026-08-04,16:17:43,1.362,172.9
2026-08-04,16:17:43,1.362,172.9
2026-08-04,16:17:43,1.362,172.9
2026-08-04,16:17:43,1.362,172.9
2026-08-04,16:17:44,1.362,172.9
2026-08-04,16:17:44,1.362,172.9
2026-08-04,16:17:44,1.362,172.9
2026-08-04,16:17:44,1.362,172.9
2026-08-04,16:17:44,1.362,172.9
2026-08-04,16:17:44,1.362,172.9
2026-08-04,16:17:45,1.362,172.9
2026-08-04,16:17:45,1.362,172.9
2026-08-04,16:17:45,1.362,172.9
2026-08-04,16:17:45,1.362,172.9
2026-08-04,16:17:45,1.362,172.9
2026-08-04,16:17:45,1.362,172.9
2026-08-04,16:17:46,1.362,172.9
2026-08-04,16:17:46,1.361,172.9
2026-08-04,16:17:46,1.361,172.9
2026-08-04,16:17:46,1.361,172.9
2026-08-04,16:17:46,1.361,172.9
2026-08-04,16:17:46,1.361,172.9
2026-08-04,16:17:47,1.361,172.9
2026-08-04,16:17:47,1.361,172.9
2026-08-04,16:17:47,1.361,172.9
2026-08-04,16:17:47,1.361,172.9
2026-08-04,16:17:47,1.361,172.9
2026-08-04,16:17:47,1.361,172.9
2026-08-04,16:17:48,1.361,172.9
2026-08-04,16:17:48,1.361,172.9
2026-08-04,16:17:48,1.361,172.9
2026-08-04,16:17:48,1.361,172.9
2026-08-04,16:17:48,1.361,172.9
2026-08-04,16:17:48,1.361,172.9
2026-08-04,16:17:49,1.361,172.9
2026-08-04,16:17:49,1.361,172.9
2026-08-04,16:17:49,1.361,172.9
2026-08-04,16:17:49,1.361,172.9
2026-08-04,16:17:49,1.361,172.9
2026-08-04,16:17:49,1.361,172.9
2026-08-04,16:17:50,1.361,172.9
2026-08-04,16:17:50,1.361,172.9
2026-08-04,16:17:50,1.361,172.9
2026-08-04,16:17:50,1.361,172.9
2026-08-04,16:17:50,1.361,172.9
2026-08-04,16:17:50,1.361,172.9
2026-08-04,16:17:51,1.361,172.9
2026-08-04,16:17:51,1.361,172.9
2026-08-04,16:17:51,1.361,172.9
2026-08-04,16:17:51,1.361,172.9
2026-08-04,16:17:51,1.361,172.9
2026-08-04,16:17:51,1.361,172.9
2026-08-04,16:17:52,1.361,172.9
2026-08-04,16:17:52,1.361,172.9
2026-08-04,16:17:52,1.361,172.9
2026-08-04,16:17:52,1.362,172.9
2026-08-04,16:17:52,1.362,172.9
2026-08-04,16:17:52,1.362,172.9
2026-08-04,16:17:53,1.362,172.9
2026-08-04,16:17:53,1.362,172.9
2026-08-04,16:17:53,1.362,172.9
2026-08-04,16:17:53,1.362,172.9
2026-08-04,16:17:53,1.362,172.9
2026-08-04,16:17:53,1.362,172.9
2026-08-04,16:17:54,1.362,172.9
2026-08-04,16:17:54,1.362,172.9
2026-08-04,16:17:54,1.362,172.9
2026-08-04,16:17:54,1.362,172.9
2026-08-04,16:17:54,1.362,172.9
2026-08-04,16:17:54,1.361,172.9
2026-08-04,16:17:55,1.361,172.9
2026-08-04,16:17:55,1.361,172.9
2026-08-04,16:17:55,1.361,172.9
2026-08-04,16:17:55,1.361,172.9
2026-08-04,16:17:55,1.361,172.9
2026-08-04,16:17:55,1.361,172.9
2026-08-04,16:17:56,1.361,172.9
2026-08-04,16:17:56,1.361,172.9
2026-08-04,16:17:56,1.361,172.9
2026-08-04,16:17:56,1.361,172.9
2026-08-04,16:17:56,1.361,172.9
2026-08-04,16:17:56,1.361,172.9
2026-08-04,16:17:57,1.362,172.9
2026-08-04,16:17:57,1.362,172.9
2026-08-04,16:17:57,1.362,172.9
2026-08-04,16:17:57,1.362,172.9
2026-08-04,16:17:57,1.362,172.9
2026-08-04,16:17:57,1.362,172.9
2026-08-04,16:17:58,1.362,172.9
2026-08-04,16:17:58,1.362,172.9
2026-08-04,16:17:58,1.362,172.9
2026-08-04,16:17:58,1.362,172.9
2026-08-04,16:17:58,1.362,172.9
2026-08-04,16:17:58,1.362,172.9
2026-08-04,16:17:59,1.362,172.9
2026-08-04,16:17:59,1.362,172.9
2026-08-04,16:17:59,1.362,172.9
2026-08-04,16:17:59,1.362,172.9
2026-08-04,16:17:59,1.362,172.9
2026-08-04,16:17:59,1.362,172.9
2026-08-04,16:17:59,1.362,172.9
2026-08-04,16:18:00,1.362,172.9
2026-08-04,16:18:00,1.362,172.9
2026-08-04,16:18:00,1.362,172.9
2026-08-04,16:18:00,1.362,172.9
2026-08-04,16:18:00,1.362,172.9
2026-08-04,16:18:00,1.362,172.9
2026-08-04,16:18:01,1.362,172.9
2026-08-04,16:18:01,1.362,172.9
2026-08-04,16:18:01,1.362,172.9
2026-08-04,16:18:01,1.362,172.9
2026-08-04,16:18:01,1.362,172.9
2026-08-04,16:18:01,1.362,172.9
2026-08-04,16:18:02,1.362,172.9
2026-08-04,16:18:02,1.362,172.9
2026-08-04,16:18:02,1.362,172.9
2026-08-04,16:18:02,1.362,172.9
2026-08-04,16:18:02,1.362,172.9
2026-08-04,16:18:02,1.362,172.9
2026-08-04,16:18:03,1.362,172.9
2026-08-04,16:18:03,1.362,172.9
2026-08-04,16:18:03,1.362,172.9
2026-08-04,16:18:03,1.362,172.9
2026-08-04,16:18:03,1.362,172.9
2026-08-04,16:18:03,1.362,172.9
2026-08-04,16:18:04,1.362,172.9
2026-08-04,16:18:04,1.362,172.9
2026-08-04,16:18:04,1.362,172.9
2026-08-04,16:18:04,1.362,172.9
2026-08-04,16:18:04,1.362,172.9
2026-08-04,16:18:04,1.362,172.9
2026-08-04,16:18:05,1.362,172.9
2026-08-04,16:18:05,1.362,172.9
2026-08-04,16:18:05,1.362,172.9
2026-08-04,16:18:05,1.362,172.9
2026-08-04,16:18:05,1.362,172.9
2026-08-04,16:18:05,1.362,173.0
2026-08-04,16:18:06,1.362,173.0
2026-08-04,16:18:06,1.362,173.0
2026-08-04,16:18:06,1.362,173.0
2026-08-04,16:18:06,1.362,173.0
2026-08-04,16:18:06,1.362,173.0
2026-08-04,16:18:06,1.362,173.0
2026-08-04,16:18:07,1.362,173.0
2026-08-04,16:18:07,1.362,173.0
2026-08-04,16:18:07,1.362,173.0
2026-08-04,16:18:07,1.362,173.0
2026-08-04,16:18:07,1.362,173.0
2026-08-04,16:18:07,1.362,173.0
2026-08-04,16:18:08,1.362,173.0
2026-08-04,16:18:08,1.362,173.0
2026-08-04,16:18:08,1.362,173.0
2026-08-04,16:18:08,1.362,173.0
2026-08-04,16:18:08,1.362,173.0
2026-08-04,16:18:08,1.362,173.0
2026-08-04,16:18:09,1.362,173.0
2026-08-04,16:18:09,1.362,173.0
2026-08-04,16:18:09,1.362,173.0
2026-08-04,16:18:09,1.362,173.0
2026-08-04,16:18:09,1.362,173.0
2026-08-04,16:18:09,1.362,173.0
2026-08-04,16:18:10,1.362,173.0
2026-08-04,16:18:10,1.362,173.0
2026-08-04,16:18:10,1.362,173.0
2026-08-04,16:18:10,1.362,173.0
2026-08-04,16:18:10,1.362,173.0
2026-08-04,16:18:10,1.362,173.0
2026-08-04,16:18:11,1.362,173.0
2026-08-04,16:18:11,1.362,173.0
2026-08-04,16:18:11,1.362,173.0
2026-08-04,16:18:11,1.362,173.0
2026-08-04,16:18:11,1.362,173.0
2026-08-04,16:18:11,1.362,173.0
2026-08-04,16:18:12,1.362,173.0
2026-08-04,16:18:12,1.362,173.0
2026-08-04,16:18:12,1.362,173.0
2026-08-04,16:18:12,1.362,173.0
2026-08-04,16:18:12,1.362,173.0
2026-08-04,16:18:12,1.362,173.0
2026-08-04,16:18:13,1.362,173.0
2026-08-04,16:18:13,1.362,173.0
2026-08-04,16:18:13,1.362,173.0
2026-08-04,16:18:13,1.362,173.0
2026-08-04,16:18:13,1.362,173.0
2026-08-04,16:18:13,1.362,173.0
2026-08-04,16:18:14,1.362,173.0
2026-08-04,16:18:14,1.362,173.0
2026-08-04,16:18:14,1.362,173.0
2026-08-04,16:18:14,1.362,173.0
2026-08-04,16:18:14,1.362,173.0
2026-08-04,16:18:14,1.362,173.0
2026-08-04,16:18:15,1.362,173.0
2026-08-04,16:18:15,1.362,173.0
2026-08-04,16:18:15,1.362,173.0
2026-08-04,16:18:15,1.362,173.0
2026-08-04,16:18:15,1.362,173.0
2026-08-04,16:18:15,1.362,173.0
2026-08-04,16:18:16,1.362,173.0
2026-08-04,16:18:16,1.362,173.0
2026-08-04,16:18:16,1.362,173.0
2026-08-04,16:18:16,1.362,173.0
2026-08-04,16:18:16,1.362,173.0
2026-08-04,16:18:16,1.362,173.0
2026-08-04,16:18:16,1.362,173.0
2026-08-04,16:18:17,1.362,173.0
2026-08-04,16:18:17,1.362,173.0
2026-08-04,16:18:17,1.362,173.0
2026-08-04,16:18:17,1.362,173.0
2026-08-04,16:18:17,1.362,173.0
2026-08-04,16:18:17,1.362,173.0
2026-08-04,16:18:18,1.362,173.0
2026-08-04,16:18:18,1.362,173.0
2026-08-04,16:18:18,1.362,173.0
2026-08-04,16:18:18,1.362,173.0
2026-08-04,16:18:18,1.362,173.0
2026-08-04,16:18:18,1.362,173.0
2026-08-04,16:18:19,1.362,173.0
2026-08-04,16:18:19,1.362,173.0
2026-08-04,16:18:19,1.362,173.0
2026-08-04,16:18:19,1.362,173.0
2026-08-04,16:18:19,1.362,173.0
2026-08-04,16:18:19,1.362,173.0
2026-08-04,16:18:20,1.362,173.0
2026-08-04,16:18:20,1.362,173.0
2026-08-04,16:18:20,1.362,173.0
2026-08-04,16:18:20,1.362,173.0
2026-08-04,16:18:20,1.362,173.0
2026-08-04,16:18:20,1.362,173.0
2026-08-04,16:18:21,1.362,173.0
2026-08-04,16:18:21,1.362,173.0
2026-08-04,16:18:21,1.362,173.0
2026-08-04,16:18:21,1.362,173.0
2026-08-04,16:18:21,1.362,173.0
2026-08-04,16:18:21,1.362,173.0
2026-08-04,16:18:22,1.362,173.0
2026-08-04,16:18:22,1.362,173.0
2026-08-04,16:18:22,1.362,173.0
2026-08-04,16:18:22,1.362,173.0
2026-08-04,16:18:22,1.362,173.0
2026-08-04,16:18:22,1.362,173.0
2026-08-04,16:18:23,1.362,173.0
2026-08-04,16:18:23,1.362,173.0
2026-08-04,16:18:23,1.362,173.0
2026-08-04,16:18:23,1.362,173.0
2026-08-04,16:18:23,1.362,173.0
2026-08-04,16:18:23,1.362,173.0
2026-08-04,16:18:24,1.362,173.0
2026-08-04,16:18:24,1.362,173.0
2026-08-04,16:18:24,1.362,173.0
2026-08-04,16:18:24,1.362,173.0
2026-08-04,16:18:24,1.362,173.0
2026-08-04,16:18:24,1.362,173.0
2026-08-04,16:18:25,1.362,173.0
2026-08-04,16:18:25,1.362,173.0
2026-08-04,16:18:25,1.362,173.0
2026-08-04,16:18:25,1.362,173.0
2026-08-04,16:18:25,1.362,173.0
2026-08-04,16:18:25,1.362,173.0
2026-08-04,16:18:26,1.362,173.0
2026-08-04,16:18:26,1.362,173.0
2026-08-04,16:18:26,1.362,173.0
2026-08-04,16:18:26,1.362,173.0
2026-08-04,16:18:26,1.362,173.0
2026-08-04,16:18:26,1.362,173.0
2026-08-04,16:18:27,1.362,173.0
2026-08-04,16:18:27,1.362,173.0
2026-08-04,16:18:27,1.362,173.0
2026-08-04,16:18:27,1.362,173.0
2026-08-04,16:18:27,1.362,173.0
2026-08-04,16:18:27,1.362,173.0
2026-08-04,16:18:28,1.362,173.0
2026-08-04,16:18:28,1.362,173.0
2026-08-04,16:18:28,1.362,173.0
2026-08-04,16:18:28,1.362,173.0
2026-08-04,16:18:28,1.362,173.0
2026-08-04,16:18:28,1.362,173.0
2026-08-04,16:18:29,1.362,173.0
2026-08-04,16:18:29,1.362,173.0
2026-08-04,16:18:29,1.362,173.0
2026-08-04,16:18:29,1.362,173.0
2026-08-04,16:18:29,1.362,173.0
2026-08-04,16:18:29,1.362,173.0
2026-08-04,16:18:30,1.362,173.0
2026-08-04,16:18:30,1.362,173.0
2026-08-04,16:18:30,1.362,173.0
2026-08-04,16:18:30,1.362,173.0
2026-08-04,16:18:30,1.362,173.0
2026-08-04,16:18:30,1.362,173.0
2026-08-04,16:18:31,1.362,173.0
2026-08-04,16:18:31,1.362,173.0
2026-08-04,16:18:31,1.362,173.0
2026-08-04,16:18:31,1.362,173.0
2026-08-04,16:18:31,1.362,173.0
2026-08-04,16:18:31,1.362,173.0
2026-08-04,16:18:32,1.362,173.0
2026-08-04,16:18:32,1.362,173.0
2026-08-04,16:18:32,1.362,173.0
2026-08-04,16:18:32,1.362,173.0
2026-08-04,16:18:32,1.362,173.0
2026-08-04,16:18:32,1.362,173.0
2026-08-04,16:18:33,1.362,173.0
2026-08-04,16:18:33,1.362,173.0
2026-08-04,16:18:33,1.362,173.0
2026-08-04,16:18:33,1.362,173.0
2026-08-04,16:18:33,1.362,173.0
2026-08-04,16:18:33,1.362,173.0
2026-08-04,16:18:33,1.362,173.0
2026-08-04,16:18:34,1.362,173.0
2026-08-04,16:18:34,1.362,173.0
2026-08-04,16:18:34,1.362,173.0
2026-08-04,16:18:34,1.362,173.0
2026-08-04,16:18:34,1.362,173.0
2026-08-04,16:18:34,1.362,173.0
2026-08-04,16:18:35,1.362,173.0
2026-08-04,16:18:35,1.362,173.0
2026-08-04,16:18:35,1.362,173.0
2026-08-04,16:18:35,1.362,173.0
2026-08-04,16:18:35,1.362,173.0
2026-08-04,16:18:35,1.362,173.0
2026-08-04,16:18:36,1.362,173.0
2026-08-04,16:18:36,1.362,173.0
2026-08-04,16:18:36,1.362,173.0
2026-08-04,16:18:36,1.362,173.0
2026-08-04,16:18:36,1.362,173.0
2026-08-04,16:18:36,1.362,173.0
2026-08-04,16:18:37,1.362,173.0
2026-08-04,16:18:37,1.362,173.0
2026-08-04,16:18:37,1.362,173.0
2026-08-04,16:18:37,1.362,173.0
2026-08-04,16:18:37,1.362,173.0
2026-08-04,16:18:37,1.362,173.0
2026-08-04,16:18:38,1.362,173.0
2026-08-04,16:18:38,1.362,173.0
2026-08-04,16:18:38,1.362,173.0
2026-08-04,16:18:38,1.362,173.0
2026-08-04,16:18:38,1.362,173.0
2026-08-04,16:18:38,1.362,173.0
2026-08-04,16:18:39,1.362,173.0
2026-08-04,16:18:39,1.362,173.0
2026-08-04,16:18:39,1.362,173.0
2026-08-04,16:18:39,1.362,173.0
2026-08-04,16:18:39,1.362,173.0
2026-08-04,16:18:39,1.362,173.0
2026-08-04,16:18:40,1.362,173.0
2026-08-04,16:18:40,1.362,173.0
2026-08-04,16:18:40,1.362,173.0
2026-08-04,16:18:40,1.362,173.0
2026-08-04,16:18:40,1.362,173.0
2026-08-04,16:18:40,1.362,173.0
2026-08-04,16:18:41,1.362,173.0
2026-08-04,16:18:41,1.362,173.0
2026-08-04,16:18:41,1.362,173.0
2026-08-04,16:18:41,1.362,173.0
2026-08-04,16:18:41,1.362,173.0
2026-08-04,16:18:41,1.362,173.0
2026-08-04,16:18:42,1.362,173.0
2026-08-04,16:18:42,1.362,173.0
2026-08-04,16:18:42,1.362,173.0
2026-08-04,16:18:42,1.362,173.0
2026-08-04,16:18:42,1.362,173.0
2026-08-04,16:18:42,1.362,173.0
2026-08-04,16:18:43,1.362,173.0
2026-08-04,16:18:43,1.362,173.0
2026-08-04,16:18:43,1.362,173.0
2026-08-04,16:18:43,1.362,173.0
2026-08-04,16:18:43,1.362,173.0
2026-08-04,16:18:43,1.362,173.0
2026-08-04,16:18:44,1.362,173.0
2026-08-04,16:18:44,1.362,173.0
2026-08-04,16:18:44,1.362,173.0
2026-08-04,16:18:44,1.362,173.0
2026-08-04,16:18:44,1.362,173.0
2026-08-04,16:18:44,1.362,173.0
2026-08-04,16:18:45,1.362,173.0
2026-08-04,16:18:45,1.362,173.0
2026-08-04,16:18:45,1.362,173.0
2026-08-04,16:18:45,1.362,173.0
2026-08-04,16:18:45,1.362,173.0
2026-08-04,16:18:45,1.362,173.0
2026-08-04,16:18:46,1.362,173.0
2026-08-04,16:18:46,1.362,173.0
2026-08-04,16:18:46,1.362,173.0
2026-08-04,16:18:46,1.362,173.0
2026-08-04,16:18:46,1.362,173.0
2026-08-04,16:18:46,1.362,173.0
2026-08-04,16:18:47,1.362,173.0
2026-08-04,16:18:47,1.362,173.0
2026-08-04,16:18:47,1.362,173.0
2026-08-04,16:18:47,1.362,173.0
2026-08-04,16:18:47,1.362,173.0
2026-08-04,16:18:47,1.362,173.0
2026-08-04,16:18:48,1.362,173.0
2026-08-04,16:18:48,1.362,173.0
2026-08-04,16:18:48,1.362,173.0
2026-08-04,16:18:48,1.362,173.0
2026-08-04,16:18:48,1.362,173.0
2026-08-04,16:18:48,1.362,173.0
2026-08-04,16:18:49,1.362,173.0
2026-08-04,16:18:49,1.362,173.0
2026-08-04,16:18:49,1.362,173.0
2026-08-04,16:18:49,1.362,173.0
2026-08-04,16:18:49,1.362,173.0
2026-08-04,16:18:49,1.362,173.0
2026-08-04,16:18:49,1.362,173.0
2026-08-04,16:18:50,1.362,173.0
2026-08-04,16:18:50,1.362,173.0
2026-08-04,16:18:50,1.362,173.0
2026-08-04,16:18:50,1.362,173.0
2026-08-04,16:18:50,1.362,173.0
2026-08-04,16:18:50,1.362,173.0
2026-08-04,16:18:51,1.362,173.0
2026-08-04,16:18:51,1.362,173.0
2026-08-04,16:18:51,1.362,173.0
2026-08-04,16:18:51,1.362,173.0
2026-08-04,16:18:51,1.362,173.0
2026-08-04,16:18:51,1.362,173.0
2026-08-04,16:18:52,1.362,173.0
2026-08-04,16:18:52,1.362,173.0
2026-08-04,16:18:52,1.362,173.0
2026-08-04,16:18:52,1.362,173.0
2026-08-04,16:18:52,1.362,173.0
2026-08-04,16:18:52,1.362,173.0
2026-08-04,16:18:53,1.362,173.0
2026-08-04,16:18:53,1.362,173.0
2026-08-04,16:18:53,1.362,173.0
2026-08-04,16:18:53,1.362,173.0
2026-08-04,16:18:53,1.362,173.0
2026-08-04,16:18:53,1.362,173.0
2026-08-04,16:18:54,1.362,173.0
2026-08-04,16:18:54,1.362,173.0
2026-08-04,16:18:54,1.362,173.0
2026-08-04,16:18:54,1.362,173.0
2026-08-04,16:18:54,1.362,173.0
2026-08-04,16:18:54,1.362,173.0
2026-08-04,16:18:55,1.362,173.0
2026-08-04,16:18:55,1.362,173.0
2026-08-04,16:18:55,1.362,173.0
2026-08-04,16:18:55,1.362,173.0
2026-08-04,16:18:55,1.362,173.0
2026-08-04,16:18:55,1.362,173.0
2026-08-04,16:18:56,1.362,173.0
2026-08-04,16:18:56,1.362,173.0
2026-08-04,16:18:56,1.362,173.0
2026-08-04,16:18:56,1.362,173.0
2026-08-04,16:18:56,1.362,173.0
2026-08-04,16:18:56,1.362,173.0
2026-08-04,16:18:57,1.362,173.0
2026-08-04,16:18:57,1.362,173.0
2026-08-04,16:18:57,1.362,173.0
2026-08-04,16:18:57,1.362,173.0
2026-08-04,16:18:57,1.362,173.0
2026-08-04,16:18:57,1.362,173.0
2026-08-04,16:18:58,1.362,173.0
2026-08-04,16:18:58,1.362,173.0
2026-08-04,16:18:58,1.362,173.0
2026-08-04,16:18:58,1.362,173.0
2026-08-04,16:18:58,1.362,173.0
2026-08-04,16:18:58,1.362,173.0
2026-08-04,16:18:59,1.363,173.0
2026-08-04,16:18:59,1.363,173.0
2026-08-04,16:18:59,1.363,173.0
2026-08-04,16:18:59,1.363,173.0
2026-08-04,16:18:59,1.363,173.0
2026-08-04,16:18:59,1.363,173.0
2026-08-04,16:19:00,1.363,173.0
2026-08-04,16:19:00,1.363,173.1
2026-08-04,16:19:00,1.363,173.1
2026-08-04,16:19:00,1.363,173.1
2026-08-04,16:19:00,1.363,173.1
2026-08-04,16:19:00,1.363,173.1
2026-08-04,16:19:01,1.363,173.1
2026-08-04,16:19:01,1.363,173.1
2026-08-04,16:19:01,1.363,173.0
2026-08-04,16:19:01,1.363,173.0
2026-08-04,16:19:01,1.363,173.0
2026-08-04,16:19:01,1.363,173.0
2026-08-04,16:19:02,1.363,173.0
2026-08-04,16:19:02,1.363,173.0
2026-08-04,16:19:02,1.363,173.1
2026-08-04,16:19:02,1.363,173.1
2026-08-04,16:19:02,1.363,173.1
2026-08-04,16:19:02,1.363,173.1
2026-08-04,16:19:03,1.363,173.1
2026-08-04,16:19:03,1.363,173.0
2026-08-04,16:19:03,1.363,173.0
2026-08-04,16:19:03,1.363,173.0
2026-08-04,16:19:03,1.363,173.0
2026-08-04,16:19:03,1.363,173.0
2026-08-04,16:19:04,1.363,173.0
2026-08-04,16:19:04,1.363,173.0
2026-08-04,16:19:04,1.363,173.0
2026-08-04,16:19:04,1.362,173.0
2026-08-04,16:19:04,1.362,173.0
2026-08-04,16:19:04,1.362,173.0
2026-08-04,16:19:05,1.362,173.0
2026-08-04,16:19:05,1.362,173.0
2026-08-04,16:19:05,1.362,173.0
2026-08-04,16:19:05,1.362,173.0
2026-08-04,16:19:05,1.362,173.0
2026-08-04,16:19:05,1.362,173.0
2026-08-04,16:19:06,1.362,173.0
2026-08-04,16:19:06,1.362,173.0
2026-08-04,16:19:06,1.362,173.0
2026-08-04,16:19:06,1.362,173.0
2026-08-04,16:19:06,1.362,173.0
2026-08-04,16:19:06,1.362,173.0
2026-08-04,16:19:06,1.362,173.0
2026-08-04,16:19:07,1.362,173.0
2026-08-04,16:19:07,1.362,173.0
2026-08-04,16:19:07,1.362,173.0
2026-08-04,16:19:07,1.362,173.0
2026-08-04,16:19:07,1.362,173.0
2026-08-04,16:19:07,1.362,173.0
2026-08-04,16:19:08,1.362,173.0
2026-08-04,16:19:08,1.362,173.0
2026-08-04,16:19:08,1.362,173.0
2026-08-04,16:19:08,1.362,173.0
2026-08-04,16:19:08,1.362,173.0
2026-08-04,16:19:08,1.362,173.0
2026-08-04,16:19:09,1.362,173.0
2026-08-04,16:19:09,1.362,173.0
2026-08-04,16:19:09,1.362,173.0
2026-08-04,16:19:09,1.363,173.0
2026-08-04,16:19:09,1.363,173.0
2026-08-04,16:19:09,1.363,173.0
2026-08-04,16:19:10,1.362,173.0
2026-08-04,16:19:10,1.362,173.0
2026-08-04,16:19:10,1.362,173.0
2026-08-04,16:19:10,1.362,173.0
2026-08-04,16:19:10,1.362,173.0
2026-08-04,16:19:10,1.362,173.0
2026-08-04,16:19:11,1.362,173.0
2026-08-04,16:19:11,1.362,173.0
2026-08-04,16:19:11,1.362,173.0
2026-08-04,16:19:11,1.362,173.0
2026-08-04,16:19:11,1.362,173.0
2026-08-04,16:19:11,1.362,173.0
2026-08-04,16:19:12,1.362,173.0
2026-08-04,16:19:12,1.362,173.0
2026-08-04,16:19:12,1.362,173.0
2026-08-04,16:19:12,1.362,173.0
2026-08-04,16:19:12,1.362,173.0
2026-08-04,16:19:12,1.362,173.0
2026-08-04,16:19:13,1.362,173.0
2026-08-04,16:19:13,1.362,173.0
2026-08-04,16:19:13,1.362,173.0
2026-08-04,16:19:13,1.362,173.0
2026-08-04,16:19:13,1.362,173.0
2026-08-04,16:19:13,1.362,173.0
2026-08-04,16:19:14,1.362,173.0
2026-08-04,16:19:14,1.362,173.0
2026-08-04,16:19:14,1.363,173.0
2026-08-04,16:19:14,1.363,173.0
2026-08-04,16:19:14,1.363,173.0
2026-08-04,16:19:14,1.363,173.0
2026-08-04,16:19:15,1.363,173.0
2026-08-04,16:19:15,1.363,173.0
2026-08-04,16:19:15,1.363,173.0
2026-08-04,16:19:15,1.363,173.0
2026-08-04,16:19:15,1.363,173.0
2026-08-04,16:19:15,1.363,173.0
2026-08-04,16:19:16,1.363,173.0
2026-08-04,16:19:16,1.363,173.0
2026-08-04,16:19:16,1.363,173.0
2026-08-04,16:19:16,1.362,173.0
2026-08-04,16:19:16,1.362,173.0
2026-08-04,16:19:16,1.362,173.0
2026-08-04,16:19:17,1.362,173.0
2026-08-04,16:19:17,1.362,173.0
2026-08-04,16:19:17,1.362,173.0
2026-08-04,16:19:17,1.362,173.0
2026-08-04,16:19:17,1.362,173.0
2026-08-04,16:19:17,1.362,173.0
2026-08-04,16:19:18,1.362,173.0
2026-08-04,16:19:18,1.362,173.0
2026-08-04,16:19:18,1.363,173.0
2026-08-04,16:19:18,1.363,173.0
2026-08-04,16:19:18,1.363,173.0
2026-08-04,16:19:18,1.363,173.0
2026-08-04,16:19:19,1.363,173.0
2026-08-04,16:19:19,1.363,173.0
2026-08-04,16:19:19,1.363,173.0
2026-08-04,16:19:19,1.363,173.0
2026-08-04,16:19:19,1.363,173.0
2026-08-04,16:19:19,1.363,173.0
2026-08-04,16:19:20,1.363,173.0
2026-08-04,16:19:20,1.363,173.0
2026-08-04,16:19:20,1.363,173.0
2026-08-04,16:19:20,1.363,173.1
2026-08-04,16:19:20,1.363,173.1
2026-08-04,16:19:20,1.363,173.1
2026-08-04,16:19:21,1.363,173.0
2026-08-04,16:19:21,1.363,173.0
2026-08-04,16:19:21,1.363,173.0
2026-08-04,16:19:21,1.363,173.0
2026-08-04,16:19:21,1.362,173.0
2026-08-04,16:19:21,1.362,173.0
2026-08-04,16:19:22,1.362,173.0
2026-08-04,16:19:22,1.362,173.0
2026-08-04,16:19:22,1.362,173.0
2026-08-04,16:19:22,1.362,173.0
2026-08-04,16:19:22,1.362,173.0
2026-08-04,16:19:22,1.362,173.0
2026-08-04,16:19:22,1.362,173.0
2026-08-04,16:19:23,1.362,173.0
2026-08-04,16:19:23,1.362,173.0
2026-08-04,16:19:23,1.362,173.0
2026-08-04,16:19:23,1.362,173.0
2026-08-04,16:19:23,1.362,173.0
2026-08-04,16:19:23,1.362,173.0
2026-08-04,16:19:24,1.362,173.0
2026-08-04,16:19:24,1.363,173.0
2026-08-04,16:19:24,1.363,173.0
2026-08-04,16:19:24,1.363,173.0
2026-08-04,16:19:24,1.363,173.0
2026-08-04,16:19:24,1.363,173.0
2026-08-04,16:19:25,1.363,173.0
2026-08-04,16:19:25,1.363,173.0
2026-08-04,16:19:25,1.363,173.0
2026-08-04,16:19:25,1.363,173.0
2026-08-04,16:19:25,1.363,173.0
2026-08-04,16:19:25,1.363,173.0
2026-08-04,16:19:26,1.363,173.0
2026-08-04,16:19:26,1.363,173.0
2026-08-04,16:19:26,1.363,173.0
2026-08-04,16:19:26,1.363,173.0
2026-08-04,16:19:26,1.363,173.0
2026-08-04,16:19:26,1.362,173.0
2026-08-04,16:19:27,1.362,173.0
2026-08-04,16:19:27,1.362,173.0
2026-08-04,16:19:27,1.362,173.0
2026-08-04,16:19:27,1.362,173.0
2026-08-04,16:19:27,1.362,173.0
2026-08-04,16:19:27,1.362,173.0
2026-08-04,16:19:28,1.362,173.0
2026-08-04,16:19:28,1.362,173.0
2026-08-04,16:19:28,1.362,173.0
2026-08-04,16:19:28,1.362,173.0
2026-08-04,16:19:28,1.362,173.0
2026-08-04,16:19:28,1.362,173.0
2026-08-04,16:19:29,1.362,173.0
2026-08-04,16:19:29,1.362,173.0
2026-08-04,16:19:29,1.362,173.0
2026-08-04,16:19:29,1.362,173.0
2026-08-04,16:19:29,1.362,173.0
2026-08-04,16:19:29,1.362,173.0
2026-08-04,16:19:30,1.362,173.0
2026-08-04,16:19:30,1.362,173.0
2026-08-04,16:19:30,1.362,173.0
2026-08-04,16:19:30,1.362,173.0
2026-08-04,16:19:30,1.362,173.0
2026-08-04,16:19:30,1.362,173.0
2026-08-04,16:19:31,1.362,173.0
2026-08-04,16:19:31,1.362,173.0
2026-08-04,16:19:31,1.362,173.0
2026-08-04,16:19:31,1.362,173.0
2026-08-04,16:19:31,1.362,173.0
2026-08-04,16:19:31,1.362,173.0
2026-08-04,16:19:32,1.363,173.0
2026-08-04,16:19:32,1.363,173.0
2026-08-04,16:19:32,1.363,173.1
2026-08-04,16:19:32,1.363,173.1
2026-08-04,16:19:32,1.363,173.1
2026-08-04,16:19:32,1.363,173.1
2026-08-04,16:19:33,1.363,173.1
2026-08-04,16:19:33,1.363,173.1
2026-08-04,16:19:33,1.363,173.1
2026-08-04,16:19:33,1.363,173.1
2026-08-04,16:19:33,1.363,173.1
2026-08-04,16:19:33,1.363,173.1
2026-08-04,16:19:34,1.363,173.1
2026-08-04,16:19:34,1.363,173.1
2026-08-04,16:19:34,1.363,173.1
2026-08-04,16:19:34,1.363,173.1
2026-08-04,16:19:34,1.363,173.1
2026-08-04,16:19:34,1.363,173.1
2026-08-04,16:19:35,1.363,173.1
2026-08-04,16:19:35,1.363,173.1
2026-08-04,16:19:35,1.363,173.1
2026-08-04,16:19:35,1.363,173.1
2026-08-04,16:19:35,1.363,173.1
2026-08-04,16:19:35,1.363,173.1
2026-08-04,16:19:36,1.363,173.1
2026-08-04,16:19:36,1.363,173.1
2026-08-04,16:19:36,1.363,173.1
2026-08-04,16:19:36,1.363,173.1
2026-08-04,16:19:36,1.363,173.1
2026-08-04,16:19:36,1.363,173.1
2026-08-04,16:19:37,1.363,173.1
2026-08-04,16:19:37,1.363,173.1
2026-08-04,16:19:37,1.363,173.1
2026-08-04,16:19:37,1.363,173.1
2026-08-04,16:19:37,1.363,173.1
2026-08-04,16:19:37,1.363,173.1
2026-08-04,16:19:38,1.363,173.1
2026-08-04,16:19:38,1.363,173.1
2026-08-04,16:19:38,1.363,173.1
2026-08-04,16:19:38,1.363,173.1
2026-08-04,16:19:38,1.363,173.1
2026-08-04,16:19:38,1.363,173.1
2026-08-04,16:19:39,1.363,173.1
2026-08-04,16:19:39,1.363,173.1
2026-08-04,16:19:39,1.363,173.1
2026-08-04,16:19:39,1.363,173.1
2026-08-04,16:19:39,1.363,173.1
2026-08-04,16:19:39,1.363,173.1
2026-08-04,16:19:39,1.363,173.1
2026-08-04,16:19:40,1.363,173.1
2026-08-04,16:19:40,1.363,173.1
2026-08-04,16:19:40,1.363,173.1
2026-08-04,16:19:40,1.363,173.1
2026-08-04,16:19:40,1.363,173.1
2026-08-04,16:19:40,1.363,173.1
2026-08-04,16:19:41,1.363,173.1
2026-08-04,16:19:41,1.363,173.1
2026-08-04,16:19:41,1.363,173.1
2026-08-04,16:19:41,1.363,173.1
2026-08-04,16:19:41,1.363,173.1
2026-08-04,16:19:41,1.363,173.1
2026-08-04,16:19:42,1.363,173.0
2026-08-04,16:19:42,1.363,173.0
2026-08-04,16:19:42,1.363,173.0
2026-08-04,16:19:42,1.363,173.0
2026-08-04,16:19:42,1.363,173.0
2026-08-04,16:19:42,1.362,173.0
2026-08-04,16:19:43,1.362,173.0
2026-08-04,16:19:43,1.362,173.0
2026-08-04,16:19:43,1.362,173.0
2026-08-04,16:19:43,1.362,173.0
2026-08-04,16:19:43,1.362,173.0
2026-08-04,16:19:43,1.362,173.0
2026-08-04,16:19:44,1.362,173.0
2026-08-04,16:19:44,1.362,173.0
2026-08-04,16:19:44,1.362,173.0
2026-08-04,16:19:44,1.362,173.0
2026-08-04,16:19:44,1.362,173.0
2026-08-04,16:19:44,1.362,173.0
2026-08-04,16:19:45,1.362,173.0
2026-08-04,16:19:45,1.362,173.0
2026-08-04,16:19:45,1.362,173.0
2026-08-04,16:19:45,1.362,173.0
2026-08-04,16:19:45,1.362,173.0
2026-08-04,16:19:45,1.362,173.0
2026-08-04,16:19:46,1.362,173.0
2026-08-04,16:19:46,1.362,173.0
2026-08-04,16:19:46,1.362,173.0
2026-08-04,16:19:46,1.362,173.0
2026-08-04,16:19:46,1.362,173.0
2026-08-04,16:19:46,1.362,173.0
2026-08-04,16:19:47,1.362,173.0
2026-08-04,16:19:47,1.362,173.0
2026-08-04,16:19:47,1.362,173.0
2026-08-04,16:19:47,1.362,173.0
2026-08-04,16:19:47,1.362,173.0
2026-08-04,16:19:47,1.362,173.0
2026-08-04,16:19:48,1.362,173.0
2026-08-04,16:19:48,1.362,173.0
2026-08-04,16:19:48,1.362,173.0
2026-08-04,16:19:48,1.362,173.0
2026-08-04,16:19:48,1.362,173.0
2026-08-04,16:19:48,1.362,173.0
2026-08-04,16:19:49,1.362,173.0
2026-08-04,16:19:49,1.362,173.0
2026-08-04,16:19:49,1.362,173.0
2026-08-04,16:19:49,1.362,173.0
2026-08-04,16:19:49,1.362,173.0
2026-08-04,16:19:49,1.362,173.0
2026-08-04,16:19:50,1.362,173.0
2026-08-04,16:19:50,1.362,173.0
2026-08-04,16:19:50,1.362,173.0
2026-08-04,16:19:50,1.362,173.0
2026-08-04,16:19:50,1.362,173.0
2026-08-04,16:19:50,1.362,173.0
2026-08-04,16:19:51,1.362,173.0
2026-08-04,16:19:51,1.362,173.0
2026-08-04,16:19:51,1.362,173.0
2026-08-04,16:19:51,1.362,173.0
2026-08-04,16:19:51,1.362,173.0
2026-08-04,16:19:51,1.362,173.0
2026-08-04,16:19:52,1.362,173.0
2026-08-04,16:19:52,1.362,173.0
2026-08-04,16:19:52,1.362,173.0
2026-08-04,16:19:52,1.362,173.0
2026-08-04,16:19:52,1.362,173.0
2026-08-04,16:19:52,1.362,173.0
2026-08-04,16:19:53,1.362,173.0
2026-08-04,16:19:53,1.362,173.0
2026-08-04,16:19:53,1.362,173.0
2026-08-04,16:19:53,1.362,173.0
2026-08-04,16:19:53,1.362,173.0
2026-08-04,16:19:53,1.362,173.0
2026-08-04,16:19:54,1.362,173.0
2026-08-04,16:19:54,1.362,173.0
2026-08-04,16:19:54,1.362,173.0
2026-08-04,16:19:54,1.362,173.0
2026-08-04,16:19:54,1.362,173.0
2026-08-04,16:19:54,1.362,173.0
2026-08-04,16:19:55,1.362,173.0
2026-08-04,16:19:55,1.362,173.0
2026-08-04,16:19:55,1.362,173.0
2026-08-04,16:19:55,1.362,173.0
2026-08-04,16:19:55,1.362,173.0
2026-08-04,16:19:55,1.362,173.0
2026-08-04,16:19:55,1.362,173.0
2026-08-04,16:19:56,1.362,173.0
2026-08-04,16:19:56,1.362,173.0
2026-08-04,16:19:56,1.362,173.0
2026-08-04,16:19:56,1.362,173.0
2026-08-04,16:19:56,1.362,173.0
2026-08-04,16:19:56,1.362,173.0
2026-08-04,16:19:57,1.362,173.0
2026-08-04,16:19:57,1.362,173.0
2026-08-04,16:19:57,1.362,173.0
2026-08-04,16:19:57,1.362,173.0
2026-08-04,16:19:57,1.362,173.0
2026-08-04,16:19:57,1.362,173.0
2026-08-04,16:19:58,1.362,173.0
2026-08-04,16:19:58,1.362,173.0
2026-08-04,16:19:58,1.362,173.0
2026-08-04,16:19:58,1.362,173.0
2026-08-04,16:19:58,1.362,173.0
2026-08-04,16:19:58,1.362,173.0
2026-08-04,16:19:59,1.362,173.0
2026-08-04,16:19:59,1.362,173.0
2026-08-04,16:19:59,1.362,173.0
2026-08-04,16:19:59,1.362,173.0
2026-08-04,16:19:59,1.362,173.0
2026-08-04,16:19:59,1.362,173.0
2026-08-04,16:20:00,1.362,173.0
2026-08-04,16:20:00,1.362,173.0
2026-08-04,16:20:00,1.362,173.0
2026-08-04,16:20:00,1.362,173.0
2026-08-04,16:20:00,1.362,173.0
2026-08-04,16:20:00,1.362,173.0
2026-08-04,16:20:01,1.362,173.0
2026-08-04,16:20:01,1.362,173.0
2026-08-04,16:20:01,1.362,173.0
2026-08-04,16:20:01,1.362,173.0
2026-08-04,16:20:01,1.362,173.0
2026-08-04,16:20:01,1.362,173.0
2026-08-04,16:20:02,1.362,173.0
2026-08-04,16:20:02,1.362,173.0
2026-08-04,16:20:02,1.362,173.0
2026-08-04,16:20:02,1.362,173.0
2026-08-04,16:20:02,1.362,173.0
2026-08-04,16:20:02,1.362,173.0
2026-08-04,16:20:03,1.362,173.0
2026-08-04,16:20:03,1.362,173.0
2026-08-04,16:20:03,1.362,173.0
2026-08-04,16:20:03,1.362,173.0
2026-08-04,16:20:03,1.362,173.0
2026-08-04,16:20:03,1.362,173.0
2026-08-04,16:20:04,1.362,173.0
2026-08-04,16:20:04,1.362,173.0
2026-08-04,16:20:04,1.362,173.0
2026-08-04,16:20:04,1.362,173.0
2026-08-04,16:20:04,1.362,173.0
2026-08-04,16:20:04,1.362,173.0
2026-08-04,16:20:05,1.362,173.0
2026-08-04,16:20:05,1.362,173.0
2026-08-04,16:20:05,1.362,173.0
2026-08-04,16:20:05,1.362,173.0
2026-08-04,16:20:05,1.362,173.0
2026-08-04,16:20:05,1.362,173.0
2026-08-04,16:20:06,1.362,173.0
2026-08-04,16:20:06,1.362,173.0
2026-08-04,16:20:06,1.362,173.0
2026-08-04,16:20:06,1.362,173.0
2026-08-04,16:20:06,1.362,173.0
2026-08-04,16:20:06,1.362,173.0
2026-08-04,16:20:07,1.362,173.0
2026-08-04,16:20:07,1.362,173.0
2026-08-04,16:20:07,1.362,173.0
2026-08-04,16:20:07,1.362,173.0
2026-08-04,16:20:07,1.362,173.0
2026-08-04,16:20:07,1.362,173.0
2026-08-04,16:20:08,1.362,173.0
2026-08-04,16:20:08,1.362,173.0
2026-08-04,16:20:08,1.362,173.0
2026-08-04,16:20:08,1.362,173.0
2026-08-04,16:20:08,1.362,173.0
2026-08-04,16:20:08,1.362,173.0
2026-08-04,16:20:09,1.362,173.0
2026-08-04,16:20:09,1.362,173.0
2026-08-04,16:20:09,1.362,173.0
2026-08-04,16:20:09,1.362,173.0
2026-08-04,16:20:09,1.362,173.0
2026-08-04,16:20:09,1.362,173.0
2026-08-04,16:20:10,1.362,173.0
2026-08-04,16:20:10,1.362,173.0
2026-08-04,16:20:10,1.362,173.0
2026-08-04,16:20:10,1.362,173.0
2026-08-04,16:20:10,1.362,173.0
2026-08-04,16:20:10,1.362,173.0
2026-08-04,16:20:11,1.362,173.0
2026-08-04,16:20:11,1.362,173.0
2026-08-04,16:20:11,1.362,173.0
2026-08-04,16:20:11,1.362,173.0
2026-08-04,16:20:11,1.362,173.0
2026-08-04,16:20:11,1.362,173.0
2026-08-04,16:20:12,1.362,173.0
2026-08-04,16:20:12,1.362,173.0
2026-08-04,16:20:12,1.362,173.0
2026-08-04,16:20:12,1.362,173.0
2026-08-04,16:20:12,1.362,173.0
2026-08-04,16:20:12,1.362,173.0
2026-08-04,16:20:12,1.362,173.0
2026-08-04,16:20:13,1.362,173.0
2026-08-04,16:20:13,1.362,173.0
2026-08-04,16:20:13,1.362,173.0
2026-08-04,16:20:13,1.362,173.0
2026-08-04,16:20:13,1.362,173.0
2026-08-04,16:20:13,1.362,173.0
2026-08-04,16:20:14,1.362,173.0
2026-08-04,16:20:14,1.362,173.0
2026-08-04,16:20:14,1.362,173.0
2026-08-04,16:20:14,1.362,173.0
2026-08-04,16:20:14,1.362,173.0
2026-08-04,16:20:14,1.362,173.0
2026-08-04,16:20:15,1.362,173.0
2026-08-04,16:20:15,1.362,173.0
2026-08-04,16:20:15,1.362,173.0
2026-08-04,16:20:15,1.362,173.0
2026-08-04,16:20:15,1.362,173.0
2026-08-04,16:20:15,1.362,173.0
2026-08-04,16:20:16,1.362,173.0
2026-08-04,16:20:16,1.362,173.0
2026-08-04,16:20:16,1.363,173.0
2026-08-04,16:20:16,1.363,173.0
2026-08-04,16:20:16,1.363,173.0
2026-08-04,16:20:16,1.363,173.0
2026-08-04,16:20:17,1.363,173.0
2026-08-04,16:20:17,1.363,173.0
2026-08-04,16:20:17,1.362,173.0
2026-08-04,16:20:17,1.362,173.0
2026-08-04,16:20:17,1.362,173.0
2026-08-04,16:20:17,1.362,173.0
2026-08-04,16:20:18,1.362,173.0
2026-08-04,16:20:18,1.362,173.0
2026-08-04,16:20:18,1.362,173.0
2026-08-04,16:20:18,1.362,173.0
2026-08-04,16:20:18,1.362,173.0
2026-08-04,16:20:18,1.362,173.0
2026-08-04,16:20:19,1.362,173.0
2026-08-04,16:20:19,1.362,173.0
2026-08-04,16:20:19,1.362,173.0
2026-08-04,16:20:19,1.362,173.0
2026-08-04,16:20:19,1.362,173.0
2026-08-04,16:20:19,1.362,173.0
2026-08-04,16:20:20,1.362,173.0
2026-08-04,16:20:20,1.362,173.0
2026-08-04,16:20:20,1.362,173.0
2026-08-04,16:20:20,1.362,173.0
2026-08-04,16:20:20,1.362,173.0
2026-08-04,16:20:20,1.362,173.0
2026-08-04,16:20:21,1.362,173.0
2026-08-04,16:20:21,1.362,173.0
2026-08-04,16:20:21,1.362,173.0
2026-08-04,16:20:21,1.362,173.0
2026-08-04,16:20:21,1.362,173.0
2026-08-04,16:20:21,1.362,173.0
2026-08-04,16:20:22,1.362,173.0
2026-08-04,16:20:22,1.362,173.0
2026-08-04,16:20:22,1.362,173.0
2026-08-04,16:20:22,1.362,173.0
2026-08-04,16:20:22,1.362,173.0
2026-08-04,16:20:22,1.363,173.0
2026-08-04,16:20:23,1.363,173.0
2026-08-04,16:20:23,1.363,173.0
2026-08-04,16:20:23,1.363,173.0
2026-08-04,16:20:23,1.363,173.0
2026-08-04,16:20:23,1.363,173.0
2026-08-04,16:20:23,1.363,173.0
2026-08-04,16:20:24,1.363,173.1
2026-08-04,16:20:24,1.363,173.1
2026-08-04,16:20:24,1.363,173.1
2026-08-04,16:20:24,1.363,173.0
2026-08-04,16:20:24,1.363,173.0
2026-08-04,16:20:24,1.363,173.0
2026-08-04,16:20:25,1.363,173.0
2026-08-04,16:20:25,1.363,173.0
2026-08-04,16:20:25,1.363,173.0
2026-08-04,16:20:25,1.363,173.0
2026-08-04,16:20:25,1.363,173.0
2026-08-04,16:20:25,1.363,173.0
2026-08-04,16:20:26,1.363,173.0
2026-08-04,16:20:26,1.363,173.0
2026-08-04,16:20:26,1.363,173.1
2026-08-04,16:20:26,1.363,173.1
2026-08-04,16:20:26,1.363,173.1
2026-08-04,16:20:26,1.363,173.1
2026-08-04,16:20:27,1.363,173.1
2026-08-04,16:20:27,1.363,173.1
2026-08-04,16:20:27,1.363,173.1
2026-08-04,16:20:27,1.363,173.1
2026-08-04,16:20:27,1.363,173.0
2026-08-04,16:20:27,1.363,173.0
2026-08-04,16:20:28,1.363,173.0
2026-08-04,16:20:28,1.363,173.0
2026-08-04,16:20:28,1.363,173.0
2026-08-04,16:20:28,1.363,173.0
2026-08-04,16:20:28,1.363,173.0
2026-08-04,16:20:28,1.363,173.0
2026-08-04,16:20:28,1.362,173.0
2026-08-04,16:20:29,1.362,173.0
2026-08-04,16:20:29,1.362,173.0
2026-08-04,16:20:29,1.362,173.0
2026-08-04,16:20:29,1.362,173.0
2026-08-04,16:20:29,1.362,173.0
2026-08-04,16:20:29,1.362,173.0
2026-08-04,16:20:30,1.362,173.0
2026-08-04,16:20:30,1.362,173.0
2026-08-04,16:20:30,1.362,173.0
2026-08-04,16:20:30,1.362,173.0
2026-08-04,16:20:30,1.362,173.0
2026-08-04,16:20:30,1.362,173.0
2026-08-04,16:20:31,1.362,173.0
2026-08-04,16:20:31,1.362,173.0
2026-08-04,16:20:31,1.362,173.0
2026-08-04,16:20:31,1.362,173.0
2026-08-04,16:20:31,1.362,173.0
2026-08-04,16:20:31,1.362,173.0
2026-08-04,16:20:32,1.362,173.0
2026-08-04,16:20:32,1.362,173.0
2026-08-04,16:20:32,1.362,173.0
2026-08-04,16:20:32,1.362,173.0
2026-08-04,16:20:32,1.362,173.0
2026-08-04,16:20:32,1.362,173.0
2026-08-04,16:20:33,1.362,173.0
2026-08-04,16:20:33,1.362,173.0
2026-08-04,16:20:33,1.362,173.0
2026-08-04,16:20:33,1.362,173.0
2026-08-04,16:20:33,1.362,173.0
2026-08-04,16:20:33,1.362,173.0
2026-08-04,16:20:34,1.362,173.0
2026-08-04,16:20:34,1.362,173.0
2026-08-04,16:20:34,1.363,173.0
2026-08-04,16:20:34,1.362,173.0
2026-08-04,16:20:34,1.363,173.0
2026-08-04,16:20:34,1.363,173.0
2026-08-04,16:20:35,1.363,173.0
2026-08-04,16:20:35,1.363,173.0
2026-08-04,16:20:35,1.363,173.0
2026-08-04,16:20:35,1.363,173.0
2026-08-04,16:20:35,1.363,173.0
2026-08-04,16:20:35,1.363,173.0
2026-08-04,16:20:36,1.363,173.0
2026-08-04,16:20:36,1.363,173.0
2026-08-04,16:20:36,1.363,173.0
2026-08-04,16:20:36,1.363,173.0
2026-08-04,16:20:36,1.363,173.0
2026-08-04,16:20:36,1.363,173.0
2026-08-04,16:20:37,1.363,173.0
2026-08-04,16:20:37,1.363,173.0
2026-08-04,16:20:37,1.363,173.0
2026-08-04,16:20:37,1.363,173.0
2026-08-04,16:20:37,1.363,173.0
2026-08-04,16:20:37,1.363,173.0
2026-08-04,16:20:38,1.363,173.1
2026-08-04,16:20:38,1.363,173.1
2026-08-04,16:20:38,1.363,173.1
2026-08-04,16:20:38,1.363,173.1
2026-08-04,16:20:38,1.363,173.1
2026-08-04,16:20:38,1.363,173.1
2026-08-04,16:20:39,1.363,173.1
2026-08-04,16:20:39,1.363,173.1
2026-08-04,16:20:39,1.363,173.1
2026-08-04,16:20:39,1.363,173.1
2026-08-04,16:20:39,1.363,173.1
2026-08-04,16:20:39,1.363,173.1
2026-08-04,16:20:40,1.363,173.1
2026-08-04,16:20:40,1.363,173.1
2026-08-04,16:20:40,1.363,173.1
2026-08-04,16:20:40,1.363,173.1
2026-08-04,16:20:40,1.363,173.1
2026-08-04,16:20:40,1.363,173.1
2026-08-04,16:20:41,1.363,173.1
2026-08-04,16:20:41,1.363,173.1
2026-08-04,16:20:41,1.363,173.1
2026-08-04,16:20:41,1.363,173.1
2026-08-04,16:20:41,1.363,173.1
2026-08-04,16:20:41,1.363,173.1
2026-08-04,16:20:42,1.363,173.1
2026-08-04,16:20:42,1.363,173.1
2026-08-04,16:20:42,1.363,173.1
2026-08-04,16:20:42,1.363,173.1
2026-08-04,16:20:42,1.363,173.1
2026-08-04,16:20:42,1.363,173.1
2026-08-04,16:20:43,1.363,173.1
2026-08-04,16:20:43,1.363,173.1
2026-08-04,16:20:43,1.363,173.1
2026-08-04,16:20:43,1.363,173.1
2026-08-04,16:20:43,1.363,173.1
2026-08-04,16:20:43,1.363,173.1
2026-08-04,16:20:44,1.363,173.1
2026-08-04,16:20:44,1.363,173.1
2026-08-04,16:20:44,1.363,173.1
2026-08-04,16:20:44,1.363,173.1
2026-08-04,16:20:44,1.363,173.1
2026-08-04,16:20:44,1.363,173.1
2026-08-04,16:20:45,1.363,173.1
2026-08-04,16:20:45,1.363,173.1
2026-08-04,16:20:45,1.363,173.1
2026-08-04,16:20:45,1.363,173.1
2026-08-04,16:20:45,1.363,173.1
2026-08-04,16:20:45,1.363,173.1
2026-08-04,16:20:45,1.363,173.1
2026-08-04,16:20:46,1.363,173.1
2026-08-04,16:20:46,1.363,173.1
2026-08-04,16:20:46,1.363,173.1
2026-08-04,16:20:46,1.363,173.1
2026-08-04,16:20:46,1.363,173.1
2026-08-04,16:20:46,1.363,173.1
2026-08-04,16:20:47,1.363,173.1
2026-08-04,16:20:47,1.363,173.1
2026-08-04,16:20:47,1.363,173.1
2026-08-04,16:20:47,1.363,173.1
2026-08-04,16:20:47,1.363,173.1
2026-08-04,16:20:47,1.363,173.1
2026-08-04,16:20:48,1.363,173.1
2026-08-04,16:20:48,1.363,173.1
2026-08-04,16:20:48,1.363,173.1
2026-08-04,16:20:48,1.363,173.1
2026-08-04,16:20:48,1.363,173.1
2026-08-04,16:20:48,1.363,173.1
2026-08-04,16:20:49,1.363,173.1
2026-08-04,16:20:49,1.363,173.1
2026-08-04,16:20:49,1.363,173.1
2026-08-04,16:20:49,1.363,173.1
2026-08-04,16:20:49,1.363,173.1
2026-08-04,16:20:49,1.363,173.1
2026-08-04,16:20:50,1.363,173.1
2026-08-04,16:20:50,1.363,173.1
2026-08-04,16:20:50,1.363,173.1
2026-08-04,16:20:50,1.363,173.1
2026-08-04,16:20:50,1.363,173.1
2026-08-04,16:20:50,1.363,173.1
2026-08-04,16:20:51,1.363,173.1
2026-08-04,16:20:51,1.363,173.1
2026-08-04,16:20:51,1.363,173.1
2026-08-04,16:20:51,1.363,173.1
2026-08-04,16:20:51,1.363,173.1
2026-08-04,16:20:51,1.363,173.1
2026-08-04,16:20:52,1.363,173.1
2026-08-04,16:20:52,1.363,173.1
2026-08-04,16:20:52,1.363,173.1
2026-08-04,16:20:52,1.363,173.1
2026-08-04,16:20:52,1.363,173.1
2026-08-04,16:20:52,1.363,173.1
2026-08-04,16:20:53,1.363,173.1
2026-08-04,16:20:53,1.363,173.1
2026-08-04,16:20:53,1.363,173.1
2026-08-04,16:20:53,1.363,173.1
2026-08-04,16:20:53,1.363,173.1
2026-08-04,16:20:53,1.363,173.1
2026-08-04,16:20:54,1.363,173.1
2026-08-04,16:20:54,1.363,173.1
2026-08-04,16:20:54,1.363,173.1
2026-08-04,16:20:54,1.363,173.1
2026-08-04,16:20:54,1.363,173.1
2026-08-04,16:20:54,1.363,173.1
2026-08-04,16:20:55,1.363,173.1
2026-08-04,16:20:55,1.363,173.1
2026-08-04,16:20:55,1.363,173.1
2026-08-04,16:20:55,1.363,173.1
2026-08-04,16:20:55,1.363,173.1
2026-08-04,16:20:55,1.363,173.1
2026-08-04,16:20:56,1.363,173.1
2026-08-04,16:20:56,1.363,173.1
2026-08-04,16:20:56,1.363,173.1
2026-08-04,16:20:56,1.363,173.1
2026-08-04,16:20:56,1.363,173.1
2026-08-04,16:20:56,1.363,173.1
2026-08-04,16:20:57,1.363,173.1
2026-08-04,16:20:57,1.363,173.1
2026-08-04,16:20:57,1.363,173.1
2026-08-04,16:20:57,1.363,173.1
2026-08-04,16:20:57,1.363,173.1
2026-08-04,16:20:57,1.363,173.1
2026-08-04,16:20:58,1.363,173.1
2026-08-04,16:20:58,1.363,173.1
2026-08-04,16:20:58,1.363,173.1
2026-08-04,16:20:58,1.363,173.1
2026-08-04,16:20:58,1.363,173.1
2026-08-04,16:20:58,1.363,173.1
2026-08-04,16:20:59,1.363,173.1
2026-08-04,16:20:59,1.363,173.1
2026-08-04,16:20:59,1.363,173.1
2026-08-04,16:20:59,1.363,173.1
2026-08-04,16:20:59,1.363,173.1
2026-08-04,16:20:59,1.363,173.1
2026-08-04,16:21:00,1.363,173.1
2026-08-04,16:21:00,1.363,173.0
2026-08-04,16:21:00,1.363,173.0
2026-08-04,16:21:00,1.363,173.0
2026-08-04,16:21:00,1.363,173.0
2026-08-04,16:21:00,1.363,173.0
2026-08-04,16:21:01,1.363,173.0
2026-08-04,16:21:01,1.363,173.0
2026-08-04,16:21:01,1.362,173.0
2026-08-04,16:21:01,1.363,173.0
2026-08-04,16:21:01,1.362,173.0
2026-08-04,16:21:01,1.363,173.0
2026-08-04,16:21:01,1.363,173.0
2026-08-04,16:21:02,1.363,173.0
2026-08-04,16:21:02,1.363,173.0
2026-08-04,16:21:02,1.363,173.0
2026-08-04,16:21:02,1.363,173.0
2026-08-04,16:21:02,1.363,173.0
2026-08-04,16:21:02,1.363,173.0
2026-08-04,16:21:03,1.362,173.0
2026-08-04,16:21:03,1.362,173.0
2026-08-04,16:21:03,1.362,173.0
2026-08-04,16:21:03,1.362,173.0
2026-08-04,16:21:03,1.362,173.0
2026-08-04,16:21:03,1.362,173.0
2026-08-04,16:21:04,1.362,173.0
2026-08-04,16:21:04,1.362,173.0
2026-08-04,16:21:04,1.362,173.0
2026-08-04,16:21:04,1.362,173.0
2026-08-04,16:21:04,1.362,173.0
2026-08-04,16:21:04,1.362,173.0
2026-08-04,16:21:05,1.362,173.0
2026-08-04,16:21:05,1.362,173.0
2026-08-04,16:21:05,1.362,173.0
2026-08-04,16:21:05,1.363,173.0
2026-08-04,16:21:05,1.363,173.0
2026-08-04,16:21:05,1.363,173.0
2026-08-04,16:21:06,1.363,173.0
2026-08-04,16:21:06,1.363,173.1
2026-08-04,16:21:06,1.363,173.1
2026-08-04,16:21:06,1.363,173.1
2026-08-04,16:21:06,1.363,173.1
2026-08-04,16:21:06,1.363,173.1
2026-08-04,16:21:07,1.363,173.1
2026-08-04,16:21:07,1.363,173.1
2026-08-04,16:21:07,1.363,173.1
2026-08-04,16:21:07,1.363,173.1
2026-08-04,16:21:07,1.363,173.1
2026-08-04,16:21:07,1.363,173.1
2026-08-04,16:21:08,1.363,173.1
2026-08-04,16:21:08,1.363,173.1
2026-08-04,16:21:08,1.363,173.1
2026-08-04,16:21:08,1.363,173.1
2026-08-04,16:21:08,1.363,173.1
2026-08-04,16:21:08,1.363,173.1
2026-08-04,16:21:09,1.363,173.1
2026-08-04,16:21:09,1.363,173.1
2026-08-04,16:21:09,1.363,173.1
2026-08-04,16:21:09,1.363,173.1
2026-08-04,16:21:09,1.363,173.1
2026-08-04,16:21:09,1.363,173.1
2026-08-04,16:21:10,1.363,173.1
2026-08-04,16:21:10,1.363,173.1
2026-08-04,16:21:10,1.363,173.0
2026-08-04,16:21:10,1.363,173.0
2026-08-04,16:21:10,1.363,173.0
2026-08-04,16:21:10,1.363,173.0
2026-08-04,16:21:11,1.363,173.0
2026-08-04,16:21:11,1.363,173.0
2026-08-04,16:21:11,1.363,173.0
2026-08-04,16:21:11,1.362,173.0
2026-08-04,16:21:11,1.362,173.0
2026-08-04,16:21:11,1.362,173.0
2026-08-04,16:21:12,1.362,173.0
2026-08-04,16:21:12,1.362,173.0
2026-08-04,16:21:12,1.362,173.0
2026-08-04,16:21:12,1.362,173.0
2026-08-04,16:21:12,1.362,173.0
2026-08-04,16:21:12,1.362,173.0
2026-08-04,16:21:13,1.362,173.0
2026-08-04,16:21:13,1.362,173.0
2026-08-04,16:21:13,1.362,173.0
2026-08-04,16:21:13,1.362,173.0
2026-08-04,16:21:13,1.362,173.0
2026-08-04,16:21:13,1.362,173.0
2026-08-04,16:21:14,1.362,173.0
2026-08-04,16:21:14,1.363,173.0
2026-08-04,16:21:14,1.363,173.0
2026-08-04,16:21:14,1.363,173.0
2026-08-04,16:21:14,1.363,173.0
2026-08-04,16:21:14,1.363,173.0
2026-08-04,16:21:15,1.363,173.0
2026-08-04,16:21:15,1.363,173.0
2026-08-04,16:21:15,1.363,173.0
2026-08-04,16:21:15,1.363,173.0
2026-08-04,16:21:15,1.363,173.0
2026-08-04,16:21:15,1.363,173.0
2026-08-04,16:21:16,1.363,173.0
2026-08-04,16:21:16,1.363,173.0
2026-08-04,16:21:16,1.363,173.0
2026-08-04,16:21:16,1.363,173.0
2026-08-04,16:21:16,1.363,173.1
2026-08-04,16:21:16,1.363,173.1
2026-08-04,16:21:17,1.363,173.1
2026-08-04,16:21:17,1.363,173.1
2026-08-04,16:21:17,1.363,173.1
2026-08-04,16:21:17,1.363,173.1
2026-08-04,16:21:17,1.363,173.1
2026-08-04,16:21:17,1.363,173.1
2026-08-04,16:21:18,1.363,173.1
2026-08-04,16:21:18,1.363,173.1
2026-08-04,16:21:18,1.363,173.1
2026-08-04,16:21:18,1.363,173.1
2026-08-04,16:21:18,1.363,173.1
2026-08-04,16:21:18,1.363,173.1
2026-08-04,16:21:18,1.363,173.1
2026-08-04,16:21:19,1.363,173.1
2026-08-04,16:21:19,1.363,173.1
2026-08-04,16:21:19,1.363,173.1
2026-08-04,16:21:19,1.363,173.1
2026-08-04,16:21:19,1.363,173.1
2026-08-04,16:21:19,1.363,173.1
2026-08-04,16:21:20,1.363,173.1
2026-08-04,16:21:20,1.363,173.1
2026-08-04,16:21:20,1.363,173.1
2026-08-04,16:21:20,1.363,173.1
2026-08-04,16:21:20,1.363,173.1
2026-08-04,16:21:20,1.363,173.1
2026-08-04,16:21:21,1.363,173.1
2026-08-04,16:21:21,1.363,173.0
2026-08-04,16:21:21,1.363,173.0
2026-08-04,16:21:21,1.363,173.0
2026-08-04,16:21:21,1.363,173.0
2026-08-04,16:21:21,1.363,173.0
2026-08-04,16:21:22,1.363,173.0
2026-08-04,16:21:22,1.363,173.0
2026-08-04,16:21:22,1.363,173.0
2026-08-04,16:21:22,1.363,173.0
2026-08-04,16:21:22,1.363,173.0
2026-08-04,16:21:22,1.363,173.0
2026-08-04,16:21:23,1.363,173.0
2026-08-04,16:21:23,1.363,173.0
2026-08-04,16:21:23,1.363,173.0
2026-08-04,16:21:23,1.363,173.0
2026-08-04,16:21:23,1.363,173.1
2026-08-04,16:21:23,1.363,173.1
2026-08-04,16:21:24,1.363,173.1
2026-08-04,16:21:24,1.363,173.1
2026-08-04,16:21:24,1.363,173.1
2026-08-04,16:21:24,1.363,173.1
2026-08-04,16:21:24,1.363,173.1
2026-08-04,16:21:24,1.363,173.1
2026-08-04,16:21:25,1.363,173.1
2026-08-04,16:21:25,1.363,173.1
2026-08-04,16:21:25,1.363,173.1
2026-08-04,16:21:25,1.363,173.1
2026-08-04,16:21:25,1.363,173.1
2026-08-04,16:21:25,1.363,173.1
2026-08-04,16:21:26,1.363,173.1
2026-08-04,16:21:26,1.363,173.1
2026-08-04,16:21:26,1.363,173.1
2026-08-04,16:21:26,1.363,173.1
2026-08-04,16:21:26,1.363,173.1
2026-08-04,16:21:26,1.363,173.1
2026-08-04,16:21:27,1.363,173.1
2026-08-04,16:21:27,1.363,173.1
2026-08-04,16:21:27,1.363,173.1
2026-08-04,16:21:27,1.363,173.1
2026-08-04,16:21:27,1.363,173.1
2026-08-04,16:21:27,1.363,173.1
2026-08-04,16:21:28,1.363,173.1
2026-08-04,16:21:28,1.363,173.1
2026-08-04,16:21:28,1.363,173.0
2026-08-04,16:21:28,1.363,173.0
2026-08-04,16:21:28,1.363,173.0
2026-08-04,16:21:28,1.363,173.0
2026-08-04,16:21:29,1.363,173.0
2026-08-04,16:21:29,1.362,173.0
2026-08-04,16:21:29,1.362,173.0
2026-08-04,16:21:29,1.362,173.0
2026-08-04,16:21:29,1.362,173.0
2026-08-04,16:21:29,1.362,173.0
2026-08-04,16:21:30,1.362,173.0
2026-08-04,16:21:30,1.362,173.0
2026-08-04,16:21:30,1.362,173.0
2026-08-04,16:21:30,1.362,173.0
2026-08-04,16:21:30,1.362,173.0
2026-08-04,16:21:30,1.362,173.0
2026-08-04,16:21:31,1.362,173.0
2026-08-04,16:21:31,1.362,173.0
2026-08-04,16:21:31,1.362,173.0
2026-08-04,16:21:31,1.362,173.0
2026-08-04,16:21:31,1.362,173.0
2026-08-04,16:21:31,1.362,173.0
2026-08-04,16:21:32,1.362,173.0
2026-08-04,16:21:32,1.362,173.0
2026-08-04,16:21:32,1.362,173.0
2026-08-04,16:21:32,1.362,173.0
2026-08-04,16:21:32,1.362,173.0
2026-08-04,16:21:32,1.362,173.0
2026-08-04,16:21:33,1.362,173.0
2026-08-04,16:21:33,1.362,173.0
2026-08-04,16:21:33,1.362,173.0
2026-08-04,16:21:33,1.362,173.0
2026-08-04,16:21:33,1.362,173.0
2026-08-04,16:21:33,1.362,173.0
2026-08-04,16:21:34,1.362,173.0
2026-08-04,16:21:34,1.362,173.0
2026-08-04,16:21:34,1.362,173.0
2026-08-04,16:21:34,1.362,173.0
2026-08-04,16:21:34,1.362,173.0
2026-08-04,16:21:34,1.362,173.0
2026-08-04,16:21:34,1.362,173.0
2026-08-04,16:21:35,1.362,173.0
2026-08-04,16:21:35,1.362,173.0
2026-08-04,16:21:35,1.362,173.0
2026-08-04,16:21:35,1.362,173.0
2026-08-04,16:21:35,1.362,173.0
2026-08-04,16:21:35,1.362,173.0
2026-08-04,16:21:36,1.362,173.0
2026-08-04,16:21:36,1.362,173.0
2026-08-04,16:21:36,1.363,173.0
2026-08-04,16:21:36,1.363,173.0
2026-08-04,16:21:36,1.363,173.0
2026-08-04,16:21:36,1.363,173.0
2026-08-04,16:21:37,1.363,173.1
2026-08-04,16:21:37,1.363,173.1
2026-08-04,16:21:37,1.363,173.1
2026-08-04,16:21:37,1.363,173.1
2026-08-04,16:21:37,1.363,173.1
2026-08-04,16:21:37,1.363,173.1
2026-08-04,16:21:38,1.363,173.1
2026-08-04,16:21:38,1.363,173.1
2026-08-04,16:21:38,1.363,173.1
2026-08-04,16:21:38,1.363,173.1
2026-08-04,16:21:38,1.363,173.1
2026-08-04,16:21:38,1.363,173.1
2026-08-04,16:21:39,1.363,173.1
2026-08-04,16:21:39,1.363,173.1
2026-08-04,16:21:39,1.363,173.1
2026-08-04,16:21:39,1.363,173.1
2026-08-04,16:21:39,1.363,173.1
2026-08-04,16:21:39,1.363,173.1
2026-08-04,16:21:40,1.363,173.1
2026-08-04,16:21:40,1.363,173.1
2026-08-04,16:21:40,1.363,173.1
2026-08-04,16:21:40,1.363,173.1
2026-08-04,16:21:40,1.363,173.1
2026-08-04,16:21:40,1.363,173.1
2026-08-04,16:21:41,1.363,173.1
2026-08-04,16:21:41,1.363,173.1
2026-08-04,16:21:41,1.363,173.1
2026-08-04,16:21:41,1.363,173.1
2026-08-04,16:21:41,1.363,173.1
2026-08-04,16:21:41,1.363,173.1
2026-08-04,16:21:42,1.363,173.1
2026-08-04,16:21:42,1.363,173.1
2026-08-04,16:21:42,1.363,173.1
2026-08-04,16:21:42,1.363,173.1
2026-08-04,16:21:42,1.363,173.1
2026-08-04,16:21:42,1.363,173.1
2026-08-04,16:21:43,1.363,173.1
2026-08-04,16:21:43,1.363,173.1
2026-08-04,16:21:43,1.363,173.1
2026-08-04,16:21:43,1.363,173.1
2026-08-04,16:21:43,1.363,173.1
2026-08-04,16:21:43,1.363,173.1
2026-08-04,16:21:44,1.363,173.1
2026-08-04,16:21:44,1.363,173.1
2026-08-04,16:21:44,1.363,173.1
2026-08-04,16:21:44,1.363,173.1
2026-08-04,16:21:44,1.363,173.1
2026-08-04,16:21:44,1.363,173.1
2026-08-04,16:21:45,1.363,173.1
2026-08-04,16:21:45,1.363,173.1
2026-08-04,16:21:45,1.363,173.1
2026-08-04,16:21:45,1.363,173.1
2026-08-04,16:21:45,1.363,173.1
2026-08-04,16:21:45,1.363,173.1
2026-08-04,16:21:46,1.363,173.1
2026-08-04,16:21:46,1.363,173.1
2026-08-04,16:21:46,1.363,173.0
2026-08-04,16:21:46,1.363,173.0
2026-08-04,16:21:46,1.363,173.0
2026-08-04,16:21:46,1.363,173.0
2026-08-04,16:21:47,1.363,173.0
2026-08-04,16:21:47,1.363,173.0
2026-08-04,16:21:47,1.363,173.0
2026-08-04,16:21:47,1.363,173.0
2026-08-04,16:21:47,1.363,173.0
2026-08-04,16:21:47,1.362,173.0
2026-08-04,16:21:48,1.363,173.0
2026-08-04,16:21:48,1.363,173.0
2026-08-04,16:21:48,1.363,173.0
2026-08-04,16:21:48,1.363,173.0
2026-08-04,16:21:48,1.363,173.0
2026-08-04,16:21:48,1.363,173.0
2026-08-04,16:21:49,1.363,173.0
2026-08-04,16:21:49,1.363,173.0
2026-08-04,16:21:49,1.363,173.0
2026-08-04,16:21:49,1.363,173.0
2026-08-04,16:21:49,1.363,173.0
2026-08-04,16:21:49,1.363,173.0
2026-08-04,16:21:50,1.363,173.0
2026-08-04,16:21:50,1.363,173.0
2026-08-04,16:21:50,1.363,173.0
2026-08-04,16:21:50,1.363,173.0
2026-08-04,16:21:50,1.363,173.0
2026-08-04,16:21:50,1.363,173.0
2026-08-04,16:21:51,1.363,173.0
2026-08-04,16:21:51,1.362,173.0
2026-08-04,16:21:51,1.362,173.0
2026-08-04,16:21:51,1.362,173.0
2026-08-04,16:21:51,1.362,173.0
2026-08-04,16:21:51,1.362,173.0
2026-08-04,16:21:51,1.362,173.0
2026-08-04,16:21:52,1.362,173.0
2026-08-04,16:21:52,1.362,173.0
2026-08-04,16:21:52,1.362,173.0
2026-08-04,16:21:52,1.362,173.0
2026-08-04,16:21:52,1.362,173.0
2026-08-04,16:21:52,1.363,173.0
2026-08-04,16:21:53,1.363,173.0
2026-08-04,16:21:53,1.363,173.0
2026-08-04,16:21:53,1.363,173.0
2026-08-04,16:21:53,1.363,173.0
2026-08-04,16:21:53,1.363,173.0
2026-08-04,16:21:53,1.363,173.0
2026-08-04,16:21:54,1.363,173.0
2026-08-04,16:21:54,1.363,173.0
2026-08-04,16:21:54,1.363,173.0
2026-08-04,16:21:54,1.363,173.0
2026-08-04,16:21:54,1.363,173.1
2026-08-04,16:21:54,1.363,173.1
2026-08-04,16:21:55,1.363,173.1
2026-08-04,16:21:55,1.363,173.1
2026-08-04,16:21:55,1.363,173.1
2026-08-04,16:21:55,1.363,173.1
2026-08-04,16:21:55,1.363,173.1
2026-08-04,16:21:55,1.363,173.1
2026-08-04,16:21:56,1.363,173.1
2026-08-04,16:21:56,1.363,173.1
2026-08-04,16:21:56,1.363,173.1
2026-08-04,16:21:56,1.363,173.1
2026-08-04,16:21:56,1.363,173.1
2026-08-04,16:21:56,1.363,173.1
2026-08-04,16:21:57,1.363,173.1
2026-08-04,16:21:57,1.363,173.1
2026-08-04,16:21:57,1.363,173.1
2026-08-04,16:21:57,1.363,173.1
2026-08-04,16:21:57,1.363,173.1
2026-08-04,16:21:57,1.363,173.1
2026-08-04,16:21:58,1.363,173.1
2026-08-04,16:21:58,1.363,173.1
2026-08-04,16:21:58,1.363,173.1
2026-08-04,16:21:58,1.363,173.1
2026-08-04,16:21:58,1.363,173.1
2026-08-04,16:21:58,1.363,173.1
2026-08-04,16:21:59,1.363,173.1
2026-08-04,16:21:59,1.363,173.1
2026-08-04,16:21:59,1.363,173.1
2026-08-04,16:21:59,1.363,173.1
2026-08-04,16:21:59,1.363,173.1
2026-08-04,16:21:59,1.363,173.1
2026-08-04,16:22:00,1.363,173.1
2026-08-04,16:22:00,1.363,173.1
2026-08-04,16:22:00,1.363,173.1
2026-08-04,16:22:00,1.363,173.1
2026-08-04,16:22:00,1.363,173.1
2026-08-04,16:22:00,1.363,173.1
2026-08-04,16:22:01,1.363,173.1
2026-08-04,16:22:01,1.363,173.1
2026-08-04,16:22:01,1.363,173.1
2026-08-04,16:22:01,1.363,173.1
2026-08-04,16:22:01,1.363,173.1
2026-08-04,16:22:01,1.363,173.1
2026-08-04,16:22:02,1.363,173.1
2026-08-04,16:22:02,1.363,173.1
2026-08-04,16:22:02,1.363,173.1
2026-08-04,16:22:02,1.363,173.1
2026-08-04,16:22:02,1.363,173.1
2026-08-04,16:22:02,1.363,173.1
2026-08-04,16:22:03,1.363,173.1
2026-08-04,16:22:03,1.363,173.1
2026-08-04,16:22:03,1.363,173.1
2026-08-04,16:22:03,1.363,173.1
2026-08-04,16:22:03,1.363,173.1
2026-08-04,16:22:03,1.363,173.1
2026-08-04,16:22:04,1.363,173.1
2026-08-04,16:22:04,1.363,173.1
2026-08-04,16:22:04,1.363,173.1
2026-08-04,16:22:04,1.363,173.1
2026-08-04,16:22:04,1.363,173.1
2026-08-04,16:22:04,1.363,173.1
2026-08-04,16:22:05,1.363,173.1
2026-08-04,16:22:05,1.363,173.1
2026-08-04,16:22:05,1.363,173.1
2026-08-04,16:22:05,1.363,173.1
2026-08-04,16:22:05,1.363,173.1
2026-08-04,16:22:05,1.363,173.1
2026-08-04,16:22:06,1.363,173.1
2026-08-04,16:22:06,1.363,173.1
2026-08-04,16:22:06,1.363,173.1
2026-08-04,16:22:06,1.363,173.1
2026-08-04,16:22:06,1.363,173.1
2026-08-04,16:22:06,1.363,173.1
2026-08-04,16:22:07,1.363,173.1
2026-08-04,16:22:07,1.363,173.1
2026-08-04,16:22:07,1.363,173.1
2026-08-04,16:22:07,1.363,173.1
2026-08-04,16:22:07,1.363,173.1
2026-08-04,16:22:07,1.363,173.1
2026-08-04,16:22:07,1.363,173.1
2026-08-04,16:22:08,1.363,173.1
2026-08-04,16:22:08,1.363,173.1
2026-08-04,16:22:08,1.363,173.1
2026-08-04,16:22:08,1.363,173.1
2026-08-04,16:22:08,1.363,173.1
2026-08-04,16:22:08,1.363,173.1
2026-08-04,16:22:09,1.363,173.1
2026-08-04,16:22:09,1.363,173.1
2026-08-04,16:22:09,1.363,173.1
2026-08-04,16:22:09,1.363,173.1
2026-08-04,16:22:09,1.363,173.1
2026-08-04,16:22:09,1.363,173.1
2026-08-04,16:22:10,1.363,173.1
2026-08-04,16:22:10,1.363,173.1
2026-08-04,16:22:10,1.363,173.1
2026-08-04,16:22:10,1.363,173.1
2026-08-04,16:22:10,1.363,173.1
2026-08-04,16:22:10,1.363,173.1
2026-08-04,16:22:11,1.363,173.1
2026-08-04,16:22:11,1.363,173.1
2026-08-04,16:22:11,1.363,173.1
2026-08-04,16:22:11,1.363,173.1
2026-08-04,16:22:11,1.363,173.1
2026-08-04,16:22:11,1.363,173.1
2026-08-04,16:22:12,1.363,173.1
2026-08-04,16:22:12,1.363,173.1
2026-08-04,16:22:12,1.363,173.1
2026-08-04,16:22:12,1.363,173.1
2026-08-04,16:22:12,1.363,173.1
2026-08-04,16:22:12,1.363,173.1
2026-08-04,16:22:13,1.363,173.1
2026-08-04,16:22:13,1.363,173.1
2026-08-04,16:22:13,1.363,173.1
2026-08-04,16:22:13,1.363,173.1
2026-08-04,16:22:13,1.363,173.1
2026-08-04,16:22:13,1.363,173.1
2026-08-04,16:22:14,1.363,173.1
2026-08-04,16:22:14,1.363,173.1
2026-08-04,16:22:14,1.363,173.1
2026-08-04,16:22:14,1.363,173.1
2026-08-04,16:22:14,1.363,173.1
2026-08-04,16:22:14,1.363,173.1
2026-08-04,16:22:15,1.363,173.1
2026-08-04,16:22:15,1.363,173.1
2026-08-04,16:22:15,1.363,173.1
2026-08-04,16:22:15,1.363,173.1
2026-08-04,16:22:15,1.363,173.1
2026-08-04,16:22:15,1.363,173.1
2026-08-04,16:22:16,1.363,173.1
2026-08-04,16:22:16,1.363,173.1
2026-08-04,16:22:16,1.363,173.1
2026-08-04,16:22:16,1.363,173.1
2026-08-04,16:22:16,1.363,173.1
2026-08-04,16:22:16,1.363,173.1
2026-08-04,16:22:17,1.363,173.1
2026-08-04,16:22:17,1.363,173.1
2026-08-04,16:22:17,1.363,173.1
2026-08-04,16:22:17,1.363,173.1
2026-08-04,16:22:17,1.363,173.1
2026-08-04,16:22:17,1.363,173.1
2026-08-04,16:22:18,1.363,173.1
2026-08-04,16:22:18,1.363,173.1
2026-08-04,16:22:18,1.363,173.1
2026-08-04,16:22:18,1.363,173.1
2026-08-04,16:22:18,1.363,173.1
2026-08-04,16:22:18,1.363,173.1
2026-08-04,16:22:19,1.363,173.1
2026-08-04,16:22:19,1.363,173.1
2026-08-04,16:22:19,1.363,173.1
2026-08-04,16:22:19,1.363,173.1
2026-08-04,16:22:19,1.363,173.1
2026-08-04,16:22:19,1.363,173.1
2026-08-04,16:22:20,1.363,173.1
2026-08-04,16:22:20,1.363,173.1
2026-08-04,16:22:20,1.363,173.1
2026-08-04,16:22:20,1.363,173.1
2026-08-04,16:22:20,1.363,173.1
2026-08-04,16:22:20,1.363,173.1
2026-08-04,16:22:21,1.363,173.1
2026-08-04,16:22:21,1.363,173.1
2026-08-04,16:22:21,1.363,173.1
2026-08-04,16:22:21,1.363,173.1
2026-08-04,16:22:21,1.363,173.1
2026-08-04,16:22:21,1.363,173.1
2026-08-04,16:22:22,1.363,173.1
2026-08-04,16:22:22,1.363,173.1
2026-08-04,16:22:22,1.363,173.1
2026-08-04,16:22:22,1.363,173.1
2026-08-04,16:22:22,1.363,173.1
2026-08-04,16:22:22,1.363,173.1
2026-08-04,16:22:23,1.363,173.1
2026-08-04,16:22:23,1.363,173.1
2026-08-04,16:22:23,1.363,173.1
2026-08-04,16:22:23,1.363,173.1
2026-08-04,16:22:23,1.363,173.1
2026-08-04,16:22:23,1.363,173.1
2026-08-04,16:22:24,1.363,173.1
2026-08-04,16:22:24,1.363,173.1
2026-08-04,16:22:24,1.363,173.1
2026-08-04,16:22:24,1.363,173.1
2026-08-04,16:22:24,1.363,173.1
2026-08-04,16:22:24,1.363,173.1
2026-08-04,16:22:24,1.363,173.1
2026-08-04,16:22:25,1.363,173.1
2026-08-04,16:22:25,1.363,173.1
2026-08-04,16:22:25,1.363,173.1
2026-08-04,16:22:25,1.363,173.1
2026-08-04,16:22:25,1.363,173.1
2026-08-04,16:22:25,1.363,173.1
2026-08-04,16:22:26,1.363,173.1
2026-08-04,16:22:26,1.363,173.1
2026-08-04,16:22:26,1.363,173.1
2026-08-04,16:22:26,1.363,173.1
2026-08-04,16:22:26,1.363,173.1
2026-08-04,16:22:26,1.363,173.1
2026-08-04,16:22:27,1.363,173.1
2026-08-04,16:22:27,1.363,173.1
2026-08-04,16:22:27,1.363,173.1
2026-08-04,16:22:27,1.363,173.1
2026-08-04,16:22:27,1.363,173.1
2026-08-04,16:22:27,1.363,173.1
2026-08-04,16:22:28,1.363,173.1
2026-08-04,16:22:28,1.363,173.1
2026-08-04,16:22:28,1.363,173.1
2026-08-04,16:22:28,1.363,173.1
2026-08-04,16:22:28,1.363,173.1
2026-08-04,16:22:28,1.363,173.1
2026-08-04,16:22:29,1.363,173.1
2026-08-04,16:22:29,1.363,173.1
2026-08-04,16:22:29,1.363,173.1
2026-08-04,16:22:29,1.363,173.1
2026-08-04,16:22:29,1.363,173.1
2026-08-04,16:22:29,1.363,173.1
2026-08-04,16:22:30,1.363,173.1
2026-08-04,16:22:30,1.363,173.1
2026-08-04,16:22:30,1.363,173.1
2026-08-04,16:22:30,1.363,173.1
2026-08-04,16:22:30,1.363,173.1
2026-08-04,16:22:30,1.363,173.1
2026-08-04,16:22:31,1.363,173.1
2026-08-04,16:22:31,1.363,173.1
2026-08-04,16:22:31,1.363,173.2
2026-08-04,16:22:31,1.363,173.2
2026-08-04,16:22:31,1.363,173.2
2026-08-04,16:22:31,1.363,173.2
2026-08-04,16:22:32,1.363,173.2
2026-08-04,16:22:32,1.363,173.2
2026-08-04,16:22:32,1.363,173.2
2026-08-04,16:22:32,1.363,173.2
2026-08-04,16:22:32,1.363,173.2
2026-08-04,16:22:32,1.363,173.2
2026-08-04,16:22:33,1.363,173.2
2026-08-04,16:22:33,1.363,173.2
2026-08-04,16:22:33,1.363,173.2
2026-08-04,16:22:33,1.363,173.2
2026-08-04,16:22:33,1.363,173.2
2026-08-04,16:22:33,1.363,173.2
2026-08-04,16:22:34,1.363,173.2
2026-08-04,16:22:34,1.363,173.2
2026-08-04,16:22:34,1.363,173.2
2026-08-04,16:22:34,1.363,173.2
2026-08-04,16:22:34,1.363,173.2
2026-08-04,16:22:34,1.363,173.2
2026-08-04,16:22:35,1.363,173.2
2026-08-04,16:22:35,1.363,173.2
2026-08-04,16:22:35,1.363,173.2
2026-08-04,16:22:35,1.363,173.2
2026-08-04,16:22:35,1.363,173.2
2026-08-04,16:22:35,1.363,173.2
2026-08-04,16:22:36,1.363,173.2
2026-08-04,16:22:36,1.363,173.2
2026-08-04,16:22:36,1.363,173.2
2026-08-04,16:22:36,1.363,173.2
2026-08-04,16:22:36,1.363,173.2
2026-08-04,16:22:36,1.363,173.2
2026-08-04,16:22:37,1.363,173.2
2026-08-04,16:22:37,1.363,173.2
2026-08-04,16:22:37,1.363,173.2
2026-08-04,16:22:37,1.363,173.2
2026-08-04,16:22:37,1.363,173.2
2026-08-04,16:22:37,1.363,173.2
2026-08-04,16:22:38,1.363,173.2
2026-08-04,16:22:38,1.363,173.2
2026-08-04,16:22:38,1.363,173.2
2026-08-04,16:22:38,1.363,173.2
2026-08-04,16:22:38,1.363,173.2
2026-08-04,16:22:38,1.363,173.2
2026-08-04,16:22:39,1.363,173.2
2026-08-04,16:22:39,1.363,173.2
2026-08-04,16:22:39,1.363,173.2
2026-08-04,16:22:39,1.364,173.2
2026-08-04,16:22:39,1.364,173.2
2026-08-04,16:22:39,1.364,173.2
2026-08-04,16:22:40,1.364,173.2
2026-08-04,16:22:40,1.364,173.2
2026-08-04,16:22:40,1.364,173.2
2026-08-04,16:22:40,1.364,173.2
2026-08-04,16:22:40,1.364,173.2
2026-08-04,16:22:40,1.364,173.2
2026-08-04,16:22:40,1.364,173.2
2026-08-04,16:22:41,1.364,173.2
2026-08-04,16:22:41,1.364,173.2
2026-08-04,16:22:41,1.364,173.2
2026-08-04,16:22:41,1.364,173.2
2026-08-04,16:22:41,1.364,173.2
2026-08-04,16:22:41,1.364,173.2
2026-08-04,16:22:42,1.364,173.2
2026-08-04,16:22:42,1.364,173.2
2026-08-04,16:22:42,1.364,173.2
2026-08-04,16:22:42,1.364,173.2
2026-08-04,16:22:42,1.364,173.2
2026-08-04,16:22:42,1.364,173.2
2026-08-04,16:22:43,1.364,173.2
2026-08-04,16:22:43,1.364,173.2
2026-08-04,16:22:43,1.364,173.2
2026-08-04,16:22:43,1.364,173.2
2026-08-04,16:22:43,1.364,173.2
2026-08-04,16:22:43,1.364,173.2
2026-08-04,16:22:44,1.364,173.2
2026-08-04,16:22:44,1.364,173.2
2026-08-04,16:22:44,1.364,173.2
2026-08-04,16:22:44,1.364,173.2
2026-08-04,16:22:44,1.364,173.2
2026-08-04,16:22:44,1.364,173.2
2026-08-04,16:22:45,1.364,173.2
2026-08-04,16:22:45,1.364,173.2
2026-08-04,16:22:45,1.364,173.2
2026-08-04,16:22:45,1.364,173.2
2026-08-04,16:22:45,1.364,173.2
2026-08-04,16:22:45,1.364,173.2
2026-08-04,16:22:46,1.364,173.2
2026-08-04,16:22:46,1.364,173.2
2026-08-04,16:22:46,1.364,173.2
2026-08-04,16:22:46,1.364,173.2
2026-08-04,16:22:46,1.364,173.2
2026-08-04,16:22:46,1.364,173.2
2026-08-04,16:22:47,1.364,173.2
2026-08-04,16:22:47,1.364,173.2
2026-08-04,16:22:47,1.364,173.2
2026-08-04,16:22:47,1.364,173.2
2026-08-04,16:22:47,1.364,173.2
2026-08-04,16:22:47,1.364,173.2
2026-08-04,16:22:48,1.364,173.2
2026-08-04,16:22:48,1.364,173.2
2026-08-04,16:22:48,1.364,173.2
2026-08-04,16:22:48,1.364,173.2
2026-08-04,16:22:48,1.364,173.2
2026-08-04,16:22:48,1.364,173.2
2026-08-04,16:22:49,1.364,173.2
2026-08-04,16:22:49,1.364,173.2
2026-08-04,16:22:49,1.364,173.2
2026-08-04,16:22:49,1.364,173.2
2026-08-04,16:22:49,1.364,173.2
2026-08-04,16:22:49,1.364,173.2
2026-08-04,16:22:50,1.364,173.2
2026-08-04,16:22:50,1.364,173.2
2026-08-04,16:22:50,1.364,173.2
2026-08-04,16:22:50,1.364,173.2
2026-08-04,16:22:50,1.364,173.2
2026-08-04,16:22:50,1.364,173.2
2026-08-04,16:22:51,1.364,173.2
2026-08-04,16:22:51,1.364,173.2
2026-08-04,16:22:51,1.364,173.2
2026-08-04,16:22:51,1.364,173.2
2026-08-04,16:22:51,1.364,173.2
2026-08-04,16:22:51,1.364,173.2
2026-08-04,16:22:52,1.364,173.2
2026-08-04,16:22:52,1.364,173.2
2026-08-04,16:22:52,1.364,173.2
2026-08-04,16:22:52,1.364,173.2
2026-08-04,16:22:52,1.364,173.2
2026-08-04,16:22:52,1.364,173.2
2026-08-04,16:22:53,1.364,173.2
2026-08-04,16:22:53,1.364,173.2
2026-08-04,16:22:53,1.364,173.2
2026-08-04,16:22:53,1.364,173.2
2026-08-04,16:22:53,1.364,173.2
2026-08-04,16:22:53,1.364,173.2
2026-08-04,16:22:54,1.364,173.2
2026-08-04,16:22:54,1.364,173.2
2026-08-04,16:22:54,1.364,173.2
2026-08-04,16:22:54,1.364,173.2
2026-08-04,16:22:54,1.364,173.2
2026-08-04,16:22:54,1.364,173.2
2026-08-04,16:22:55,1.364,173.2
2026-08-04,16:22:55,1.364,173.2
2026-08-04,16:22:55,1.364,173.2
2026-08-04,16:22:55,1.364,173.2
2026-08-04,16:22:55,1.364,173.2
2026-08-04,16:22:55,1.364,173.2
2026-08-04,16:22:56,1.364,173.2
2026-08-04,16:22:56,1.364,173.2
2026-08-04,16:22:56,1.364,173.2
2026-08-04,16:22:56,1.364,173.2
2026-08-04,16:22:56,1.364,173.2
2026-08-04,16:22:56,1.364,173.2
2026-08-04,16:22:57,1.364,173.2
2026-08-04,16:22:57,1.364,173.2
2026-08-04,16:22:57,1.364,173.2
2026-08-04,16:22:57,1.364,173.2
2026-08-04,16:22:57,1.364,173.2
2026-08-04,16:22:57,1.364,173.2
2026-08-04,16:22:57,1.364,173.2
2026-08-04,16:22:58,1.364,173.2
2026-08-04,16:22:58,1.364,173.2
2026-08-04,16:22:58,1.364,173.2
2026-08-04,16:22:58,1.364,173.2
2026-08-04,16:22:58,1.364,173.2
2026-08-04,16:22:58,1.364,173.2
2026-08-04,16:22:59,1.364,173.2
2026-08-04,16:22:59,1.364,173.2
2026-08-04,16:22:59,1.364,173.2
2026-08-04,16:22:59,1.364,173.2
2026-08-04,16:22:59,1.364,173.2
2026-08-04,16:22:59,1.364,173.2
2026-08-04,16:23:00,1.364,173.2
2026-08-04,16:23:00,1.364,173.2
2026-08-04,16:23:00,1.364,173.2
2026-08-04,16:23:00,1.364,173.2
2026-08-04,16:23:00,1.364,173.2
2026-08-04,16:23:00,1.364,173.2
2026-08-04,16:23:01,1.364,173.2
2026-08-04,16:23:01,1.364,173.2
2026-08-04,16:23:01,1.364,173.2
2026-08-04,16:23:01,1.364,173.2
2026-08-04,16:23:01,1.364,173.2
2026-08-04,16:23:01,1.364,173.2
2026-08-04,16:23:02,1.364,173.2
2026-08-04,16:23:02,1.364,173.2
2026-08-04,16:23:02,1.364,173.2
2026-08-04,16:23:02,1.364,173.2
2026-08-04,16:23:02,1.364,173.2
2026-08-04,16:23:02,1.364,173.2
2026-08-04,16:23:03,1.364,173.2
2026-08-04,16:23:03,1.364,173.2
2026-08-04,16:23:03,1.364,173.2
2026-08-04,16:23:03,1.364,173.2
2026-08-04,16:23:03,1.364,173.2
2026-08-04,16:23:03,1.364,173.2
2026-08-04,16:23:04,1.364,173.2
2026-08-04,16:23:04,1.364,173.2
2026-08-04,16:23:04,1.364,173.2
2026-08-04,16:23:04,1.364,173.2
2026-08-04,16:23:04,1.364,173.2
2026-08-04,16:23:04,1.364,173.2
2026-08-04,16:23:05,1.364,173.2
2026-08-04,16:23:05,1.364,173.2
2026-08-04,16:23:05,1.364,173.2
2026-08-04,16:23:05,1.364,173.2
2026-08-04,16:23:05,1.364,173.2
2026-08-04,16:23:05,1.364,173.2
2026-08-04,16:23:06,1.364,173.2
2026-08-04,16:23:06,1.364,173.2
2026-08-04,16:23:06,1.364,173.2
2026-08-04,16:23:06,1.364,173.2
2026-08-04,16:23:06,1.364,173.2
2026-08-04,16:23:06,1.364,173.2
2026-08-04,16:23:07,1.364,173.2
2026-08-04,16:23:07,1.364,173.2
2026-08-04,16:23:07,1.364,173.2
2026-08-04,16:23:07,1.364,173.2
2026-08-04,16:23:07,1.364,173.2
2026-08-04,16:23:07,1.364,173.2
2026-08-04,16:23:08,1.364,173.2
2026-08-04,16:23:08,1.364,173.2
2026-08-04,16:23:08,1.364,173.2
2026-08-04,16:23:08,1.364,173.2
2026-08-04,16:23:08,1.364,173.2
2026-08-04,16:23:08,1.364,173.2
2026-08-04,16:23:09,1.364,173.2
2026-08-04,16:23:09,1.364,173.2
2026-08-04,16:23:09,1.364,173.2
2026-08-04,16:23:09,1.364,173.2
2026-08-04,16:23:09,1.364,173.2
2026-08-04,16:23:09,1.364,173.2
2026-08-04,16:23:10,1.364,173.2
2026-08-04,16:23:10,1.364,173.2
2026-08-04,16:23:10,1.364,173.2
2026-08-04,16:23:10,1.364,173.2
2026-08-04,16:23:10,1.364,173.2
2026-08-04,16:23:10,1.364,173.2
2026-08-04,16:23:11,1.364,173.2
2026-08-04,16:23:11,1.364,173.2
2026-08-04,16:23:11,1.364,173.2
2026-08-04,16:23:11,1.364,173.2
2026-08-04,16:23:11,1.364,173.2
2026-08-04,16:23:11,1.364,173.2
2026-08-04,16:23:12,1.364,173.2
2026-08-04,16:23:12,1.364,173.2
2026-08-04,16:23:12,1.364,173.2
2026-08-04,16:23:12,1.364,173.2
2026-08-04,16:23:12,1.364,173.2
2026-08-04,16:23:12,1.364,173.2
2026-08-04,16:23:13,1.364,173.2
2026-08-04,16:23:13,1.364,173.2
2026-08-04,16:23:13,1.364,173.2
2026-08-04,16:23:13,1.364,173.2
2026-08-04,16:23:13,1.364,173.2
2026-08-04,16:23:13,1.364,173.2
2026-08-04,16:23:13,1.364,173.2
2026-08-04,16:23:14,1.364,173.2
2026-08-04,16:23:14,1.364,173.2
2026-08-04,16:23:14,1.364,173.2
2026-08-04,16:23:14,1.364,173.2
2026-08-04,16:23:14,1.364,173.2
2026-08-04,16:23:14,1.364,173.2
2026-08-04,16:23:15,1.364,173.2
2026-08-04,16:23:15,1.364,173.2
2026-08-04,16:23:15,1.364,173.2
2026-08-04,16:23:15,1.364,173.2
2026-08-04,16:23:15,1.364,173.2
2026-08-04,16:23:15,1.364,173.2
2026-08-04,16:23:16,1.364,173.2
2026-08-04,16:23:16,1.364,173.2
2026-08-04,16:23:16,1.364,173.2
2026-08-04,16:23:16,1.364,173.2
2026-08-04,16:23:16,1.364,173.2
2026-08-04,16:23:16,1.364,173.2
2026-08-04,16:23:17,1.364,173.2
2026-08-04,16:23:17,1.364,173.2
2026-08-04,16:23:17,1.364,173.2
2026-08-04,16:23:17,1.364,173.2
2026-08-04,16:23:17,1.364,173.2
2026-08-04,16:23:17,1.364,173.2
2026-08-04,16:23:18,1.364,173.2
2026-08-04,16:23:18,1.364,173.2
2026-08-04,16:23:18,1.364,173.2
2026-08-04,16:23:18,1.364,173.2
2026-08-04,16:23:18,1.364,173.2
2026-08-04,16:23:18,1.364,173.2
2026-08-04,16:23:19,1.364,173.2
2026-08-04,16:23:19,1.364,173.2
2026-08-04,16:23:19,1.364,173.2
2026-08-04,16:23:19,1.364,173.2
2026-08-04,16:23:19,1.364,173.2
2026-08-04,16:23:19,1.364,173.2
2026-08-04,16:23:20,1.364,173.2
2026-08-04,16:23:20,1.364,173.2
2026-08-04,16:23:20,1.364,173.2
2026-08-04,16:23:20,1.364,173.2
2026-08-04,16:23:20,1.364,173.2
2026-08-04,16:23:20,1.364,173.2
2026-08-04,16:23:21,1.364,173.2
2026-08-04,16:23:21,1.364,173.2
2026-08-04,16:23:21,1.364,173.2
2026-08-04,16:23:21,1.364,173.2
2026-08-04,16:23:21,1.364,173.2
2026-08-04,16:23:21,1.364,173.2
2026-08-04,16:23:22,1.364,173.2
2026-08-04,16:23:22,1.364,173.2
2026-08-04,16:23:22,1.364,173.2
2026-08-04,16:23:22,1.364,173.2
2026-08-04,16:23:22,1.364,173.2
2026-08-04,16:23:22,1.364,173.2
2026-08-04,16:23:23,1.364,173.2
2026-08-04,16:23:23,1.364,173.2
2026-08-04,16:23:23,1.364,173.2
2026-08-04,16:23:23,1.364,173.2
2026-08-04,16:23:23,1.364,173.2
2026-08-04,16:23:23,1.364,173.2
2026-08-04,16:23:24,1.364,173.2
2026-08-04,16:23:24,1.364,173.2
2026-08-04,16:23:24,1.364,173.2
2026-08-04,16:23:24,1.364,173.2
2026-08-04,16:23:24,1.364,173.2
2026-08-04,16:23:24,1.364,173.2
2026-08-04,16:23:25,1.364,173.2
2026-08-04,16:23:25,1.364,173.2
2026-08-04,16:23:25,1.364,173.2
2026-08-04,16:23:25,1.364,173.2
2026-08-04,16:23:25,1.364,173.2
2026-08-04,16:23:25,1.364,173.2
2026-08-04,16:23:26,1.364,173.2
2026-08-04,16:23:26,1.364,173.2
2026-08-04,16:23:26,1.364,173.2
2026-08-04,16:23:26,1.364,173.2
2026-08-04,16:23:26,1.364,173.2
2026-08-04,16:23:26,1.364,173.2
2026-08-04,16:23:27,1.364,173.2
2026-08-04,16:23:27,1.364,173.2
2026-08-04,16:23:27,1.364,173.2
2026-08-04,16:23:27,1.364,173.2
2026-08-04,16:23:27,1.364,173.2
2026-08-04,16:23:27,1.364,173.2
2026-08-04,16:23:28,1.364,173.2
2026-08-04,16:23:28,1.364,173.2
2026-08-04,16:23:28,1.364,173.2
2026-08-04,16:23:28,1.364,173.2
2026-08-04,16:23:28,1.364,173.2
2026-08-04,16:23:28,1.364,173.2
2026-08-04,16:23:29,1.364,173.2
2026-08-04,16:23:29,1.364,173.2
2026-08-04,16:23:29,1.364,173.2
2026-08-04,16:23:29,1.364,173.2
2026-08-04,16:23:29,1.364,173.2
2026-08-04,16:23:29,1.364,173.2
2026-08-04,16:23:30,1.364,173.2
2026-08-04,16:23:30,1.364,173.2
2026-08-04,16:23:30,1.364,173.2
2026-08-04,16:23:30,1.364,173.2
2026-08-04,16:23:30,1.364,173.2
2026-08-04,16:23:30,1.364,173.3
2026-08-04,16:23:30,1.364,173.3
2026-08-04,16:23:31,1.364,173.3
2026-08-04,16:23:31,1.364,173.3
2026-08-04,16:23:31,1.364,173.3
2026-08-04,16:23:31,1.364,173.3
2026-08-04,16:23:31,1.364,173.3
2026-08-04,16:23:31,1.364,173.3
2026-08-04,16:23:32,1.364,173.3
2026-08-04,16:23:32,1.364,173.3
2026-08-04,16:23:32,1.364,173.3
2026-08-04,16:23:32,1.364,173.3
2026-08-04,16:23:32,1.364,173.3
2026-08-04,16:23:32,1.364,173.3
2026-08-04,16:23:33,1.364,173.3
2026-08-04,16:23:33,1.364,173.2
2026-08-04,16:23:33,1.364,173.2
2026-08-04,16:23:33,1.364,173.2
2026-08-04,16:23:33,1.364,173.2
2026-08-04,16:23:33,1.364,173.2
2026-08-04,16:23:34,1.364,173.2
2026-08-04,16:23:34,1.364,173.2
2026-08-04,16:23:34,1.364,173.2
2026-08-04,16:23:34,1.364,173.2
2026-08-04,16:23:34,1.364,173.2
2026-08-04,16:23:34,1.364,173.2
2026-08-04,16:23:35,1.364,173.2
2026-08-04,16:23:35,1.364,173.2
2026-08-04,16:23:35,1.364,173.2
2026-08-04,16:23:35,1.364,173.2
2026-08-04,16:23:35,1.364,173.2
2026-08-04,16:23:35,1.364,173.2
2026-08-04,16:23:36,1.364,173.2
2026-08-04,16:23:36,1.364,173.2
2026-08-04,16:23:36,1.364,173.2
2026-08-04,16:23:36,1.364,173.2
2026-08-04,16:23:36,1.364,173.2
2026-08-04,16:23:36,1.364,173.2
2026-08-04,16:23:37,1.364,173.2
2026-08-04,16:23:37,1.364,173.2
2026-08-04,16:23:37,1.364,173.2
2026-08-04,16:23:37,1.364,173.2
2026-08-04,16:23:37,1.364,173.2
2026-08-04,16:23:37,1.364,173.2
2026-08-04,16:23:38,1.364,173.2
2026-08-04,16:23:38,1.364,173.2
2026-08-04,16:23:38,1.364,173.2
2026-08-04,16:23:38,1.364,173.2
2026-08-04,16:23:38,1.364,173.2
2026-08-04,16:23:38,1.364,173.2
2026-08-04,16:23:39,1.364,173.2
2026-08-04,16:23:39,1.364,173.2
2026-08-04,16:23:39,1.364,173.2
2026-08-04,16:23:39,1.364,173.2
2026-08-04,16:23:39,1.364,173.2
2026-08-04,16:23:39,1.364,173.2
2026-08-04,16:23:40,1.364,173.2
2026-08-04,16:23:40,1.364,173.2
2026-08-04,16:23:40,1.364,173.2
2026-08-04,16:23:40,1.364,173.2
2026-08-04,16:23:40,1.364,173.2
2026-08-04,16:23:40,1.364,173.2
2026-08-04,16:23:41,1.364,173.2
2026-08-04,16:23:41,1.364,173.2
2026-08-04,16:23:41,1.364,173.2
2026-08-04,16:23:41,1.364,173.2
2026-08-04,16:23:41,1.364,173.2
2026-08-04,16:23:41,1.364,173.2
2026-08-04,16:23:42,1.364,173.2
2026-08-04,16:23:42,1.364,173.2
2026-08-04,16:23:42,1.364,173.2
2026-08-04,16:23:42,1.364,173.2
2026-08-04,16:23:42,1.364,173.2
2026-08-04,16:23:42,1.364,173.2
2026-08-04,16:23:43,1.364,173.2
2026-08-04,16:23:43,1.364,173.2
2026-08-04,16:23:43,1.364,173.2
2026-08-04,16:23:43,1.364,173.2
2026-08-04,16:23:43,1.364,173.2
2026-08-04,16:23:43,1.364,173.2
2026-08-04,16:23:44,1.364,173.2
2026-08-04,16:23:44,1.364,173.2
2026-08-04,16:23:44,1.364,173.2
2026-08-04,16:23:44,1.364,173.2
2026-08-04,16:23:44,1.364,173.2
2026-08-04,16:23:44,1.364,173.2
2026-08-04,16:23:45,1.364,173.2
2026-08-04,16:23:45,1.364,173.2
2026-08-04,16:23:45,1.364,173.2
2026-08-04,16:23:45,1.364,173.2
2026-08-04,16:23:45,1.364,173.2
2026-08-04,16:23:45,1.364,173.2
2026-08-04,16:23:46,1.364,173.2
2026-08-04,16:23:46,1.364,173.2
2026-08-04,16:23:46,1.364,173.2
2026-08-04,16:23:46,1.364,173.2
2026-08-04,16:23:46,1.364,173.2
2026-08-04,16:23:46,1.364,173.2
2026-08-04,16:23:47,1.364,173.2
2026-08-04,16:23:47,1.364,173.2
2026-08-04,16:23:47,1.364,173.2
2026-08-04,16:23:47,1.364,173.2
2026-08-04,16:23:47,1.364,173.2
2026-08-04,16:23:47,1.364,173.2
2026-08-04,16:23:47,1.364,173.2
2026-08-04,16:23:48,1.364,173.3
2026-08-04,16:23:48,1.364,173.3
2026-08-04,16:23:48,1.364,173.3
2026-08-04,16:23:48,1.364,173.3
2026-08-04,16:23:48,1.364,173.3
2026-08-04,16:23:48,1.364,173.3
2026-08-04,16:23:49,1.364,173.3
2026-08-04,16:23:49,1.364,173.2
2026-08-04,16:23:49,1.364,173.2
2026-08-04,16:23:49,1.364,173.2
2026-08-04,16:23:49,1.364,173.2
2026-08-04,16:23:49,1.364,173.2
2026-08-04,16:23:50,1.364,173.2
2026-08-04,16:23:50,1.364,173.2
2026-08-04,16:23:50,1.364,173.2
2026-08-04,16:23:50,1.364,173.2
2026-08-04,16:23:50,1.364,173.2
2026-08-04,16:23:50,1.364,173.3
2026-08-04,16:23:51,1.364,173.3
2026-08-04,16:23:51,1.364,173.3
2026-08-04,16:23:51,1.364,173.3
2026-08-04,16:23:51,1.364,173.3
2026-08-04,16:23:51,1.364,173.2
2026-08-04,16:23:51,1.364,173.2
2026-08-04,16:23:52,1.364,173.2
2026-08-04,16:23:52,1.364,173.2
2026-08-04,16:23:52,1.364,173.2
2026-08-04,16:23:52,1.364,173.2
2026-08-04,16:23:52,1.364,173.2
2026-08-04,16:23:52,1.364,173.2
2026-08-04,16:23:53,1.364,173.2
2026-08-04,16:23:53,1.364,173.2
2026-08-04,16:23:53,1.364,173.2
2026-08-04,16:23:53,1.364,173.2
2026-08-04,16:23:53,1.364,173.2
2026-08-04,16:23:53,1.364,173.2
2026-08-04,16:23:54,1.364,173.2
2026-08-04,16:23:54,1.364,173.2
2026-08-04,16:23:54,1.364,173.2
2026-08-04,16:23:54,1.364,173.2
2026-08-04,16:23:54,1.364,173.2
2026-08-04,16:23:54,1.364,173.2
2026-08-04,16:23:55,1.364,173.2
2026-08-04,16:23:55,1.364,173.2
2026-08-04,16:23:55,1.364,173.2
2026-08-04,16:23:55,1.364,173.2
2026-08-04,16:23:55,1.364,173.2
2026-08-04,16:23:55,1.364,173.2
2026-08-04,16:23:56,1.364,173.2
2026-08-04,16:23:56,1.364,173.2
2026-08-04,16:23:56,1.364,173.2
2026-08-04,16:23:56,1.364,173.2
2026-08-04,16:23:56,1.364,173.2
2026-08-04,16:23:56,1.364,173.2
2026-08-04,16:23:57,1.364,173.2
2026-08-04,16:23:57,1.364,173.2
2026-08-04,16:23:57,1.364,173.2
2026-08-04,16:23:57,1.364,173.2
2026-08-04,16:23:57,1.364,173.2
2026-08-04,16:23:57,1.364,173.2
2026-08-04,16:23:58,1.364,173.2
2026-08-04,16:23:58,1.364,173.2
2026-08-04,16:23:58,1.364,173.2
2026-08-04,16:23:58,1.364,173.2
2026-08-04,16:23:58,1.364,173.2
2026-08-04,16:23:58,1.364,173.2
2026-08-04,16:23:59,1.364,173.2
2026-08-04,16:23:59,1.364,173.2
2026-08-04,16:23:59,1.364,173.2
2026-08-04,16:23:59,1.364,173.2
2026-08-04,16:23:59,1.364,173.2
2026-08-04,16:23:59,1.364,173.2
2026-08-04,16:24:00,1.364,173.2
2026-08-04,16:24:00,1.364,173.2
2026-08-04,16:24:00,1.364,173.2
2026-08-04,16:24:00,1.364,173.2
2026-08-04,16:24:00,1.364,173.2
2026-08-04,16:24:00,1.364,173.2
2026-08-04,16:24:01,1.364,173.2
2026-08-04,16:24:01,1.364,173.2
2026-08-04,16:24:01,1.364,173.2
2026-08-04,16:24:01,1.364,173.2
2026-08-04,16:24:01,1.364,173.2
2026-08-04,16:24:01,1.364,173.2
2026-08-04,16:24:02,1.364,173.2
2026-08-04,16:24:02,1.364,173.2
2026-08-04,16:24:02,1.364,173.2
2026-08-04,16:24:02,1.364,173.2
2026-08-04,16:24:02,1.364,173.2
2026-08-04,16:24:02,1.364,173.2
2026-08-04,16:24:03,1.364,173.2
2026-08-04,16:24:03,1.364,173.2
2026-08-04,16:24:03,1.364,173.2
2026-08-04,16:24:03,1.364,173.2
2026-08-04,16:24:03,1.364,173.2
2026-08-04,16:24:03,1.364,173.2
2026-08-04,16:24:03,1.364,173.2
2026-08-04,16:24:04,1.364,173.2
2026-08-04,16:24:04,1.364,173.2
2026-08-04,16:24:04,1.364,173.2
2026-08-04,16:24:04,1.364,173.2
2026-08-04,16:24:04,1.364,173.2
2026-08-04,16:24:04,1.364,173.2
2026-08-04,16:24:05,1.364,173.2
2026-08-04,16:24:05,1.364,173.2
2026-08-04,16:24:05,1.364,173.2
2026-08-04,16:24:05,1.364,173.2
2026-08-04,16:24:05,1.364,173.2
2026-08-04,16:24:05,1.364,173.2
2026-08-04,16:24:06,1.364,173.2
2026-08-04,16:24:06,1.364,173.2
2026-08-04,16:24:06,1.364,173.2
2026-08-04,16:24:06,1.364,173.2
2026-08-04,16:24:06,1.364,173.2
2026-08-04,16:24:06,1.364,173.2
2026-08-04,16:24:07,1.364,173.2
2026-08-04,16:24:07,1.364,173.2
2026-08-04,16:24:07,1.364,173.2
2026-08-04,16:24:07,1.364,173.2
2026-08-04,16:24:07,1.364,173.2
2026-08-04,16:24:07,1.364,173.2
2026-08-04,16:24:08,1.364,173.2
2026-08-04,16:24:08,1.364,173.2
2026-08-04,16:24:08,1.364,173.2
2026-08-04,16:24:08,1.364,173.2
2026-08-04,16:24:08,1.364,173.2
2026-08-04,16:24:08,1.364,173.2
2026-08-04,16:24:09,1.364,173.2
2026-08-04,16:24:09,1.364,173.2
2026-08-04,16:24:09,1.364,173.2
2026-08-04,16:24:09,1.364,173.2
2026-08-04,16:24:09,1.364,173.2
2026-08-04,16:24:09,1.364,173.2
2026-08-04,16:24:10,1.364,173.2
2026-08-04,16:24:10,1.364,173.2
2026-08-04,16:24:10,1.364,173.2
2026-08-04,16:24:10,1.364,173.2
2026-08-04,16:24:10,1.364,173.2
2026-08-04,16:24:10,1.364,173.2
2026-08-04,16:24:11,1.364,173.2
2026-08-04,16:24:11,1.364,173.2
2026-08-04,16:24:11,1.364,173.2
2026-08-04,16:24:11,1.364,173.2
2026-08-04,16:24:11,1.364,173.2
2026-08-04,16:24:11,1.364,173.2
2026-08-04,16:24:12,1.364,173.2
2026-08-04,16:24:12,1.364,173.2
2026-08-04,16:24:12,1.364,173.2
2026-08-04,16:24:12,1.364,173.2
2026-08-04,16:24:12,1.364,173.2
2026-08-04,16:24:12,1.364,173.2
2026-08-04,16:24:13,1.364,173.2
2026-08-04,16:24:13,1.364,173.2
2026-08-04,16:24:13,1.364,173.2
2026-08-04,16:24:13,1.364,173.2
2026-08-04,16:24:13,1.364,173.2
2026-08-04,16:24:13,1.364,173.2
2026-08-04,16:24:14,1.364,173.2
2026-08-04,16:24:14,1.364,173.2
2026-08-04,16:24:14,1.364,173.2
2026-08-04,16:24:14,1.364,173.2
2026-08-04,16:24:14,1.364,173.2
2026-08-04,16:24:14,1.364,173.2
2026-08-04,16:24:15,1.364,173.2
2026-08-04,16:24:15,1.364,173.2
2026-08-04,16:24:15,1.364,173.3
2026-08-04,16:24:15,1.364,173.3
2026-08-04,16:24:15,1.364,173.3
2026-08-04,16:24:15,1.364,173.3
2026-08-04,16:24:16,1.364,173.3
2026-08-04,16:24:16,1.364,173.3
2026-08-04,16:24:16,1.364,173.3
2026-08-04,16:24:16,1.364,173.3
2026-08-04,16:24:16,1.364,173.3
2026-08-04,16:24:16,1.364,173.3
2026-08-04,16:24:17,1.364,173.3
2026-08-04,16:24:17,1.364,173.3
2026-08-04,16:24:17,1.364,173.3
2026-08-04,16:24:17,1.364,173.3
2026-08-04,16:24:17,1.364,173.3
2026-08-04,16:24:17,1.364,173.3
2026-08-04,16:24:18,1.364,173.3
2026-08-04,16:24:18,1.364,173.3
2026-08-04,16:24:18,1.364,173.3
2026-08-04,16:24:18,1.364,173.3
2026-08-04,16:24:18,1.364,173.3
2026-08-04,16:24:18,1.364,173.3
2026-08-04,16:24:19,1.364,173.3
2026-08-04,16:24:19,1.364,173.3
2026-08-04,16:24:19,1.364,173.3
2026-08-04,16:24:19,1.364,173.3
2026-08-04,16:24:19,1.364,173.3
2026-08-04,16:24:19,1.364,173.3
2026-08-04,16:24:19,1.364,173.3
2026-08-04,16:24:20,1.364,173.3
2026-08-04,16:24:20,1.364,173.3
2026-08-04,16:24:20,1.364,173.3
2026-08-04,16:24:20,1.364,173.3
2026-08-04,16:24:20,1.364,173.3
2026-08-04,16:24:20,1.364,173.3
2026-08-04,16:24:21,1.364,173.3
2026-08-04,16:24:21,1.364,173.3
2026-08-04,16:24:21,1.364,173.3
2026-08-04,16:24:21,1.364,173.3
2026-08-04,16:24:21,1.364,173.3
2026-08-04,16:24:21,1.364,173.3
2026-08-04,16:24:22,1.364,173.3
2026-08-04,16:24:22,1.364,173.3
2026-08-04,16:24:22,1.364,173.3
2026-08-04,16:24:22,1.364,173.3
2026-08-04,16:24:22,1.364,173.3
2026-08-04,16:24:22,1.364,173.3
2026-08-04,16:24:23,1.364,173.3
2026-08-04,16:24:23,1.364,173.3
2026-08-04,16:24:23,1.364,173.3
2026-08-04,16:24:23,1.364,173.3
2026-08-04,16:24:23,1.364,173.3
2026-08-04,16:24:23,1.364,173.3
2026-08-04,16:24:24,1.364,173.3
2026-08-04,16:24:24,1.364,173.3
2026-08-04,16:24:24,1.364,173.3
2026-08-04,16:24:24,1.364,173.3
2026-08-04,16:24:24,1.364,173.3
2026-08-04,16:24:24,1.364,173.3
2026-08-04,16:24:25,1.364,173.3
2026-08-04,16:24:25,1.364,173.3
2026-08-04,16:24:25,1.364,173.3
2026-08-04,16:24:25,1.364,173.3
2026-08-04,16:24:25,1.364,173.3
2026-08-04,16:24:25,1.364,173.3
2026-08-04,16:24:26,1.364,173.3
2026-08-04,16:24:26,1.364,173.3
2026-08-04,16:24:26,1.365,173.3
2026-08-04,16:24:26,1.365,173.3
2026-08-04,16:24:26,1.365,173.3
2026-08-04,16:24:26,1.365,173.3
2026-08-04,16:24:27,1.365,173.3
2026-08-04,16:24:27,1.365,173.3
2026-08-04,16:24:27,1.365,173.3
2026-08-04,16:24:27,1.365,173.3
2026-08-04,16:24:27,1.364,173.3
2026-08-04,16:24:27,1.364,173.3
2026-08-04,16:24:28,1.364,173.3
2026-08-04,16:24:28,1.364,173.3
2026-08-04,16:24:28,1.364,173.3
2026-08-04,16:24:28,1.364,173.3
2026-08-04,16:24:28,1.364,173.3
2026-08-04,16:24:28,1.364,173.3
2026-08-04,16:24:29,1.364,173.3
2026-08-04,16:24:29,1.364,173.3
2026-08-04,16:24:29,1.364,173.3
2026-08-04,16:24:29,1.364,173.3
2026-08-04,16:24:29,1.364,173.3
2026-08-04,16:24:29,1.364,173.3
2026-08-04,16:24:30,1.364,173.3
2026-08-04,16:24:30,1.364,173.3
2026-08-04,16:24:30,1.364,173.3
2026-08-04,16:24:30,1.364,173.3
2026-08-04,16:24:30,1.364,173.3
2026-08-04,16:24:30,1.364,173.3
2026-08-04,16:24:31,1.364,173.3
2026-08-04,16:24:31,1.364,173.3
2026-08-04,16:24:31,1.364,173.3
2026-08-04,16:24:31,1.364,173.3
2026-08-04,16:24:31,1.364,173.3
2026-08-04,16:24:31,1.364,173.3
2026-08-04,16:24:32,1.364,173.3
2026-08-04,16:24:32,1.364,173.3
2026-08-04,16:24:32,1.364,173.3
2026-08-04,16:24:32,1.364,173.3
2026-08-04,16:24:32,1.365,173.3
2026-08-04,16:24:32,1.365,173.3
2026-08-04,16:24:33,1.365,173.3
2026-08-04,16:24:33,1.365,173.3
2026-08-04,16:24:33,1.365,173.3
2026-08-04,16:24:33,1.365,173.3
2026-08-04,16:24:33,1.365,173.3
2026-08-04,16:24:33,1.365,173.3
2026-08-04,16:24:34,1.365,173.3
2026-08-04,16:24:34,1.365,173.3
2026-08-04,16:24:34,1.365,173.3
2026-08-04,16:24:34,1.365,173.3
2026-08-04,16:24:34,1.365,173.3
2026-08-04,16:24:34,1.365,173.3
2026-08-04,16:24:35,1.365,173.3
2026-08-04,16:24:35,1.365,173.3
2026-08-04,16:24:35,1.365,173.3
2026-08-04,16:24:35,1.365,173.3
2026-08-04,16:24:35,1.365,173.3
2026-08-04,16:24:35,1.365,173.3
2026-08-04,16:24:36,1.365,173.3
2026-08-04,16:24:36,1.365,173.3
2026-08-04,16:24:36,1.365,173.3
2026-08-04,16:24:36,1.365,173.3
2026-08-04,16:24:36,1.365,173.3
2026-08-04,16:24:36,1.365,173.3
2026-08-04,16:24:36,1.365,173.3
2026-08-04,16:24:37,1.365,173.3
2026-08-04,16:24:37,1.365,173.3
2026-08-04,16:24:37,1.365,173.3
2026-08-04,16:24:37,1.365,173.3
2026-08-04,16:24:37,1.365,173.3
2026-08-04,16:24:37,1.365,173.3
2026-08-04,16:24:38,1.365,173.3
2026-08-04,16:24:38,1.365,173.3
2026-08-04,16:24:38,1.365,173.3
2026-08-04,16:24:38,1.365,173.3
2026-08-04,16:24:38,1.365,173.3
2026-08-04,16:24:38,1.365,173.3
2026-08-04,16:24:39,1.365,173.3
2026-08-04,16:24:39,1.365,173.3
2026-08-04,16:24:39,1.365,173.3
2026-08-04,16:24:39,1.365,173.3
2026-08-04,16:24:39,1.365,173.3
2026-08-04,16:24:39,1.365,173.3
2026-08-04,16:24:40,1.365,173.3
2026-08-04,16:24:40,1.365,173.3
2026-08-04,16:24:40,1.365,173.3
2026-08-04,16:24:40,1.365,173.3
2026-08-04,16:24:40,1.365,173.3
2026-08-04,16:24:40,1.365,173.3
2026-08-04,16:24:41,1.365,173.3
2026-08-04,16:24:41,1.365,173.3
2026-08-04,16:24:41,1.365,173.3
2026-08-04,16:24:41,1.365,173.3
2026-08-04,16:24:41,1.365,173.3
2026-08-04,16:24:41,1.365,173.3
2026-08-04,16:24:42,1.365,173.3
2026-08-04,16:24:42,1.365,173.3
2026-08-04,16:24:42,1.365,173.3
2026-08-04,16:24:42,1.365,173.3
2026-08-04,16:24:42,1.365,173.3
2026-08-04,16:24:42,1.365,173.3
2026-08-04,16:24:43,1.365,173.3
2026-08-04,16:24:43,1.365,173.3
2026-08-04,16:24:43,1.365,173.3
2026-08-04,16:24:43,1.365,173.3
2026-08-04,16:24:43,1.365,173.3
2026-08-04,16:24:43,1.365,173.3
2026-08-04,16:24:44,1.365,173.3
2026-08-04,16:24:44,1.365,173.3
2026-08-04,16:24:44,1.365,173.3
2026-08-04,16:24:44,1.365,173.3
2026-08-04,16:24:44,1.365,173.3
2026-08-04,16:24:44,1.365,173.3
2026-08-04,16:24:45,1.365,173.3
2026-08-04,16:24:45,1.365,173.3
2026-08-04,16:24:45,1.365,173.3
2026-08-04,16:24:45,1.365,173.3
2026-08-04,16:24:45,1.365,173.3
2026-08-04,16:24:45,1.365,173.3
2026-08-04,16:24:46,1.365,173.3
2026-08-04,16:24:46,1.365,173.3
2026-08-04,16:24:46,1.365,173.3
2026-08-04,16:24:46,1.365,173.3
2026-08-04,16:24:46,1.365,173.3
2026-08-04,16:24:46,1.365,173.3
2026-08-04,16:24:47,1.364,173.3
2026-08-04,16:24:47,1.364,173.3
2026-08-04,16:24:47,1.364,173.3
2026-08-04,16:24:47,1.364,173.3
2026-08-04,16:24:47,1.364,173.3
2026-08-04,16:24:47,1.364,173.3
2026-08-04,16:24:48,1.364,173.3
2026-08-04,16:24:48,1.365,173.3
2026-08-04,16:24:48,1.365,173.3
2026-08-04,16:24:48,1.365,173.3
2026-08-04,16:24:48,1.365,173.3
2026-08-04,16:24:48,1.365,173.3
2026-08-04,16:24:49,1.365,173.3
2026-08-04,16:24:49,1.365,173.3
2026-08-04,16:24:49,1.365,173.3
2026-08-04,16:24:49,1.365,173.3
2026-08-04,16:24:49,1.365,173.3
2026-08-04,16:24:49,1.365,173.3
2026-08-04,16:24:50,1.365,173.3
2026-08-04,16:24:50,1.365,173.3
2026-08-04,16:24:50,1.365,173.3
2026-08-04,16:24:50,1.365,173.3
2026-08-04,16:24:50,1.365,173.3
2026-08-04,16:24:50,1.365,173.3
2026-08-04,16:24:51,1.365,173.3
2026-08-04,16:24:51,1.364,173.3
2026-08-04,16:24:51,1.364,173.3
2026-08-04,16:24:51,1.364,173.3
2026-08-04,16:24:51,1.364,173.3
2026-08-04,16:24:51,1.364,173.3
2026-08-04,16:24:52,1.364,173.3
2026-08-04,16:24:52,1.364,173.3
2026-08-04,16:24:52,1.364,173.3
2026-08-04,16:24:52,1.364,173.3
2026-08-04,16:24:52,1.364,173.3
2026-08-04,16:24:52,1.364,173.3
2026-08-04,16:24:52,1.364,173.3
2026-08-04,16:24:53,1.364,173.3
2026-08-04,16:24:53,1.364,173.3
2026-08-04,16:24:53,1.364,173.3
2026-08-04,16:24:53,1.364,173.3
2026-08-04,16:24:53,1.364,173.3
2026-08-04,16:24:53,1.364,173.3
2026-08-04,16:24:54,1.364,173.3
2026-08-04,16:24:54,1.364,173.3
2026-08-04,16:24:54,1.364,173.3
2026-08-04,16:24:54,1.364,173.3
2026-08-04,16:24:54,1.364,173.3
2026-08-04,16:24:54,1.364,173.3
2026-08-04,16:24:55,1.364,173.3
2026-08-04,16:24:55,1.364,173.3
2026-08-04,16:24:55,1.364,173.3
2026-08-04,16:24:55,1.364,173.3
2026-08-04,16:24:55,1.364,173.3
2026-08-04,16:24:55,1.364,173.3
2026-08-04,16:24:56,1.364,173.3
2026-08-04,16:24:56,1.364,173.3
2026-08-04,16:24:56,1.364,173.3
2026-08-04,16:24:56,1.364,173.3
2026-08-04,16:24:56,1.364,173.3
2026-08-04,16:24:56,1.364,173.3
2026-08-04,16:24:57,1.364,173.3
2026-08-04,16:24:57,1.364,173.3
2026-08-04,16:24:57,1.364,173.3
2026-08-04,16:24:57,1.364,173.3
2026-08-04,16:24:57,1.364,173.3
2026-08-04,16:24:57,1.364,173.3
2026-08-04,16:24:58,1.364,173.3
2026-08-04,16:24:58,1.364,173.3
2026-08-04,16:24:58,1.364,173.3
2026-08-04,16:24:58,1.364,173.3
2026-08-04,16:24:58,1.364,173.3
2026-08-04,16:24:58,1.364,173.3
2026-08-04,16:24:59,1.364,173.3
2026-08-04,16:24:59,1.364,173.3
2026-08-04,16:24:59,1.364,173.3
2026-08-04,16:24:59,1.364,173.3
2026-08-04,16:24:59,1.364,173.3
2026-08-04,16:24:59,1.364,173.3
2026-08-04,16:25:00,1.364,173.3
2026-08-04,16:25:00,1.364,173.3
2026-08-04,16:25:00,1.364,173.3
2026-08-04,16:25:00,1.364,173.3
2026-08-04,16:25:00,1.364,173.3
2026-08-04,16:25:00,1.364,173.3
2026-08-04,16:25:01,1.364,173.3
2026-08-04,16:25:01,1.364,173.3
2026-08-04,16:25:01,1.364,173.3
2026-08-04,16:25:01,1.364,173.3
2026-08-04,16:25:01,1.364,173.3
2026-08-04,16:25:01,1.364,173.3
2026-08-04,16:25:02,1.364,173.3
2026-08-04,16:25:02,1.364,173.3
2026-08-04,16:25:02,1.364,173.3
2026-08-04,16:25:02,1.364,173.3
2026-08-04,16:25:02,1.364,173.3
2026-08-04,16:25:02,1.364,173.3
2026-08-04,16:25:03,1.364,173.3
2026-08-04,16:25:03,1.364,173.3
2026-08-04,16:25:03,1.364,173.3
2026-08-04,16:25:03,1.364,173.3
2026-08-04,16:25:03,1.364,173.3
2026-08-04,16:25:03,1.364,173.3
2026-08-04,16:25:04,1.364,173.3
2026-08-04,16:25:04,1.364,173.3
2026-08-04,16:25:04,1.364,173.3
2026-08-04,16:25:04,1.364,173.3
2026-08-04,16:25:04,1.364,173.3
2026-08-04,16:25:04,1.364,173.3
2026-08-04,16:25:05,1.364,173.3
2026-08-04,16:25:05,1.364,173.3
2026-08-04,16:25:05,1.365,173.3
2026-08-04,16:25:05,1.365,173.3
2026-08-04,16:25:05,1.365,173.3
2026-08-04,16:25:05,1.365,173.3
2026-08-04,16:25:06,1.365,173.3
2026-08-04,16:25:06,1.365,173.3
2026-08-04,16:25:06,1.365,173.3
2026-08-04,16:25:06,1.365,173.3
2026-08-04,16:25:06,1.365,173.3
2026-08-04,16:25:06,1.365,173.3
2026-08-04,16:25:07,1.365,173.3
2026-08-04,16:25:07,1.365,173.3
2026-08-04,16:25:07,1.365,173.3
2026-08-04,16:25:07,1.365,173.3
2026-08-04,16:25:07,1.365,173.3
2026-08-04,16:25:07,1.365,173.3
2026-08-04,16:25:08,1.364,173.3
2026-08-04,16:25:08,1.364,173.3
2026-08-04,16:25:08,1.364,173.3
2026-08-04,16:25:08,1.364,173.3
2026-08-04,16:25:08,1.364,173.3
2026-08-04,16:25:08,1.364,173.3
2026-08-04,16:25:09,1.364,173.3
2026-08-04,16:25:09,1.364,173.3
2026-08-04,16:25:09,1.364,173.3
2026-08-04,16:25:09,1.365,173.3
2026-08-04,16:25:09,1.365,173.3
2026-08-04,16:25:09,1.365,173.3
2026-08-04,16:25:09,1.365,173.3
2026-08-04,16:25:10,1.365,173.3
2026-08-04,16:25:10,1.365,173.3
2026-08-04,16:25:10,1.365,173.3
2026-08-04,16:25:10,1.365,173.3
2026-08-04,16:25:10,1.365,173.3
2026-08-04,16:25:10,1.365,173.3
2026-08-04,16:25:11,1.365,173.3
2026-08-04,16:25:11,1.365,173.3
2026-08-04,16:25:11,1.365,173.3
2026-08-04,16:25:11,1.365,173.3
2026-08-04,16:25:11,1.365,173.3
2026-08-04,16:25:11,1.365,173.3
2026-08-04,16:25:12,1.365,173.3
2026-08-04,16:25:12,1.365,173.3
2026-08-04,16:25:12,1.365,173.3
2026-08-04,16:25:12,1.365,173.3
2026-08-04,16:25:12,1.365,173.3
2026-08-04,16:25:12,1.365,173.3
2026-08-04,16:25:13,1.365,173.3
2026-08-04,16:25:13,1.365,173.3
2026-08-04,16:25:13,1.365,173.3
2026-08-04,16:25:13,1.365,173.3
2026-08-04,16:25:13,1.365,173.3
2026-08-04,16:25:13,1.365,173.3
2026-08-04,16:25:14,1.365,173.3
2026-08-04,16:25:14,1.365,173.3
2026-08-04,16:25:14,1.365,173.3
2026-08-04,16:25:14,1.365,173.3
2026-08-04,16:25:14,1.365,173.3
2026-08-04,16:25:14,1.365,173.3
2026-08-04,16:25:15,1.365,173.3
2026-08-04,16:25:15,1.365,173.3
2026-08-04,16:25:15,1.365,173.3
2026-08-04,16:25:15,1.365,173.3
2026-08-04,16:25:15,1.365,173.3
2026-08-04,16:25:15,1.365,173.3
2026-08-04,16:25:16,1.365,173.3
2026-08-04,16:25:16,1.365,173.3
2026-08-04,16:25:16,1.365,173.3
2026-08-04,16:25:16,1.365,173.3
2026-08-04,16:25:16,1.365,173.3
2026-08-04,16:25:16,1.365,173.3
2026-08-04,16:25:17,1.365,173.3
2026-08-04,16:25:17,1.365,173.3
2026-08-04,16:25:17,1.365,173.3
2026-08-04,16:25:17,1.365,173.3
2026-08-04,16:25:17,1.365,173.3
2026-08-04,16:25:17,1.365,173.3
2026-08-04,16:25:18,1.365,173.3
2026-08-04,16:25:18,1.364,173.3
2026-08-04,16:25:18,1.364,173.3
2026-08-04,16:25:18,1.364,173.3
2026-08-04,16:25:18,1.364,173.3
2026-08-04,16:25:18,1.364,173.3
2026-08-04,16:25:19,1.364,173.3
2026-08-04,16:25:19,1.364,173.3
2026-08-04,16:25:19,1.364,173.3
2026-08-04,16:25:19,1.364,173.3
2026-08-04,16:25:19,1.364,173.3
2026-08-04,16:25:19,1.364,173.3
2026-08-04,16:25:20,1.364,173.3
2026-08-04,16:25:20,1.364,173.3
2026-08-04,16:25:20,1.364,173.3
2026-08-04,16:25:20,1.364,173.3
2026-08-04,16:25:20,1.364,173.3
2026-08-04,16:25:20,1.364,173.3
2026-08-04,16:25:21,1.364,173.3
2026-08-04,16:25:21,1.364,173.3
2026-08-04,16:25:21,1.364,173.3
2026-08-04,16:25:21,1.364,173.3
2026-08-04,16:25:21,1.364,173.3
2026-08-04,16:25:21,1.364,173.3
2026-08-04,16:25:22,1.364,173.3
2026-08-04,16:25:22,1.364,173.3
2026-08-04,16:25:22,1.364,173.3
2026-08-04,16:25:22,1.364,173.3
2026-08-04,16:25:22,1.364,173.3
2026-08-04,16:25:22,1.364,173.3
2026-08-04,16:25:23,1.364,173.3
2026-08-04,16:25:23,1.364,173.3
2026-08-04,16:25:23,1.364,173.3
2026-08-04,16:25:23,1.364,173.3
2026-08-04,16:25:23,1.364,173.3
2026-08-04,16:25:23,1.364,173.3
2026-08-04,16:25:24,1.364,173.3
2026-08-04,16:25:24,1.364,173.3
2026-08-04,16:25:24,1.364,173.3
2026-08-04,16:25:24,1.364,173.3
2026-08-04,16:25:24,1.364,173.3
2026-08-04,16:25:24,1.364,173.3
2026-08-04,16:25:25,1.364,173.3
2026-08-04,16:25:25,1.364,173.3
2026-08-04,16:25:25,1.364,173.3
2026-08-04,16:25:25,1.364,173.3
2026-08-04,16:25:25,1.364,173.3
2026-08-04,16:25:25,1.364,173.3
2026-08-04,16:25:25,1.364,173.3
2026-08-04,16:25:26,1.364,173.3
2026-08-04,16:25:26,1.364,173.3
2026-08-04,16:25:26,1.364,173.3
2026-08-04,16:25:26,1.364,173.3
2026-08-04,16:25:26,1.364,173.3
2026-08-04,16:25:26,1.364,173.3
2026-08-04,16:25:27,1.364,173.3
2026-08-04,16:25:27,1.364,173.3
2026-08-04,16:25:27,1.364,173.3
2026-08-04,16:25:27,1.364,173.3
2026-08-04,16:25:27,1.364,173.3
2026-08-04,16:25:27,1.364,173.3
2026-08-04,16:25:28,1.364,173.3
2026-08-04,16:25:28,1.364,173.3
2026-08-04,16:25:28,1.364,173.3
2026-08-04,16:25:28,1.364,173.3
2026-08-04,16:25:28,1.364,173.3
2026-08-04,16:25:28,1.364,173.3
2026-08-04,16:25:29,1.364,173.3
2026-08-04,16:25:29,1.364,173.3
2026-08-04,16:25:29,1.364,173.3
2026-08-04,16:25:29,1.364,173.3
2026-08-04,16:25:29,1.364,173.3
2026-08-04,16:25:29,1.364,173.3
2026-08-04,16:25:30,1.364,173.3
2026-08-04,16:25:30,1.364,173.3
2026-08-04,16:25:30,1.364,173.3
2026-08-04,16:25:30,1.364,173.3
2026-08-04,16:25:30,1.364,173.3
2026-08-04,16:25:30,1.364,173.3
2026-08-04,16:25:31,1.364,173.3
2026-08-04,16:25:31,1.364,173.3
2026-08-04,16:25:31,1.364,173.3
2026-08-04,16:25:31,1.364,173.3
2026-08-04,16:25:31,1.364,173.3
2026-08-04,16:25:31,1.364,173.3
2026-08-04,16:25:32,1.364,173.3
2026-08-04,16:25:32,1.364,173.3
2026-08-04,16:25:32,1.364,173.3
2026-08-04,16:25:32,1.364,173.3
2026-08-04,16:25:32,1.364,173.3
2026-08-04,16:25:32,1.364,173.3
2026-08-04,16:25:33,1.364,173.3
2026-08-04,16:25:33,1.364,173.3
2026-08-04,16:25:33,1.364,173.3
2026-08-04,16:25:33,1.364,173.3
2026-08-04,16:25:33,1.364,173.3
2026-08-04,16:25:33,1.364,173.3
2026-08-04,16:25:34,1.364,173.3
2026-08-04,16:25:34,1.364,173.3
2026-08-04,16:25:34,1.364,173.3
2026-08-04,16:25:34,1.364,173.3
2026-08-04,16:25:34,1.364,173.3
2026-08-04,16:25:34,1.364,173.3
2026-08-04,16:25:35,1.365,173.3
2026-08-04,16:25:35,1.365,173.3
2026-08-04,16:25:35,1.365,173.3
2026-08-04,16:25:35,1.365,173.3
2026-08-04,16:25:35,1.365,173.3
2026-08-04,16:25:35,1.365,173.3
2026-08-04,16:25:36,1.365,173.3
2026-08-04,16:25:36,1.365,173.3
2026-08-04,16:25:36,1.365,173.3
2026-08-04,16:25:36,1.365,173.3
2026-08-04,16:25:36,1.365,173.3
2026-08-04,16:25:36,1.365,173.3
2026-08-04,16:25:37,1.365,173.3
2026-08-04,16:25:37,1.365,173.3
2026-08-04,16:25:37,1.365,173.3
2026-08-04,16:25:37,1.365,173.3
2026-08-04,16:25:37,1.365,173.3
2026-08-04,16:25:37,1.365,173.3
2026-08-04,16:25:38,1.365,173.3
2026-08-04,16:25:38,1.365,173.3
2026-08-04,16:25:38,1.365,173.3
2026-08-04,16:25:38,1.365,173.3
2026-08-04,16:25:38,1.365,173.3
2026-08-04,16:25:38,1.365,173.3
2026-08-04,16:25:39,1.365,173.3
2026-08-04,16:25:39,1.365,173.3
2026-08-04,16:25:39,1.365,173.3
2026-08-04,16:25:39,1.365,173.3
2026-08-04,16:25:39,1.365,173.3
2026-08-04,16:25:39,1.365,173.3
2026-08-04,16:25:40,1.365,173.3
2026-08-04,16:25:40,1.365,173.3
2026-08-04,16:25:40,1.365,173.3
2026-08-04,16:25:40,1.365,173.3
2026-08-04,16:25:40,1.365,173.3
2026-08-04,16:25:40,1.365,173.3
2026-08-04,16:25:41,1.365,173.3
2026-08-04,16:25:41,1.365,173.3
2026-08-04,16:25:41,1.365,173.3
2026-08-04,16:25:41,1.365,173.3
2026-08-04,16:25:41,1.365,173.3
2026-08-04,16:25:41,1.365,173.3
2026-08-04,16:25:42,1.365,173.3
2026-08-04,16:25:42,1.365,173.3
2026-08-04,16:25:42,1.365,173.3
2026-08-04,16:25:42,1.365,173.3
2026-08-04,16:25:42,1.365,173.3
2026-08-04,16:25:42,1.365,173.3
2026-08-04,16:25:42,1.365,173.3
2026-08-04,16:25:43,1.365,173.3
2026-08-04,16:25:43,1.365,173.3
2026-08-04,16:25:43,1.365,173.3
2026-08-04,16:25:43,1.364,173.3
2026-08-04,16:25:43,1.364,173.3
2026-08-04,16:25:43,1.364,173.3
2026-08-04,16:25:44,1.364,173.3
2026-08-04,16:25:44,1.364,173.3
2026-08-04,16:25:44,1.364,173.3
2026-08-04,16:25:44,1.364,173.3
2026-08-04,16:25:44,1.364,173.3
2026-08-04,16:25:44,1.364,173.3
2026-08-04,16:25:45,1.364,173.3
2026-08-04,16:25:45,1.364,173.3
2026-08-04,16:25:45,1.364,173.3
2026-08-04,16:25:45,1.364,173.3
2026-08-04,16:25:45,1.364,173.3
2026-08-04,16:25:45,1.364,173.3
2026-08-04,16:25:46,1.364,173.3
2026-08-04,16:25:46,1.364,173.3
2026-08-04,16:25:46,1.364,173.3
2026-08-04,16:25:46,1.364,173.3
2026-08-04,16:25:46,1.364,173.3
2026-08-04,16:25:46,1.364,173.3
2026-08-04,16:25:47,1.364,173.3
2026-08-04,16:25:47,1.364,173.3
2026-08-04,16:25:47,1.364,173.3
2026-08-04,16:25:47,1.364,173.3
2026-08-04,16:25:47,1.364,173.3
2026-08-04,16:25:47,1.364,173.3
2026-08-04,16:25:48,1.364,173.3
2026-08-04,16:25:48,1.364,173.3
2026-08-04,16:25:48,1.364,173.3
2026-08-04,16:25:48,1.364,173.3
2026-08-04,16:25:48,1.364,173.3
2026-08-04,16:25:48,1.364,173.3
2026-08-04,16:25:49,1.364,173.3
2026-08-04,16:25:49,1.364,173.3
2026-08-04,16:25:49,1.365,173.3
2026-08-04,16:25:49,1.365,173.3
2026-08-04,16:25:49,1.365,173.3
2026-08-04,16:25:49,1.365,173.3
2026-08-04,16:25:50,1.365,173.3
2026-08-04,16:25:50,1.365,173.3
2026-08-04,16:25:50,1.365,173.3
2026-08-04,16:25:50,1.365,173.3
2026-08-04,16:25:50,1.365,173.3
2026-08-04,16:25:50,1.365,173.3
2026-08-04,16:25:51,1.365,173.3
2026-08-04,16:25:51,1.365,173.3
2026-08-04,16:25:51,1.365,173.3
2026-08-04,16:25:51,1.365,173.3
2026-08-04,16:25:51,1.365,173.3
2026-08-04,16:25:51,1.365,173.3
2026-08-04,16:25:52,1.365,173.3
2026-08-04,16:25:52,1.365,173.3
2026-08-04,16:25:52,1.365,173.3
2026-08-04,16:25:52,1.365,173.3
2026-08-04,16:25:52,1.365,173.3
2026-08-04,16:25:52,1.365,173.3
2026-08-04,16:25:53,1.365,173.3
2026-08-04,16:25:53,1.365,173.3
2026-08-04,16:25:53,1.365,173.3
2026-08-04,16:25:53,1.365,173.3
2026-08-04,16:25:53,1.365,173.3
2026-08-04,16:25:53,1.365,173.3
2026-08-04,16:25:54,1.365,173.3
2026-08-04,16:25:54,1.365,173.3
2026-08-04,16:25:54,1.365,173.3
2026-08-04,16:25:54,1.365,173.3
2026-08-04,16:25:54,1.365,173.3
2026-08-04,16:25:54,1.365,173.3
2026-08-04,16:25:55,1.365,173.3
2026-08-04,16:25:55,1.365,173.3
2026-08-04,16:25:55,1.365,173.3
2026-08-04,16:25:55,1.365,173.3
2026-08-04,16:25:55,1.365,173.3
2026-08-04,16:25:55,1.365,173.3
2026-08-04,16:25:56,1.365,173.3
2026-08-04,16:25:56,1.365,173.3
2026-08-04,16:25:56,1.365,173.3
2026-08-04,16:25:56,1.365,173.3
2026-08-04,16:25:56,1.365,173.3
2026-08-04,16:25:56,1.365,173.3
2026-08-04,16:25:57,1.365,173.3
2026-08-04,16:25:57,1.365,173.3
2026-08-04,16:25:57,1.365,173.3
2026-08-04,16:25:57,1.365,173.3
2026-08-04,16:25:57,1.365,173.3
2026-08-04,16:25:57,1.365,173.3
2026-08-04,16:25:58,1.365,173.3
2026-08-04,16:25:58,1.365,173.3
2026-08-04,16:25:58,1.365,173.3
2026-08-04,16:25:58,1.365,173.3
2026-08-04,16:25:58,1.365,173.3
2026-08-04,16:25:58,1.365,173.3
2026-08-04,16:25:58,1.365,173.3
2026-08-04,16:25:59,1.365,173.3
2026-08-04,16:25:59,1.365,173.3
2026-08-04,16:25:59,1.365,173.3
2026-08-04,16:25:59,1.365,173.3
2026-08-04,16:25:59,1.365,173.3
2026-08-04,16:25:59,1.365,173.3
2026-08-04,16:26:00,1.365,173.3
2026-08-04,16:26:00,1.365,173.3
2026-08-04,16:26:00,1.365,173.3
2026-08-04,16:26:00,1.365,173.3
2026-08-04,16:26:00,1.365,173.3
2026-08-04,16:26:00,1.365,173.3
2026-08-04,16:26:01,1.365,173.3
2026-08-04,16:26:01,1.365,173.3
2026-08-04,16:26:01,1.365,173.3
2026-08-04,16:26:01,1.365,173.3
2026-08-04,16:26:01,1.365,173.3
2026-08-04,16:26:01,1.365,173.3
2026-08-04,16:26:02,1.365,173.3
2026-08-04,16:26:02,1.365,173.3
2026-08-04,16:26:02,1.365,173.3
2026-08-04,16:26:02,1.365,173.3
2026-08-04,16:26:02,1.365,173.3
2026-08-04,16:26:02,1.365,173.3
2026-08-04,16:26:03,1.365,173.3
2026-08-04,16:26:03,1.365,173.3
2026-08-04,16:26:03,1.365,173.3
2026-08-04,16:26:03,1.365,173.3
2026-08-04,16:26:03,1.365,173.3
2026-08-04,16:26:03,1.365,173.3
2026-08-04,16:26:04,1.365,173.3
2026-08-04,16:26:04,1.365,173.3
2026-08-04,16:26:04,1.365,173.3
2026-08-04,16:26:04,1.365,173.3
2026-08-04,16:26:04,1.365,173.3
2026-08-04,16:26:04,1.365,173.3
2026-08-04,16:26:05,1.365,173.3
2026-08-04,16:26:05,1.365,173.3
2026-08-04,16:26:05,1.365,173.3
2026-08-04,16:26:05,1.365,173.3
2026-08-04,16:26:05,1.365,173.3
2026-08-04,16:26:05,1.365,173.3
2026-08-04,16:26:06,1.365,173.3
2026-08-04,16:26:06,1.365,173.3
2026-08-04,16:26:06,1.365,173.3
2026-08-04,16:26:06,1.365,173.3
2026-08-04,16:26:06,1.365,173.3
2026-08-04,16:26:06,1.365,173.3
2026-08-04,16:26:07,1.365,173.3
2026-08-04,16:26:07,1.365,173.3
2026-08-04,16:26:07,1.365,173.3
2026-08-04,16:26:07,1.365,173.3
2026-08-04,16:26:07,1.365,173.3
2026-08-04,16:26:07,1.365,173.3
2026-08-04,16:26:08,1.365,173.3
2026-08-04,16:26:08,1.365,173.3
2026-08-04,16:26:08,1.365,173.3
2026-08-04,16:26:08,1.365,173.3
2026-08-04,16:26:08,1.365,173.3
2026-08-04,16:26:08,1.365,173.3
2026-08-04,16:26:09,1.365,173.3
2026-08-04,16:26:09,1.365,173.3
2026-08-04,16:26:09,1.365,173.3
2026-08-04,16:26:09,1.365,173.3
2026-08-04,16:26:09,1.365,173.3
2026-08-04,16:26:09,1.365,173.3
2026-08-04,16:26:10,1.365,173.3
2026-08-04,16:26:10,1.365,173.3
2026-08-04,16:26:10,1.365,173.3
2026-08-04,16:26:10,1.365,173.3
2026-08-04,16:26:10,1.365,173.3
2026-08-04,16:26:10,1.365,173.3
2026-08-04,16:26:11,1.365,173.3
2026-08-04,16:26:11,1.365,173.3
2026-08-04,16:26:11,1.365,173.3
2026-08-04,16:26:11,1.365,173.3
2026-08-04,16:26:11,1.365,173.3
2026-08-04,16:26:11,1.365,173.3
2026-08-04,16:26:12,1.365,173.3
2026-08-04,16:26:12,1.365,173.3
2026-08-04,16:26:12,1.365,173.3
2026-08-04,16:26:12,1.365,173.3
2026-08-04,16:26:12,1.365,173.3
2026-08-04,16:26:12,1.365,173.3
2026-08-04,16:26:13,1.365,173.3
2026-08-04,16:26:13,1.365,173.3
2026-08-04,16:26:13,1.365,173.3
2026-08-04,16:26:13,1.365,173.3
2026-08-04,16:26:13,1.365,173.3
2026-08-04,16:26:13,1.365,173.3
2026-08-04,16:26:14,1.365,173.3
2026-08-04,16:26:14,1.365,173.3
2026-08-04,16:26:14,1.365,173.3
2026-08-04,16:26:14,1.365,173.3
2026-08-04,16:26:14,1.365,173.3
2026-08-04,16:26:14,1.365,173.3
2026-08-04,16:26:14,1.365,173.3
2026-08-04,16:26:15,1.365,173.3
2026-08-04,16:26:15,1.365,173.3
2026-08-04,16:26:15,1.365,173.3
2026-08-04,16:26:15,1.365,173.3
2026-08-04,16:26:15,1.365,173.3
2026-08-04,16:26:15,1.365,173.3
2026-08-04,16:26:16,1.365,173.3
2026-08-04,16:26:16,1.365,173.3
2026-08-04,16:26:16,1.365,173.3
2026-08-04,16:26:16,1.365,173.3
2026-08-04,16:26:16,1.365,173.3
2026-08-04,16:26:16,1.365,173.3
2026-08-04,16:26:17,1.365,173.3
2026-08-04,16:26:17,1.365,173.3
2026-08-04,16:26:17,1.365,173.3
2026-08-04,16:26:17,1.365,173.3
2026-08-04,16:26:17,1.365,173.3
2026-08-04,16:26:17,1.365,173.3
2026-08-04,16:26:18,1.365,173.3
2026-08-04,16:26:18,1.365,173.3
2026-08-04,16:26:18,1.365,173.3
2026-08-04,16:26:18,1.365,173.3
2026-08-04,16:26:18,1.365,173.3
2026-08-04,16:26:18,1.365,173.3
2026-08-04,16:26:19,1.365,173.3
2026-08-04,16:26:19,1.365,173.3
2026-08-04,16:26:19,1.365,173.3
2026-08-04,16:26:19,1.365,173.3
2026-08-04,16:26:19,1.365,173.3
2026-08-04,16:26:19,1.365,173.3
2026-08-04,16:26:20,1.365,173.3
2026-08-04,16:26:20,1.365,173.3
2026-08-04,16:26:20,1.365,173.3
2026-08-04,16:26:20,1.365,173.3
2026-08-04,16:26:20,1.365,173.3
2026-08-04,16:26:20,1.365,173.3
2026-08-04,16:26:21,1.365,173.3
2026-08-04,16:26:21,1.365,173.3
2026-08-04,16:26:21,1.365,173.3
2026-08-04,16:26:21,1.365,173.3
2026-08-04,16:26:21,1.365,173.3
2026-08-04,16:26:21,1.365,173.3
2026-08-04,16:26:22,1.365,173.3
2026-08-04,16:26:22,1.365,173.3
2026-08-04,16:26:22,1.365,173.3
2026-08-04,16:26:22,1.365,173.3
2026-08-04,16:26:22,1.365,173.3
2026-08-04,16:26:22,1.365,173.3
2026-08-04,16:26:23,1.365,173.3
2026-08-04,16:26:23,1.365,173.3
2026-08-04,16:26:23,1.365,173.3
2026-08-04,16:26:23,1.365,173.3
2026-08-04,16:26:23,1.365,173.3
2026-08-04,16:26:23,1.365,173.3
2026-08-04,16:26:24,1.365,173.3
2026-08-04,16:26:24,1.365,173.3
2026-08-04,16:26:24,1.365,173.3
2026-08-04,16:26:24,1.365,173.3
2026-08-04,16:26:24,1.365,173.3
2026-08-04,16:26:24,1.365,173.3
2026-08-04,16:26:25,1.365,173.3
2026-08-04,16:26:25,1.365,173.3
2026-08-04,16:26:25,1.365,173.3
2026-08-04,16:26:25,1.365,173.4
2026-08-04,16:26:25,1.365,173.4
2026-08-04,16:26:25,1.365,173.4
2026-08-04,16:26:26,1.365,173.4
2026-08-04,16:26:26,1.365,173.4
2026-08-04,16:26:26,1.365,173.4
2026-08-04,16:26:26,1.365,173.4
2026-08-04,16:26:26,1.365,173.4
2026-08-04,16:26:26,1.365,173.4
2026-08-04,16:26:27,1.365,173.4
2026-08-04,16:26:27,1.365,173.4
2026-08-04,16:26:27,1.365,173.4
2026-08-04,16:26:27,1.365,173.4
2026-08-04,16:26:27,1.365,173.4
2026-08-04,16:26:27,1.365,173.4
2026-08-04,16:26:28,1.365,173.4
2026-08-04,16:26:28,1.365,173.4
2026-08-04,16:26:28,1.365,173.4
2026-08-04,16:26:28,1.365,173.4
2026-08-04,16:26:28,1.365,173.4
2026-08-04,16:26:28,1.365,173.4
2026-08-04,16:26:29,1.365,173.4
2026-08-04,16:26:29,1.365,173.4
2026-08-04,16:26:29,1.365,173.4
2026-08-04,16:26:29,1.365,173.4
2026-08-04,16:26:29,1.365,173.4
2026-08-04,16:26:29,1.365,173.4
2026-08-04,16:26:30,1.365,173.4
2026-08-04,16:26:30,1.365,173.4
2026-08-04,16:26:30,1.365,173.4
2026-08-04,16:26:30,1.365,173.4
2026-08-04,16:26:30,1.365,173.4
2026-08-04,16:26:30,1.365,173.4
2026-08-04,16:26:31,1.365,173.4
2026-08-04,16:26:31,1.365,173.4
2026-08-04,16:26:31,1.365,173.4
2026-08-04,16:26:31,1.365,173.4
2026-08-04,16:26:31,1.365,173.4
2026-08-04,16:26:31,1.365,173.4
2026-08-04,16:26:31,1.365,173.4
2026-08-04,16:26:32,1.365,173.4
2026-08-04,16:26:32,1.365,173.4
2026-08-04,16:26:32,1.365,173.4
2026-08-04,16:26:32,1.365,173.4
2026-08-04,16:26:32,1.365,173.4
2026-08-04,16:26:32,1.365,173.4
2026-08-04,16:26:33,1.365,173.4
2026-08-04,16:26:33,1.365,173.4
2026-08-04,16:26:33,1.365,173.4
2026-08-04,16:26:33,1.365,173.4
2026-08-04,16:26:33,1.365,173.4
2026-08-04,16:26:33,1.365,173.4
2026-08-04,16:26:34,1.365,173.4
2026-08-04,16:26:34,1.365,173.4
2026-08-04,16:26:34,1.365,173.4
2026-08-04,16:26:34,1.365,173.4
2026-08-04,16:26:34,1.365,173.4
2026-08-04,16:26:34,1.365,173.4
2026-08-04,16:26:35,1.365,173.4
2026-08-04,16:26:35,1.365,173.4
2026-08-04,16:26:35,1.365,173.4
2026-08-04,16:26:35,1.365,173.4
2026-08-04,16:26:35,1.365,173.4
2026-08-04,16:26:35,1.365,173.4
2026-08-04,16:26:36,1.365,173.4
2026-08-04,16:26:36,1.365,173.4
2026-08-04,16:26:36,1.365,173.4
2026-08-04,16:26:36,1.365,173.4
2026-08-04,16:26:36,1.365,173.4
2026-08-04,16:26:36,1.365,173.4
2026-08-04,16:26:37,1.365,173.4
2026-08-04,16:26:37,1.365,173.4
2026-08-04,16:26:37,1.365,173.4
2026-08-04,16:26:37,1.365,173.4
2026-08-04,16:26:37,1.365,173.4
2026-08-04,16:26:37,1.365,173.4
2026-08-04,16:26:38,1.365,173.4
2026-08-04,16:26:38,1.365,173.4
2026-08-04,16:26:38,1.365,173.4
2026-08-04,16:26:38,1.365,173.4
2026-08-04,16:26:38,1.365,173.4
2026-08-04,16:26:38,1.365,173.4
2026-08-04,16:26:39,1.365,173.4
2026-08-04,16:26:39,1.365,173.4
2026-08-04,16:26:39,1.365,173.4
2026-08-04,16:26:39,1.365,173.4
2026-08-04,16:26:39,1.365,173.4
2026-08-04,16:26:39,1.365,173.4
2026-08-04,16:26:40,1.365,173.4
2026-08-04,16:26:40,1.365,173.4
2026-08-04,16:26:40,1.365,173.4
2026-08-04,16:26:40,1.365,173.4
2026-08-04,16:26:40,1.365,173.4
2026-08-04,16:26:40,1.365,173.4
2026-08-04,16:26:41,1.365,173.4
2026-08-04,16:26:41,1.365,173.4
2026-08-04,16:26:41,1.365,173.4
2026-08-04,16:26:41,1.365,173.4
2026-08-04,16:26:41,1.365,173.4
2026-08-04,16:26:41,1.365,173.4
2026-08-04,16:26:42,1.365,173.4
2026-08-04,16:26:42,1.365,173.4
2026-08-04,16:26:42,1.365,173.4
2026-08-04,16:26:42,1.365,173.4
2026-08-04,16:26:42,1.365,173.4
2026-08-04,16:26:42,1.365,173.4
2026-08-04,16:26:43,1.365,173.4
2026-08-04,16:26:43,1.365,173.4
2026-08-04,16:26:43,1.365,173.4
2026-08-04,16:26:43,1.365,173.4
2026-08-04,16:26:43,1.365,173.4
2026-08-04,16:26:43,1.365,173.4
2026-08-04,16:26:44,1.365,173.4
2026-08-04,16:26:44,1.365,173.4
2026-08-04,16:26:44,1.365,173.4
2026-08-04,16:26:44,1.365,173.4
2026-08-04,16:26:44,1.365,173.4
2026-08-04,16:26:44,1.365,173.4
2026-08-04,16:26:45,1.365,173.4
2026-08-04,16:26:45,1.365,173.4
2026-08-04,16:26:45,1.365,173.4
2026-08-04,16:26:45,1.365,173.4
2026-08-04,16:26:45,1.365,173.4
2026-08-04,16:26:45,1.365,173.4
2026-08-04,16:26:46,1.365,173.4
2026-08-04,16:26:46,1.365,173.4
2026-08-04,16:26:46,1.365,173.4
2026-08-04,16:26:46,1.365,173.4
2026-08-04,16:26:46,1.365,173.4
2026-08-04,16:26:46,1.365,173.4
2026-08-04,16:26:47,1.365,173.4
2026-08-04,16:26:47,1.365,173.4
2026-08-04,16:26:47,1.365,173.4
2026-08-04,16:26:47,1.365,173.4
2026-08-04,16:26:47,1.365,173.4
2026-08-04,16:26:47,1.365,173.4
2026-08-04,16:26:47,1.365,173.4
2026-08-04,16:26:48,1.365,173.4
2026-08-04,16:26:48,1.365,173.4
2026-08-04,16:26:48,1.365,173.4
2026-08-04,16:26:48,1.365,173.4
2026-08-04,16:26:48,1.365,173.4
2026-08-04,16:26:48,1.365,173.4
2026-08-04,16:26:49,1.365,173.4
2026-08-04,16:26:49,1.365,173.4
2026-08-04,16:26:49,1.365,173.4
2026-08-04,16:26:49,1.365,173.4
2026-08-04,16:26:49,1.365,173.4
2026-08-04,16:26:49,1.365,173.4
2026-08-04,16:26:50,1.365,173.4
2026-08-04,16:26:50,1.365,173.4
2026-08-04,16:26:50,1.365,173.4
2026-08-04,16:26:50,1.365,173.4
2026-08-04,16:26:50,1.365,173.4
2026-08-04,16:26:50,1.365,173.4
2026-08-04,16:26:51,1.365,173.4
2026-08-04,16:26:51,1.365,173.4
2026-08-04,16:26:51,1.365,173.4
2026-08-04,16:26:51,1.365,173.4
2026-08-04,16:26:51,1.365,173.4
2026-08-04,16:26:51,1.365,173.4
2026-08-04,16:26:52,1.365,173.4
2026-08-04,16:26:52,1.365,173.4
2026-08-04,16:26:52,1.365,173.4
2026-08-04,16:26:52,1.365,173.4
2026-08-04,16:26:52,1.365,173.4
2026-08-04,16:26:52,1.365,173.4
2026-08-04,16:26:53,1.365,173.4
2026-08-04,16:26:53,1.365,173.4
2026-08-04,16:26:53,1.365,173.4
2026-08-04,16:26:53,1.365,173.4
2026-08-04,16:26:53,1.365,173.4
2026-08-04,16:26:53,1.365,173.4
2026-08-04,16:26:54,1.365,173.4
2026-08-04,16:26:54,1.365,173.4
2026-08-04,16:26:54,1.365,173.4
2026-08-04,16:26:54,1.365,173.4
2026-08-04,16:26:54,1.365,173.4
2026-08-04,16:26:54,1.365,173.4
2026-08-04,16:26:55,1.365,173.4
2026-08-04,16:26:55,1.365,173.4
2026-08-04,16:26:55,1.365,173.4
2026-08-04,16:26:55,1.365,173.4
2026-08-04,16:26:55,1.365,173.4
2026-08-04,16:26:55,1.365,173.4
2026-08-04,16:26:56,1.365,173.4
2026-08-04,16:26:56,1.365,173.4
2026-08-04,16:26:56,1.365,173.4
2026-08-04,16:26:56,1.365,173.4
2026-08-04,16:26:56,1.365,173.4
2026-08-04,16:26:56,1.365,173.4
2026-08-04,16:26:57,1.365,173.4
2026-08-04,16:26:57,1.365,173.4
2026-08-04,16:26:57,1.365,173.4
2026-08-04,16:26:57,1.365,173.4
2026-08-04,16:26:57,1.365,173.4
2026-08-04,16:26:57,1.365,173.4
2026-08-04,16:26:58,1.365,173.4
2026-08-04,16:26:58,1.365,173.4
2026-08-04,16:26:58,1.365,173.4
2026-08-04,16:26:58,1.365,173.4
2026-08-04,16:26:58,1.365,173.4
2026-08-04,16:26:58,1.365,173.4
2026-08-04,16:26:59,1.365,173.4
2026-08-04,16:26:59,1.365,173.4
2026-08-04,16:26:59,1.365,173.4
2026-08-04,16:26:59,1.365,173.4
2026-08-04,16:26:59,1.365,173.4
2026-08-04,16:26:59,1.365,173.4
2026-08-04,16:27:00,1.365,173.4
2026-08-04,16:27:00,1.365,173.4
2026-08-04,16:27:00,1.365,173.4
2026-08-04,16:27:00,1.365,173.4
2026-08-04,16:27:00,1.365,173.4
2026-08-04,16:27:00,1.365,173.4
2026-08-04,16:27:01,1.365,173.4
2026-08-04,16:27:01,1.365,173.4
2026-08-04,16:27:01,1.365,173.4
2026-08-04,16:27:01,1.365,173.4
2026-08-04,16:27:01,1.365,173.4
2026-08-04,16:27:01,1.365,173.4
2026-08-04,16:27:02,1.365,173.4
2026-08-04,16:27:02,1.365,173.4
2026-08-04,16:27:02,1.365,173.4
2026-08-04,16:27:02,1.365,173.4
2026-08-04,16:27:02,1.365,173.4
2026-08-04,16:27:02,1.365,173.4
2026-08-04,16:27:03,1.365,173.4
2026-08-04,16:27:03,1.365,173.4
2026-08-04,16:27:03,1.365,173.4
2026-08-04,16:27:03,1.365,173.4
2026-08-04,16:27:03,1.365,173.4
2026-08-04,16:27:03,1.365,173.4
2026-08-04,16:27:04,1.365,173.4
2026-08-04,16:27:04,1.365,173.4
2026-08-04,16:27:04,1.365,173.4
2026-08-04,16:27:04,1.365,173.4
2026-08-04,16:27:04,1.365,173.4
2026-08-04,16:27:04,1.365,173.4
2026-08-04,16:27:04,1.365,173.4
2026-08-04,16:27:05,1.365,173.4
2026-08-04,16:27:05,1.365,173.4
2026-08-04,16:27:05,1.365,173.4
2026-08-04,16:27:05,1.365,173.4
2026-08-04,16:27:05,1.365,173.4
2026-08-04,16:27:05,1.365,173.4
2026-08-04,16:27:06,1.365,173.4
2026-08-04,16:27:06,1.365,173.4
2026-08-04,16:27:06,1.365,173.4
2026-08-04,16:27:06,1.365,173.4
2026-08-04,16:27:06,1.365,173.4
2026-08-04,16:27:06,1.365,173.4
2026-08-04,16:27:07,1.365,173.4
2026-08-04,16:27:07,1.365,173.4
2026-08-04,16:27:07,1.365,173.4
2026-08-04,16:27:07,1.365,173.4
2026-08-04,16:27:07,1.365,173.4
2026-08-04,16:27:07,1.365,173.4
2026-08-04,16:27:08,1.365,173.4
2026-08-04,16:27:08,1.365,173.4
2026-08-04,16:27:08,1.365,173.4
2026-08-04,16:27:08,1.365,173.4
2026-08-04,16:27:08,1.365,173.4
2026-08-04,16:27:08,1.365,173.4
2026-08-04,16:27:09,1.365,173.4
2026-08-04,16:27:09,1.365,173.4
2026-08-04,16:27:09,1.365,173.4
2026-08-04,16:27:09,1.365,173.4
2026-08-04,16:27:09,1.365,173.4
2026-08-04,16:27:09,1.365,173.4
2026-08-04,16:27:10,1.365,173.4
2026-08-04,16:27:10,1.365,173.4
2026-08-04,16:27:10,1.365,173.4
2026-08-04,16:27:10,1.365,173.4
2026-08-04,16:27:10,1.365,173.4
2026-08-04,16:27:10,1.365,173.4
2026-08-04,16:27:11,1.365,173.4
2026-08-04,16:27:11,1.365,173.4
2026-08-04,16:27:11,1.365,173.4
2026-08-04,16:27:11,1.365,173.4
2026-08-04,16:27:11,1.365,173.4
2026-08-04,16:27:11,1.365,173.4
2026-08-04,16:27:12,1.365,173.4
2026-08-04,16:27:12,1.365,173.4
2026-08-04,16:27:12,1.365,173.4
2026-08-04,16:27:12,1.365,173.4
2026-08-04,16:27:12,1.365,173.4
2026-08-04,16:27:12,1.365,173.4
2026-08-04,16:27:13,1.365,173.4
2026-08-04,16:27:13,1.365,173.4
2026-08-04,16:27:13,1.365,173.4
2026-08-04,16:27:13,1.365,173.4
2026-08-04,16:27:13,1.365,173.4
2026-08-04,16:27:13,1.365,173.4
2026-08-04,16:27:14,1.365,173.4
2026-08-04,16:27:14,1.365,173.4
2026-08-04,16:27:14,1.365,173.4
2026-08-04,16:27:14,1.365,173.4
2026-08-04,16:27:14,1.365,173.4
2026-08-04,16:27:14,1.365,173.4
2026-08-04,16:27:15,1.365,173.4
2026-08-04,16:27:15,1.365,173.4
2026-08-04,16:27:15,1.365,173.4
2026-08-04,16:27:15,1.365,173.4
2026-08-04,16:27:15,1.365,173.4
2026-08-04,16:27:15,1.365,173.4
2026-08-04,16:27:16,1.365,173.4
2026-08-04,16:27:16,1.365,173.4
2026-08-04,16:27:16,1.365,173.4
2026-08-04,16:27:16,1.365,173.4
2026-08-04,16:27:16,1.365,173.4
2026-08-04,16:27:16,1.365,173.4
2026-08-04,16:27:17,1.365,173.4
2026-08-04,16:27:17,1.365,173.4
2026-08-04,16:27:17,1.365,173.4
2026-08-04,16:27:17,1.365,173.4
2026-08-04,16:27:17,1.365,173.4
2026-08-04,16:27:17,1.365,173.4
2026-08-04,16:27:18,1.365,173.4
2026-08-04,16:27:18,1.365,173.4
2026-08-04,16:27:18,1.365,173.4
2026-08-04,16:27:18,1.365,173.4
2026-08-04,16:27:18,1.365,173.4
2026-08-04,16:27:18,1.365,173.4
2026-08-04,16:27:19,1.365,173.4
2026-08-04,16:27:19,1.365,173.4
2026-08-04,16:27:19,1.365,173.4
2026-08-04,16:27:19,1.365,173.4
2026-08-04,16:27:19,1.365,173.4
2026-08-04,16:27:19,1.365,173.4
2026-08-04,16:27:20,1.365,173.4
2026-08-04,16:27:20,1.365,173.4
2026-08-04,16:27:20,1.365,173.4
2026-08-04,16:27:20,1.365,173.4
2026-08-04,16:27:20,1.365,173.4
2026-08-04,16:27:20,1.365,173.4
2026-08-04,16:27:20,1.365,173.4
2026-08-04,16:27:21,1.365,173.4
2026-08-04,16:27:21,1.365,173.4
2026-08-04,16:27:21,1.365,173.4
2026-08-04,16:27:21,1.365,173.4
2026-08-04,16:27:21,1.365,173.4
2026-08-04,16:27:21,1.365,173.4
2026-08-04,16:27:22,1.365,173.4
2026-08-04,16:27:22,1.365,173.4
2026-08-04,16:27:22,1.365,173.4
2026-08-04,16:27:22,1.365,173.4
2026-08-04,16:27:22,1.365,173.4
2026-08-04,16:27:22,1.365,173.4
2026-08-04,16:27:23,1.365,173.4
2026-08-04,16:27:23,1.365,173.4
2026-08-04,16:27:23,1.365,173.4
2026-08-04,16:27:23,1.365,173.4
2026-08-04,16:27:23,1.365,173.4
2026-08-04,16:27:23,1.365,173.4
2026-08-04,16:27:24,1.365,173.4
2026-08-04,16:27:24,1.365,173.4
2026-08-04,16:27:24,1.365,173.4
2026-08-04,16:27:24,1.365,173.4
2026-08-04,16:27:24,1.365,173.4
2026-08-04,16:27:24,1.365,173.4
2026-08-04,16:27:25,1.365,173.4
2026-08-04,16:27:25,1.365,173.4
2026-08-04,16:27:25,1.365,173.4
2026-08-04,16:27:25,1.365,173.4
2026-08-04,16:27:25,1.365,173.4
2026-08-04,16:27:25,1.365,173.4
2026-08-04,16:27:26,1.365,173.4
2026-08-04,16:27:26,1.365,173.4
2026-08-04,16:27:26,1.365,173.4
2026-08-04,16:27:26,1.365,173.4
2026-08-04,16:27:26,1.365,173.4
2026-08-04,16:27:26,1.365,173.4
2026-08-04,16:27:27,1.365,173.4
2026-08-04,16:27:27,1.365,173.4
2026-08-04,16:27:27,1.365,173.4
2026-08-04,16:27:27,1.365,173.4
2026-08-04,16:27:27,1.365,173.4
2026-08-04,16:27:27,1.365,173.4
2026-08-04,16:27:28,1.365,173.4
2026-08-04,16:27:28,1.365,173.4
2026-08-04,16:27:28,1.365,173.4
2026-08-04,16:27:28,1.365,173.4
2026-08-04,16:27:28,1.365,173.4
2026-08-04,16:27:28,1.365,173.4
2026-08-04,16:27:29,1.365,173.4
2026-08-04,16:27:29,1.365,173.4
2026-08-04,16:27:29,1.365,173.4
2026-08-04,16:27:29,1.365,173.4
2026-08-04,16:27:29,1.365,173.4
2026-08-04,16:27:29,1.365,173.4
2026-08-04,16:27:30,1.365,173.4
2026-08-04,16:27:30,1.365,173.4
2026-08-04,16:27:30,1.365,173.4
2026-08-04,16:27:30,1.365,173.4
2026-08-04,16:27:30,1.365,173.4
2026-08-04,16:27:30,1.365,173.4
2026-08-04,16:27:31,1.365,173.4
2026-08-04,16:27:31,1.365,173.4
2026-08-04,16:27:31,1.365,173.4
2026-08-04,16:27:31,1.365,173.4
2026-08-04,16:27:31,1.365,173.4
2026-08-04,16:27:31,1.365,173.4
2026-08-04,16:27:32,1.365,173.4
2026-08-04,16:27:32,1.365,173.4
2026-08-04,16:27:32,1.365,173.4
2026-08-04,16:27:32,1.365,173.4
2026-08-04,16:27:32,1.365,173.4
2026-08-04,16:27:32,1.365,173.4
2026-08-04,16:27:33,1.365,173.4
2026-08-04,16:27:33,1.365,173.4
2026-08-04,16:27:33,1.365,173.4
2026-08-04,16:27:33,1.365,173.4
2026-08-04,16:27:33,1.365,173.4
2026-08-04,16:27:33,1.365,173.4
2026-08-04,16:27:34,1.365,173.4
2026-08-04,16:27:34,1.365,173.4
2026-08-04,16:27:34,1.365,173.4
2026-08-04,16:27:34,1.365,173.4
2026-08-04,16:27:34,1.365,173.4
2026-08-04,16:27:34,1.365,173.4
2026-08-04,16:27:35,1.365,173.4
2026-08-04,16:27:35,1.365,173.4
2026-08-04,16:27:35,1.365,173.4
2026-08-04,16:27:35,1.365,173.4
2026-08-04,16:27:35,1.365,173.4
2026-08-04,16:27:35,1.366,173.4
2026-08-04,16:27:36,1.366,173.4
2026-08-04,16:27:36,1.366,173.4
2026-08-04,16:27:36,1.366,173.4
2026-08-04,16:27:36,1.366,173.4
2026-08-04,16:27:36,1.366,173.4
2026-08-04,16:27:36,1.366,173.4
2026-08-04,16:27:37,1.366,173.4
2026-08-04,16:27:37,1.365,173.4
2026-08-04,16:27:37,1.365,173.4
2026-08-04,16:27:37,1.365,173.4
2026-08-04,16:27:37,1.365,173.4
2026-08-04,16:27:37,1.365,173.4
2026-08-04,16:27:37,1.365,173.4
2026-08-04,16:27:38,1.365,173.4
2026-08-04,16:27:38,1.365,173.4
2026-08-04,16:27:38,1.365,173.4
2026-08-04,16:27:38,1.365,173.4
2026-08-04,16:27:38,1.365,173.4
2026-08-04,16:27:38,1.365,173.4
2026-08-04,16:27:39,1.365,173.4
2026-08-04,16:27:39,1.365,173.4
2026-08-04,16:27:39,1.365,173.4
2026-08-04,16:27:39,1.365,173.4
2026-08-04,16:27:39,1.365,173.4
2026-08-04,16:27:39,1.365,173.4
2026-08-04,16:27:40,1.365,173.4
2026-08-04,16:27:40,1.365,173.4
2026-08-04,16:27:40,1.365,173.4
2026-08-04,16:27:40,1.365,173.4
2026-08-04,16:27:40,1.365,173.4
2026-08-04,16:27:40,1.365,173.4
2026-08-04,16:27:41,1.365,173.4
2026-08-04,16:27:41,1.365,173.4
2026-08-04,16:27:41,1.365,173.4
2026-08-04,16:27:41,1.365,173.4
2026-08-04,16:27:41,1.365,173.4
2026-08-04,16:27:41,1.365,173.4
2026-08-04,16:27:42,1.365,173.4
2026-08-04,16:27:42,1.366,173.4
2026-08-04,16:27:42,1.366,173.4
2026-08-04,16:27:42,1.366,173.4
2026-08-04,16:27:42,1.366,173.4
2026-08-04,16:27:42,1.366,173.4
2026-08-04,16:27:43,1.366,173.4
2026-08-04,16:27:43,1.366,173.4
2026-08-04,16:27:43,1.366,173.4
2026-08-04,16:27:43,1.365,173.4
2026-08-04,16:27:43,1.365,173.4
2026-08-04,16:27:43,1.365,173.4
2026-08-04,16:27:44,1.365,173.4
2026-08-04,16:27:44,1.365,173.4
2026-08-04,16:27:44,1.365,173.4
2026-08-04,16:27:44,1.365,173.4
2026-08-04,16:27:44,1.365,173.4
2026-08-04,16:27:44,1.365,173.4
2026-08-04,16:27:45,1.365,173.4
2026-08-04,16:27:45,1.365,173.4
2026-08-04,16:27:45,1.365,173.4
2026-08-04,16:27:45,1.365,173.4
2026-08-04,16:27:45,1.365,173.4
2026-08-04,16:27:45,1.365,173.4
2026-08-04,16:27:46,1.365,173.4
2026-08-04,16:27:46,1.365,173.4
2026-08-04,16:27:46,1.365,173.4
2026-08-04,16:27:46,1.365,173.4
2026-08-04,16:27:46,1.365,173.4
2026-08-04,16:27:46,1.365,173.4
2026-08-04,16:27:47,1.365,173.4
2026-08-04,16:27:47,1.365,173.4
2026-08-04,16:27:47,1.365,173.4
2026-08-04,16:27:47,1.365,173.4
2026-08-04,16:27:47,1.365,173.4
2026-08-04,16:27:47,1.365,173.4
2026-08-04,16:27:48,1.365,173.4
2026-08-04,16:27:48,1.365,173.4
2026-08-04,16:27:48,1.365,173.4
2026-08-04,16:27:48,1.365,173.4
2026-08-04,16:27:48,1.365,173.4
2026-08-04,16:27:48,1.365,173.4
2026-08-04,16:27:49,1.365,173.4
2026-08-04,16:27:49,1.365,173.4
2026-08-04,16:27:49,1.365,173.4
2026-08-04,16:27:49,1.365,173.4
2026-08-04,16:27:49,1.365,173.4
2026-08-04,16:27:49,1.365,173.4
2026-08-04,16:27:50,1.365,173.4
2026-08-04,16:27:50,1.365,173.4
2026-08-04,16:27:50,1.365,173.4
2026-08-04,16:27:50,1.365,173.4
2026-08-04,16:27:50,1.365,173.4
2026-08-04,16:27:50,1.365,173.4
2026-08-04,16:27:51,1.365,173.4
2026-08-04,16:27:51,1.365,173.4
2026-08-04,16:27:51,1.365,173.4
2026-08-04,16:27:51,1.365,173.4
2026-08-04,16:27:51,1.365,173.4
2026-08-04,16:27:51,1.365,173.4
2026-08-04,16:27:52,1.365,173.4
2026-08-04,16:27:52,1.365,173.4
2026-08-04,16:27:52,1.365,173.4
2026-08-04,16:27:52,1.365,173.4
2026-08-04,16:27:52,1.365,173.4
2026-08-04,16:27:52,1.365,173.4
2026-08-04,16:27:53,1.365,173.4
2026-08-04,16:27:53,1.365,173.4
2026-08-04,16:27:53,1.365,173.4
2026-08-04,16:27:53,1.365,173.4
2026-08-04,16:27:53,1.365,173.4
2026-08-04,16:27:53,1.365,173.4
2026-08-04,16:27:53,1.365,173.4
2026-08-04,16:27:54,1.365,173.4
2026-08-04,16:27:54,1.365,173.4
2026-08-04,16:27:54,1.365,173.4
2026-08-04,16:27:54,1.366,173.4
2026-08-04,16:27:54,1.366,173.4
2026-08-04,16:27:54,1.366,173.4
2026-08-04,16:27:55,1.366,173.4
2026-08-04,16:27:55,1.366,173.4
2026-08-04,16:27:55,1.366,173.4
2026-08-04,16:27:55,1.366,173.4
2026-08-04,16:27:55,1.366,173.4
2026-08-04,16:27:55,1.366,173.4
2026-08-04,16:27:56,1.366,173.4
2026-08-04,16:27:56,1.366,173.4
2026-08-04,16:27:56,1.366,173.4
2026-08-04,16:27:56,1.366,173.4
2026-08-04,16:27:56,1.366,173.4
2026-08-04,16:27:56,1.366,173.4
2026-08-04,16:27:57,1.366,173.4
2026-08-04,16:27:57,1.366,173.4
2026-08-04,16:27:57,1.366,173.4
2026-08-04,16:27:57,1.366,173.4
2026-08-04,16:27:57,1.366,173.4
2026-08-04,16:27:57,1.366,173.4
2026-08-04,16:27:58,1.366,173.4
2026-08-04,16:27:58,1.366,173.4
2026-08-04,16:27:58,1.366,173.4
2026-08-04,16:27:58,1.366,173.4
2026-08-04,16:27:58,1.366,173.4
2026-08-04,16:27:58,1.366,173.4
2026-08-04,16:27:59,1.366,173.4
2026-08-04,16:27:59,1.366,173.4
2026-08-04,16:27:59,1.366,173.4
2026-08-04,16:27:59,1.366,173.4
2026-08-04,16:27:59,1.366,173.4
2026-08-04,16:27:59,1.366,173.4
2026-08-04,16:28:00,1.366,173.4
2026-08-04,16:28:00,1.366,173.4
2026-08-04,16:28:00,1.366,173.4
2026-08-04,16:28:00,1.366,173.4
2026-08-04,16:28:00,1.366,173.4
2026-08-04,16:28:00,1.366,173.4
2026-08-04,16:28:01,1.366,173.4
2026-08-04,16:28:01,1.366,173.4
2026-08-04,16:28:01,1.365,173.4
2026-08-04,16:28:01,1.365,173.4
2026-08-04,16:28:01,1.365,173.4
2026-08-04,16:28:01,1.365,173.4
2026-08-04,16:28:02,1.365,173.4
2026-08-04,16:28:02,1.365,173.4
2026-08-04,16:28:02,1.365,173.4
2026-08-04,16:28:02,1.365,173.4
2026-08-04,16:28:02,1.365,173.4
2026-08-04,16:28:02,1.365,173.4
2026-08-04,16:28:03,1.365,173.4
2026-08-04,16:28:03,1.365,173.4
2026-08-04,16:28:03,1.365,173.4
2026-08-04,16:28:03,1.365,173.4
2026-08-04,16:28:03,1.365,173.4
2026-08-04,16:28:03,1.365,173.4
2026-08-04,16:28:04,1.365,173.4
2026-08-04,16:28:04,1.365,173.4
2026-08-04,16:28:04,1.365,173.4
2026-08-04,16:28:04,1.365,173.4
2026-08-04,16:28:04,1.365,173.4
2026-08-04,16:28:04,1.365,173.4
2026-08-04,16:28:05,1.365,173.4
2026-08-04,16:28:05,1.365,173.4
2026-08-04,16:28:05,1.365,173.4
2026-08-04,16:28:05,1.365,173.4
2026-08-04,16:28:05,1.365,173.4
2026-08-04,16:28:05,1.365,173.4
2026-08-04,16:28:06,1.365,173.4
2026-08-04,16:28:06,1.365,173.4
2026-08-04,16:28:06,1.365,173.4
2026-08-04,16:28:06,1.365,173.4
2026-08-04,16:28:06,1.365,173.4
2026-08-04,16:28:06,1.365,173.4
2026-08-04,16:28:07,1.365,173.4
2026-08-04,16:28:07,1.365,173.4
2026-08-04,16:28:07,1.365,173.4
2026-08-04,16:28:07,1.365,173.4
2026-08-04,16:28:07,1.365,173.4
2026-08-04,16:28:07,1.365,173.4
2026-08-04,16:28:08,1.365,173.4
2026-08-04,16:28:08,1.365,173.4
2026-08-04,16:28:08,1.365,173.4
2026-08-04,16:28:08,1.365,173.4
2026-08-04,16:28:08,1.365,173.4
2026-08-04,16:28:08,1.365,173.4
2026-08-04,16:28:09,1.365,173.4
2026-08-04,16:28:09,1.365,173.4
2026-08-04,16:28:09,1.365,173.4
2026-08-04,16:28:09,1.365,173.4
2026-08-04,16:28:09,1.365,173.4
2026-08-04,16:28:09,1.365,173.4
2026-08-04,16:28:09,1.365,173.4
2026-08-04,16:28:10,1.365,173.4
2026-08-04,16:28:10,1.365,173.4
2026-08-04,16:28:10,1.365,173.4
2026-08-04,16:28:10,1.365,173.4
2026-08-04,16:28:10,1.365,173.4
2026-08-04,16:28:10,1.365,173.4
2026-08-04,16:28:11,1.365,173.4
2026-08-04,16:28:11,1.365,173.4
2026-08-04,16:28:11,1.365,173.4
2026-08-04,16:28:11,1.365,173.4
2026-08-04,16:28:11,1.365,173.4
2026-08-04,16:28:11,1.365,173.4
2026-08-04,16:28:12,1.365,173.4
2026-08-04,16:28:12,1.365,173.4
2026-08-04,16:28:12,1.365,173.4
2026-08-04,16:28:12,1.365,173.4
2026-08-04,16:28:12,1.365,173.4
2026-08-04,16:28:12,1.365,173.4
2026-08-04,16:28:13,1.365,173.4
2026-08-04,16:28:13,1.365,173.4
2026-08-04,16:28:13,1.365,173.4
2026-08-04,16:28:13,1.365,173.4
2026-08-04,16:28:13,1.365,173.4
2026-08-04,16:28:13,1.365,173.4
2026-08-04,16:28:14,1.365,173.4
2026-08-04,16:28:14,1.366,173.4
2026-08-04,16:28:14,1.366,173.4
2026-08-04,16:28:14,1.366,173.4
2026-08-04,16:28:14,1.366,173.4
2026-08-04,16:28:14,1.366,173.4
2026-08-04,16:28:15,1.366,173.4
2026-08-04,16:28:15,1.366,173.4
2026-08-04,16:28:15,1.366,173.4
2026-08-04,16:28:15,1.366,173.4
2026-08-04,16:28:15,1.366,173.4
2026-08-04,16:28:15,1.366,173.4
2026-08-04,16:28:16,1.366,173.4
2026-08-04,16:28:16,1.366,173.4
2026-08-04,16:28:16,1.366,173.4
2026-08-04,16:28:16,1.366,173.4
2026-08-04,16:28:16,1.366,173.4
2026-08-04,16:28:16,1.366,173.4
2026-08-04,16:28:17,1.366,173.4
2026-08-04,16:28:17,1.366,173.4
2026-08-04,16:28:17,1.366,173.4
2026-08-04,16:28:17,1.366,173.4
2026-08-04,16:28:17,1.366,173.4
2026-08-04,16:28:17,1.366,173.4
2026-08-04,16:28:18,1.366,173.4
2026-08-04,16:28:18,1.366,173.4
2026-08-04,16:28:18,1.366,173.4
2026-08-04,16:28:18,1.366,173.4
2026-08-04,16:28:18,1.366,173.4
2026-08-04,16:28:18,1.366,173.4
2026-08-04,16:28:19,1.366,173.4
2026-08-04,16:28:19,1.366,173.4
2026-08-04,16:28:19,1.366,173.4
2026-08-04,16:28:19,1.366,173.4
2026-08-04,16:28:19,1.366,173.4
2026-08-04,16:28:19,1.366,173.4
2026-08-04,16:28:20,1.366,173.4
2026-08-04,16:28:20,1.366,173.4
2026-08-04,16:28:20,1.366,173.4
2026-08-04,16:28:20,1.366,173.4
2026-08-04,16:28:20,1.366,173.4
2026-08-04,16:28:20,1.366,173.4
2026-08-04,16:28:21,1.366,173.4
2026-08-04,16:28:21,1.366,173.4
2026-08-04,16:28:21,1.366,173.4
2026-08-04,16:28:21,1.366,173.4
2026-08-04,16:28:21,1.366,173.4
2026-08-04,16:28:21,1.366,173.4
2026-08-04,16:28:22,1.366,173.4
2026-08-04,16:28:22,1.366,173.4
2026-08-04,16:28:22,1.366,173.4
2026-08-04,16:28:22,1.366,173.4
2026-08-04,16:28:22,1.366,173.4
2026-08-04,16:28:22,1.366,173.4
2026-08-04,16:28:23,1.366,173.4
2026-08-04,16:28:23,1.366,173.4
2026-08-04,16:28:23,1.366,173.4
2026-08-04,16:28:23,1.366,173.4
2026-08-04,16:28:23,1.366,173.4
2026-08-04,16:28:23,1.366,173.4
2026-08-04,16:28:24,1.366,173.4
2026-08-04,16:28:24,1.366,173.4
2026-08-04,16:28:24,1.366,173.4
2026-08-04,16:28:24,1.366,173.4
2026-08-04,16:28:24,1.366,173.4
2026-08-04,16:28:24,1.366,173.4
2026-08-04,16:28:25,1.366,173.4
2026-08-04,16:28:25,1.366,173.4
2026-08-04,16:28:25,1.366,173.4
2026-08-04,16:28:25,1.366,173.4
2026-08-04,16:28:25,1.366,173.4
2026-08-04,16:28:25,1.366,173.4
2026-08-04,16:28:26,1.366,173.4
2026-08-04,16:28:26,1.366,173.4
2026-08-04,16:28:26,1.366,173.5
2026-08-04,16:28:26,1.366,173.5
2026-08-04,16:28:26,1.366,173.5
2026-08-04,16:28:26,1.366,173.5
2026-08-04,16:28:26,1.366,173.5
2026-08-04,16:28:27,1.366,173.5
2026-08-04,16:28:27,1.366,173.5
2026-08-04,16:28:27,1.366,173.5
2026-08-04,16:28:27,1.366,173.5
2026-08-04,16:28:27,1.366,173.5
2026-08-04,16:28:27,1.366,173.5
2026-08-04,16:28:28,1.366,173.4
2026-08-04,16:28:28,1.366,173.5
2026-08-04,16:28:28,1.366,173.5
2026-08-04,16:28:28,1.366,173.5
2026-08-04,16:28:28,1.366,173.5
2026-08-04,16:28:28,1.366,173.5
2026-08-04,16:28:29,1.366,173.5
2026-08-04,16:28:29,1.366,173.5
2026-08-04,16:28:29,1.366,173.5
2026-08-04,16:28:29,1.366,173.4
2026-08-04,16:28:29,1.366,173.4
2026-08-04,16:28:29,1.366,173.4
2026-08-04,16:28:30,1.366,173.4
2026-08-04,16:28:30,1.366,173.4
2026-08-04,16:28:30,1.366,173.4
2026-08-04,16:28:30,1.366,173.4
2026-08-04,16:28:30,1.366,173.4
2026-08-04,16:28:30,1.366,173.4
2026-08-04,16:28:31,1.366,173.4
2026-08-04,16:28:31,1.366,173.4
2026-08-04,16:28:31,1.366,173.4
2026-08-04,16:28:31,1.366,173.4
2026-08-04,16:28:31,1.366,173.4
2026-08-04,16:28:31,1.366,173.4
2026-08-04,16:28:32,1.366,173.4
2026-08-04,16:28:32,1.366,173.4
2026-08-04,16:28:32,1.366,173.4
2026-08-04,16:28:32,1.366,173.4
2026-08-04,16:28:32,1.366,173.4
2026-08-04,16:28:32,1.366,173.4
2026-08-04,16:28:33,1.366,173.4
2026-08-04,16:28:33,1.366,173.4
2026-08-04,16:28:33,1.366,173.4
2026-08-04,16:28:33,1.366,173.4
2026-08-04,16:28:33,1.366,173.4
2026-08-04,16:28:33,1.366,173.4
2026-08-04,16:28:34,1.366,173.4
2026-08-04,16:28:34,1.366,173.4
2026-08-04,16:28:34,1.366,173.4
2026-08-04,16:28:34,1.366,173.4
2026-08-04,16:28:34,1.366,173.4
2026-08-04,16:28:34,1.366,173.4
2026-08-04,16:28:35,1.366,173.4
2026-08-04,16:28:35,1.366,173.4
2026-08-04,16:28:35,1.366,173.4
2026-08-04,16:28:35,1.366,173.4
2026-08-04,16:28:35,1.366,173.4
2026-08-04,16:28:35,1.366,173.4
2026-08-04,16:28:36,1.366,173.4
2026-08-04,16:28:36,1.366,173.4
2026-08-04,16:28:36,1.366,173.4
2026-08-04,16:28:36,1.366,173.4
2026-08-04,16:28:36,1.366,173.4
2026-08-04,16:28:36,1.366,173.4
2026-08-04,16:28:37,1.366,173.4
2026-08-04,16:28:37,1.366,173.4
2026-08-04,16:28:37,1.366,173.4
2026-08-04,16:28:37,1.366,173.4
2026-08-04,16:28:37,1.366,173.4
2026-08-04,16:28:37,1.366,173.4
2026-08-04,16:28:38,1.366,173.4
2026-08-04,16:28:38,1.366,173.4
2026-08-04,16:28:38,1.366,173.4
2026-08-04,16:28:38,1.366,173.4
2026-08-04,16:28:38,1.366,173.4
2026-08-04,16:28:38,1.366,173.4
2026-08-04,16:28:39,1.366,173.4
2026-08-04,16:28:39,1.366,173.4
2026-08-04,16:28:39,1.366,173.4
2026-08-04,16:28:39,1.366,173.4
2026-08-04,16:28:39,1.366,173.4
2026-08-04,16:28:39,1.366,173.4
2026-08-04,16:28:40,1.366,173.4
2026-08-04,16:28:40,1.366,173.5
2026-08-04,16:28:40,1.366,173.5
2026-08-04,16:28:40,1.366,173.5
2026-08-04,16:28:40,1.366,173.5
2026-08-04,16:28:40,1.366,173.5
2026-08-04,16:28:41,1.366,173.5
2026-08-04,16:28:41,1.366,173.5
2026-08-04,16:28:41,1.366,173.5
2026-08-04,16:28:41,1.366,173.5
2026-08-04,16:28:41,1.366,173.5
2026-08-04,16:28:41,1.366,173.5
2026-08-04,16:28:42,1.366,173.5
2026-08-04,16:28:42,1.366,173.5
2026-08-04,16:28:42,1.366,173.5
2026-08-04,16:28:42,1.366,173.4
2026-08-04,16:28:42,1.366,173.4
2026-08-04,16:28:42,1.366,173.4
2026-08-04,16:28:42,1.366,173.4
2026-08-04,16:28:43,1.366,173.4
2026-08-04,16:28:43,1.366,173.4
2026-08-04,16:28:43,1.366,173.4
2026-08-04,16:28:43,1.366,173.4
2026-08-04,16:28:43,1.366,173.4
2026-08-04,16:28:43,1.366,173.4
2026-08-04,16:28:44,1.366,173.5
2026-08-04,16:28:44,1.366,173.5
2026-08-04,16:28:44,1.366,173.5
2026-08-04,16:28:44,1.366,173.5
2026-08-04,16:28:44,1.366,173.5
2026-08-04,16:28:44,1.366,173.5
2026-08-04,16:28:45,1.366,173.5
2026-08-04,16:28:45,1.366,173.5
2026-08-04,16:28:45,1.366,173.5
2026-08-04,16:28:45,1.366,173.5
2026-08-04,16:28:45,1.366,173.5
2026-08-04,16:28:45,1.366,173.5
2026-08-04,16:28:46,1.366,173.5
2026-08-04,16:28:46,1.366,173.5
2026-08-04,16:28:46,1.366,173.5
2026-08-04,16:28:46,1.366,173.5
2026-08-04,16:28:46,1.366,173.5
2026-08-04,16:28:46,1.366,173.5
2026-08-04,16:28:47,1.366,173.5
2026-08-04,16:28:47,1.366,173.5
2026-08-04,16:28:47,1.366,173.5
2026-08-04,16:28:47,1.366,173.5
2026-08-04,16:28:47,1.366,173.5
2026-08-04,16:28:47,1.366,173.5
2026-08-04,16:28:48,1.366,173.5
2026-08-04,16:28:48,1.366,173.5
2026-08-04,16:28:48,1.366,173.5
2026-08-04,16:28:48,1.366,173.5
2026-08-04,16:28:48,1.366,173.5
2026-08-04,16:28:48,1.366,173.5
2026-08-04,16:28:49,1.366,173.5
2026-08-04,16:28:49,1.366,173.5
2026-08-04,16:28:49,1.366,173.5
2026-08-04,16:28:49,1.366,173.5
2026-08-04,16:28:49,1.366,173.5
2026-08-04,16:28:49,1.366,173.5
2026-08-04,16:28:50,1.366,173.5
2026-08-04,16:28:50,1.366,173.5
2026-08-04,16:28:50,1.366,173.5
2026-08-04,16:28:50,1.366,173.5
2026-08-04,16:28:50,1.366,173.5
2026-08-04,16:28:50,1.366,173.5
2026-08-04,16:28:51,1.366,173.5
2026-08-04,16:28:51,1.366,173.5
2026-08-04,16:28:51,1.366,173.5
2026-08-04,16:28:51,1.366,173.5
2026-08-04,16:28:51,1.366,173.5
2026-08-04,16:28:51,1.366,173.5
2026-08-04,16:28:52,1.366,173.4
2026-08-04,16:28:52,1.366,173.4
2026-08-04,16:28:52,1.366,173.4
2026-08-04,16:28:52,1.366,173.4
2026-08-04,16:28:52,1.366,173.4
2026-08-04,16:28:52,1.366,173.4
2026-08-04,16:28:53,1.366,173.4
2026-08-04,16:28:53,1.366,173.4
2026-08-04,16:28:53,1.366,173.4
2026-08-04,16:28:53,1.366,173.4
2026-08-04,16:28:53,1.366,173.4
2026-08-04,16:28:53,1.366,173.4
2026-08-04,16:28:54,1.366,173.4
2026-08-04,16:28:54,1.366,173.4
2026-08-04,16:28:54,1.366,173.4
2026-08-04,16:28:54,1.366,173.4
2026-08-04,16:28:54,1.366,173.4
2026-08-04,16:28:54,1.366,173.4
2026-08-04,16:28:55,1.366,173.4
2026-08-04,16:28:55,1.366,173.4
2026-08-04,16:28:55,1.366,173.4
2026-08-04,16:28:55,1.366,173.4
2026-08-04,16:28:55,1.366,173.4
2026-08-04,16:28:55,1.366,173.4
2026-08-04,16:28:56,1.366,173.4
2026-08-04,16:28:56,1.366,173.4
2026-08-04,16:28:56,1.366,173.4
2026-08-04,16:28:56,1.366,173.4
2026-08-04,16:28:56,1.366,173.4
2026-08-04,16:28:56,1.366,173.4
2026-08-04,16:28:57,1.366,173.5
2026-08-04,16:28:57,1.366,173.5
2026-08-04,16:28:57,1.366,173.5
2026-08-04,16:28:57,1.366,173.5
2026-08-04,16:28:57,1.366,173.5
2026-08-04,16:28:57,1.366,173.5
2026-08-04,16:28:58,1.366,173.5
2026-08-04,16:28:58,1.366,173.5
2026-08-04,16:28:58,1.366,173.5
2026-08-04,16:28:58,1.366,173.5
2026-08-04,16:28:58,1.366,173.5
2026-08-04,16:28:58,1.366,173.5
2026-08-04,16:28:59,1.366,173.5
2026-08-04,16:28:59,1.366,173.5
2026-08-04,16:28:59,1.366,173.5
2026-08-04,16:28:59,1.366,173.5
2026-08-04,16:28:59,1.366,173.5
2026-08-04,16:28:59,1.366,173.5
2026-08-04,16:28:59,1.366,173.5
2026-08-04,16:29:00,1.366,173.5
2026-08-04,16:29:00,1.366,173.5
2026-08-04,16:29:00,1.366,173.5
2026-08-04,16:29:00,1.366,173.5
2026-08-04,16:29:00,1.366,173.5
2026-08-04,16:29:00,1.366,173.5
2026-08-04,16:29:01,1.366,173.5
2026-08-04,16:29:01,1.366,173.5
2026-08-04,16:29:01,1.366,173.5
2026-08-04,16:29:01,1.366,173.5
2026-08-04,16:29:01,1.366,173.5
2026-08-04,16:29:01,1.366,173.5
2026-08-04,16:29:02,1.366,173.5
2026-08-04,16:29:02,1.366,173.5
2026-08-04,16:29:02,1.366,173.5
2026-08-04,16:29:02,1.366,173.5
2026-08-04,16:29:02,1.366,173.5
2026-08-04,16:29:02,1.366,173.5
2026-08-04,16:29:03,1.366,173.5
2026-08-04,16:29:03,1.366,173.5
2026-08-04,16:29:03,1.366,173.5
2026-08-04,16:29:03,1.366,173.5
2026-08-04,16:29:03,1.366,173.5
2026-08-04,16:29:03,1.366,173.5
2026-08-04,16:29:04,1.366,173.5
2026-08-04,16:29:04,1.366,173.5
2026-08-04,16:29:04,1.366,173.5
2026-08-04,16:29:04,1.366,173.5
2026-08-04,16:29:04,1.366,173.5
2026-08-04,16:29:04,1.366,173.5
2026-08-04,16:29:05,1.366,173.5
2026-08-04,16:29:05,1.366,173.5
2026-08-04,16:29:05,1.366,173.5
2026-08-04,16:29:05,1.366,173.5
2026-08-04,16:29:05,1.366,173.5
2026-08-04,16:29:05,1.366,173.5
2026-08-04,16:29:06,1.366,173.5
2026-08-04,16:29:06,1.366,173.5
2026-08-04,16:29:06,1.366,173.5
2026-08-04,16:29:06,1.366,173.5
2026-08-04,16:29:06,1.366,173.5
2026-08-04,16:29:06,1.366,173.5
2026-08-04,16:29:07,1.366,173.5
2026-08-04,16:29:07,1.366,173.5
2026-08-04,16:29:07,1.366,173.5
2026-08-04,16:29:07,1.366,173.5
2026-08-04,16:29:07,1.366,173.5
2026-08-04,16:29:07,1.366,173.5
2026-08-04,16:29:08,1.366,173.5
2026-08-04,16:29:08,1.366,173.5
2026-08-04,16:29:08,1.366,173.5
2026-08-04,16:29:08,1.366,173.5
2026-08-04,16:29:08,1.366,173.5
2026-08-04,16:29:08,1.366,173.5
2026-08-04,16:29:09,1.366,173.5
2026-08-04,16:29:09,1.366,173.5
2026-08-04,16:29:09,1.366,173.5
2026-08-04,16:29:09,1.366,173.5
2026-08-04,16:29:09,1.366,173.5
2026-08-04,16:29:09,1.366,173.5
2026-08-04,16:29:10,1.366,173.5
2026-08-04,16:29:10,1.366,173.5
2026-08-04,16:29:10,1.366,173.5
2026-08-04,16:29:10,1.366,173.5
2026-08-04,16:29:10,1.366,173.5
2026-08-04,16:29:10,1.366,173.5
2026-08-04,16:29:11,1.366,173.5
2026-08-04,16:29:11,1.366,173.5
2026-08-04,16:29:11,1.366,173.5
2026-08-04,16:29:11,1.366,173.5
2026-08-04,16:29:11,1.366,173.5
2026-08-04,16:29:11,1.366,173.5
2026-08-04,16:29:12,1.366,173.5
2026-08-04,16:29:12,1.366,173.5
2026-08-04,16:29:12,1.366,173.5
2026-08-04,16:29:12,1.366,173.4
2026-08-04,16:29:12,1.366,173.4
2026-08-04,16:29:12,1.366,173.4
2026-08-04,16:29:13,1.366,173.4
2026-08-04,16:29:13,1.366,173.4
2026-08-04,16:29:13,1.366,173.4
2026-08-04,16:29:13,1.366,173.4
2026-08-04,16:29:13,1.366,173.5
2026-08-04,16:29:13,1.366,173.5
2026-08-04,16:29:14,1.366,173.5
2026-08-04,16:29:14,1.366,173.5
2026-08-04,16:29:14,1.366,173.5
2026-08-04,16:29:14,1.366,173.5
2026-08-04,16:29:14,1.366,173.5
2026-08-04,16:29:14,1.366,173.5
2026-08-04,16:29:15,1.366,173.5
2026-08-04,16:29:15,1.366,173.5
2026-08-04,16:29:15,1.366,173.5
2026-08-04,16:29:15,1.366,173.5
2026-08-04,16:29:15,1.366,173.5
2026-08-04,16:29:15,1.366,173.5
2026-08-04,16:29:15,1.366,173.5
2026-08-04,16:29:16,1.366,173.5
2026-08-04,16:29:16,1.366,173.5
2026-08-04,16:29:16,1.366,173.5
2026-08-04,16:29:16,1.366,173.5
2026-08-04,16:29:16,1.366,173.5
2026-08-04,16:29:16,1.366,173.5
2026-08-04,16:29:17,1.366,173.5
2026-08-04,16:29:17,1.366,173.5
2026-08-04,16:29:17,1.366,173.5
2026-08-04,16:29:17,1.366,173.5
2026-08-04,16:29:17,1.366,173.5
2026-08-04,16:29:17,1.366,173.5
2026-08-04,16:29:18,1.366,173.5
2026-08-04,16:29:18,1.366,173.5
2026-08-04,16:29:18,1.366,173.5
2026-08-04,16:29:18,1.366,173.5
2026-08-04,16:29:18,1.366,173.5
2026-08-04,16:29:18,1.366,173.5
2026-08-04,16:29:19,1.366,173.5
2026-08-04,16:29:19,1.366,173.5
2026-08-04,16:29:19,1.366,173.4
2026-08-04,16:29:19,1.366,173.4
2026-08-04,16:29:19,1.366,173.4
2026-08-04,16:29:19,1.366,173.4
2026-08-04,16:29:20,1.366,173.4
2026-08-04,16:29:20,1.366,173.4
2026-08-04,16:29:20,1.366,173.4
2026-08-04,16:29:20,1.366,173.4
2026-08-04,16:29:20,1.366,173.4
2026-08-04,16:29:20,1.366,173.4
2026-08-04,16:29:21,1.366,173.4
2026-08-04,16:29:21,1.366,173.4
2026-08-04,16:29:21,1.366,173.4
2026-08-04,16:29:21,1.366,173.4
2026-08-04,16:29:21,1.366,173.5
2026-08-04,16:29:21,1.366,173.5
2026-08-04,16:29:22,1.366,173.5
2026-08-04,16:29:22,1.366,173.5
2026-08-04,16:29:22,1.366,173.5
2026-08-04,16:29:22,1.366,173.5
2026-08-04,16:29:22,1.366,173.5
2026-08-04,16:29:22,1.366,173.5
2026-08-04,16:29:23,1.366,173.5
2026-08-04,16:29:23,1.366,173.5
2026-08-04,16:29:23,1.366,173.5
2026-08-04,16:29:23,1.366,173.5
2026-08-04,16:29:23,1.366,173.5
2026-08-04,16:29:23,1.366,173.5
2026-08-04,16:29:24,1.366,173.5
2026-08-04,16:29:24,1.366,173.5
2026-08-04,16:29:24,1.366,173.5
2026-08-04,16:29:24,1.366,173.5
2026-08-04,16:29:24,1.366,173.5
2026-08-04,16:29:24,1.366,173.5
2026-08-04,16:29:25,1.366,173.5
2026-08-04,16:29:25,1.366,173.5
2026-08-04,16:29:25,1.366,173.5
2026-08-04,16:29:25,1.366,173.5
2026-08-04,16:29:25,1.366,173.5
2026-08-04,16:29:25,1.366,173.5
2026-08-04,16:29:26,1.366,173.5
2026-08-04,16:29:26,1.366,173.5
2026-08-04,16:29:26,1.366,173.5
2026-08-04,16:29:26,1.366,173.5
2026-08-04,16:29:26,1.366,173.5
2026-08-04,16:29:26,1.366,173.5
2026-08-04,16:29:27,1.366,173.5
2026-08-04,16:29:27,1.366,173.5
2026-08-04,16:29:27,1.366,173.5
2026-08-04,16:29:27,1.366,173.5
2026-08-04,16:29:27,1.366,173.5
2026-08-04,16:29:27,1.366,173.5
2026-08-04,16:29:28,1.366,173.5
2026-08-04,16:29:28,1.366,173.5
2026-08-04,16:29:28,1.366,173.5
2026-08-04,16:29:28,1.366,173.5
2026-08-04,16:29:28,1.366,173.5
2026-08-04,16:29:28,1.366,173.5
2026-08-04,16:29:29,1.366,173.5
2026-08-04,16:29:29,1.366,173.5
2026-08-04,16:29:29,1.366,173.5
2026-08-04,16:29:29,1.366,173.5
2026-08-04,16:29:29,1.366,173.5
2026-08-04,16:29:29,1.366,173.5
2026-08-04,16:29:30,1.366,173.5
2026-08-04,16:29:30,1.366,173.5
2026-08-04,16:29:30,1.366,173.5
2026-08-04,16:29:30,1.366,173.5
2026-08-04,16:29:30,1.366,173.5
2026-08-04,16:29:30,1.366,173.5
2026-08-04,16:29:31,1.366,173.5
2026-08-04,16:29:31,1.366,173.5
2026-08-04,16:29:31,1.366,173.5
2026-08-04,16:29:31,1.366,173.5
2026-08-04,16:29:31,1.366,173.5
2026-08-04,16:29:31,1.366,173.5
2026-08-04,16:29:32,1.366,173.5
2026-08-04,16:29:32,1.366,173.5
2026-08-04,16:29:32,1.366,173.5
2026-08-04,16:29:32,1.366,173.5
2026-08-04,16:29:32,1.366,173.5
2026-08-04,16:29:32,1.366,173.5
2026-08-04,16:29:32,1.366,173.5
2026-08-04,16:29:33,1.366,173.5
2026-08-04,16:29:33,1.366,173.5
2026-08-04,16:29:33,1.366,173.5
2026-08-04,16:29:33,1.366,173.5
2026-08-04,16:29:33,1.366,173.5
2026-08-04,16:29:33,1.366,173.5
2026-08-04,16:29:34,1.366,173.5
2026-08-04,16:29:34,1.366,173.5
2026-08-04,16:29:34,1.366,173.5
2026-08-04,16:29:34,1.366,173.5
2026-08-04,16:29:34,1.366,173.5
2026-08-04,16:29:34,1.366,173.5
2026-08-04,16:29:35,1.366,173.5
2026-08-04,16:29:35,1.366,173.5
2026-08-04,16:29:35,1.366,173.5
2026-08-04,16:29:35,1.366,173.5
2026-08-04,16:29:35,1.366,173.5
2026-08-04,16:29:35,1.366,173.5
2026-08-04,16:29:36,1.366,173.5
2026-08-04,16:29:36,1.366,173.5
2026-08-04,16:29:36,1.366,173.5
2026-08-04,16:29:36,1.366,173.5
2026-08-04,16:29:36,1.366,173.5
2026-08-04,16:29:36,1.366,173.5
2026-08-04,16:29:37,1.366,173.5
2026-08-04,16:29:37,1.366,173.5
2026-08-04,16:29:37,1.366,173.5
2026-08-04,16:29:37,1.366,173.5
2026-08-04,16:29:37,1.366,173.5
2026-08-04,16:29:37,1.366,173.5
2026-08-04,16:29:38,1.366,173.5
2026-08-04,16:29:38,1.366,173.5
2026-08-04,16:29:38,1.366,173.5
2026-08-04,16:29:38,1.366,173.5
2026-08-04,16:29:38,1.366,173.5
2026-08-04,16:29:38,1.366,173.5
2026-08-04,16:29:39,1.366,173.5
2026-08-04,16:29:39,1.366,173.5
2026-08-04,16:29:39,1.366,173.5
2026-08-04,16:29:39,1.366,173.5
2026-08-04,16:29:39,1.366,173.5
2026-08-04,16:29:39,1.366,173.5
2026-08-04,16:29:40,1.366,173.5
2026-08-04,16:29:40,1.366,173.5
2026-08-04,16:29:40,1.366,173.5
2026-08-04,16:29:40,1.366,173.5
2026-08-04,16:29:40,1.366,173.5
2026-08-04,16:29:40,1.366,173.5
2026-08-04,16:29:41,1.366,173.5
2026-08-04,16:29:41,1.366,173.5
2026-08-04,16:29:41,1.366,173.5
2026-08-04,16:29:41,1.366,173.5
2026-08-04,16:29:41,1.366,173.5
2026-08-04,16:29:41,1.366,173.5
2026-08-04,16:29:42,1.366,173.5
2026-08-04,16:29:42,1.366,173.5
2026-08-04,16:29:42,1.366,173.5
2026-08-04,16:29:42,1.366,173.5
2026-08-04,16:29:42,1.366,173.5
2026-08-04,16:29:42,1.366,173.5
2026-08-04,16:29:43,1.366,173.5
2026-08-04,16:29:43,1.366,173.5
2026-08-04,16:29:43,1.366,173.5
2026-08-04,16:29:43,1.366,173.5
2026-08-04,16:29:43,1.366,173.5
2026-08-04,16:29:43,1.366,173.5
2026-08-04,16:29:44,1.366,173.5
2026-08-04,16:29:44,1.366,173.5
2026-08-04,16:29:44,1.366,173.5
2026-08-04,16:29:44,1.366,173.5
2026-08-04,16:29:44,1.366,173.5
2026-08-04,16:29:44,1.366,173.5
2026-08-04,16:29:45,1.366,173.5
2026-08-04,16:29:45,1.366,173.5
2026-08-04,16:29:45,1.366,173.5
2026-08-04,16:29:45,1.366,173.5
2026-08-04,16:29:45,1.366,173.5
2026-08-04,16:29:45,1.366,173.5
2026-08-04,16:29:46,1.366,173.5
2026-08-04,16:29:46,1.366,173.5
2026-08-04,16:29:46,1.366,173.5
2026-08-04,16:29:46,1.366,173.5
2026-08-04,16:29:46,1.366,173.5
2026-08-04,16:29:46,1.366,173.5
2026-08-04,16:29:47,1.366,173.5
2026-08-04,16:29:47,1.366,173.5
2026-08-04,16:29:47,1.366,173.5
2026-08-04,16:29:47,1.366,173.5
2026-08-04,16:29:47,1.366,173.5
2026-08-04,16:29:47,1.366,173.5
2026-08-04,16:29:48,1.366,173.5
2026-08-04,16:29:48,1.366,173.5
2026-08-04,16:29:48,1.366,173.5
2026-08-04,16:29:48,1.366,173.5
2026-08-04,16:29:48,1.366,173.5
2026-08-04,16:29:48,1.366,173.5
2026-08-04,16:29:48,1.366,173.5
2026-08-04,16:29:49,1.366,173.5
2026-08-04,16:29:49,1.366,173.5
2026-08-04,16:29:49,1.366,173.5
2026-08-04,16:29:49,1.366,173.5
2026-08-04,16:29:49,1.366,173.5
2026-08-04,16:29:49,1.366,173.5
2026-08-04,16:29:50,1.366,173.5
2026-08-04,16:29:50,1.366,173.5
2026-08-04,16:29:50,1.366,173.5
2026-08-04,16:29:50,1.366,173.5
2026-08-04,16:29:50,1.366,173.5
2026-08-04,16:29:50,1.366,173.5
2026-08-04,16:29:51,1.366,173.5
2026-08-04,16:29:51,1.366,173.5
2026-08-04,16:29:51,1.366,173.5
2026-08-04,16:29:51,1.366,173.5
2026-08-04,16:29:51,1.366,173.5
2026-08-04,16:29:51,1.366,173.5
2026-08-04,16:29:52,1.366,173.5
2026-08-04,16:29:52,1.366,173.5
2026-08-04,16:29:52,1.366,173.5
2026-08-04,16:29:52,1.366,173.5
2026-08-04,16:29:52,1.366,173.5
2026-08-04,16:29:52,1.366,173.5
2026-08-04,16:29:53,1.366,173.5
2026-08-04,16:29:53,1.366,173.5
2026-08-04,16:29:53,1.366,173.5
2026-08-04,16:29:53,1.366,173.5
2026-08-04,16:29:53,1.366,173.5
2026-08-04,16:29:53,1.366,173.5
2026-08-04,16:29:54,1.366,173.5
2026-08-04,16:29:54,1.366,173.5
2026-08-04,16:29:54,1.366,173.5
2026-08-04,16:29:54,1.366,173.5
2026-08-04,16:29:54,1.366,173.5
2026-08-04,16:29:54,1.366,173.5
2026-08-04,16:29:55,1.366,173.5
2026-08-04,16:29:55,1.366,173.5
2026-08-04,16:29:55,1.366,173.5
2026-08-04,16:29:55,1.366,173.5
2026-08-04,16:29:55,1.366,173.5
2026-08-04,16:29:55,1.366,173.5
2026-08-04,16:29:56,1.366,173.5
2026-08-04,16:29:56,1.366,173.5
2026-08-04,16:29:56,1.366,173.5
2026-08-04,16:29:56,1.366,173.5
2026-08-04,16:29:56,1.366,173.5
2026-08-04,16:29:56,1.366,173.5
2026-08-04,16:29:57,1.366,173.5
2026-08-04,16:29:57,1.366,173.5
2026-08-04,16:29:57,1.366,173.5
2026-08-04,16:29:57,1.366,173.5
2026-08-04,16:29:57,1.366,173.5
2026-08-04,16:29:57,1.366,173.5
2026-08-04,16:29:58,1.366,173.5
2026-08-04,16:29:58,1.366,173.5
2026-08-04,16:29:58,1.366,173.5
2026-08-04,16:29:58,1.366,173.5
2026-08-04,16:29:58,1.366,173.5
2026-08-04,16:29:58,1.366,173.5
2026-08-04,16:29:59,1.366,173.5
2026-08-04,16:29:59,1.366,173.5
2026-08-04,16:29:59,1.366,173.5
2026-08-04,16:29:59,1.366,173.5
2026-08-04,16:29:59,1.366,173.5
2026-08-04,16:29:59,1.366,173.5
2026-08-04,16:30:00,1.366,173.5
2026-08-04,16:30:00,1.366,173.5
2026-08-04,16:30:00,1.366,173.5
2026-08-04,16:30:00,1.366,173.5
2026-08-04,16:30:00,1.366,173.5
2026-08-04,16:30:00,1.366,173.5
2026-08-04,16:30:01,1.366,173.5
2026-08-04,16:30:01,1.367,173.5
2026-08-04,16:30:01,1.367,173.5
2026-08-04,16:30:01,1.367,173.5
2026-08-04,16:30:01,1.367,173.5
2026-08-04,16:30:01,1.367,173.5
2026-08-04,16:30:02,1.367,173.5
2026-08-04,16:30:02,1.367,173.5
2026-08-04,16:30:02,1.367,173.5
2026-08-04,16:30:02,1.367,173.5
2026-08-04,16:30:02,1.367,173.5
2026-08-04,16:30:02,1.367,173.5
2026-08-04,16:30:03,1.367,173.5
2026-08-04,16:30:03,1.366,173.5
2026-08-04,16:30:03,1.366,173.5
2026-08-04,16:30:03,1.367,173.5
2026-08-04,16:30:03,1.367,173.5
2026-08-04,16:30:03,1.367,173.5
2026-08-04,16:30:04,1.367,173.5
2026-08-04,16:30:04,1.367,173.5
2026-08-04,16:30:04,1.367,173.5
2026-08-04,16:30:04,1.367,173.5
2026-08-04,16:30:04,1.367,173.5
2026-08-04,16:30:04,1.367,173.6
2026-08-04,16:30:05,1.367,173.6
2026-08-04,16:30:05,1.367,173.6
2026-08-04,16:30:05,1.367,173.6
2026-08-04,16:30:05,1.367,173.6
2026-08-04,16:30:05,1.367,173.6
2026-08-04,16:30:05,1.367,173.6
2026-08-04,16:30:05,1.367,173.6
2026-08-04,16:30:06,1.367,173.6
2026-08-04,16:30:06,1.367,173.6
2026-08-04,16:30:06,1.367,173.6
2026-08-04,16:30:06,1.367,173.6
2026-08-04,16:30:06,1.367,173.6
2026-08-04,16:30:06,1.367,173.6
2026-08-04,16:30:07,1.367,173.6
2026-08-04,16:30:07,1.367,173.6
2026-08-04,16:30:07,1.367,173.6
2026-08-04,16:30:07,1.367,173.6
2026-08-04,16:30:07,1.367,173.6
2026-08-04,16:30:07,1.367,173.6
2026-08-04,16:30:08,1.367,173.6
2026-08-04,16:30:08,1.367,173.6
2026-08-04,16:30:08,1.367,173.6
2026-08-04,16:30:08,1.367,173.6
2026-08-04,16:30:08,1.367,173.6
2026-08-04,16:30:08,1.367,173.6
2026-08-04,16:30:09,1.367,173.6
2026-08-04,16:30:09,1.367,173.6
2026-08-04,16:30:09,1.367,173.6
2026-08-04,16:30:09,1.367,173.6
2026-08-04,16:30:09,1.367,173.5
2026-08-04,16:30:09,1.367,173.5
2026-08-04,16:30:10,1.367,173.5
2026-08-04,16:30:10,1.367,173.5
2026-08-04,16:30:10,1.367,173.5
2026-08-04,16:30:10,1.367,173.5
2026-08-04,16:30:10,1.367,173.5
