data,hora,corrente_a,potencia_va,campanha
2026-08-04,16:03:55,1.37,174.0,CAMPANHA_PILOTO_01
2026-08-04,16:03:56,1.369,173.9,CAMPANHA_PILOTO_01
2026-08-04,16:03:57,1.369,173.8,CAMPANHA_PILOTO_01
2026-08-04,16:03:58,1.369,173.9,CAMPANHA_PILOTO_01
2026-08-04,16:03:59,1.369,173.8,CAMPANHA_PILOTO_01
2026-08-04,16:04:00,1.368,173.8,CAMPANHA_PILOTO_01
2026-08-04,16:04:01,1.368,173.8,CAMPANHA_PILOTO_01
2026-08-04,16:04:02,1.368,173.8,CAMPANHA_PILOTO_01
2026-08-04,16:04:03,1.368,173.8,CAMPANHA_PILOTO_01
2026-08-04,16:04:04,1.368,173.7,CAMPANHA_PILOTO_01
2026-08-04,16:04:05,1.368,173.7,CAMPANHA_PILOTO_01
2026-08-04,16:04:06,1.368,173.7,CAMPANHA_PILOTO_01
2026-08-04,16:04:07,1.368,173.7,CAMPANHA_PILOTO_01
2026-08-04,16:04:08,1.368,173.8,CAMPANHA_PILOTO_01
2026-08-04,16:04:09,1.368,173.8,CAMPANHA_PILOTO_01
2026-08-04,16:04:10,1.368,173.7,CAMPANHA_PILOTO_01
2026-08-04,16:04:11,1.366,173.5,CAMPANHA_PILOTO_01
2026-08-04,16:04:12,1.366,173.4,CAMPANHA_PILOTO_01
2026-08-04,16:04:13,1.366,173.4,CAMPANHA_PILOTO_01
2026-08-04,16:04:14,1.365,173.4,CAMPANHA_PILOTO_01
2026-08-04,16:04:15,1.365,173.4,CAMPANHA_PILOTO_01
2026-08-04,16:04:16,1.365,173.4,CAMPANHA_PILOTO_01
2026-08-04,16:04:17,1.365,173.3,CAMPANHA_PILOTO_01
2026-08-04,16:04:18,1.364,173.2,CAMPANHA_PILOTO_01
2026-08-04,16:04:19,1.364,173.2,CAMPANHA_PILOTO_01
2026-08-04,16:04:20,1.364,173.2,CAMPANHA_PILOTO_01
2026-08-04,16:04:21,1.364,173.3,CAMPANHA_PILOTO_01
2026-08-04,16:04:22,1.364,173.3,CAMPANHA_PILOTO_01
2026-08-04,16:04:23,1.365,173.4,CAMPANHA_PILOTO_01
2026-08-04,16:04:24,1.365,173.4,CAMPANHA_PILOTO_01
2026-08-04,16:04:25,1.365,173.4,CAMPANHA_PILOTO_01
2026-08-04,16:04:26,1.365,173.4,CAMPANHA_PILOTO_01
2026-08-04,16:04:27,1.365,173.4,CAMPANHA_PILOTO_01
2026-08-04,16:04:28,1.366,173.5,CAMPANHA_PILOTO_01
2026-08-04,16:04:29,1.366,173.5,CAMPANHA_PILOTO_01
2026-08-04,16:04:30,1.365,173.4,CAMPANHA_PILOTO_01
2026-08-04,16:04:31,1.365,173.4,CAMPANHA_PILOTO_01
2026-08-04,16:04:32,1.365,173.4,CAMPANHA_PILOTO_01
2026-08-04,16:04:33,1.366,173.4,CAMPANHA_PILOTO_01
2026-08-04,16:04:34,1.366,173.5,CAMPANHA_PILOTO_01
2026-08-04,16:04:35,1.366,173.4,CAMPANHA_PILOTO_01
2026-08-04,16:04:36,1.365,173.4,CAMPANHA_PILOTO_01
2026-08-04,16:04:37,1.365,173.4,CAMPANHA_PILOTO_01
2026-08-04,16:04:38,1.365,173.4,CAMPANHA_PILOTO_01
2026-08-04,16:04:39,1.365,173.4,CAMPANHA_PILOTO_01
2026-08-04,16:04:40,1.366,173.5,CAMPANHA_PILOTO_01
2026-08-04,16:04:41,1.366,173.5,CAMPANHA_PILOTO_01
2026-08-04,16:04:42,1.366,173.4,CAMPANHA_PILOTO_01
2026-08-04,16:04:43,1.365,173.3,CAMPANHA_PILOTO_01
2026-08-04,16:04:44,1.364,173.2,CAMPANHA_PILOTO_01
2026-08-04,16:04:45,1.363,173.2,CAMPANHA_PILOTO_01
2026-08-04,16:04:46,1.363,173.1,CAMPANHA_PILOTO_01
2026-08-04,16:04:47,1.363,173.1,CAMPANHA_PILOTO_01
2026-08-04,16:04:48,1.363,173.1,CAMPANHA_PILOTO_01
2026-08-04,16:04:49,1.363,173.1,CAMPANHA_PILOTO_01
2026-08-04,16:04:50,1.363,173.1,CAMPANHA_PILOTO_01
2026-08-04,16:04:51,1.363,173.1,CAMPANHA_PILOTO_01
2026-08-04,16:04:52,1.364,173.2,CAMPANHA_PILOTO_01
2026-08-04,16:04:53,1.364,173.3,CAMPANHA_PILOTO_01
2026-08-04,16:04:54,1.364,173.3,CAMPANHA_PILOTO_01
2026-08-04,16:04:55,1.364,173.2,CAMPANHA_PILOTO_01
2026-08-04,16:04:56,1.364,173.2,CAMPANHA_PILOTO_01
2026-08-04,16:04:57,1.364,173.2,CAMPANHA_PILOTO_01
2026-08-04,16:04:58,1.364,173.2,CAMPANHA_PILOTO_01
2026-08-04,16:04:59,1.364,173.2,CAMPANHA_PILOTO_01
2026-08-04,16:05:00,1.364,173.2,CAMPANHA_PILOTO_01
2026-08-04,16:05:01,1.363,173.1,CAMPANHA_PILOTO_01
2026-08-04,16:05:02,1.363,173.1,CAMPANHA_PILOTO_01
2026-08-04,16:05:03,1.363,173.1,CAMPANHA_PILOTO_01
2026-08-04,16:05:04,1.363,173.1,CAMPANHA_PILOTO_01
2026-08-04,16:05:05,1.363,173.1,CAMPANHA_PILOTO_01
2026-08-04,16:05:06,1.363,173.1,CAMPANHA_PILOTO_01
2026-08-04,16:05:07,1.363,173.1,CAMPANHA_PILOTO_01
2026-08-04,16:05:08,1.363,173.0,CAMPANHA_PILOTO_01
2026-08-04,16:05:09,1.362,173.0,CAMPANHA_PILOTO_01
2026-08-04,16:05:10,1.362,173.0,CAMPANHA_PILOTO_01
2026-08-04,16:05:11,1.362,173.0,CAMPANHA_PILOTO_01
2026-08-04,16:05:12,1.362,172.9,CAMPANHA_PILOTO_01
2026-08-04,16:05:13,1.361,172.9,CAMPANHA_PILOTO_01
2026-08-04,16:05:14,1.361,172.9,CAMPANHA_PILOTO_01
2026-08-04,16:05:15,1.361,172.9,CAMPANHA_PILOTO_01
2026-08-04,16:05:16,1.361,172.9,CAMPANHA_PILOTO_01
2026-08-04,16:05:17,1.361,172.9,CAMPANHA_PILOTO_01
2026-08-04,16:05:18,1.362,172.9,CAMPANHA_PILOTO_01
2026-08-04,16:05:19,1.362,173.0,CAMPANHA_PILOTO_01
2026-08-04,16:05:20,1.362,173.0,CAMPANHA_PILOTO_01
2026-08-04,16:05:21,1.362,172.9,CAMPANHA_PILOTO_01
2026-08-04,16:05:22,1.362,172.9,CAMPANHA_PILOTO_01
2026-08-04,16:05:23,1.362,173.0,CAMPANHA_PILOTO_01
2026-08-04,16:05:24,1.363,173.1,CAMPANHA_PILOTO_01
2026-08-04,16:05:25,1.363,173.1,CAMPANHA_PILOTO_01
2026-08-04,16:05:26,1.363,173.1,CAMPANHA_PILOTO_01
2026-08-04,16:05:27,1.363,173.1,CAMPANHA_PILOTO_01
2026-08-04,16:05:28,1.363,173.1,CAMPANHA_PILOTO_01
2026-08-04,16:05:29,1.363,173.1,CAMPANHA_PILOTO_01
2026-08-04,16:05:30,1.363,173.1,CAMPANHA_PILOTO_01
2026-08-04,16:05:31,1.363,173.2,CAMPANHA_PILOTO_01
2026-08-04,16:05:32,1.364,173.2,CAMPANHA_PILOTO_01
2026-08-04,16:05:33,1.364,173.2,CAMPANHA_PILOTO_01
2026-08-04,16:05:34,1.364,173.2,CAMPANHA_PILOTO_01
2026-08-04,16:05:35,1.364,173.3,CAMPANHA_PILOTO_01
2026-08-04,16:05:36,1.364,173.3,CAMPANHA_PILOTO_01
2026-08-04,16:05:37,1.364,173.2,CAMPANHA_PILOTO_01
2026-08-04,16:05:38,1.364,173.2,CAMPANHA_PILOTO_01
2026-08-04,16:05:39,1.363,173.1,CAMPANHA_PILOTO_01
2026-08-04,16:05:40,1.363,173.1,CAMPANHA_PILOTO_01
2026-08-04,16:05:41,1.364,173.2,CAMPANHA_PILOTO_01
2026-08-04,16:05:42,1.365,173.3,CAMPANHA_PILOTO_01
2026-08-04,16:05:43,1.365,173.4,CAMPANHA_PILOTO_01
2026-08-04,16:05:44,1.365,173.4,CAMPANHA_PILOTO_01
2026-08-04,16:05:45,1.365,173.3,CAMPANHA_PILOTO_01
2026-08-04,16:05:46,1.364,173.2,CAMPANHA_PILOTO_01
2026-08-04,16:05:47,1.364,173.2,CAMPANHA_PILOTO_01
2026-08-04,16:05:48,1.364,173.2,CAMPANHA_PILOTO_01
2026-08-04,16:05:49,1.364,173.2,CAMPANHA_PILOTO_01
2026-08-04,16:05:50,1.364,173.2,CAMPANHA_PILOTO_01
2026-08-04,16:05:51,1.364,173.2,CAMPANHA_PILOTO_01
2026-08-04,16:05:52,1.364,173.2,CAMPANHA_PILOTO_01
2026-08-04,16:05:53,1.364,173.2,CAMPANHA_PILOTO_01
2026-08-04,16:05:54,1.364,173.2,CAMPANHA_PILOTO_01
2026-08-04,16:05:55,1.364,173.2,CAMPANHA_PILOTO_01
2026-08-04,16:05:56,1.364,173.2,CAMPANHA_PILOTO_01
2026-08-04,16:05:57,1.364,173.2,CAMPANHA_PILOTO_01
2026-08-04,16:05:58,1.364,173.2,CAMPANHA_PILOTO_01
2026-08-04,16:05:59,1.364,173.2,CAMPANHA_PILOTO_01
2026-08-04,16:06:00,1.363,173.2,CAMPANHA_PILOTO_01
2026-08-04,16:06:01,1.363,173.1,CAMPANHA_PILOTO_01
2026-08-04,16:06:02,1.363,173.1,CAMPANHA_PILOTO_01
2026-08-04,16:06:03,1.363,173.1,CAMPANHA_PILOTO_01
2026-08-04,16:06:04,1.362,173.0,CAMPANHA_PILOTO_01
2026-08-04,16:06:05,1.362,173.0,CAMPANHA_PILOTO_01
2026-08-04,16:06:06,1.363,173.1,CAMPANHA_PILOTO_01
2026-08-04,16:06:07,1.363,173.1,CAMPANHA_PILOTO_01
2026-08-04,16:06:08,1.363,173.1,CAMPANHA_PILOTO_01
2026-08-04,16:06:09,1.363,173.1,CAMPANHA_PILOTO_01
2026-08-04,16:06:10,1.363,173.1,CAMPANHA_PILOTO_01
2026-08-04,16:06:11,1.363,173.1,CAMPANHA_PILOTO_01
2026-08-04,16:06:12,1.363,173.1,CAMPANHA_PILOTO_01
2026-08-04,16:06:13,1.363,173.1,CAMPANHA_PILOTO_01
2026-08-04,16:06:14,1.364,173.2,CAMPANHA_PILOTO_01
2026-08-04,16:06:15,1.364,173.2,CAMPANHA_PILOTO_01
2026-08-04,16:06:16,1.364,173.2,CAMPANHA_PILOTO_01
2026-08-04,16:06:17,1.363,173.1,CAMPANHA_PILOTO_01
2026-08-04,16:06:18,1.363,173.1,CAMPANHA_PILOTO_01
2026-08-04,16:06:19,1.363,173.2,CAMPANHA_PILOTO_01
2026-08-04,16:06:20,1.363,173.1,CAMPANHA_PILOTO_01
2026-08-04,16:06:21,1.363,173.1,CAMPANHA_PILOTO_01
2026-08-04,16:06:22,1.364,173.2,CAMPANHA_PILOTO_01
2026-08-04,16:06:23,1.364,173.2,CAMPANHA_PILOTO_01
2026-08-04,16:06:24,1.363,173.1,CAMPANHA_PILOTO_01
2026-08-04,16:06:25,1.363,173.1,CAMPANHA_PILOTO_01
2026-08-04,16:06:26,1.363,173.2,CAMPANHA_PILOTO_01
2026-08-04,16:06:27,1.363,173.1,CAMPANHA_PILOTO_01
2026-08-04,16:06:28,1.363,173.1,CAMPANHA_PILOTO_01
2026-08-04,16:06:29,1.363,173.1,CAMPANHA_PILOTO_01
2026-08-04,16:06:30,1.363,173.1,CAMPANHA_PILOTO_01
2026-08-04,16:06:31,1.363,173.1,CAMPANHA_PILOTO_01
2026-08-04,16:06:32,1.363,173.1,CAMPANHA_PILOTO_01
2026-08-04,16:06:33,1.363,173.1,CAMPANHA_PILOTO_01
2026-08-04,16:06:34,1.363,173.1,CAMPANHA_PILOTO_01
2026-08-04,16:06:35,1.363,173.1,CAMPANHA_PILOTO_01
2026-08-04,16:06:36,1.363,173.1,CAMPANHA_PILOTO_01
2026-08-04,16:06:37,1.363,173.1,CAMPANHA_PILOTO_01
2026-08-04,16:06:38,1.363,173.1,CAMPANHA_PILOTO_01
2026-08-04,16:06:39,1.363,173.1,CAMPANHA_PILOTO_01
2026-08-04,16:06:40,1.363,173.1,CAMPANHA_PILOTO_01
2026-08-04,16:06:41,1.363,173.2,CAMPANHA_PILOTO_01
2026-08-04,16:06:42,1.363,173.1,CAMPANHA_PILOTO_01
2026-08-04,16:06:43,1.364,173.2,CAMPANHA_PILOTO_01
2026-08-04,16:06:44,1.364,173.2,CAMPANHA_PILOTO_01
2026-08-04,16:06:45,1.364,173.2,CAMPANHA_PILOTO_01
2026-08-04,16:06:46,1.364,173.2,CAMPANHA_PILOTO_01
2026-08-04,16:06:47,1.364,173.2,CAMPANHA_PILOTO_01
2026-08-04,16:06:48,1.364,173.2,CAMPANHA_PILOTO_01
2026-08-04,16:06:49,1.364,173.2,CAMPANHA_PILOTO_01
2026-08-04,16:06:50,1.364,173.2,CAMPANHA_PILOTO_01
2026-08-04,16:06:51,1.364,173.2,CAMPANHA_PILOTO_01
2026-08-04,16:06:52,1.364,173.2,CAMPANHA_PILOTO_01
2026-08-04,16:06:53,1.363,173.1,CAMPANHA_PILOTO_01
2026-08-04,16:06:54,1.363,173.1,CAMPANHA_PILOTO_01
2026-08-04,16:06:55,1.363,173.1,CAMPANHA_PILOTO_01
2026-08-04,16:06:56,1.363,173.1,CAMPANHA_PILOTO_01
2026-08-04,16:06:57,1.363,173.1,CAMPANHA_PILOTO_01
2026-08-04,16:06:58,1.364,173.2,CAMPANHA_PILOTO_01
2026-08-04,16:06:59,1.364,173.3,CAMPANHA_PILOTO_01
2026-08-04,16:07:00,1.364,173.3,CAMPANHA_PILOTO_01
2026-08-04,16:07:01,1.364,173.3,CAMPANHA_PILOTO_01
2026-08-04,16:07:02,1.364,173.3,CAMPANHA_PILOTO_01
2026-08-04,16:07:03,1.364,173.3,CAMPANHA_PILOTO_01
2026-08-04,16:07:04,1.364,173.3,CAMPANHA_PILOTO_01
2026-08-04,16:07:05,1.364,173.2,CAMPANHA_PILOTO_01
2026-08-04,16:07:06,1.364,173.3,CAMPANHA_PILOTO_01
2026-08-04,16:07:07,1.364,173.2,CAMPANHA_PILOTO_01
2026-08-04,16:07:08,1.364,173.2,CAMPANHA_PILOTO_01
2026-08-04,16:07:09,1.364,173.2,CAMPANHA_PILOTO_01
2026-08-04,16:07:10,1.364,173.2,CAMPANHA_PILOTO_01
2026-08-04,16:07:11,1.363,173.2,CAMPANHA_PILOTO_01
2026-08-04,16:07:12,1.363,173.1,CAMPANHA_PILOTO_01
2026-08-04,16:07:13,1.363,173.1,CAMPANHA_PILOTO_01
2026-08-04,16:07:14,1.363,173.2,CAMPANHA_PILOTO_01
2026-08-04,16:07:15,1.364,173.2,CAMPANHA_PILOTO_01
2026-08-04,16:07:16,1.364,173.2,CAMPANHA_PILOTO_01
2026-08-04,16:07:17,1.364,173.2,CAMPANHA_PILOTO_01
2026-08-04,16:07:18,1.363,173.2,CAMPANHA_PILOTO_01
2026-08-04,16:07:19,1.363,173.1,CAMPANHA_PILOTO_01
2026-08-04,16:07:20,1.363,173.1,CAMPANHA_PILOTO_01
2026-08-04,16:07:21,1.363,173.1,CAMPANHA_PILOTO_01
2026-08-04,16:07:22,1.363,173.1,CAMPANHA_PILOTO_01
2026-08-04,16:07:23,1.363,173.1,CAMPANHA_PILOTO_01
2026-08-04,16:07:24,1.363,173.1,CAMPANHA_PILOTO_01
2026-08-04,16:07:25,1.363,173.1,CAMPANHA_PILOTO_01
2026-08-04,16:07:26,1.363,173.1,CAMPANHA_PILOTO_01
2026-08-04,16:07:27,1.362,173.0,CAMPANHA_PILOTO_01
2026-08-04,16:07:28,1.362,173.0,CAMPANHA_PILOTO_01
2026-08-04,16:07:29,1.362,173.0,CAMPANHA_PILOTO_01
2026-08-04,16:07:30,1.363,173.1,CAMPANHA_PILOTO_01
2026-08-04,16:07:31,1.363,173.1,CAMPANHA_PILOTO_01
2026-08-04,16:07:32,1.363,173.1,CAMPANHA_PILOTO_01
2026-08-04,16:07:33,1.363,173.1,CAMPANHA_PILOTO_01
2026-08-04,16:07:34,1.363,173.1,CAMPANHA_PILOTO_01
2026-08-04,16:07:35,1.364,173.2,CAMPANHA_PILOTO_01
2026-08-04,16:07:36,1.364,173.2,CAMPANHA_PILOTO_01
2026-08-04,16:07:37,1.364,173.2,CAMPANHA_PILOTO_01
2026-08-04,16:07:38,1.364,173.2,CAMPANHA_PILOTO_01
2026-08-04,16:07:39,1.363,173.1,CAMPANHA_PILOTO_01
2026-08-04,16:07:40,1.364,173.2,CAMPANHA_PILOTO_01
2026-08-04,16:07:41,1.364,173.2,CAMPANHA_PILOTO_01
2026-08-04,16:07:42,1.364,173.2,CAMPANHA_PILOTO_01
2026-08-04,16:07:43,1.364,173.2,CAMPANHA_PILOTO_01
2026-08-04,16:07:44,1.364,173.2,CAMPANHA_PILOTO_01
2026-08-04,16:07:45,1.363,173.1,CAMPANHA_PILOTO_01
2026-08-04,16:07:46,1.363,173.1,CAMPANHA_PILOTO_01
2026-08-04,16:07:47,1.363,173.1,CAMPANHA_PILOTO_01
2026-08-04,16:07:48,1.363,173.1,CAMPANHA_PILOTO_01
2026-08-04,16:07:49,1.364,173.2,CAMPANHA_PILOTO_01
2026-08-04,16:07:50,1.364,173.2,CAMPANHA_PILOTO_01
2026-08-04,16:07:51,1.364,173.2,CAMPANHA_PILOTO_01
2026-08-04,16:07:52,1.364,173.2,CAMPANHA_PILOTO_01
2026-08-04,16:07:53,1.364,173.2,CAMPANHA_PILOTO_01
2026-08-04,16:07:54,1.364,173.2,CAMPANHA_PILOTO_01
2026-08-04,16:07:55,1.364,173.2,CAMPANHA_PILOTO_01
2026-08-04,16:07:56,1.364,173.2,CAMPANHA_PILOTO_01
2026-08-04,16:07:57,1.364,173.2,CAMPANHA_PILOTO_01
2026-08-04,16:07:58,1.364,173.2,CAMPANHA_PILOTO_01
2026-08-04,16:07:59,1.364,173.2,CAMPANHA_PILOTO_01
2026-08-04,16:08:00,1.364,173.2,CAMPANHA_PILOTO_01
2026-08-04,16:08:01,1.364,173.2,CAMPANHA_PILOTO_01
2026-08-04,16:08:02,1.364,173.2,CAMPANHA_PILOTO_01
2026-08-04,16:08:03,1.364,173.2,CAMPANHA_PILOTO_01
2026-08-04,16:08:04,1.364,173.2,CAMPANHA_PILOTO_01
2026-08-04,16:08:05,1.364,173.2,CAMPANHA_PILOTO_01
2026-08-04,16:08:06,1.364,173.2,CAMPANHA_PILOTO_01
2026-08-04,16:08:07,1.364,173.2,CAMPANHA_PILOTO_01
2026-08-04,16:08:08,1.364,173.2,CAMPANHA_PILOTO_01
2026-08-04,16:08:09,1.364,173.2,CAMPANHA_PILOTO_01
2026-08-04,16:08:10,1.363,173.2,CAMPANHA_PILOTO_01
2026-08-04,16:08:11,1.364,173.2,CAMPANHA_PILOTO_01
2026-08-04,16:08:12,1.364,173.2,CAMPANHA_PILOTO_01
2026-08-04,16:08:13,1.364,173.2,CAMPANHA_PILOTO_01
2026-08-04,16:08:14,1.364,173.2,CAMPANHA_PILOTO_01
2026-08-04,16:08:15,1.364,173.2,CAMPANHA_PILOTO_01
2026-08-04,16:08:16,1.364,173.2,CAMPANHA_PILOTO_01
2026-08-04,16:08:17,1.364,173.2,CAMPANHA_PILOTO_01
2026-08-04,16:08:18,1.364,173.2,CAMPANHA_PILOTO_01
2026-08-04,16:08:19,1.364,173.2,CAMPANHA_PILOTO_01
2026-08-04,16:08:20,1.363,173.1,CAMPANHA_PILOTO_01
2026-08-04,16:08:21,1.363,173.1,CAMPANHA_PILOTO_01
2026-08-04,16:08:22,1.363,173.1,CAMPANHA_PILOTO_01
2026-08-04,16:08:23,1.363,173.1,CAMPANHA_PILOTO_01
2026-08-04,16:08:24,1.363,173.1,CAMPANHA_PILOTO_01
2026-08-04,16:08:25,1.363,173.1,CAMPANHA_PILOTO_01
2026-08-04,16:08:26,1.363,173.1,CAMPANHA_PILOTO_01
2026-08-04,16:08:27,1.363,173.1,CAMPANHA_PILOTO_01
2026-08-04,16:08:28,1.363,173.1,CAMPANHA_PILOTO_01
2026-08-04,16:08:29,1.363,173.1,CAMPANHA_PILOTO_01
2026-08-04,16:08:30,1.362,173.0,CAMPANHA_PILOTO_01
2026-08-04,16:08:31,1.363,173.0,CAMPANHA_PILOTO_01
2026-08-04,16:08:32,1.363,173.1,CAMPANHA_PILOTO_01
2026-08-04,16:08:33,1.363,173.1,CAMPANHA_PILOTO_01
2026-08-04,16:08:34,1.363,173.1,CAMPANHA_PILOTO_01
2026-08-04,16:08:35,1.363,173.1,CAMPANHA_PILOTO_01
2026-08-04,16:08:36,1.363,173.0,CAMPANHA_PILOTO_01
2026-08-04,16:08:37,1.362,173.0,CAMPANHA_PILOTO_01
2026-08-04,16:08:38,1.362,173.0,CAMPANHA_PILOTO_01
2026-08-04,16:08:39,1.362,173.0,CAMPANHA_PILOTO_01
2026-08-04,16:08:40,1.363,173.0,CAMPANHA_PILOTO_01
2026-08-04,16:08:41,1.363,173.1,CAMPANHA_PILOTO_01
2026-08-04,16:08:42,1.363,173.1,CAMPANHA_PILOTO_01
2026-08-04,16:08:43,1.363,173.1,CAMPANHA_PILOTO_01
2026-08-04,16:08:44,1.363,173.1,CAMPANHA_PILOTO_01
2026-08-04,16:08:45,1.363,173.1,CAMPANHA_PILOTO_01
2026-08-04,16:08:46,1.363,173.1,CAMPANHA_PILOTO_01
2026-08-04,16:08:47,1.363,173.1,CAMPANHA_PILOTO_01
2026-08-04,16:08:48,1.363,173.0,CAMPANHA_PILOTO_01
2026-08-04,16:08:49,1.363,173.1,CAMPANHA_PILOTO_01
2026-08-04,16:08:50,1.363,173.1,CAMPANHA_PILOTO_01
2026-08-04,16:08:51,1.363,173.1,CAMPANHA_PILOTO_01
2026-08-04,16:08:52,1.363,173.1,CAMPANHA_PILOTO_01
2026-08-04,16:08:53,1.363,173.1,CAMPANHA_PILOTO_01
2026-08-04,16:08:54,1.363,173.1,CAMPANHA_PILOTO_01
2026-08-04,16:08:55,1.362,173.0,CAMPANHA_PILOTO_01
2026-08-04,16:08:56,1.363,173.0,CAMPANHA_PILOTO_01
2026-08-04,16:08:57,1.362,173.0,CAMPANHA_PILOTO_01
2026-08-04,16:08:58,1.362,173.0,CAMPANHA_PILOTO_01
2026-08-04,16:08:59,1.362,173.0,CAMPANHA_PILOTO_01
2026-08-04,16:09:00,1.362,173.0,CAMPANHA_PILOTO_01
2026-08-04,16:09:01,1.362,173.0,CAMPANHA_PILOTO_01
2026-08-04,16:09:02,1.362,173.0,CAMPANHA_PILOTO_01
2026-08-04,16:09:03,1.362,173.0,CAMPANHA_PILOTO_01
2026-08-04,16:09:04,1.363,173.1,CAMPANHA_PILOTO_01
2026-08-04,16:09:05,1.363,173.1,CAMPANHA_PILOTO_01
2026-08-04,16:09:06,1.363,173.1,CAMPANHA_PILOTO_01
2026-08-04,16:09:07,1.363,173.1,CAMPANHA_PILOTO_01
2026-08-04,16:09:08,1.363,173.1,CAMPANHA_PILOTO_01
2026-08-04,16:09:09,1.363,173.1,CAMPANHA_PILOTO_01
2026-08-04,16:09:10,1.362,173.0,CAMPANHA_PILOTO_01
2026-08-04,16:09:11,1.362,173.0,CAMPANHA_PILOTO_01
2026-08-04,16:09:12,1.362,172.9,CAMPANHA_PILOTO_01
2026-08-04,16:09:13,1.361,172.9,CAMPANHA_PILOTO_01
2026-08-04,16:09:14,1.362,172.9,CAMPANHA_PILOTO_01
2026-08-04,16:09:15,1.362,172.9,CAMPANHA_PILOTO_01
2026-08-04,16:09:16,1.362,172.9,CAMPANHA_PILOTO_01
2026-08-04,16:09:17,1.362,172.9,CAMPANHA_PILOTO_01
2026-08-04,16:09:18,1.362,172.9,CAMPANHA_PILOTO_01
2026-08-04,16:09:19,1.362,172.9,CAMPANHA_PILOTO_01
2026-08-04,16:09:20,1.362,172.9,CAMPANHA_PILOTO_01
2026-08-04,16:09:21,1.362,173.0,CAMPANHA_PILOTO_01
2026-08-04,16:09:22,1.362,173.0,CAMPANHA_PILOTO_01
2026-08-04,16:09:23,1.362,173.0,CAMPANHA_PILOTO_01
2026-08-04,16:09:24,1.362,173.0,CAMPANHA_PILOTO_01
2026-08-04,16:09:25,1.362,173.0,CAMPANHA_PILOTO_01
2026-08-04,16:09:26,1.362,173.0,CAMPANHA_PILOTO_01
2026-08-04,16:09:27,1.362,173.0,CAMPANHA_PILOTO_01
2026-08-04,16:09:28,1.362,173.0,CAMPANHA_PILOTO_01
2026-08-04,16:09:29,1.362,173.0,CAMPANHA_PILOTO_01
2026-08-04,16:09:30,1.362,173.0,CAMPANHA_PILOTO_01
2026-08-04,16:09:31,1.362,173.0,CAMPANHA_PILOTO_01
2026-08-04,16:09:32,1.362,173.0,CAMPANHA_PILOTO_01
2026-08-04,16:09:33,1.362,173.0,CAMPANHA_PILOTO_01
2026-08-04,16:09:34,1.362,173.0,CAMPANHA_PILOTO_01
2026-08-04,16:09:35,1.363,173.0,CAMPANHA_PILOTO_01
2026-08-04,16:09:36,1.363,173.1,CAMPANHA_PILOTO_01
2026-08-04,16:09:37,1.363,173.0,CAMPANHA_PILOTO_01
2026-08-04,16:09:38,1.363,173.0,CAMPANHA_PILOTO_01
2026-08-04,16:09:39,1.362,173.0,CAMPANHA_PILOTO_01
2026-08-04,16:09:40,1.362,173.0,CAMPANHA_PILOTO_01
2026-08-04,16:09:41,1.362,173.0,CAMPANHA_PILOTO_01
2026-08-04,16:09:42,1.362,173.0,CAMPANHA_PILOTO_01
2026-08-04,16:09:43,1.362,173.0,CAMPANHA_PILOTO_01
2026-08-04,16:09:44,1.362,173.0,CAMPANHA_PILOTO_01
2026-08-04,16:09:45,1.362,173.0,CAMPANHA_PILOTO_01
2026-08-04,16:09:46,1.362,173.0,CAMPANHA_PILOTO_01
2026-08-04,16:09:47,1.362,173.0,CAMPANHA_PILOTO_01
2026-08-04,16:09:48,1.362,173.0,CAMPANHA_PILOTO_01
2026-08-04,16:09:49,1.362,173.0,CAMPANHA_PILOTO_01
2026-08-04,16:09:50,1.362,173.0,CAMPANHA_PILOTO_01
2026-08-04,16:09:51,1.362,173.0,CAMPANHA_PILOTO_01
2026-08-04,16:09:52,1.362,173.0,CAMPANHA_PILOTO_01
2026-08-04,16:09:53,1.362,173.0,CAMPANHA_PILOTO_01
2026-08-04,16:09:54,1.362,173.0,CAMPANHA_PILOTO_01
2026-08-04,16:09:55,1.362,173.0,CAMPANHA_PILOTO_01
2026-08-04,16:09:56,1.362,173.0,CAMPANHA_PILOTO_01
2026-08-04,16:09:57,1.362,173.0,CAMPANHA_PILOTO_01
2026-08-04,16:09:58,1.362,173.0,CAMPANHA_PILOTO_01
2026-08-04,16:09:59,1.362,173.0,CAMPANHA_PILOTO_01
2026-08-04,16:10:00,1.362,173.0,CAMPANHA_PILOTO_01
2026-08-04,16:10:01,1.362,173.0,CAMPANHA_PILOTO_01
2026-08-04,16:10:02,1.362,172.9,CAMPANHA_PILOTO_01
2026-08-04,16:10:03,1.361,172.9,CAMPANHA_PILOTO_01
2026-08-04,16:10:04,1.361,172.9,CAMPANHA_PILOTO_01
2026-08-04,16:10:05,1.362,172.9,CAMPANHA_PILOTO_01
2026-08-04,16:10:06,1.362,173.0,CAMPANHA_PILOTO_01
2026-08-04,16:10:07,1.362,173.0,CAMPANHA_PILOTO_01
2026-08-04,16:10:08,1.362,173.0,CAMPANHA_PILOTO_01
2026-08-04,16:10:09,1.362,173.0,CAMPANHA_PILOTO_01
2026-08-04,16:10:10,1.362,173.0,CAMPANHA_PILOTO_01
2026-08-04,16:10:11,1.362,173.0,CAMPANHA_PILOTO_01
2026-08-04,16:10:12,1.362,173.0,CAMPANHA_PILOTO_01
2026-08-04,16:10:13,1.362,172.9,CAMPANHA_PILOTO_01
2026-08-04,16:10:14,1.362,172.9,CAMPANHA_PILOTO_01
2026-08-04,16:10:15,1.362,172.9,CAMPANHA_PILOTO_01
2026-08-04,16:10:16,1.362,172.9,CAMPANHA_PILOTO_01
2026-08-04,16:10:17,1.361,172.9,CAMPANHA_PILOTO_01
2026-08-04,16:10:18,1.361,172.9,CAMPANHA_PILOTO_01
2026-08-04,16:10:19,1.361,172.9,CAMPANHA_PILOTO_01
2026-08-04,16:10:20,1.361,172.9,CAMPANHA_PILOTO_01
2026-08-04,16:10:21,1.361,172.9,CAMPANHA_PILOTO_01
2026-08-04,16:10:22,1.361,172.9,CAMPANHA_PILOTO_01
2026-08-04,16:10:23,1.361,172.9,CAMPANHA_PILOTO_01
2026-08-04,16:10:24,1.361,172.9,CAMPANHA_PILOTO_01
2026-08-04,16:10:25,1.361,172.9,CAMPANHA_PILOTO_01
2026-08-04,16:10:26,1.362,172.9,CAMPANHA_PILOTO_01
2026-08-04,16:10:27,1.361,172.9,CAMPANHA_PILOTO_01
2026-08-04,16:10:28,1.361,172.9,CAMPANHA_PILOTO_01
2026-08-04,16:10:29,1.361,172.8,CAMPANHA_PILOTO_01
2026-08-04,16:10:30,1.361,172.9,CAMPANHA_PILOTO_01
2026-08-04,16:10:31,1.361,172.9,CAMPANHA_PILOTO_01
2026-08-04,16:10:32,1.361,172.8,CAMPANHA_PILOTO_01
2026-08-04,16:10:33,1.361,172.9,CAMPANHA_PILOTO_01
2026-08-04,16:10:34,1.361,172.9,CAMPANHA_PILOTO_01
2026-08-04,16:10:35,1.361,172.9,CAMPANHA_PILOTO_01
2026-08-04,16:10:36,1.361,172.9,CAMPANHA_PILOTO_01
2026-08-04,16:10:37,1.361,172.9,CAMPANHA_PILOTO_01
2026-08-04,16:10:38,1.361,172.9,CAMPANHA_PILOTO_01
2026-08-04,16:10:39,1.361,172.9,CAMPANHA_PILOTO_01
2026-08-04,16:10:40,1.361,172.9,CAMPANHA_PILOTO_01
2026-08-04,16:10:41,1.362,172.9,CAMPANHA_PILOTO_01
2026-08-04,16:10:42,1.362,172.9,CAMPANHA_PILOTO_01
2026-08-04,16:10:43,1.361,172.9,CAMPANHA_PILOTO_01
2026-08-04,16:10:44,1.361,172.9,CAMPANHA_PILOTO_01
2026-08-04,16:10:45,1.362,172.9,CAMPANHA_PILOTO_01
2026-08-04,16:10:46,1.362,172.9,CAMPANHA_PILOTO_01
2026-08-04,16:10:47,1.361,172.9,CAMPANHA_PILOTO_01
2026-08-04,16:10:48,1.361,172.9,CAMPANHA_PILOTO_01
2026-08-04,16:10:49,1.362,172.9,CAMPANHA_PILOTO_01
2026-08-04,16:10:50,1.362,172.9,CAMPANHA_PILOTO_01
2026-08-04,16:10:51,1.362,172.9,CAMPANHA_PILOTO_01
2026-08-04,16:10:52,1.362,172.9,CAMPANHA_PILOTO_01
2026-08-04,16:10:53,1.362,172.9,CAMPANHA_PILOTO_01
2026-08-04,16:10:54,1.361,172.9,CAMPANHA_PILOTO_01
2026-08-04,16:10:55,1.361,172.9,CAMPANHA_PILOTO_01
2026-08-04,16:10:56,1.361,172.9,CAMPANHA_PILOTO_01
2026-08-04,16:10:57,1.362,172.9,CAMPANHA_PILOTO_01
2026-08-04,16:10:58,1.362,172.9,CAMPANHA_PILOTO_01
2026-08-04,16:10:59,1.362,172.9,CAMPANHA_PILOTO_01
2026-08-04,16:11:00,1.362,172.9,CAMPANHA_PILOTO_01
2026-08-04,16:11:01,1.361,172.9,CAMPANHA_PILOTO_01
2026-08-04,16:11:02,1.361,172.9,CAMPANHA_PILOTO_01
2026-08-04,16:11:03,1.361,172.9,CAMPANHA_PILOTO_01
2026-08-04,16:11:04,1.361,172.9,CAMPANHA_PILOTO_01
2026-08-04,16:11:05,1.361,172.9,CAMPANHA_PILOTO_01
2026-08-04,16:11:06,1.361,172.9,CAMPANHA_PILOTO_01
2026-08-04,16:11:07,1.361,172.9,CAMPANHA_PILOTO_01
2026-08-04,16:11:08,1.361,172.9,CAMPANHA_PILOTO_01
2026-08-04,16:11:09,1.361,172.9,CAMPANHA_PILOTO_01
2026-08-04,16:11:10,1.361,172.9,CAMPANHA_PILOTO_01
2026-08-04,16:11:11,1.361,172.9,CAMPANHA_PILOTO_01
2026-08-04,16:11:12,1.361,172.9,CAMPANHA_PILOTO_01
2026-08-04,16:11:13,1.361,172.9,CAMPANHA_PILOTO_01
2026-08-04,16:11:14,1.361,172.9,CAMPANHA_PILOTO_01
2026-08-04,16:11:15,1.361,172.9,CAMPANHA_PILOTO_01
2026-08-04,16:11:16,1.361,172.9,CAMPANHA_PILOTO_01
2026-08-04,16:11:17,1.361,172.9,CAMPANHA_PILOTO_01
2026-08-04,16:11:18,1.361,172.9,CAMPANHA_PILOTO_01
2026-08-04,16:11:19,1.361,172.9,CAMPANHA_PILOTO_01
2026-08-04,16:11:20,1.361,172.9,CAMPANHA_PILOTO_01
2026-08-04,16:11:21,1.361,172.9,CAMPANHA_PILOTO_01
2026-08-04,16:11:22,1.361,172.9,CAMPANHA_PILOTO_01
2026-08-04,16:11:23,1.362,172.9,CAMPANHA_PILOTO_01
2026-08-04,16:11:24,1.362,172.9,CAMPANHA_PILOTO_01
2026-08-04,16:11:25,1.361,172.9,CAMPANHA_PILOTO_01
2026-08-04,16:11:26,1.361,172.9,CAMPANHA_PILOTO_01
2026-08-04,16:11:27,1.361,172.9,CAMPANHA_PILOTO_01
2026-08-04,16:11:28,1.361,172.9,CAMPANHA_PILOTO_01
2026-08-04,16:11:29,1.361,172.9,CAMPANHA_PILOTO_01
2026-08-04,16:11:30,1.361,172.9,CAMPANHA_PILOTO_01
2026-08-04,16:11:31,1.361,172.9,CAMPANHA_PILOTO_01
2026-08-04,16:11:32,1.361,172.9,CAMPANHA_PILOTO_01
2026-08-04,16:11:33,1.361,172.9,CAMPANHA_PILOTO_01
2026-08-04,16:11:34,1.361,172.9,CAMPANHA_PILOTO_01
2026-08-04,16:11:35,1.361,172.9,CAMPANHA_PILOTO_01
2026-08-04,16:11:36,1.361,172.9,CAMPANHA_PILOTO_01
2026-08-04,16:11:37,1.361,172.9,CAMPANHA_PILOTO_01
2026-08-04,16:11:38,1.361,172.9,CAMPANHA_PILOTO_01
2026-08-04,16:11:39,1.361,172.9,CAMPANHA_PILOTO_01
2026-08-04,16:11:40,1.361,172.9,CAMPANHA_PILOTO_01
2026-08-04,16:11:41,1.362,172.9,CAMPANHA_PILOTO_01
2026-08-04,16:11:42,1.362,172.9,CAMPANHA_PILOTO_01
2026-08-04,16:11:43,1.362,172.9,CAMPANHA_PILOTO_01
2026-08-04,16:11:44,1.361,172.9,CAMPANHA_PILOTO_01
2026-08-04,16:11:45,1.361,172.9,CAMPANHA_PILOTO_01
2026-08-04,16:11:46,1.361,172.9,CAMPANHA_PILOTO_01
2026-08-04,16:11:47,1.361,172.9,CAMPANHA_PILOTO_01
2026-08-04,16:11:48,1.362,172.9,CAMPANHA_PILOTO_01
2026-08-04,16:11:49,1.362,172.9,CAMPANHA_PILOTO_01
2026-08-04,16:11:50,1.362,172.9,CAMPANHA_PILOTO_01
2026-08-04,16:11:51,1.362,172.9,CAMPANHA_PILOTO_01
2026-08-04,16:11:52,1.362,173.0,CAMPANHA_PILOTO_01
2026-08-04,16:11:53,1.362,173.0,CAMPANHA_PILOTO_01
2026-08-04,16:11:54,1.362,172.9,CAMPANHA_PILOTO_01
2026-08-04,16:11:55,1.362,172.9,CAMPANHA_PILOTO_01
2026-08-04,16:11:56,1.361,172.9,CAMPANHA_PILOTO_01
2026-08-04,16:11:57,1.361,172.9,CAMPANHA_PILOTO_01
2026-08-04,16:11:58,1.362,172.9,CAMPANHA_PILOTO_01
2026-08-04,16:11:59,1.362,173.0,CAMPANHA_PILOTO_01
2026-08-04,16:12:00,1.362,173.0,CAMPANHA_PILOTO_01
2026-08-04,16:12:01,1.362,173.0,CAMPANHA_PILOTO_01
2026-08-04,16:12:02,1.362,172.9,CAMPANHA_PILOTO_01
2026-08-04,16:12:03,1.362,172.9,CAMPANHA_PILOTO_01
2026-08-04,16:12:04,1.362,172.9,CAMPANHA_PILOTO_01
2026-08-04,16:12:05,1.361,172.9,CAMPANHA_PILOTO_01
2026-08-04,16:12:06,1.361,172.9,CAMPANHA_PILOTO_01
2026-08-04,16:12:07,1.361,172.9,CAMPANHA_PILOTO_01
2026-08-04,16:12:08,1.361,172.9,CAMPANHA_PILOTO_01
2026-08-04,16:12:09,1.362,172.9,CAMPANHA_PILOTO_01
2026-08-04,16:12:10,1.361,172.9,CAMPANHA_PILOTO_01
2026-08-04,16:12:11,1.362,172.9,CAMPANHA_PILOTO_01
2026-08-04,16:12:12,1.362,172.9,CAMPANHA_PILOTO_01
2026-08-04,16:12:13,1.362,172.9,CAMPANHA_PILOTO_01
2026-08-04,16:12:14,1.362,172.9,CAMPANHA_PILOTO_01
2026-08-04,16:12:15,1.362,172.9,CAMPANHA_PILOTO_01
2026-08-04,16:12:16,1.362,172.9,CAMPANHA_PILOTO_01
2026-08-04,16:12:17,1.362,172.9,CAMPANHA_PILOTO_01
2026-08-04,16:12:18,1.362,172.9,CAMPANHA_PILOTO_01
2026-08-04,16:12:19,1.362,172.9,CAMPANHA_PILOTO_01
2026-08-04,16:12:20,1.362,172.9,CAMPANHA_PILOTO_01
2026-08-04,16:12:21,1.362,172.9,CAMPANHA_PILOTO_01
2026-08-04,16:12:22,1.362,172.9,CAMPANHA_PILOTO_01
2026-08-04,16:12:23,1.362,172.9,CAMPANHA_PILOTO_01
2026-08-04,16:12:24,1.362,172.9,CAMPANHA_PILOTO_01
2026-08-04,16:12:25,1.362,172.9,CAMPANHA_PILOTO_01
2026-08-04,16:12:26,1.362,172.9,CAMPANHA_PILOTO_01
2026-08-04,16:12:27,1.362,172.9,CAMPANHA_PILOTO_01
2026-08-04,16:12:28,1.362,172.9,CAMPANHA_PILOTO_01
2026-08-04,16:12:29,1.362,172.9,CAMPANHA_PILOTO_01
2026-08-04,16:12:30,1.362,172.9,CAMPANHA_PILOTO_01
2026-08-04,16:12:31,1.362,173.0,CAMPANHA_PILOTO_01
2026-08-04,16:12:32,1.362,173.0,CAMPANHA_PILOTO_01
2026-08-04,16:12:33,1.362,173.0,CAMPANHA_PILOTO_01
2026-08-04,16:12:34,1.362,173.0,CAMPANHA_PILOTO_01
2026-08-04,16:12:35,1.362,173.0,CAMPANHA_PILOTO_01
2026-08-04,16:12:36,1.362,173.0,CAMPANHA_PILOTO_01
2026-08-04,16:12:37,1.362,173.0,CAMPANHA_PILOTO_01
2026-08-04,16:12:38,1.362,173.0,CAMPANHA_PILOTO_01
2026-08-04,16:12:39,1.362,173.0,CAMPANHA_PILOTO_01
2026-08-04,16:12:40,1.362,173.0,CAMPANHA_PILOTO_01
2026-08-04,16:12:41,1.362,173.0,CAMPANHA_PILOTO_01
2026-08-04,16:12:42,1.362,173.0,CAMPANHA_PILOTO_01
2026-08-04,16:12:43,1.362,173.0,CAMPANHA_PILOTO_01
2026-08-04,16:12:44,1.362,173.0,CAMPANHA_PILOTO_01
2026-08-04,16:12:45,1.362,173.0,CAMPANHA_PILOTO_01
2026-08-04,16:12:46,1.362,173.0,CAMPANHA_PILOTO_01
2026-08-04,16:12:47,1.362,172.9,CAMPANHA_PILOTO_01
2026-08-04,16:12:48,1.362,172.9,CAMPANHA_PILOTO_01
2026-08-04,16:12:49,1.362,172.9,CAMPANHA_PILOTO_01
2026-08-04,16:12:50,1.362,172.9,CAMPANHA_PILOTO_01
2026-08-04,16:12:51,1.362,172.9,CAMPANHA_PILOTO_01
2026-08-04,16:12:52,1.362,172.9,CAMPANHA_PILOTO_01
2026-08-04,16:12:53,1.362,172.9,CAMPANHA_PILOTO_01
2026-08-04,16:12:54,1.361,172.9,CAMPANHA_PILOTO_01
2026-08-04,16:12:55,1.361,172.9,CAMPANHA_PILOTO_01
2026-08-04,16:12:56,1.361,172.9,CAMPANHA_PILOTO_01
2026-08-04,16:12:57,1.362,172.9,CAMPANHA_PILOTO_01
2026-08-04,16:12:58,1.362,172.9,CAMPANHA_PILOTO_01
2026-08-04,16:12:59,1.362,172.9,CAMPANHA_PILOTO_01
2026-08-04,16:13:00,1.362,172.9,CAMPANHA_PILOTO_01
2026-08-04,16:13:01,1.362,172.9,CAMPANHA_PILOTO_01
2026-08-04,16:13:02,1.362,173.0,CAMPANHA_PILOTO_01
2026-08-04,16:13:03,1.362,173.0,CAMPANHA_PILOTO_01
2026-08-04,16:13:04,1.362,173.0,CAMPANHA_PILOTO_01
2026-08-04,16:13:05,1.362,173.0,CAMPANHA_PILOTO_01
2026-08-04,16:13:06,1.362,173.0,CAMPANHA_PILOTO_01
2026-08-04,16:13:07,1.362,173.0,CAMPANHA_PILOTO_01
2026-08-04,16:13:08,1.362,173.0,CAMPANHA_PILOTO_01
2026-08-04,16:13:09,1.362,173.0,CAMPANHA_PILOTO_01
2026-08-04,16:13:10,1.362,173.0,CAMPANHA_PILOTO_01
2026-08-04,16:13:11,1.362,173.0,CAMPANHA_PILOTO_01
2026-08-04,16:13:12,1.362,173.0,CAMPANHA_PILOTO_01
2026-08-04,16:13:13,1.362,173.0,CAMPANHA_PILOTO_01
2026-08-04,16:13:14,1.362,173.0,CAMPANHA_PILOTO_01
2026-08-04,16:13:15,1.362,173.0,CAMPANHA_PILOTO_01
2026-08-04,16:13:16,1.363,173.1,CAMPANHA_PILOTO_01
2026-08-04,16:13:17,1.363,173.1,CAMPANHA_PILOTO_01
2026-08-04,16:13:18,1.363,173.0,CAMPANHA_PILOTO_01
2026-08-04,16:13:19,1.363,173.0,CAMPANHA_PILOTO_01
2026-08-04,16:13:20,1.363,173.0,CAMPANHA_PILOTO_01
2026-08-04,16:13:21,1.362,173.0,CAMPANHA_PILOTO_01
2026-08-04,16:13:22,1.362,173.0,CAMPANHA_PILOTO_01
2026-08-04,16:13:23,1.362,173.0,CAMPANHA_PILOTO_01
2026-08-04,16:13:24,1.362,173.0,CAMPANHA_PILOTO_01
2026-08-04,16:13:25,1.362,173.0,CAMPANHA_PILOTO_01
2026-08-04,16:13:26,1.362,173.0,CAMPANHA_PILOTO_01
2026-08-04,16:13:27,1.362,173.0,CAMPANHA_PILOTO_01
2026-08-04,16:13:28,1.362,172.9,CAMPANHA_PILOTO_01
2026-08-04,16:13:29,1.362,172.9,CAMPANHA_PILOTO_01
2026-08-04,16:13:30,1.362,172.9,CAMPANHA_PILOTO_01
2026-08-04,16:13:31,1.362,172.9,CAMPANHA_PILOTO_01
2026-08-04,16:13:32,1.362,173.0,CAMPANHA_PILOTO_01
2026-08-04,16:13:33,1.362,173.0,CAMPANHA_PILOTO_01
2026-08-04,16:13:34,1.362,173.0,CAMPANHA_PILOTO_01
2026-08-04,16:13:35,1.362,173.0,CAMPANHA_PILOTO_01
2026-08-04,16:13:36,1.362,173.0,CAMPANHA_PILOTO_01
2026-08-04,16:13:37,1.362,172.9,CAMPANHA_PILOTO_01
2026-08-04,16:13:38,1.362,172.9,CAMPANHA_PILOTO_01
2026-08-04,16:13:39,1.362,172.9,CAMPANHA_PILOTO_01
2026-08-04,16:13:40,1.361,172.9,CAMPANHA_PILOTO_01
2026-08-04,16:13:41,1.361,172.9,CAMPANHA_PILOTO_01
2026-08-04,16:13:42,1.361,172.9,CAMPANHA_PILOTO_01
2026-08-04,16:13:43,1.361,172.9,CAMPANHA_PILOTO_01
2026-08-04,16:13:44,1.361,172.8,CAMPANHA_PILOTO_01
2026-08-04,16:13:45,1.361,172.8,CAMPANHA_PILOTO_01
2026-08-04,16:13:46,1.361,172.8,CAMPANHA_PILOTO_01
2026-08-04,16:13:47,1.361,172.8,CAMPANHA_PILOTO_01
2026-08-04,16:13:48,1.361,172.9,CAMPANHA_PILOTO_01
2026-08-04,16:13:49,1.361,172.9,CAMPANHA_PILOTO_01
2026-08-04,16:13:50,1.361,172.9,CAMPANHA_PILOTO_01
2026-08-04,16:13:51,1.361,172.9,CAMPANHA_PILOTO_01
2026-08-04,16:13:52,1.361,172.9,CAMPANHA_PILOTO_01
2026-08-04,16:13:53,1.362,172.9,CAMPANHA_PILOTO_01
2026-08-04,16:13:54,1.362,172.9,CAMPANHA_PILOTO_01
2026-08-04,16:13:55,1.361,172.9,CAMPANHA_PILOTO_01
2026-08-04,16:13:56,1.361,172.9,CAMPANHA_PILOTO_01
2026-08-04,16:13:57,1.361,172.9,CAMPANHA_PILOTO_01
2026-08-04,16:13:58,1.362,172.9,CAMPANHA_PILOTO_01
2026-08-04,16:13:59,1.362,172.9,CAMPANHA_PILOTO_01
2026-08-04,16:14:00,1.362,172.9,CAMPANHA_PILOTO_01
2026-08-04,16:14:01,1.362,172.9,CAMPANHA_PILOTO_01
2026-08-04,16:14:02,1.361,172.9,CAMPANHA_PILOTO_01
2026-08-04,16:14:03,1.361,172.9,CAMPANHA_PILOTO_01
2026-08-04,16:14:04,1.361,172.9,CAMPANHA_PILOTO_01
2026-08-04,16:14:05,1.362,172.9,CAMPANHA_PILOTO_01
2026-08-04,16:14:06,1.362,173.0,CAMPANHA_PILOTO_01
2026-08-04,16:14:07,1.362,173.0,CAMPANHA_PILOTO_01
2026-08-04,16:14:08,1.362,173.0,CAMPANHA_PILOTO_01
2026-08-04,16:14:09,1.362,172.9,CAMPANHA_PILOTO_01
2026-08-04,16:14:10,1.362,172.9,CAMPANHA_PILOTO_01
2026-08-04,16:14:11,1.362,172.9,CAMPANHA_PILOTO_01
2026-08-04,16:14:12,1.362,172.9,CAMPANHA_PILOTO_01
2026-08-04,16:14:13,1.362,172.9,CAMPANHA_PILOTO_01
2026-08-04,16:14:14,1.362,172.9,CAMPANHA_PILOTO_01
2026-08-04,16:14:15,1.362,172.9,CAMPANHA_PILOTO_01
2026-08-04,16:14:16,1.362,172.9,CAMPANHA_PILOTO_01
2026-08-04,16:14:17,1.362,172.9,CAMPANHA_PILOTO_01
2026-08-04,16:14:18,1.362,173.0,CAMPANHA_PILOTO_01
2026-08-04,16:14:19,1.362,173.0,CAMPANHA_PILOTO_01
2026-08-04,16:14:20,1.362,173.0,CAMPANHA_PILOTO_01
2026-08-04,16:14:21,1.362,173.0,CAMPANHA_PILOTO_01
2026-08-04,16:14:22,1.362,173.0,CAMPANHA_PILOTO_01
2026-08-04,16:14:23,1.362,173.0,CAMPANHA_PILOTO_01
2026-08-04,16:14:24,1.362,173.0,CAMPANHA_PILOTO_01
2026-08-04,16:14:25,1.362,173.0,CAMPANHA_PILOTO_01
2026-08-04,16:14:26,1.362,173.0,CAMPANHA_PILOTO_01
2026-08-04,16:14:27,1.362,173.0,CAMPANHA_PILOTO_01
2026-08-04,16:14:28,1.362,173.0,CAMPANHA_PILOTO_01
2026-08-04,16:14:29,1.362,173.0,CAMPANHA_PILOTO_01
2026-08-04,16:14:30,1.362,173.0,CAMPANHA_PILOTO_01
2026-08-04,16:14:31,1.362,173.0,CAMPANHA_PILOTO_01
2026-08-04,16:14:32,1.362,173.0,CAMPANHA_PILOTO_01
2026-08-04,16:14:33,1.362,173.0,CAMPANHA_PILOTO_01
2026-08-04,16:14:34,1.362,173.0,CAMPANHA_PILOTO_01
2026-08-04,16:14:35,1.362,173.0,CAMPANHA_PILOTO_01
2026-08-04,16:14:36,1.362,172.9,CAMPANHA_PILOTO_01
2026-08-04,16:14:37,1.362,172.9,CAMPANHA_PILOTO_01
2026-08-04,16:14:38,1.362,172.9,CAMPANHA_PILOTO_01
2026-08-04,16:14:39,1.361,172.9,CAMPANHA_PILOTO_01
2026-08-04,16:14:40,1.361,172.9,CAMPANHA_PILOTO_01
2026-08-04,16:14:41,1.361,172.9,CAMPANHA_PILOTO_01
2026-08-04,16:14:42,1.361,172.9,CAMPANHA_PILOTO_01
2026-08-04,16:14:43,1.361,172.9,CAMPANHA_PILOTO_01
2026-08-04,16:14:44,1.361,172.9,CAMPANHA_PILOTO_01
2026-08-04,16:14:45,1.361,172.9,CAMPANHA_PILOTO_01
2026-08-04,16:14:46,1.361,172.9,CAMPANHA_PILOTO_01
2026-08-04,16:14:47,1.361,172.9,CAMPANHA_PILOTO_01
2026-08-04,16:14:48,1.361,172.9,CAMPANHA_PILOTO_01
2026-08-04,16:14:49,1.361,172.9,CAMPANHA_PILOTO_01
2026-08-04,16:14:50,1.361,172.9,CAMPANHA_PILOTO_01
2026-08-04,16:14:51,1.361,172.9,CAMPANHA_PILOTO_01
2026-08-04,16:14:52,1.361,172.9,CAMPANHA_PILOTO_01
2026-08-04,16:14:53,1.361,172.9,CAMPANHA_PILOTO_01
2026-08-04,16:14:54,1.361,172.9,CAMPANHA_PILOTO_01
2026-08-04,16:14:55,1.361,172.9,CAMPANHA_PILOTO_01
2026-08-04,16:14:56,1.361,172.9,CAMPANHA_PILOTO_01
2026-08-04,16:14:57,1.361,172.9,CAMPANHA_PILOTO_01
2026-08-04,16:14:58,1.361,172.9,CAMPANHA_PILOTO_01
2026-08-04,16:14:59,1.361,172.9,CAMPANHA_PILOTO_01
2026-08-04,16:15:00,1.361,172.9,CAMPANHA_PILOTO_01
2026-08-04,16:15:01,1.361,172.9,CAMPANHA_PILOTO_01
2026-08-04,16:15:02,1.362,172.9,CAMPANHA_PILOTO_01
2026-08-04,16:15:03,1.362,172.9,CAMPANHA_PILOTO_01
2026-08-04,16:15:04,1.361,172.9,CAMPANHA_PILOTO_01
2026-08-04,16:15:05,1.361,172.9,CAMPANHA_PILOTO_01
2026-08-04,16:15:06,1.361,172.9,CAMPANHA_PILOTO_01
2026-08-04,16:15:07,1.362,172.9,CAMPANHA_PILOTO_01
2026-08-04,16:15:08,1.362,172.9,CAMPANHA_PILOTO_01
2026-08-04,16:15:09,1.362,172.9,CAMPANHA_PILOTO_01
2026-08-04,16:15:10,1.362,172.9,CAMPANHA_PILOTO_01
2026-08-04,16:15:11,1.361,172.9,CAMPANHA_PILOTO_01
2026-08-04,16:15:12,1.361,172.9,CAMPANHA_PILOTO_01
2026-08-04,16:15:13,1.361,172.9,CAMPANHA_PILOTO_01
2026-08-04,16:15:14,1.361,172.9,CAMPANHA_PILOTO_01
2026-08-04,16:15:15,1.361,172.9,CAMPANHA_PILOTO_01
2026-08-04,16:15:16,1.361,172.9,CAMPANHA_PILOTO_01
2026-08-04,16:15:17,1.361,172.9,CAMPANHA_PILOTO_01
2026-08-04,16:15:18,1.361,172.9,CAMPANHA_PILOTO_01
2026-08-04,16:15:19,1.361,172.9,CAMPANHA_PILOTO_01
2026-08-04,16:15:20,1.361,172.9,CAMPANHA_PILOTO_01
2026-08-04,16:15:21,1.361,172.9,CAMPANHA_PILOTO_01
2026-08-04,16:15:22,1.362,172.9,CAMPANHA_PILOTO_01
2026-08-04,16:15:23,1.362,172.9,CAMPANHA_PILOTO_01
2026-08-04,16:15:24,1.362,172.9,CAMPANHA_PILOTO_01
2026-08-04,16:15:25,1.362,172.9,CAMPANHA_PILOTO_01
2026-08-04,16:15:26,1.361,172.9,CAMPANHA_PILOTO_01
2026-08-04,16:15:27,1.361,172.9,CAMPANHA_PILOTO_01
2026-08-04,16:15:28,1.361,172.8,CAMPANHA_PILOTO_01
2026-08-04,16:15:29,1.361,172.8,CAMPANHA_PILOTO_01
2026-08-04,16:15:30,1.361,172.8,CAMPANHA_PILOTO_01
2026-08-04,16:15:31,1.361,172.8,CAMPANHA_PILOTO_01
2026-08-04,16:15:32,1.361,172.8,CAMPANHA_PILOTO_01
2026-08-04,16:15:33,1.361,172.8,CAMPANHA_PILOTO_01
2026-08-04,16:15:34,1.361,172.8,CAMPANHA_PILOTO_01
2026-08-04,16:15:35,1.361,172.8,CAMPANHA_PILOTO_01
2026-08-04,16:15:36,1.361,172.8,CAMPANHA_PILOTO_01
2026-08-04,16:15:37,1.361,172.8,CAMPANHA_PILOTO_01
2026-08-04,16:15:38,1.361,172.8,CAMPANHA_PILOTO_01
2026-08-04,16:15:39,1.361,172.8,CAMPANHA_PILOTO_01
2026-08-04,16:15:40,1.361,172.8,CAMPANHA_PILOTO_01
2026-08-04,16:15:41,1.361,172.8,CAMPANHA_PILOTO_01
2026-08-04,16:15:42,1.361,172.8,CAMPANHA_PILOTO_01
2026-08-04,16:15:43,1.361,172.8,CAMPANHA_PILOTO_01
2026-08-04,16:15:44,1.361,172.8,CAMPANHA_PILOTO_01
2026-08-04,16:15:45,1.361,172.8,CAMPANHA_PILOTO_01
2026-08-04,16:15:46,1.361,172.8,CAMPANHA_PILOTO_01
2026-08-04,16:15:47,1.361,172.8,CAMPANHA_PILOTO_01
2026-08-04,16:15:48,1.361,172.8,CAMPANHA_PILOTO_01
2026-08-04,16:15:49,1.361,172.8,CAMPANHA_PILOTO_01
2026-08-04,16:15:50,1.361,172.8,CAMPANHA_PILOTO_01
2026-08-04,16:15:51,1.361,172.8,CAMPANHA_PILOTO_01
2026-08-04,16:15:52,1.361,172.8,CAMPANHA_PILOTO_01
2026-08-04,16:15:53,1.361,172.8,CAMPANHA_PILOTO_01
2026-08-04,16:15:54,1.361,172.8,CAMPANHA_PILOTO_01
2026-08-04,16:15:55,1.361,172.8,CAMPANHA_PILOTO_01
2026-08-04,16:15:56,1.361,172.8,CAMPANHA_PILOTO_01
2026-08-04,16:15:57,1.361,172.8,CAMPANHA_PILOTO_01
2026-08-04,16:15:58,1.361,172.8,CAMPANHA_PILOTO_01
2026-08-04,16:15:59,1.361,172.8,CAMPANHA_PILOTO_01
2026-08-04,16:16:00,1.361,172.8,CAMPANHA_PILOTO_01
2026-08-04,16:16:01,1.361,172.8,CAMPANHA_PILOTO_01
2026-08-04,16:16:02,1.361,172.8,CAMPANHA_PILOTO_01
2026-08-04,16:16:03,1.361,172.8,CAMPANHA_PILOTO_01
2026-08-04,16:16:04,1.361,172.8,CAMPANHA_PILOTO_01
2026-08-04,16:16:05,1.361,172.9,CAMPANHA_PILOTO_01
2026-08-04,16:16:06,1.361,172.9,CAMPANHA_PILOTO_01
2026-08-04,16:16:07,1.361,172.9,CAMPANHA_PILOTO_01
2026-08-04,16:16:08,1.361,172.9,CAMPANHA_PILOTO_01
2026-08-04,16:16:09,1.361,172.9,CAMPANHA_PILOTO_01
2026-08-04,16:16:10,1.361,172.9,CAMPANHA_PILOTO_01
2026-08-04,16:16:11,1.361,172.9,CAMPANHA_PILOTO_01
2026-08-04,16:16:12,1.361,172.9,CAMPANHA_PILOTO_01
2026-08-04,16:16:13,1.361,172.9,CAMPANHA_PILOTO_01
2026-08-04,16:16:14,1.361,172.9,CAMPANHA_PILOTO_01
2026-08-04,16:16:15,1.361,172.9,CAMPANHA_PILOTO_01
2026-08-04,16:16:16,1.361,172.9,CAMPANHA_PILOTO_01
2026-08-04,16:16:17,1.361,172.9,CAMPANHA_PILOTO_01
2026-08-04,16:16:18,1.361,172.9,CAMPANHA_PILOTO_01
2026-08-04,16:16:19,1.361,172.9,CAMPANHA_PILOTO_01
2026-08-04,16:16:20,1.361,172.9,CAMPANHA_PILOTO_01
2026-08-04,16:16:21,1.361,172.8,CAMPANHA_PILOTO_01
2026-08-04,16:16:22,1.361,172.9,CAMPANHA_PILOTO_01
2026-08-04,16:16:23,1.361,172.9,CAMPANHA_PILOTO_01
2026-08-04,16:16:24,1.362,172.9,CAMPANHA_PILOTO_01
2026-08-04,16:16:25,1.362,172.9,CAMPANHA_PILOTO_01
2026-08-04,16:16:26,1.362,172.9,CAMPANHA_PILOTO_01
2026-08-04,16:16:27,1.362,172.9,CAMPANHA_PILOTO_01
2026-08-04,16:16:28,1.362,172.9,CAMPANHA_PILOTO_01
2026-08-04,16:16:29,1.362,172.9,CAMPANHA_PILOTO_01
2026-08-04,16:16:30,1.362,172.9,CAMPANHA_PILOTO_01
2026-08-04,16:16:31,1.362,172.9,CAMPANHA_PILOTO_01
2026-08-04,16:16:32,1.362,172.9,CAMPANHA_PILOTO_01
2026-08-04,16:16:33,1.362,172.9,CAMPANHA_PILOTO_01
2026-08-04,16:16:34,1.362,172.9,CAMPANHA_PILOTO_01
2026-08-04,16:16:35,1.362,172.9,CAMPANHA_PILOTO_01
2026-08-04,16:16:36,1.362,172.9,CAMPANHA_PILOTO_01
2026-08-04,16:16:37,1.362,172.9,CAMPANHA_PILOTO_01
2026-08-04,16:16:38,1.362,172.9,CAMPANHA_PILOTO_01
2026-08-04,16:16:39,1.362,172.9,CAMPANHA_PILOTO_01
2026-08-04,16:16:40,1.362,172.9,CAMPANHA_PILOTO_01
2026-08-04,16:16:41,1.362,172.9,CAMPANHA_PILOTO_01
2026-08-04,16:16:42,1.362,172.9,CAMPANHA_PILOTO_01
2026-08-04,16:16:43,1.362,172.9,CAMPANHA_PILOTO_01
2026-08-04,16:16:44,1.361,172.9,CAMPANHA_PILOTO_01
2026-08-04,16:16:45,1.361,172.9,CAMPANHA_PILOTO_01
2026-08-04,16:16:46,1.361,172.9,CAMPANHA_PILOTO_01
2026-08-04,16:16:47,1.361,172.9,CAMPANHA_PILOTO_01
2026-08-04,16:16:48,1.361,172.9,CAMPANHA_PILOTO_01
2026-08-04,16:16:49,1.361,172.9,CAMPANHA_PILOTO_01
2026-08-04,16:16:50,1.361,172.9,CAMPANHA_PILOTO_01
2026-08-04,16:16:51,1.361,172.9,CAMPANHA_PILOTO_01
2026-08-04,16:16:52,1.361,172.9,CAMPANHA_PILOTO_01
2026-08-04,16:16:53,1.362,172.9,CAMPANHA_PILOTO_01
2026-08-04,16:16:54,1.362,172.9,CAMPANHA_PILOTO_01
2026-08-04,16:16:55,1.362,172.9,CAMPANHA_PILOTO_01
2026-08-04,16:16:56,1.362,172.9,CAMPANHA_PILOTO_01
2026-08-04,16:16:57,1.362,173.0,CAMPANHA_PILOTO_01
2026-08-04,16:16:58,1.362,173.0,CAMPANHA_PILOTO_01
2026-08-04,16:16:59,1.362,173.0,CAMPANHA_PILOTO_01
2026-08-04,16:17:00,1.362,173.0,CAMPANHA_PILOTO_01
2026-08-04,16:17:01,1.362,173.0,CAMPANHA_PILOTO_01
2026-08-04,16:17:02,1.362,173.0,CAMPANHA_PILOTO_01
2026-08-04,16:17:03,1.362,173.0,CAMPANHA_PILOTO_01
2026-08-04,16:17:04,1.362,173.0,CAMPANHA_PILOTO_01
2026-08-04,16:17:05,1.362,173.0,CAMPANHA_PILOTO_01
2026-08-04,16:17:06,1.362,173.0,CAMPANHA_PILOTO_01
2026-08-04,16:17:07,1.362,173.0,CAMPANHA_PILOTO_01
2026-08-04,16:17:08,1.362,173.0,CAMPANHA_PILOTO_01
2026-08-04,16:17:09,1.362,173.0,CAMPANHA_PILOTO_01
2026-08-04,16:17:10,1.362,173.0,CAMPANHA_PILOTO_01
2026-08-04,16:17:11,1.362,173.0,CAMPANHA_PILOTO_01
2026-08-04,16:17:12,1.362,173.0,CAMPANHA_PILOTO_01
2026-08-04,16:17:13,1.362,173.0,CAMPANHA_PILOTO_01
2026-08-04,16:17:14,1.362,173.0,CAMPANHA_PILOTO_01
2026-08-04,16:17:15,1.362,173.0,CAMPANHA_PILOTO_01
2026-08-04,16:17:16,1.362,173.0,CAMPANHA_PILOTO_01
2026-08-04,16:17:17,1.362,173.0,CAMPANHA_PILOTO_01
2026-08-04,16:17:18,1.362,173.0,CAMPANHA_PILOTO_01
2026-08-04,16:17:19,1.362,173.0,CAMPANHA_PILOTO_01
2026-08-04,16:17:20,1.362,173.0,CAMPANHA_PILOTO_01
2026-08-04,16:17:21,1.362,173.0,CAMPANHA_PILOTO_01
2026-08-04,16:17:22,1.362,173.0,CAMPANHA_PILOTO_01
2026-08-04,16:17:23,1.362,173.0,CAMPANHA_PILOTO_01
2026-08-04,16:17:24,1.362,173.0,CAMPANHA_PILOTO_01
2026-08-04,16:17:25,1.362,173.0,CAMPANHA_PILOTO_01
2026-08-04,16:17:26,1.362,173.0,CAMPANHA_PILOTO_01
2026-08-04,16:17:27,1.362,173.0,CAMPANHA_PILOTO_01
2026-08-04,16:17:28,1.362,173.0,CAMPANHA_PILOTO_01
2026-08-04,16:17:29,1.362,173.0,CAMPANHA_PILOTO_01
2026-08-04,16:17:30,1.362,173.0,CAMPANHA_PILOTO_01
2026-08-04,16:17:31,1.362,173.0,CAMPANHA_PILOTO_01
2026-08-04,16:17:32,1.362,173.0,CAMPANHA_PILOTO_01
2026-08-04,16:17:33,1.362,173.0,CAMPANHA_PILOTO_01
2026-08-04,16:17:34,1.362,173.0,CAMPANHA_PILOTO_01
2026-08-04,16:17:35,1.362,172.9,CAMPANHA_PILOTO_01
2026-08-04,16:17:36,1.362,172.9,CAMPANHA_PILOTO_01
2026-08-04,16:17:37,1.362,172.9,CAMPANHA_PILOTO_01
2026-08-04,16:17:38,1.362,172.9,CAMPANHA_PILOTO_01
2026-08-04,16:17:39,1.362,172.9,CAMPANHA_PILOTO_01
2026-08-04,16:17:40,1.362,172.9,CAMPANHA_PILOTO_01
2026-08-04,16:17:41,1.362,172.9,CAMPANHA_PILOTO_01
2026-08-04,16:17:42,1.362,172.9,CAMPANHA_PILOTO_01
2026-08-04,16:17:43,1.362,172.9,CAMPANHA_PILOTO_01
2026-08-04,16:17:44,1.362,172.9,CAMPANHA_PILOTO_01
2026-08-04,16:17:45,1.362,172.9,CAMPANHA_PILOTO_01
2026-08-04,16:17:46,1.361,172.9,CAMPANHA_PILOTO_01
2026-08-04,16:17:47,1.361,172.9,CAMPANHA_PILOTO_01
2026-08-04,16:17:48,1.361,172.9,CAMPANHA_PILOTO_01
2026-08-04,16:17:49,1.361,172.9,CAMPANHA_PILOTO_01
2026-08-04,16:17:50,1.361,172.9,CAMPANHA_PILOTO_01
2026-08-04,16:17:51,1.361,172.9,CAMPANHA_PILOTO_01
2026-08-04,16:17:52,1.362,172.9,CAMPANHA_PILOTO_01
2026-08-04,16:17:53,1.362,172.9,CAMPANHA_PILOTO_01
2026-08-04,16:17:54,1.362,172.9,CAMPANHA_PILOTO_01
2026-08-04,16:17:55,1.361,172.9,CAMPANHA_PILOTO_01
2026-08-04,16:17:56,1.361,172.9,CAMPANHA_PILOTO_01
2026-08-04,16:17:57,1.362,172.9,CAMPANHA_PILOTO_01
2026-08-04,16:17:58,1.362,172.9,CAMPANHA_PILOTO_01
2026-08-04,16:17:59,1.362,172.9,CAMPANHA_PILOTO_01
2026-08-04,16:18:00,1.362,172.9,CAMPANHA_PILOTO_01
2026-08-04,16:18:01,1.362,172.9,CAMPANHA_PILOTO_01
2026-08-04,16:18:02,1.362,172.9,CAMPANHA_PILOTO_01
2026-08-04,16:18:03,1.362,172.9,CAMPANHA_PILOTO_01
2026-08-04,16:18:04,1.362,172.9,CAMPANHA_PILOTO_01
2026-08-04,16:18:05,1.362,172.9,CAMPANHA_PILOTO_01
2026-08-04,16:18:06,1.362,173.0,CAMPANHA_PILOTO_01
2026-08-04,16:18:07,1.362,173.0,CAMPANHA_PILOTO_01
2026-08-04,16:18:08,1.362,173.0,CAMPANHA_PILOTO_01
2026-08-04,16:18:09,1.362,173.0,CAMPANHA_PILOTO_01
2026-08-04,16:18:10,1.362,173.0,CAMPANHA_PILOTO_01
2026-08-04,16:18:11,1.362,173.0,CAMPANHA_PILOTO_01
2026-08-04,16:18:12,1.362,173.0,CAMPANHA_PILOTO_01
2026-08-04,16:18:13,1.362,173.0,CAMPANHA_PILOTO_01
2026-08-04,16:18:14,1.362,173.0,CAMPANHA_PILOTO_01
2026-08-04,16:18:15,1.362,173.0,CAMPANHA_PILOTO_01
2026-08-04,16:18:16,1.362,173.0,CAMPANHA_PILOTO_01
2026-08-04,16:18:17,1.362,173.0,CAMPANHA_PILOTO_01
2026-08-04,16:18:18,1.362,173.0,CAMPANHA_PILOTO_01
2026-08-04,16:18:19,1.362,173.0,CAMPANHA_PILOTO_01
2026-08-04,16:18:20,1.362,173.0,CAMPANHA_PILOTO_01
2026-08-04,16:18:21,1.362,173.0,CAMPANHA_PILOTO_01
2026-08-04,16:18:22,1.362,173.0,CAMPANHA_PILOTO_01
2026-08-04,16:18:23,1.362,173.0,CAMPANHA_PILOTO_01
2026-08-04,16:18:24,1.362,173.0,CAMPANHA_PILOTO_01
2026-08-04,16:18:25,1.362,173.0,CAMPANHA_PILOTO_01
2026-08-04,16:18:26,1.362,173.0,CAMPANHA_PILOTO_01
2026-08-04,16:18:27,1.362,173.0,CAMPANHA_PILOTO_01
2026-08-04,16:18:28,1.362,173.0,CAMPANHA_PILOTO_01
2026-08-04,16:18:29,1.362,173.0,CAMPANHA_PILOTO_01
2026-08-04,16:18:30,1.362,173.0,CAMPANHA_PILOTO_01
2026-08-04,16:18:31,1.362,173.0,CAMPANHA_PILOTO_01
2026-08-04,16:18:32,1.362,173.0,CAMPANHA_PILOTO_01
2026-08-04,16:18:33,1.362,173.0,CAMPANHA_PILOTO_01
2026-08-04,16:18:34,1.362,173.0,CAMPANHA_PILOTO_01
2026-08-04,16:18:35,1.362,173.0,CAMPANHA_PILOTO_01
2026-08-04,16:18:36,1.362,173.0,CAMPANHA_PILOTO_01
2026-08-04,16:18:37,1.362,173.0,CAMPANHA_PILOTO_01
2026-08-04,16:18:38,1.362,173.0,CAMPANHA_PILOTO_01
2026-08-04,16:18:39,1.362,173.0,CAMPANHA_PILOTO_01
2026-08-04,16:18:40,1.362,173.0,CAMPANHA_PILOTO_01
2026-08-04,16:18:41,1.362,173.0,CAMPANHA_PILOTO_01
2026-08-04,16:18:42,1.362,173.0,CAMPANHA_PILOTO_01
2026-08-04,16:18:43,1.362,173.0,CAMPANHA_PILOTO_01
2026-08-04,16:18:44,1.362,173.0,CAMPANHA_PILOTO_01
2026-08-04,16:18:45,1.362,173.0,CAMPANHA_PILOTO_01
2026-08-04,16:18:46,1.362,173.0,CAMPANHA_PILOTO_01
2026-08-04,16:18:47,1.362,173.0,CAMPANHA_PILOTO_01
2026-08-04,16:18:48,1.362,173.0,CAMPANHA_PILOTO_01
2026-08-04,16:18:49,1.362,173.0,CAMPANHA_PILOTO_01
2026-08-04,16:18:50,1.362,173.0,CAMPANHA_PILOTO_01
2026-08-04,16:18:51,1.362,173.0,CAMPANHA_PILOTO_01
2026-08-04,16:18:52,1.362,173.0,CAMPANHA_PILOTO_01
2026-08-04,16:18:53,1.362,173.0,CAMPANHA_PILOTO_01
2026-08-04,16:18:54,1.362,173.0,CAMPANHA_PILOTO_01
2026-08-04,16:18:55,1.362,173.0,CAMPANHA_PILOTO_01
2026-08-04,16:18:56,1.362,173.0,CAMPANHA_PILOTO_01
2026-08-04,16:18:57,1.362,173.0,CAMPANHA_PILOTO_01
2026-08-04,16:18:58,1.362,173.0,CAMPANHA_PILOTO_01
2026-08-04,16:18:59,1.363,173.0,CAMPANHA_PILOTO_01
2026-08-04,16:19:00,1.363,173.1,CAMPANHA_PILOTO_01
2026-08-04,16:19:01,1.363,173.0,CAMPANHA_PILOTO_01
2026-08-04,16:19:02,1.363,173.1,CAMPANHA_PILOTO_01
2026-08-04,16:19:03,1.363,173.0,CAMPANHA_PILOTO_01
2026-08-04,16:19:04,1.362,173.0,CAMPANHA_PILOTO_01
2026-08-04,16:19:05,1.362,173.0,CAMPANHA_PILOTO_01
2026-08-04,16:19:06,1.362,173.0,CAMPANHA_PILOTO_01
2026-08-04,16:19:07,1.362,173.0,CAMPANHA_PILOTO_01
2026-08-04,16:19:08,1.362,173.0,CAMPANHA_PILOTO_01
2026-08-04,16:19:09,1.362,173.0,CAMPANHA_PILOTO_01
2026-08-04,16:19:10,1.362,173.0,CAMPANHA_PILOTO_01
2026-08-04,16:19:11,1.362,173.0,CAMPANHA_PILOTO_01
2026-08-04,16:19:12,1.362,173.0,CAMPANHA_PILOTO_01
2026-08-04,16:19:13,1.362,173.0,CAMPANHA_PILOTO_01
2026-08-04,16:19:14,1.363,173.0,CAMPANHA_PILOTO_01
2026-08-04,16:19:15,1.363,173.0,CAMPANHA_PILOTO_01
2026-08-04,16:19:16,1.362,173.0,CAMPANHA_PILOTO_01
2026-08-04,16:19:17,1.362,173.0,CAMPANHA_PILOTO_01
2026-08-04,16:19:18,1.363,173.0,CAMPANHA_PILOTO_01
2026-08-04,16:19:19,1.363,173.0,CAMPANHA_PILOTO_01
2026-08-04,16:19:20,1.363,173.0,CAMPANHA_PILOTO_01
2026-08-04,16:19:21,1.363,173.0,CAMPANHA_PILOTO_01
2026-08-04,16:19:22,1.362,173.0,CAMPANHA_PILOTO_01
2026-08-04,16:19:23,1.362,173.0,CAMPANHA_PILOTO_01
2026-08-04,16:19:24,1.363,173.0,CAMPANHA_PILOTO_01
2026-08-04,16:19:25,1.363,173.0,CAMPANHA_PILOTO_01
2026-08-04,16:19:26,1.363,173.0,CAMPANHA_PILOTO_01
2026-08-04,16:19:27,1.362,173.0,CAMPANHA_PILOTO_01
2026-08-04,16:19:28,1.362,173.0,CAMPANHA_PILOTO_01
2026-08-04,16:19:29,1.362,173.0,CAMPANHA_PILOTO_01
2026-08-04,16:19:30,1.362,173.0,CAMPANHA_PILOTO_01
2026-08-04,16:19:31,1.362,173.0,CAMPANHA_PILOTO_01
2026-08-04,16:19:32,1.363,173.1,CAMPANHA_PILOTO_01
2026-08-04,16:19:33,1.363,173.1,CAMPANHA_PILOTO_01
2026-08-04,16:19:34,1.363,173.1,CAMPANHA_PILOTO_01
2026-08-04,16:19:35,1.363,173.1,CAMPANHA_PILOTO_01
2026-08-04,16:19:36,1.363,173.1,CAMPANHA_PILOTO_01
2026-08-04,16:19:37,1.363,173.1,CAMPANHA_PILOTO_01
2026-08-04,16:19:38,1.363,173.1,CAMPANHA_PILOTO_01
2026-08-04,16:19:39,1.363,173.1,CAMPANHA_PILOTO_01
2026-08-04,16:19:40,1.363,173.1,CAMPANHA_PILOTO_01
2026-08-04,16:19:41,1.363,173.1,CAMPANHA_PILOTO_01
2026-08-04,16:19:42,1.363,173.0,CAMPANHA_PILOTO_01
2026-08-04,16:19:43,1.362,173.0,CAMPANHA_PILOTO_01
2026-08-04,16:19:44,1.362,173.0,CAMPANHA_PILOTO_01
2026-08-04,16:19:45,1.362,173.0,CAMPANHA_PILOTO_01
2026-08-04,16:19:46,1.362,173.0,CAMPANHA_PILOTO_01
2026-08-04,16:19:47,1.362,173.0,CAMPANHA_PILOTO_01
2026-08-04,16:19:48,1.362,173.0,CAMPANHA_PILOTO_01
2026-08-04,16:19:49,1.362,173.0,CAMPANHA_PILOTO_01
2026-08-04,16:19:50,1.362,173.0,CAMPANHA_PILOTO_01
2026-08-04,16:19:51,1.362,173.0,CAMPANHA_PILOTO_01
2026-08-04,16:19:52,1.362,173.0,CAMPANHA_PILOTO_01
2026-08-04,16:19:53,1.362,173.0,CAMPANHA_PILOTO_01
2026-08-04,16:19:54,1.362,173.0,CAMPANHA_PILOTO_01
2026-08-04,16:19:55,1.362,173.0,CAMPANHA_PILOTO_01
2026-08-04,16:19:56,1.362,173.0,CAMPANHA_PILOTO_01
2026-08-04,16:19:57,1.362,173.0,CAMPANHA_PILOTO_01
2026-08-04,16:19:58,1.362,173.0,CAMPANHA_PILOTO_01
2026-08-04,16:19:59,1.362,173.0,CAMPANHA_PILOTO_01
2026-08-04,16:20:00,1.362,173.0,CAMPANHA_PILOTO_01
2026-08-04,16:20:01,1.362,173.0,CAMPANHA_PILOTO_01
2026-08-04,16:20:02,1.362,173.0,CAMPANHA_PILOTO_01
2026-08-04,16:20:03,1.362,173.0,CAMPANHA_PILOTO_01
2026-08-04,16:20:04,1.362,173.0,CAMPANHA_PILOTO_01
2026-08-04,16:20:05,1.362,173.0,CAMPANHA_PILOTO_01
2026-08-04,16:20:06,1.362,173.0,CAMPANHA_PILOTO_01
2026-08-04,16:20:07,1.362,173.0,CAMPANHA_PILOTO_01
2026-08-04,16:20:08,1.362,173.0,CAMPANHA_PILOTO_01
2026-08-04,16:20:09,1.362,173.0,CAMPANHA_PILOTO_01
2026-08-04,16:20:10,1.362,173.0,CAMPANHA_PILOTO_01
2026-08-04,16:20:11,1.362,173.0,CAMPANHA_PILOTO_01
2026-08-04,16:20:12,1.362,173.0,CAMPANHA_PILOTO_01
2026-08-04,16:20:13,1.362,173.0,CAMPANHA_PILOTO_01
2026-08-04,16:20:14,1.362,173.0,CAMPANHA_PILOTO_01
2026-08-04,16:20:15,1.362,173.0,CAMPANHA_PILOTO_01
2026-08-04,16:20:16,1.363,173.0,CAMPANHA_PILOTO_01
2026-08-04,16:20:17,1.362,173.0,CAMPANHA_PILOTO_01
2026-08-04,16:20:18,1.362,173.0,CAMPANHA_PILOTO_01
2026-08-04,16:20:19,1.362,173.0,CAMPANHA_PILOTO_01
2026-08-04,16:20:20,1.362,173.0,CAMPANHA_PILOTO_01
2026-08-04,16:20:21,1.362,173.0,CAMPANHA_PILOTO_01
2026-08-04,16:20:22,1.362,173.0,CAMPANHA_PILOTO_01
2026-08-04,16:20:23,1.363,173.0,CAMPANHA_PILOTO_01
2026-08-04,16:20:24,1.363,173.0,CAMPANHA_PILOTO_01
2026-08-04,16:20:25,1.363,173.0,CAMPANHA_PILOTO_01
2026-08-04,16:20:26,1.363,173.1,CAMPANHA_PILOTO_01
2026-08-04,16:20:27,1.363,173.1,CAMPANHA_PILOTO_01
2026-08-04,16:20:28,1.363,173.0,CAMPANHA_PILOTO_01
2026-08-04,16:20:29,1.362,173.0,CAMPANHA_PILOTO_01
2026-08-04,16:20:30,1.362,173.0,CAMPANHA_PILOTO_01
2026-08-04,16:20:31,1.362,173.0,CAMPANHA_PILOTO_01
2026-08-04,16:20:32,1.362,173.0,CAMPANHA_PILOTO_01
2026-08-04,16:20:33,1.362,173.0,CAMPANHA_PILOTO_01
2026-08-04,16:20:34,1.362,173.0,CAMPANHA_PILOTO_01
2026-08-04,16:20:35,1.363,173.0,CAMPANHA_PILOTO_01
2026-08-04,16:20:36,1.363,173.0,CAMPANHA_PILOTO_01
2026-08-04,16:20:37,1.363,173.0,CAMPANHA_PILOTO_01
2026-08-04,16:20:38,1.363,173.1,CAMPANHA_PILOTO_01
2026-08-04,16:20:39,1.363,173.1,CAMPANHA_PILOTO_01
2026-08-04,16:20:40,1.363,173.1,CAMPANHA_PILOTO_01
2026-08-04,16:20:41,1.363,173.1,CAMPANHA_PILOTO_01
2026-08-04,16:20:42,1.363,173.1,CAMPANHA_PILOTO_01
2026-08-04,16:20:43,1.363,173.1,CAMPANHA_PILOTO_01
2026-08-04,16:20:44,1.363,173.1,CAMPANHA_PILOTO_01
2026-08-04,16:20:45,1.363,173.1,CAMPANHA_PILOTO_01
2026-08-04,16:20:46,1.363,173.1,CAMPANHA_PILOTO_01
2026-08-04,16:20:47,1.363,173.1,CAMPANHA_PILOTO_01
2026-08-04,16:20:48,1.363,173.1,CAMPANHA_PILOTO_01
2026-08-04,16:20:49,1.363,173.1,CAMPANHA_PILOTO_01
2026-08-04,16:20:50,1.363,173.1,CAMPANHA_PILOTO_01
2026-08-04,16:20:51,1.363,173.1,CAMPANHA_PILOTO_01
2026-08-04,16:20:52,1.363,173.1,CAMPANHA_PILOTO_01
2026-08-04,16:20:53,1.363,173.1,CAMPANHA_PILOTO_01
2026-08-04,16:20:54,1.363,173.1,CAMPANHA_PILOTO_01
2026-08-04,16:20:55,1.363,173.1,CAMPANHA_PILOTO_01
2026-08-04,16:20:56,1.363,173.1,CAMPANHA_PILOTO_01
2026-08-04,16:20:57,1.363,173.1,CAMPANHA_PILOTO_01
2026-08-04,16:20:58,1.363,173.1,CAMPANHA_PILOTO_01
2026-08-04,16:20:59,1.363,173.1,CAMPANHA_PILOTO_01
2026-08-04,16:21:00,1.363,173.0,CAMPANHA_PILOTO_01
2026-08-04,16:21:01,1.363,173.0,CAMPANHA_PILOTO_01
2026-08-04,16:21:02,1.363,173.0,CAMPANHA_PILOTO_01
2026-08-04,16:21:03,1.362,173.0,CAMPANHA_PILOTO_01
2026-08-04,16:21:04,1.362,173.0,CAMPANHA_PILOTO_01
2026-08-04,16:21:05,1.362,173.0,CAMPANHA_PILOTO_01
2026-08-04,16:21:06,1.363,173.1,CAMPANHA_PILOTO_01
2026-08-04,16:21:07,1.363,173.1,CAMPANHA_PILOTO_01
2026-08-04,16:21:08,1.363,173.1,CAMPANHA_PILOTO_01
2026-08-04,16:21:09,1.363,173.1,CAMPANHA_PILOTO_01
2026-08-04,16:21:10,1.363,173.0,CAMPANHA_PILOTO_01
2026-08-04,16:21:11,1.362,173.0,CAMPANHA_PILOTO_01
2026-08-04,16:21:12,1.362,173.0,CAMPANHA_PILOTO_01
2026-08-04,16:21:13,1.362,173.0,CAMPANHA_PILOTO_01
2026-08-04,16:21:14,1.363,173.0,CAMPANHA_PILOTO_01
2026-08-04,16:21:15,1.363,173.0,CAMPANHA_PILOTO_01
2026-08-04,16:21:16,1.363,173.0,CAMPANHA_PILOTO_01
2026-08-04,16:21:17,1.363,173.1,CAMPANHA_PILOTO_01
2026-08-04,16:21:18,1.363,173.1,CAMPANHA_PILOTO_01
2026-08-04,16:21:19,1.363,173.1,CAMPANHA_PILOTO_01
2026-08-04,16:21:20,1.363,173.1,CAMPANHA_PILOTO_01
2026-08-04,16:21:21,1.363,173.0,CAMPANHA_PILOTO_01
2026-08-04,16:21:22,1.363,173.0,CAMPANHA_PILOTO_01
2026-08-04,16:21:23,1.363,173.0,CAMPANHA_PILOTO_01
2026-08-04,16:21:24,1.363,173.1,CAMPANHA_PILOTO_01
2026-08-04,16:21:25,1.363,173.1,CAMPANHA_PILOTO_01
2026-08-04,16:21:26,1.363,173.1,CAMPANHA_PILOTO_01
2026-08-04,16:21:27,1.363,173.1,CAMPANHA_PILOTO_01
2026-08-04,16:21:28,1.363,173.0,CAMPANHA_PILOTO_01
2026-08-04,16:21:29,1.362,173.0,CAMPANHA_PILOTO_01
2026-08-04,16:21:30,1.362,173.0,CAMPANHA_PILOTO_01
2026-08-04,16:21:31,1.362,173.0,CAMPANHA_PILOTO_01
2026-08-04,16:21:32,1.362,173.0,CAMPANHA_PILOTO_01
2026-08-04,16:21:33,1.362,173.0,CAMPANHA_PILOTO_01
2026-08-04,16:21:34,1.362,173.0,CAMPANHA_PILOTO_01
2026-08-04,16:21:35,1.362,173.0,CAMPANHA_PILOTO_01
2026-08-04,16:21:36,1.363,173.0,CAMPANHA_PILOTO_01
2026-08-04,16:21:37,1.363,173.1,CAMPANHA_PILOTO_01
2026-08-04,16:21:38,1.363,173.1,CAMPANHA_PILOTO_01
2026-08-04,16:21:39,1.363,173.1,CAMPANHA_PILOTO_01
2026-08-04,16:21:40,1.363,173.1,CAMPANHA_PILOTO_01
2026-08-04,16:21:41,1.363,173.1,CAMPANHA_PILOTO_01
2026-08-04,16:21:42,1.363,173.1,CAMPANHA_PILOTO_01
2026-08-04,16:21:43,1.363,173.1,CAMPANHA_PILOTO_01
2026-08-04,16:21:44,1.363,173.1,CAMPANHA_PILOTO_01
2026-08-04,16:21:45,1.363,173.1,CAMPANHA_PILOTO_01
2026-08-04,16:21:46,1.363,173.0,CAMPANHA_PILOTO_01
2026-08-04,16:21:47,1.363,173.0,CAMPANHA_PILOTO_01
2026-08-04,16:21:48,1.363,173.0,CAMPANHA_PILOTO_01
2026-08-04,16:21:49,1.363,173.0,CAMPANHA_PILOTO_01
2026-08-04,16:21:50,1.363,173.0,CAMPANHA_PILOTO_01
2026-08-04,16:21:51,1.362,173.0,CAMPANHA_PILOTO_01
2026-08-04,16:21:52,1.362,173.0,CAMPANHA_PILOTO_01
2026-08-04,16:21:53,1.363,173.0,CAMPANHA_PILOTO_01
2026-08-04,16:21:54,1.363,173.0,CAMPANHA_PILOTO_01
2026-08-04,16:21:55,1.363,173.1,CAMPANHA_PILOTO_01
2026-08-04,16:21:56,1.363,173.1,CAMPANHA_PILOTO_01
2026-08-04,16:21:57,1.363,173.1,CAMPANHA_PILOTO_01
2026-08-04,16:21:58,1.363,173.1,CAMPANHA_PILOTO_01
2026-08-04,16:21:59,1.363,173.1,CAMPANHA_PILOTO_01
2026-08-04,16:22:00,1.363,173.1,CAMPANHA_PILOTO_01
2026-08-04,16:22:01,1.363,173.1,CAMPANHA_PILOTO_01
2026-08-04,16:22:02,1.363,173.1,CAMPANHA_PILOTO_01
2026-08-04,16:22:03,1.363,173.1,CAMPANHA_PILOTO_01
2026-08-04,16:22:04,1.363,173.1,CAMPANHA_PILOTO_01
2026-08-04,16:22:05,1.363,173.1,CAMPANHA_PILOTO_01
2026-08-04,16:22:06,1.363,173.1,CAMPANHA_PILOTO_01
2026-08-04,16:22:07,1.363,173.1,CAMPANHA_PILOTO_01
2026-08-04,16:22:08,1.363,173.1,CAMPANHA_PILOTO_01
2026-08-04,16:22:09,1.363,173.1,CAMPANHA_PILOTO_01
2026-08-04,16:22:10,1.363,173.1,CAMPANHA_PILOTO_01
2026-08-04,16:22:11,1.363,173.1,CAMPANHA_PILOTO_01
2026-08-04,16:22:12,1.363,173.1,CAMPANHA_PILOTO_01
2026-08-04,16:22:13,1.363,173.1,CAMPANHA_PILOTO_01
2026-08-04,16:22:14,1.363,173.1,CAMPANHA_PILOTO_01
2026-08-04,16:22:15,1.363,173.1,CAMPANHA_PILOTO_01
2026-08-04,16:22:16,1.363,173.1,CAMPANHA_PILOTO_01
2026-08-04,16:22:17,1.363,173.1,CAMPANHA_PILOTO_01
2026-08-04,16:22:18,1.363,173.1,CAMPANHA_PILOTO_01
2026-08-04,16:22:19,1.363,173.1,CAMPANHA_PILOTO_01
2026-08-04,16:22:20,1.363,173.1,CAMPANHA_PILOTO_01
2026-08-04,16:22:21,1.363,173.1,CAMPANHA_PILOTO_01
2026-08-04,16:22:22,1.363,173.1,CAMPANHA_PILOTO_01
2026-08-04,16:22:23,1.363,173.1,CAMPANHA_PILOTO_01
2026-08-04,16:22:24,1.363,173.1,CAMPANHA_PILOTO_01
2026-08-04,16:22:25,1.363,173.1,CAMPANHA_PILOTO_01
2026-08-04,16:22:26,1.363,173.1,CAMPANHA_PILOTO_01
2026-08-04,16:22:27,1.363,173.1,CAMPANHA_PILOTO_01
2026-08-04,16:22:28,1.363,173.1,CAMPANHA_PILOTO_01
2026-08-04,16:22:29,1.363,173.1,CAMPANHA_PILOTO_01
2026-08-04,16:22:30,1.363,173.1,CAMPANHA_PILOTO_01
2026-08-04,16:22:31,1.363,173.2,CAMPANHA_PILOTO_01
2026-08-04,16:22:32,1.363,173.2,CAMPANHA_PILOTO_01
2026-08-04,16:22:33,1.363,173.2,CAMPANHA_PILOTO_01
2026-08-04,16:22:34,1.363,173.2,CAMPANHA_PILOTO_01
2026-08-04,16:22:35,1.363,173.2,CAMPANHA_PILOTO_01
2026-08-04,16:22:36,1.363,173.2,CAMPANHA_PILOTO_01
2026-08-04,16:22:37,1.363,173.2,CAMPANHA_PILOTO_01
2026-08-04,16:22:38,1.363,173.2,CAMPANHA_PILOTO_01
2026-08-04,16:22:39,1.364,173.2,CAMPANHA_PILOTO_01
2026-08-04,16:22:40,1.364,173.2,CAMPANHA_PILOTO_01
2026-08-04,16:22:41,1.364,173.2,CAMPANHA_PILOTO_01
2026-08-04,16:22:42,1.364,173.2,CAMPANHA_PILOTO_01
2026-08-04,16:22:43,1.364,173.2,CAMPANHA_PILOTO_01
2026-08-04,16:22:44,1.364,173.2,CAMPANHA_PILOTO_01
2026-08-04,16:22:45,1.364,173.2,CAMPANHA_PILOTO_01
2026-08-04,16:22:46,1.364,173.2,CAMPANHA_PILOTO_01
2026-08-04,16:22:47,1.364,173.2,CAMPANHA_PILOTO_01
2026-08-04,16:22:48,1.364,173.2,CAMPANHA_PILOTO_01
2026-08-04,16:22:49,1.364,173.2,CAMPANHA_PILOTO_01
2026-08-04,16:22:50,1.364,173.2,CAMPANHA_PILOTO_01
2026-08-04,16:22:51,1.364,173.2,CAMPANHA_PILOTO_01
2026-08-04,16:22:52,1.364,173.2,CAMPANHA_PILOTO_01
2026-08-04,16:22:53,1.364,173.2,CAMPANHA_PILOTO_01
2026-08-04,16:22:54,1.364,173.2,CAMPANHA_PILOTO_01
2026-08-04,16:22:55,1.364,173.2,CAMPANHA_PILOTO_01
2026-08-04,16:22:56,1.364,173.2,CAMPANHA_PILOTO_01
2026-08-04,16:22:57,1.364,173.2,CAMPANHA_PILOTO_01
2026-08-04,16:22:58,1.364,173.2,CAMPANHA_PILOTO_01
2026-08-04,16:22:59,1.364,173.2,CAMPANHA_PILOTO_01
2026-08-04,16:23:00,1.364,173.2,CAMPANHA_PILOTO_01
2026-08-04,16:23:01,1.364,173.2,CAMPANHA_PILOTO_01
2026-08-04,16:23:02,1.364,173.2,CAMPANHA_PILOTO_01
2026-08-04,16:23:03,1.364,173.2,CAMPANHA_PILOTO_01
2026-08-04,16:23:04,1.364,173.2,CAMPANHA_PILOTO_01
2026-08-04,16:23:05,1.364,173.2,CAMPANHA_PILOTO_01
2026-08-04,16:23:06,1.364,173.2,CAMPANHA_PILOTO_01
2026-08-04,16:23:07,1.364,173.2,CAMPANHA_PILOTO_01
2026-08-04,16:23:08,1.364,173.2,CAMPANHA_PILOTO_01
2026-08-04,16:23:09,1.364,173.2,CAMPANHA_PILOTO_01
2026-08-04,16:23:10,1.364,173.2,CAMPANHA_PILOTO_01
2026-08-04,16:23:11,1.364,173.2,CAMPANHA_PILOTO_01
2026-08-04,16:23:12,1.364,173.2,CAMPANHA_PILOTO_01
2026-08-04,16:23:13,1.364,173.2,CAMPANHA_PILOTO_01
2026-08-04,16:23:14,1.364,173.2,CAMPANHA_PILOTO_01
2026-08-04,16:23:15,1.364,173.2,CAMPANHA_PILOTO_01
2026-08-04,16:23:16,1.364,173.2,CAMPANHA_PILOTO_01
2026-08-04,16:23:17,1.364,173.2,CAMPANHA_PILOTO_01
2026-08-04,16:23:18,1.364,173.2,CAMPANHA_PILOTO_01
2026-08-04,16:23:19,1.364,173.2,CAMPANHA_PILOTO_01
2026-08-04,16:23:20,1.364,173.2,CAMPANHA_PILOTO_01
2026-08-04,16:23:21,1.364,173.2,CAMPANHA_PILOTO_01
2026-08-04,16:23:22,1.364,173.2,CAMPANHA_PILOTO_01
2026-08-04,16:23:23,1.364,173.2,CAMPANHA_PILOTO_01
2026-08-04,16:23:24,1.364,173.2,CAMPANHA_PILOTO_01
2026-08-04,16:23:25,1.364,173.2,CAMPANHA_PILOTO_01
2026-08-04,16:23:26,1.364,173.2,CAMPANHA_PILOTO_01
2026-08-04,16:23:27,1.364,173.2,CAMPANHA_PILOTO_01
2026-08-04,16:23:28,1.364,173.2,CAMPANHA_PILOTO_01
2026-08-04,16:23:29,1.364,173.2,CAMPANHA_PILOTO_01
2026-08-04,16:23:30,1.364,173.2,CAMPANHA_PILOTO_01
2026-08-04,16:23:31,1.364,173.3,CAMPANHA_PILOTO_01
2026-08-04,16:23:32,1.364,173.3,CAMPANHA_PILOTO_01
2026-08-04,16:23:33,1.364,173.2,CAMPANHA_PILOTO_01
2026-08-04,16:23:34,1.364,173.2,CAMPANHA_PILOTO_01
2026-08-04,16:23:35,1.364,173.2,CAMPANHA_PILOTO_01
2026-08-04,16:23:36,1.364,173.2,CAMPANHA_PILOTO_01
2026-08-04,16:23:37,1.364,173.2,CAMPANHA_PILOTO_01
2026-08-04,16:23:38,1.364,173.2,CAMPANHA_PILOTO_01
2026-08-04,16:23:39,1.364,173.2,CAMPANHA_PILOTO_01
2026-08-04,16:23:40,1.364,173.2,CAMPANHA_PILOTO_01
2026-08-04,16:23:41,1.364,173.2,CAMPANHA_PILOTO_01
2026-08-04,16:23:42,1.364,173.2,CAMPANHA_PILOTO_01
2026-08-04,16:23:43,1.364,173.2,CAMPANHA_PILOTO_01
2026-08-04,16:23:44,1.364,173.2,CAMPANHA_PILOTO_01
2026-08-04,16:23:45,1.364,173.2,CAMPANHA_PILOTO_01
2026-08-04,16:23:46,1.364,173.2,CAMPANHA_PILOTO_01
2026-08-04,16:23:47,1.364,173.2,CAMPANHA_PILOTO_01
2026-08-04,16:23:48,1.364,173.3,CAMPANHA_PILOTO_01
2026-08-04,16:23:49,1.364,173.2,CAMPANHA_PILOTO_01
2026-08-04,16:23:50,1.364,173.2,CAMPANHA_PILOTO_01
2026-08-04,16:23:51,1.364,173.3,CAMPANHA_PILOTO_01
2026-08-04,16:23:52,1.364,173.2,CAMPANHA_PILOTO_01
2026-08-04,16:23:53,1.364,173.2,CAMPANHA_PILOTO_01
2026-08-04,16:23:54,1.364,173.2,CAMPANHA_PILOTO_01
2026-08-04,16:23:55,1.364,173.2,CAMPANHA_PILOTO_01
2026-08-04,16:23:56,1.364,173.2,CAMPANHA_PILOTO_01
2026-08-04,16:23:57,1.364,173.2,CAMPANHA_PILOTO_01
2026-08-04,16:23:58,1.364,173.2,CAMPANHA_PILOTO_01
2026-08-04,16:23:59,1.364,173.2,CAMPANHA_PILOTO_01
2026-08-04,16:24:00,1.364,173.2,CAMPANHA_PILOTO_01
2026-08-04,16:24:01,1.364,173.2,CAMPANHA_PILOTO_01
2026-08-04,16:24:02,1.364,173.2,CAMPANHA_PILOTO_01
2026-08-04,16:24:03,1.364,173.2,CAMPANHA_PILOTO_01
2026-08-04,16:24:04,1.364,173.2,CAMPANHA_PILOTO_01
2026-08-04,16:24:05,1.364,173.2,CAMPANHA_PILOTO_01
2026-08-04,16:24:06,1.364,173.2,CAMPANHA_PILOTO_01
2026-08-04,16:24:07,1.364,173.2,CAMPANHA_PILOTO_01
2026-08-04,16:24:08,1.364,173.2,CAMPANHA_PILOTO_01
2026-08-04,16:24:09,1.364,173.2,CAMPANHA_PILOTO_01
2026-08-04,16:24:10,1.364,173.2,CAMPANHA_PILOTO_01
2026-08-04,16:24:11,1.364,173.2,CAMPANHA_PILOTO_01
2026-08-04,16:24:12,1.364,173.2,CAMPANHA_PILOTO_01
2026-08-04,16:24:13,1.364,173.2,CAMPANHA_PILOTO_01
2026-08-04,16:24:14,1.364,173.2,CAMPANHA_PILOTO_01
2026-08-04,16:24:15,1.364,173.3,CAMPANHA_PILOTO_01
2026-08-04,16:24:16,1.364,173.3,CAMPANHA_PILOTO_01
2026-08-04,16:24:17,1.364,173.3,CAMPANHA_PILOTO_01
2026-08-04,16:24:18,1.364,173.3,CAMPANHA_PILOTO_01
2026-08-04,16:24:19,1.364,173.3,CAMPANHA_PILOTO_01
2026-08-04,16:24:20,1.364,173.3,CAMPANHA_PILOTO_01
2026-08-04,16:24:21,1.364,173.3,CAMPANHA_PILOTO_01
2026-08-04,16:24:22,1.364,173.3,CAMPANHA_PILOTO_01
2026-08-04,16:24:23,1.364,173.3,CAMPANHA_PILOTO_01
2026-08-04,16:24:24,1.364,173.3,CAMPANHA_PILOTO_01
2026-08-04,16:24:25,1.364,173.3,CAMPANHA_PILOTO_01
2026-08-04,16:24:26,1.365,173.3,CAMPANHA_PILOTO_01
2026-08-04,16:24:27,1.365,173.3,CAMPANHA_PILOTO_01
2026-08-04,16:24:28,1.364,173.3,CAMPANHA_PILOTO_01
2026-08-04,16:24:29,1.364,173.3,CAMPANHA_PILOTO_01
2026-08-04,16:24:30,1.364,173.3,CAMPANHA_PILOTO_01
2026-08-04,16:24:31,1.364,173.3,CAMPANHA_PILOTO_01
2026-08-04,16:24:32,1.364,173.3,CAMPANHA_PILOTO_01
2026-08-04,16:24:33,1.365,173.3,CAMPANHA_PILOTO_01
2026-08-04,16:24:34,1.365,173.3,CAMPANHA_PILOTO_01
2026-08-04,16:24:35,1.365,173.3,CAMPANHA_PILOTO_01
2026-08-04,16:24:36,1.365,173.3,CAMPANHA_PILOTO_01
2026-08-04,16:24:37,1.365,173.3,CAMPANHA_PILOTO_01
2026-08-04,16:24:38,1.365,173.3,CAMPANHA_PILOTO_01
2026-08-04,16:24:39,1.365,173.3,CAMPANHA_PILOTO_01
2026-08-04,16:24:40,1.365,173.3,CAMPANHA_PILOTO_01
2026-08-04,16:24:41,1.365,173.3,CAMPANHA_PILOTO_01
2026-08-04,16:24:42,1.365,173.3,CAMPANHA_PILOTO_01
2026-08-04,16:24:43,1.365,173.3,CAMPANHA_PILOTO_01
2026-08-04,16:24:44,1.365,173.3,CAMPANHA_PILOTO_01
2026-08-04,16:24:45,1.365,173.3,CAMPANHA_PILOTO_01
2026-08-04,16:24:46,1.365,173.3,CAMPANHA_PILOTO_01
2026-08-04,16:24:47,1.364,173.3,CAMPANHA_PILOTO_01
2026-08-04,16:24:48,1.365,173.3,CAMPANHA_PILOTO_01
2026-08-04,16:24:49,1.365,173.3,CAMPANHA_PILOTO_01
2026-08-04,16:24:50,1.365,173.3,CAMPANHA_PILOTO_01
2026-08-04,16:24:51,1.364,173.3,CAMPANHA_PILOTO_01
2026-08-04,16:24:52,1.364,173.3,CAMPANHA_PILOTO_01
2026-08-04,16:24:53,1.364,173.3,CAMPANHA_PILOTO_01
2026-08-04,16:24:54,1.364,173.3,CAMPANHA_PILOTO_01
2026-08-04,16:24:55,1.364,173.3,CAMPANHA_PILOTO_01
2026-08-04,16:24:56,1.364,173.3,CAMPANHA_PILOTO_01
2026-08-04,16:24:57,1.364,173.3,CAMPANHA_PILOTO_01
2026-08-04,16:24:58,1.364,173.3,CAMPANHA_PILOTO_01
2026-08-04,16:24:59,1.364,173.3,CAMPANHA_PILOTO_01
2026-08-04,16:25:00,1.364,173.3,CAMPANHA_PILOTO_01
2026-08-04,16:25:01,1.364,173.3,CAMPANHA_PILOTO_01
2026-08-04,16:25:02,1.364,173.3,CAMPANHA_PILOTO_01
2026-08-04,16:25:03,1.364,173.3,CAMPANHA_PILOTO_01
2026-08-04,16:25:04,1.364,173.3,CAMPANHA_PILOTO_01
2026-08-04,16:25:05,1.365,173.3,CAMPANHA_PILOTO_01
2026-08-04,16:25:06,1.365,173.3,CAMPANHA_PILOTO_01
2026-08-04,16:25:07,1.365,173.3,CAMPANHA_PILOTO_01
2026-08-04,16:25:08,1.364,173.3,CAMPANHA_PILOTO_01
2026-08-04,16:25:09,1.365,173.3,CAMPANHA_PILOTO_01
2026-08-04,16:25:10,1.365,173.3,CAMPANHA_PILOTO_01
2026-08-04,16:25:11,1.365,173.3,CAMPANHA_PILOTO_01
2026-08-04,16:25:12,1.365,173.3,CAMPANHA_PILOTO_01
2026-08-04,16:25:13,1.365,173.3,CAMPANHA_PILOTO_01
2026-08-04,16:25:14,1.365,173.3,CAMPANHA_PILOTO_01
2026-08-04,16:25:15,1.365,173.3,CAMPANHA_PILOTO_01
2026-08-04,16:25:16,1.365,173.3,CAMPANHA_PILOTO_01
2026-08-04,16:25:17,1.365,173.3,CAMPANHA_PILOTO_01
2026-08-04,16:25:18,1.364,173.3,CAMPANHA_PILOTO_01
2026-08-04,16:25:19,1.364,173.3,CAMPANHA_PILOTO_01
2026-08-04,16:25:20,1.364,173.3,CAMPANHA_PILOTO_01
2026-08-04,16:25:21,1.364,173.3,CAMPANHA_PILOTO_01
2026-08-04,16:25:22,1.364,173.3,CAMPANHA_PILOTO_01
2026-08-04,16:25:23,1.364,173.3,CAMPANHA_PILOTO_01
2026-08-04,16:25:24,1.364,173.3,CAMPANHA_PILOTO_01
2026-08-04,16:25:25,1.364,173.3,CAMPANHA_PILOTO_01
2026-08-04,16:25:26,1.364,173.3,CAMPANHA_PILOTO_01
2026-08-04,16:25:27,1.364,173.3,CAMPANHA_PILOTO_01
2026-08-04,16:25:28,1.364,173.3,CAMPANHA_PILOTO_01
2026-08-04,16:25:29,1.364,173.3,CAMPANHA_PILOTO_01
2026-08-04,16:25:30,1.364,173.3,CAMPANHA_PILOTO_01
2026-08-04,16:25:31,1.364,173.3,CAMPANHA_PILOTO_01
2026-08-04,16:25:32,1.364,173.3,CAMPANHA_PILOTO_01
2026-08-04,16:25:33,1.364,173.3,CAMPANHA_PILOTO_01
2026-08-04,16:25:34,1.364,173.3,CAMPANHA_PILOTO_01
2026-08-04,16:25:35,1.365,173.3,CAMPANHA_PILOTO_01
2026-08-04,16:25:36,1.365,173.3,CAMPANHA_PILOTO_01
2026-08-04,16:25:37,1.365,173.3,CAMPANHA_PILOTO_01
2026-08-04,16:25:38,1.365,173.3,CAMPANHA_PILOTO_01
2026-08-04,16:25:39,1.365,173.3,CAMPANHA_PILOTO_01
2026-08-04,16:25:40,1.365,173.3,CAMPANHA_PILOTO_01
2026-08-04,16:25:41,1.365,173.3,CAMPANHA_PILOTO_01
2026-08-04,16:25:42,1.365,173.3,CAMPANHA_PILOTO_01
2026-08-04,16:25:43,1.365,173.3,CAMPANHA_PILOTO_01
2026-08-04,16:25:44,1.364,173.3,CAMPANHA_PILOTO_01
2026-08-04,16:25:45,1.364,173.3,CAMPANHA_PILOTO_01
2026-08-04,16:25:46,1.364,173.3,CAMPANHA_PILOTO_01
2026-08-04,16:25:47,1.364,173.3,CAMPANHA_PILOTO_01
2026-08-04,16:25:48,1.364,173.3,CAMPANHA_PILOTO_01
2026-08-04,16:25:49,1.365,173.3,CAMPANHA_PILOTO_01
2026-08-04,16:25:50,1.365,173.3,CAMPANHA_PILOTO_01
2026-08-04,16:25:51,1.365,173.3,CAMPANHA_PILOTO_01
2026-08-04,16:25:52,1.365,173.3,CAMPANHA_PILOTO_01
2026-08-04,16:25:53,1.365,173.3,CAMPANHA_PILOTO_01
2026-08-04,16:25:54,1.365,173.3,CAMPANHA_PILOTO_01
2026-08-04,16:25:55,1.365,173.3,CAMPANHA_PILOTO_01
2026-08-04,16:25:56,1.365,173.3,CAMPANHA_PILOTO_01
2026-08-04,16:25:57,1.365,173.3,CAMPANHA_PILOTO_01
2026-08-04,16:25:58,1.365,173.3,CAMPANHA_PILOTO_01
2026-08-04,16:25:59,1.365,173.3,CAMPANHA_PILOTO_01
2026-08-04,16:26:00,1.365,173.3,CAMPANHA_PILOTO_01
2026-08-04,16:26:01,1.365,173.3,CAMPANHA_PILOTO_01
2026-08-04,16:26:02,1.365,173.3,CAMPANHA_PILOTO_01
2026-08-04,16:26:03,1.365,173.3,CAMPANHA_PILOTO_01
2026-08-04,16:26:04,1.365,173.3,CAMPANHA_PILOTO_01
2026-08-04,16:26:05,1.365,173.3,CAMPANHA_PILOTO_01
2026-08-04,16:26:06,1.365,173.3,CAMPANHA_PILOTO_01
2026-08-04,16:26:07,1.365,173.3,CAMPANHA_PILOTO_01
2026-08-04,16:26:08,1.365,173.3,CAMPANHA_PILOTO_01
2026-08-04,16:26:09,1.365,173.3,CAMPANHA_PILOTO_01
2026-08-04,16:26:10,1.365,173.3,CAMPANHA_PILOTO_01
2026-08-04,16:26:11,1.365,173.3,CAMPANHA_PILOTO_01
2026-08-04,16:26:12,1.365,173.3,CAMPANHA_PILOTO_01
2026-08-04,16:26:13,1.365,173.3,CAMPANHA_PILOTO_01
2026-08-04,16:26:14,1.365,173.3,CAMPANHA_PILOTO_01
2026-08-04,16:26:15,1.365,173.3,CAMPANHA_PILOTO_01
2026-08-04,16:26:16,1.365,173.3,CAMPANHA_PILOTO_01
2026-08-04,16:26:17,1.365,173.3,CAMPANHA_PILOTO_01
2026-08-04,16:26:18,1.365,173.3,CAMPANHA_PILOTO_01
2026-08-04,16:26:19,1.365,173.3,CAMPANHA_PILOTO_01
2026-08-04,16:26:20,1.365,173.3,CAMPANHA_PILOTO_01
2026-08-04,16:26:21,1.365,173.3,CAMPANHA_PILOTO_01
2026-08-04,16:26:22,1.365,173.3,CAMPANHA_PILOTO_01
2026-08-04,16:26:23,1.365,173.3,CAMPANHA_PILOTO_01
2026-08-04,16:26:24,1.365,173.3,CAMPANHA_PILOTO_01
2026-08-04,16:26:25,1.365,173.4,CAMPANHA_PILOTO_01
2026-08-04,16:26:26,1.365,173.4,CAMPANHA_PILOTO_01
2026-08-04,16:26:27,1.365,173.4,CAMPANHA_PILOTO_01
2026-08-04,16:26:28,1.365,173.4,CAMPANHA_PILOTO_01
2026-08-04,16:26:29,1.365,173.4,CAMPANHA_PILOTO_01
2026-08-04,16:26:30,1.365,173.4,CAMPANHA_PILOTO_01
2026-08-04,16:26:31,1.365,173.4,CAMPANHA_PILOTO_01
2026-08-04,16:26:32,1.365,173.4,CAMPANHA_PILOTO_01
2026-08-04,16:26:33,1.365,173.4,CAMPANHA_PILOTO_01
2026-08-04,16:26:34,1.365,173.4,CAMPANHA_PILOTO_01
2026-08-04,16:26:35,1.365,173.4,CAMPANHA_PILOTO_01
2026-08-04,16:26:36,1.365,173.4,CAMPANHA_PILOTO_01
2026-08-04,16:26:37,1.365,173.4,CAMPANHA_PILOTO_01
2026-08-04,16:26:38,1.365,173.4,CAMPANHA_PILOTO_01
2026-08-04,16:26:39,1.365,173.4,CAMPANHA_PILOTO_01
2026-08-04,16:26:40,1.365,173.4,CAMPANHA_PILOTO_01
2026-08-04,16:26:41,1.365,173.4,CAMPANHA_PILOTO_01
2026-08-04,16:26:42,1.365,173.4,CAMPANHA_PILOTO_01
2026-08-04,16:26:43,1.365,173.4,CAMPANHA_PILOTO_01
2026-08-04,16:26:44,1.365,173.4,CAMPANHA_PILOTO_01
2026-08-04,16:26:45,1.365,173.4,CAMPANHA_PILOTO_01
2026-08-04,16:26:46,1.365,173.4,CAMPANHA_PILOTO_01
2026-08-04,16:26:47,1.365,173.4,CAMPANHA_PILOTO_01
2026-08-04,16:26:48,1.365,173.4,CAMPANHA_PILOTO_01
2026-08-04,16:26:49,1.365,173.4,CAMPANHA_PILOTO_01
2026-08-04,16:26:50,1.365,173.4,CAMPANHA_PILOTO_01
2026-08-04,16:26:51,1.365,173.4,CAMPANHA_PILOTO_01
2026-08-04,16:26:52,1.365,173.4,CAMPANHA_PILOTO_01
2026-08-04,16:26:53,1.365,173.4,CAMPANHA_PILOTO_01
2026-08-04,16:26:54,1.365,173.4,CAMPANHA_PILOTO_01
2026-08-04,16:26:55,1.365,173.4,CAMPANHA_PILOTO_01
2026-08-04,16:26:56,1.365,173.4,CAMPANHA_PILOTO_01
2026-08-04,16:26:57,1.365,173.4,CAMPANHA_PILOTO_01
2026-08-04,16:26:58,1.365,173.4,CAMPANHA_PILOTO_01
2026-08-04,16:26:59,1.365,173.4,CAMPANHA_PILOTO_01
2026-08-04,16:27:00,1.365,173.4,CAMPANHA_PILOTO_01
2026-08-04,16:27:01,1.365,173.4,CAMPANHA_PILOTO_01
2026-08-04,16:27:02,1.365,173.4,CAMPANHA_PILOTO_01
2026-08-04,16:27:03,1.365,173.4,CAMPANHA_PILOTO_01
2026-08-04,16:27:04,1.365,173.4,CAMPANHA_PILOTO_01
2026-08-04,16:27:05,1.365,173.4,CAMPANHA_PILOTO_01
2026-08-04,16:27:06,1.365,173.4,CAMPANHA_PILOTO_01
2026-08-04,16:27:07,1.365,173.4,CAMPANHA_PILOTO_01
2026-08-04,16:27:08,1.365,173.4,CAMPANHA_PILOTO_01
2026-08-04,16:27:09,1.365,173.4,CAMPANHA_PILOTO_01
2026-08-04,16:27:10,1.365,173.4,CAMPANHA_PILOTO_01
2026-08-04,16:27:11,1.365,173.4,CAMPANHA_PILOTO_01
2026-08-04,16:27:12,1.365,173.4,CAMPANHA_PILOTO_01
2026-08-04,16:27:13,1.365,173.4,CAMPANHA_PILOTO_01
2026-08-04,16:27:14,1.365,173.4,CAMPANHA_PILOTO_01
2026-08-04,16:27:15,1.365,173.4,CAMPANHA_PILOTO_01
2026-08-04,16:27:16,1.365,173.4,CAMPANHA_PILOTO_01
2026-08-04,16:27:17,1.365,173.4,CAMPANHA_PILOTO_01
2026-08-04,16:27:18,1.365,173.4,CAMPANHA_PILOTO_01
2026-08-04,16:27:19,1.365,173.4,CAMPANHA_PILOTO_01
2026-08-04,16:27:20,1.365,173.4,CAMPANHA_PILOTO_01
2026-08-04,16:27:21,1.365,173.4,CAMPANHA_PILOTO_01
2026-08-04,16:27:22,1.365,173.4,CAMPANHA_PILOTO_01
2026-08-04,16:27:23,1.365,173.4,CAMPANHA_PILOTO_01
2026-08-04,16:27:24,1.365,173.4,CAMPANHA_PILOTO_01
2026-08-04,16:27:25,1.365,173.4,CAMPANHA_PILOTO_01
2026-08-04,16:27:26,1.365,173.4,CAMPANHA_PILOTO_01
2026-08-04,16:27:27,1.365,173.4,CAMPANHA_PILOTO_01
2026-08-04,16:27:28,1.365,173.4,CAMPANHA_PILOTO_01
2026-08-04,16:27:29,1.365,173.4,CAMPANHA_PILOTO_01
2026-08-04,16:27:30,1.365,173.4,CAMPANHA_PILOTO_01
2026-08-04,16:27:31,1.365,173.4,CAMPANHA_PILOTO_01
2026-08-04,16:27:32,1.365,173.4,CAMPANHA_PILOTO_01
2026-08-04,16:27:33,1.365,173.4,CAMPANHA_PILOTO_01
2026-08-04,16:27:34,1.365,173.4,CAMPANHA_PILOTO_01
2026-08-04,16:27:35,1.365,173.4,CAMPANHA_PILOTO_01
2026-08-04,16:27:36,1.366,173.4,CAMPANHA_PILOTO_01
2026-08-04,16:27:37,1.365,173.4,CAMPANHA_PILOTO_01
2026-08-04,16:27:38,1.365,173.4,CAMPANHA_PILOTO_01
2026-08-04,16:27:39,1.365,173.4,CAMPANHA_PILOTO_01
2026-08-04,16:27:40,1.365,173.4,CAMPANHA_PILOTO_01
2026-08-04,16:27:41,1.365,173.4,CAMPANHA_PILOTO_01
2026-08-04,16:27:42,1.366,173.4,CAMPANHA_PILOTO_01
2026-08-04,16:27:43,1.366,173.4,CAMPANHA_PILOTO_01
2026-08-04,16:27:44,1.365,173.4,CAMPANHA_PILOTO_01
2026-08-04,16:27:45,1.365,173.4,CAMPANHA_PILOTO_01
2026-08-04,16:27:46,1.365,173.4,CAMPANHA_PILOTO_01
2026-08-04,16:27:47,1.365,173.4,CAMPANHA_PILOTO_01
2026-08-04,16:27:48,1.365,173.4,CAMPANHA_PILOTO_01
2026-08-04,16:27:49,1.365,173.4,CAMPANHA_PILOTO_01
2026-08-04,16:27:50,1.365,173.4,CAMPANHA_PILOTO_01
2026-08-04,16:27:51,1.365,173.4,CAMPANHA_PILOTO_01
2026-08-04,16:27:52,1.365,173.4,CAMPANHA_PILOTO_01
2026-08-04,16:27:53,1.365,173.4,CAMPANHA_PILOTO_01
2026-08-04,16:27:54,1.366,173.4,CAMPANHA_PILOTO_01
2026-08-04,16:27:55,1.366,173.4,CAMPANHA_PILOTO_01
2026-08-04,16:27:56,1.366,173.4,CAMPANHA_PILOTO_01
2026-08-04,16:27:57,1.366,173.4,CAMPANHA_PILOTO_01
2026-08-04,16:27:58,1.366,173.4,CAMPANHA_PILOTO_01
2026-08-04,16:27:59,1.366,173.4,CAMPANHA_PILOTO_01
2026-08-04,16:28:00,1.366,173.4,CAMPANHA_PILOTO_01
2026-08-04,16:28:01,1.365,173.4,CAMPANHA_PILOTO_01
2026-08-04,16:28:02,1.365,173.4,CAMPANHA_PILOTO_01
2026-08-04,16:28:03,1.365,173.4,CAMPANHA_PILOTO_01
2026-08-04,16:28:04,1.365,173.4,CAMPANHA_PILOTO_01
2026-08-04,16:28:05,1.365,173.4,CAMPANHA_PILOTO_01
2026-08-04,16:28:06,1.365,173.4,CAMPANHA_PILOTO_01
2026-08-04,16:28:07,1.365,173.4,CAMPANHA_PILOTO_01
2026-08-04,16:28:08,1.365,173.4,CAMPANHA_PILOTO_01
2026-08-04,16:28:09,1.365,173.4,CAMPANHA_PILOTO_01
2026-08-04,16:28:10,1.365,173.4,CAMPANHA_PILOTO_01
2026-08-04,16:28:11,1.365,173.4,CAMPANHA_PILOTO_01
2026-08-04,16:28:12,1.365,173.4,CAMPANHA_PILOTO_01
2026-08-04,16:28:13,1.365,173.4,CAMPANHA_PILOTO_01
2026-08-04,16:28:14,1.366,173.4,CAMPANHA_PILOTO_01
2026-08-04,16:28:15,1.366,173.4,CAMPANHA_PILOTO_01
2026-08-04,16:28:16,1.366,173.4,CAMPANHA_PILOTO_01
2026-08-04,16:28:17,1.366,173.4,CAMPANHA_PILOTO_01
2026-08-04,16:28:18,1.366,173.4,CAMPANHA_PILOTO_01
2026-08-04,16:28:19,1.366,173.4,CAMPANHA_PILOTO_01
2026-08-04,16:28:20,1.366,173.4,CAMPANHA_PILOTO_01
2026-08-04,16:28:21,1.366,173.4,CAMPANHA_PILOTO_01
2026-08-04,16:28:22,1.366,173.4,CAMPANHA_PILOTO_01
2026-08-04,16:28:23,1.366,173.4,CAMPANHA_PILOTO_01
2026-08-04,16:28:24,1.366,173.4,CAMPANHA_PILOTO_01
2026-08-04,16:28:25,1.366,173.4,CAMPANHA_PILOTO_01
2026-08-04,16:28:26,1.366,173.5,CAMPANHA_PILOTO_01
2026-08-04,16:28:27,1.366,173.5,CAMPANHA_PILOTO_01
2026-08-04,16:28:28,1.366,173.5,CAMPANHA_PILOTO_01
2026-08-04,16:28:29,1.366,173.5,CAMPANHA_PILOTO_01
2026-08-04,16:28:30,1.366,173.4,CAMPANHA_PILOTO_01
2026-08-04,16:28:31,1.366,173.4,CAMPANHA_PILOTO_01
2026-08-04,16:28:32,1.366,173.4,CAMPANHA_PILOTO_01
2026-08-04,16:28:33,1.366,173.4,CAMPANHA_PILOTO_01
2026-08-04,16:28:34,1.366,173.4,CAMPANHA_PILOTO_01
2026-08-04,16:28:35,1.366,173.4,CAMPANHA_PILOTO_01
2026-08-04,16:28:36,1.366,173.4,CAMPANHA_PILOTO_01
2026-08-04,16:28:37,1.366,173.4,CAMPANHA_PILOTO_01
2026-08-04,16:28:38,1.366,173.4,CAMPANHA_PILOTO_01
2026-08-04,16:28:39,1.366,173.4,CAMPANHA_PILOTO_01
2026-08-04,16:28:40,1.366,173.5,CAMPANHA_PILOTO_01
2026-08-04,16:28:41,1.366,173.5,CAMPANHA_PILOTO_01
2026-08-04,16:28:42,1.366,173.4,CAMPANHA_PILOTO_01
2026-08-04,16:28:43,1.366,173.4,CAMPANHA_PILOTO_01
2026-08-04,16:28:44,1.366,173.5,CAMPANHA_PILOTO_01
2026-08-04,16:28:45,1.366,173.5,CAMPANHA_PILOTO_01
2026-08-04,16:28:46,1.366,173.5,CAMPANHA_PILOTO_01
2026-08-04,16:28:47,1.366,173.5,CAMPANHA_PILOTO_01
2026-08-04,16:28:48,1.366,173.5,CAMPANHA_PILOTO_01
2026-08-04,16:28:49,1.366,173.5,CAMPANHA_PILOTO_01
2026-08-04,16:28:50,1.366,173.5,CAMPANHA_PILOTO_01
2026-08-04,16:28:51,1.366,173.5,CAMPANHA_PILOTO_01
2026-08-04,16:28:52,1.366,173.4,CAMPANHA_PILOTO_01
2026-08-04,16:28:53,1.366,173.4,CAMPANHA_PILOTO_01
2026-08-04,16:28:54,1.366,173.4,CAMPANHA_PILOTO_01
2026-08-04,16:28:55,1.366,173.4,CAMPANHA_PILOTO_01
2026-08-04,16:28:56,1.366,173.4,CAMPANHA_PILOTO_01
2026-08-04,16:28:57,1.366,173.5,CAMPANHA_PILOTO_01
2026-08-04,16:28:58,1.366,173.5,CAMPANHA_PILOTO_01
2026-08-04,16:28:59,1.366,173.5,CAMPANHA_PILOTO_01
2026-08-04,16:29:00,1.366,173.5,CAMPANHA_PILOTO_01
2026-08-04,16:29:01,1.366,173.5,CAMPANHA_PILOTO_01
2026-08-04,16:29:02,1.366,173.5,CAMPANHA_PILOTO_01
2026-08-04,16:29:03,1.366,173.5,CAMPANHA_PILOTO_01
2026-08-04,16:29:04,1.366,173.5,CAMPANHA_PILOTO_01
2026-08-04,16:29:05,1.366,173.5,CAMPANHA_PILOTO_01
2026-08-04,16:29:06,1.366,173.5,CAMPANHA_PILOTO_01
2026-08-04,16:29:07,1.366,173.5,CAMPANHA_PILOTO_01
2026-08-04,16:29:08,1.366,173.5,CAMPANHA_PILOTO_01
2026-08-04,16:29:09,1.366,173.5,CAMPANHA_PILOTO_01
2026-08-04,16:29:10,1.366,173.5,CAMPANHA_PILOTO_01
2026-08-04,16:29:11,1.366,173.5,CAMPANHA_PILOTO_01
2026-08-04,16:29:12,1.366,173.5,CAMPANHA_PILOTO_01
2026-08-04,16:29:13,1.366,173.4,CAMPANHA_PILOTO_01
2026-08-04,16:29:14,1.366,173.5,CAMPANHA_PILOTO_01
2026-08-04,16:29:15,1.366,173.5,CAMPANHA_PILOTO_01
2026-08-04,16:29:16,1.366,173.5,CAMPANHA_PILOTO_01
2026-08-04,16:29:17,1.366,173.5,CAMPANHA_PILOTO_01
2026-08-04,16:29:18,1.366,173.5,CAMPANHA_PILOTO_01
2026-08-04,16:29:19,1.366,173.4,CAMPANHA_PILOTO_01
2026-08-04,16:29:20,1.366,173.4,CAMPANHA_PILOTO_01
2026-08-04,16:29:21,1.366,173.4,CAMPANHA_PILOTO_01
2026-08-04,16:29:22,1.366,173.5,CAMPANHA_PILOTO_01
2026-08-04,16:29:23,1.366,173.5,CAMPANHA_PILOTO_01
2026-08-04,16:29:24,1.366,173.5,CAMPANHA_PILOTO_01
2026-08-04,16:29:25,1.366,173.5,CAMPANHA_PILOTO_01
2026-08-04,16:29:26,1.366,173.5,CAMPANHA_PILOTO_01
2026-08-04,16:29:27,1.366,173.5,CAMPANHA_PILOTO_01
2026-08-04,16:29:28,1.366,173.5,CAMPANHA_PILOTO_01
2026-08-04,16:29:29,1.366,173.5,CAMPANHA_PILOTO_01
2026-08-04,16:29:30,1.366,173.5,CAMPANHA_PILOTO_01
2026-08-04,16:29:31,1.366,173.5,CAMPANHA_PILOTO_01
2026-08-04,16:29:32,1.366,173.5,CAMPANHA_PILOTO_01
2026-08-04,16:29:33,1.366,173.5,CAMPANHA_PILOTO_01
2026-08-04,16:29:34,1.366,173.5,CAMPANHA_PILOTO_01
2026-08-04,16:29:35,1.366,173.5,CAMPANHA_PILOTO_01
2026-08-04,16:29:36,1.366,173.5,CAMPANHA_PILOTO_01
2026-08-04,16:29:37,1.366,173.5,CAMPANHA_PILOTO_01
2026-08-04,16:29:38,1.366,173.5,CAMPANHA_PILOTO_01
2026-08-04,16:29:39,1.366,173.5,CAMPANHA_PILOTO_01
2026-08-04,16:29:40,1.366,173.5,CAMPANHA_PILOTO_01
2026-08-04,16:29:41,1.366,173.5,CAMPANHA_PILOTO_01
2026-08-04,16:29:42,1.366,173.5,CAMPANHA_PILOTO_01
2026-08-04,16:29:43,1.366,173.5,CAMPANHA_PILOTO_01
2026-08-04,16:29:44,1.366,173.5,CAMPANHA_PILOTO_01
2026-08-04,16:29:45,1.366,173.5,CAMPANHA_PILOTO_01
2026-08-04,16:29:46,1.366,173.5,CAMPANHA_PILOTO_01
2026-08-04,16:29:47,1.366,173.5,CAMPANHA_PILOTO_01
2026-08-04,16:29:48,1.366,173.5,CAMPANHA_PILOTO_01
2026-08-04,16:29:49,1.366,173.5,CAMPANHA_PILOTO_01
2026-08-04,16:29:50,1.366,173.5,CAMPANHA_PILOTO_01
2026-08-04,16:29:51,1.366,173.5,CAMPANHA_PILOTO_01
2026-08-04,16:29:52,1.366,173.5,CAMPANHA_PILOTO_01
2026-08-04,16:29:53,1.366,173.5,CAMPANHA_PILOTO_01
2026-08-04,16:29:54,1.366,173.5,CAMPANHA_PILOTO_01
2026-08-04,16:29:55,1.366,173.5,CAMPANHA_PILOTO_01
2026-08-04,16:29:56,1.366,173.5,CAMPANHA_PILOTO_01
2026-08-04,16:29:57,1.366,173.5,CAMPANHA_PILOTO_01
2026-08-04,16:29:58,1.366,173.5,CAMPANHA_PILOTO_01
2026-08-04,16:29:59,1.366,173.5,CAMPANHA_PILOTO_01
2026-08-04,16:30:00,1.366,173.5,CAMPANHA_PILOTO_01
2026-08-04,16:30:01,1.367,173.5,CAMPANHA_PILOTO_01
2026-08-04,16:30:02,1.367,173.5,CAMPANHA_PILOTO_01
2026-08-04,16:30:03,1.367,173.5,CAMPANHA_PILOTO_01
2026-08-04,16:30:04,1.367,173.5,CAMPANHA_PILOTO_01
2026-08-04,16:30:05,1.367,173.6,CAMPANHA_PILOTO_01
2026-08-04,16:30:06,1.367,173.6,CAMPANHA_PILOTO_01
2026-08-04,16:30:07,1.367,173.6,CAMPANHA_PILOTO_01
2026-08-04,16:30:08,1.367,173.6,CAMPANHA_PILOTO_01
2026-08-04,16:30:09,1.367,173.6,CAMPANHA_PILOTO_01
2026-08-04,16:30:10,1.367,173.5,CAMPANHA_PILOTO_01
2026-08-04,22:57:46,0.0,0.0,CAMPANHA_PILOTO_01
2026-08-04,22:57:47,0.0,0.0,CAMPANHA_PILOTO_01
2026-08-04,22:57:48,0.0,0.0,CAMPANHA_PILOTO_01
2026-08-04,22:57:49,0.0,0.0,CAMPANHA_PILOTO_01
2026-08-04,22:57:50,0.0,0.0,CAMPANHA_PILOTO_01
2026-08-04,22:57:51,0.0,0.0,CAMPANHA_PILOTO_01
2026-08-04,22:57:52,0.0,0.0,CAMPANHA_PILOTO_01
2026-08-04,22:57:53,0.0,0.0,CAMPANHA_PILOTO_01
2026-08-04,22:57:54,0.0,0.0,CAMPANHA_PILOTO_01
2026-08-04,22:57:55,0.0,0.0,CAMPANHA_PILOTO_01
2026-08-04,22:57:56,0.0,0.0,CAMPANHA_PILOTO_01
2026-08-04,22:57:57,0.0,0.0,CAMPANHA_PILOTO_01
2026-08-04,22:57:58,0.0,0.0,CAMPANHA_PILOTO_01
2026-08-04,22:57:59,0.0,0.0,CAMPANHA_PILOTO_01
2026-08-04,22:58:00,0.0,0.0,CAMPANHA_PILOTO_01
2026-08-04,22:58:01,0.0,0.0,CAMPANHA_PILOTO_01
2026-08-04,22:58:02,0.0,0.0,CAMPANHA_PILOTO_01
2026-08-04,22:58:03,0.0,0.0,CAMPANHA_PILOTO_01
2026-08-04,22:58:04,0.0,0.0,CAMPANHA_PILOTO_01
2026-08-04,22:58:05,0.0,0.0,CAMPANHA_PILOTO_01
2026-08-04,22:58:06,0.0,0.0,CAMPANHA_PILOTO_01
2026-08-04,22:58:07,0.0,0.0,CAMPANHA_PILOTO_01
2026-08-04,22:58:08,0.0,0.0,CAMPANHA_PILOTO_01
2026-08-04,22:58:09,0.0,0.0,CAMPANHA_PILOTO_01
2026-08-04,22:58:10,0.0,0.0,CAMPANHA_PILOTO_01
2026-08-04,22:58:11,0.0,0.0,CAMPANHA_PILOTO_01
2026-08-04,22:58:12,0.0,0.0,CAMPANHA_PILOTO_01
2026-08-04,22:58:13,0.0,0.0,CAMPANHA_PILOTO_01
2026-08-04,22:58:14,0.0,0.0,CAMPANHA_PILOTO_01
2026-08-04,22:58:15,0.0,0.0,CAMPANHA_PILOTO_01
2026-08-04,22:58:16,0.0,0.0,CAMPANHA_PILOTO_01
2026-08-04,22:58:17,0.0,0.0,CAMPANHA_PILOTO_01
2026-08-04,22:58:18,0.0,0.0,CAMPANHA_PILOTO_01
2026-08-04,22:58:19,0.0,0.0,CAMPANHA_PILOTO_01
2026-08-04,22:58:20,0.0,0.0,CAMPANHA_PILOTO_01
2026-08-04,22:58:21,0.0,0.0,CAMPANHA_PILOTO_01
2026-08-04,22:58:22,0.0,0.0,CAMPANHA_PILOTO_01
2026-08-04,22:58:23,0.0,0.0,CAMPANHA_PILOTO_01
2026-08-04,22:58:24,0.0,0.0,CAMPANHA_PILOTO_01
2026-08-04,22:58:25,0.0,0.0,CAMPANHA_PILOTO_01
2026-08-04,22:58:26,0.0,0.0,CAMPANHA_PILOTO_01
2026-08-04,22:58:27,0.0,0.0,CAMPANHA_PILOTO_01
2026-08-04,22:58:28,0.0,0.0,CAMPANHA_PILOTO_01
2026-08-04,22:58:29,0.0,0.0,CAMPANHA_PILOTO_01
2026-08-04,22:58:30,0.0,0.0,CAMPANHA_PILOTO_01
2026-08-04,22:58:31,0.0,0.0,CAMPANHA_PILOTO_01
2026-08-04,22:58:32,0.0,0.0,CAMPANHA_PILOTO_01
2026-08-04,22:58:33,0.0,0.0,CAMPANHA_PILOTO_01
2026-08-04,22:58:34,0.0,0.0,CAMPANHA_PILOTO_01
2026-08-04,22:58:35,0.0,0.0,CAMPANHA_PILOTO_01
2026-08-04,22:58:36,0.0,0.0,CAMPANHA_PILOTO_01
2026-08-04,22:58:37,0.0,0.0,CAMPANHA_PILOTO_01
2026-08-04,22:58:38,0.0,0.0,CAMPANHA_PILOTO_01
2026-08-04,22:58:39,0.0,0.0,CAMPANHA_PILOTO_01
2026-08-04,22:58:40,0.0,0.0,CAMPANHA_PILOTO_01
2026-08-04,22:58:41,0.0,0.0,CAMPANHA_PILOTO_01
2026-08-04,22:58:42,0.0,0.0,CAMPANHA_PILOTO_01
2026-08-04,22:58:43,0.0,0.0,CAMPANHA_PILOTO_01
2026-08-04,22:58:44,0.0,0.0,CAMPANHA_PILOTO_01
2026-08-04,22:58:45,0.0,0.0,CAMPANHA_PILOTO_01
2026-08-04,22:58:46,0.0,0.0,CAMPANHA_PILOTO_01
2026-08-04,22:58:47,0.0,0.0,CAMPANHA_PILOTO_01
2026-08-04,22:58:48,0.0,0.0,CAMPANHA_PILOTO_01
2026-08-04,22:58:49,0.0,0.0,CAMPANHA_PILOTO_01
2026-08-04,22:58:50,0.0,0.0,CAMPANHA_PILOTO_01
2026-08-04,22:58:51,0.0,0.0,CAMPANHA_PILOTO_01
2026-08-04,22:58:52,0.0,0.0,CAMPANHA_PILOTO_01
2026-08-04,22:58:53,0.0,0.0,CAMPANHA_PILOTO_01
2026-08-04,22:58:54,0.0,0.0,CAMPANHA_PILOTO_01
2026-08-04,22:58:55,0.0,0.0,CAMPANHA_PILOTO_01
2026-08-04,22:58:56,0.0,0.0,CAMPANHA_PILOTO_01
2026-08-04,22:58:57,0.0,0.0,CAMPANHA_PILOTO_01
2026-08-04,22:58:58,0.001,0.1,CAMPANHA_PILOTO_01
2026-08-04,22:58:59,0.008,1.0,CAMPANHA_PILOTO_01
2026-08-04,22:59:00,0.016,2.0,CAMPANHA_PILOTO_01
2026-08-04,22:59:01,0.023,2.9,CAMPANHA_PILOTO_01
2026-08-04,22:59:02,0.03,3.8,CAMPANHA_PILOTO_01
2026-08-04,22:59:03,0.037,4.7,CAMPANHA_PILOTO_01
2026-08-04,22:59:04,0.045,5.6,CAMPANHA_PILOTO_01
2026-08-04,22:59:05,0.052,6.6,CAMPANHA_PILOTO_01
2026-08-04,22:59:06,0.059,7.4,CAMPANHA_PILOTO_01
2026-08-04,22:59:07,0.066,8.4,CAMPANHA_PILOTO_01
2026-08-04,22:59:08,0.073,9.3,CAMPANHA_PILOTO_01
2026-08-04,22:59:09,0.08,10.2,CAMPANHA_PILOTO_01
2026-08-04,22:59:10,0.087,11.1,CAMPANHA_PILOTO_01
2026-08-04,22:59:11,0.093,11.9,CAMPANHA_PILOTO_01
2026-08-04,22:59:12,0.1,12.7,CAMPANHA_PILOTO_01
2026-08-04,22:59:13,0.107,13.6,CAMPANHA_PILOTO_01
2026-08-04,22:59:14,0.114,14.4,CAMPANHA_PILOTO_01
2026-08-04,22:59:15,0.12,15.2,CAMPANHA_PILOTO_01
2026-08-04,22:59:16,0.126,16.1,CAMPANHA_PILOTO_01
2026-08-04,22:59:17,0.133,16.9,CAMPANHA_PILOTO_01
2026-08-04,22:59:18,0.139,17.7,CAMPANHA_PILOTO_01
2026-08-04,22:59:19,0.146,18.5,CAMPANHA_PILOTO_01
2026-08-04,22:59:20,0.152,19.3,CAMPANHA_PILOTO_01
2026-08-04,22:59:21,0.158,20.1,CAMPANHA_PILOTO_01
2026-08-04,22:59:22,0.164,20.8,CAMPANHA_PILOTO_01
2026-08-04,22:59:23,0.17,21.5,CAMPANHA_PILOTO_01
2026-08-04,22:59:24,0.175,22.2,CAMPANHA_PILOTO_01
2026-08-04,22:59:25,0.18,22.9,CAMPANHA_PILOTO_01
2026-08-04,22:59:26,0.186,23.6,CAMPANHA_PILOTO_01
2026-08-04,22:59:27,0.192,24.3,CAMPANHA_PILOTO_01
2026-08-04,22:59:28,0.197,25.0,CAMPANHA_PILOTO_01
2026-08-04,22:59:29,0.202,25.7,CAMPANHA_PILOTO_01
2026-08-04,22:59:30,0.208,26.4,CAMPANHA_PILOTO_01
2026-08-04,22:59:31,0.213,27.1,CAMPANHA_PILOTO_01
2026-08-04,22:59:32,0.22,27.9,CAMPANHA_PILOTO_01
2026-08-04,22:59:33,0.226,28.6,CAMPANHA_PILOTO_01
2026-08-04,22:59:34,0.23,29.3,CAMPANHA_PILOTO_01
2026-08-04,22:59:35,0.236,30.0,CAMPANHA_PILOTO_01
2026-08-04,22:59:36,0.241,30.6,CAMPANHA_PILOTO_01
2026-08-04,22:59:37,0.246,31.2,CAMPANHA_PILOTO_01
2026-08-04,22:59:38,0.251,31.8,CAMPANHA_PILOTO_01
2026-08-04,22:59:39,0.256,32.5,CAMPANHA_PILOTO_01
2026-08-04,22:59:40,0.262,33.2,CAMPANHA_PILOTO_01
2026-08-04,22:59:41,0.266,33.8,CAMPANHA_PILOTO_01
2026-08-04,22:59:42,0.271,34.4,CAMPANHA_PILOTO_01
2026-08-04,22:59:43,0.276,35.1,CAMPANHA_PILOTO_01
2026-08-04,22:59:44,0.28,35.6,CAMPANHA_PILOTO_01
2026-08-04,22:59:45,0.285,36.2,CAMPANHA_PILOTO_01
2026-08-04,22:59:46,0.29,36.8,CAMPANHA_PILOTO_01
2026-08-04,22:59:47,0.294,37.3,CAMPANHA_PILOTO_01
2026-08-04,22:59:48,0.298,37.9,CAMPANHA_PILOTO_01
2026-08-04,22:59:49,0.303,38.5,CAMPANHA_PILOTO_01
2026-08-04,22:59:50,0.308,39.1,CAMPANHA_PILOTO_01
2026-08-04,22:59:51,0.313,39.8,CAMPANHA_PILOTO_01
2026-08-04,22:59:52,0.318,40.4,CAMPANHA_PILOTO_01
2026-08-04,22:59:53,0.323,41.1,CAMPANHA_PILOTO_01
2026-08-04,22:59:54,0.328,41.6,CAMPANHA_PILOTO_01
2026-08-04,22:59:55,0.332,42.2,CAMPANHA_PILOTO_01
2026-08-04,22:59:56,0.336,42.6,CAMPANHA_PILOTO_01
2026-08-04,22:59:57,0.34,43.2,CAMPANHA_PILOTO_01
2026-08-04,22:59:58,0.344,43.7,CAMPANHA_PILOTO_01
2026-08-04,22:59:59,0.348,44.2,CAMPANHA_PILOTO_01
2026-08-04,23:00:00,0.352,44.8,CAMPANHA_PILOTO_01
2026-08-04,23:00:01,0.356,45.3,CAMPANHA_PILOTO_01
2026-08-04,23:00:02,0.36,45.8,CAMPANHA_PILOTO_01
2026-08-04,23:00:03,0.364,46.2,CAMPANHA_PILOTO_01
2026-08-04,23:00:04,0.369,46.8,CAMPANHA_PILOTO_01
2026-08-04,23:00:05,0.373,47.4,CAMPANHA_PILOTO_01
2026-08-04,23:00:06,0.377,47.9,CAMPANHA_PILOTO_01
2026-08-04,23:00:07,0.381,48.4,CAMPANHA_PILOTO_01
2026-08-04,23:00:08,0.385,48.9,CAMPANHA_PILOTO_01
2026-08-04,23:00:09,0.389,49.4,CAMPANHA_PILOTO_01
2026-08-04,23:00:10,0.393,49.9,CAMPANHA_PILOTO_01
2026-08-04,23:00:11,0.397,50.4,CAMPANHA_PILOTO_01
2026-08-04,23:00:12,0.4,50.8,CAMPANHA_PILOTO_01
2026-08-04,23:00:13,0.404,51.3,CAMPANHA_PILOTO_01
2026-08-04,23:00:14,0.407,51.7,CAMPANHA_PILOTO_01
2026-08-04,23:00:15,0.411,52.2,CAMPANHA_PILOTO_01
2026-08-04,23:00:16,0.414,52.6,CAMPANHA_PILOTO_01
2026-08-04,23:00:17,0.418,53.1,CAMPANHA_PILOTO_01
2026-08-04,23:00:18,0.422,53.6,CAMPANHA_PILOTO_01
2026-08-04,23:00:19,0.425,54.0,CAMPANHA_PILOTO_01
2026-08-04,23:00:20,0.429,54.5,CAMPANHA_PILOTO_01
2026-08-04,23:00:21,0.433,55.0,CAMPANHA_PILOTO_01
2026-08-04,23:00:22,0.437,55.5,CAMPANHA_PILOTO_01
2026-08-04,23:00:23,0.441,56.0,CAMPANHA_PILOTO_01
2026-08-04,23:00:24,0.444,56.4,CAMPANHA_PILOTO_01
2026-08-04,23:00:25,0.448,56.9,CAMPANHA_PILOTO_01
2026-08-04,23:00:26,0.452,57.4,CAMPANHA_PILOTO_01
2026-08-04,23:00:27,0.455,57.8,CAMPANHA_PILOTO_01
2026-08-04,23:00:28,0.458,58.2,CAMPANHA_PILOTO_01
2026-08-04,23:00:29,0.461,58.6,CAMPANHA_PILOTO_01
2026-08-04,23:00:30,0.465,59.0,CAMPANHA_PILOTO_01
2026-08-04,23:00:31,0.468,59.5,CAMPANHA_PILOTO_01
2026-08-04,23:00:32,0.471,59.9,CAMPANHA_PILOTO_01
2026-08-04,23:00:33,0.474,60.2,CAMPANHA_PILOTO_01
2026-08-04,23:00:34,0.478,60.7,CAMPANHA_PILOTO_01
2026-08-04,23:00:35,0.481,61.1,CAMPANHA_PILOTO_01
2026-08-04,23:00:36,0.484,61.5,CAMPANHA_PILOTO_01
2026-08-04,23:00:37,0.488,61.9,CAMPANHA_PILOTO_01
2026-08-04,23:00:38,0.491,62.3,CAMPANHA_PILOTO_01
2026-08-04,23:00:39,0.494,62.7,CAMPANHA_PILOTO_01
2026-08-04,23:00:40,0.496,63.0,CAMPANHA_PILOTO_01
2026-08-04,23:00:41,0.5,63.4,CAMPANHA_PILOTO_01
2026-08-04,23:00:42,0.503,63.9,CAMPANHA_PILOTO_01
2026-08-04,23:00:43,0.506,64.3,CAMPANHA_PILOTO_01
2026-08-04,23:00:44,0.509,64.6,CAMPANHA_PILOTO_01
2026-08-04,23:00:45,0.512,65.0,CAMPANHA_PILOTO_01
2026-08-04,23:00:46,0.515,65.3,CAMPANHA_PILOTO_01
2026-08-04,23:00:47,0.517,65.6,CAMPANHA_PILOTO_01
2026-08-04,23:00:48,0.52,66.0,CAMPANHA_PILOTO_01
2026-08-04,23:00:49,0.522,66.3,CAMPANHA_PILOTO_01
2026-08-04,23:00:50,0.525,66.7,CAMPANHA_PILOTO_01
2026-08-04,23:00:51,0.528,67.1,CAMPANHA_PILOTO_01
2026-08-04,23:00:52,0.531,67.4,CAMPANHA_PILOTO_01
2026-08-04,23:00:53,0.534,67.8,CAMPANHA_PILOTO_01
2026-08-04,23:00:54,0.537,68.2,CAMPANHA_PILOTO_01
2026-08-04,23:00:55,0.54,68.6,CAMPANHA_PILOTO_01
2026-08-04,23:00:56,0.543,69.0,CAMPANHA_PILOTO_01
2026-08-04,23:00:57,0.546,69.3,CAMPANHA_PILOTO_01
2026-08-04,23:00:58,0.548,69.6,CAMPANHA_PILOTO_01
2026-08-04,23:00:59,0.551,70.0,CAMPANHA_PILOTO_01
2026-08-04,23:01:00,0.554,70.3,CAMPANHA_PILOTO_01
2026-08-04,23:01:01,0.556,70.6,CAMPANHA_PILOTO_01
2026-08-04,23:01:02,0.559,71.0,CAMPANHA_PILOTO_01
2026-08-04,23:01:03,0.561,71.3,CAMPANHA_PILOTO_01
2026-08-04,23:01:04,0.563,71.6,CAMPANHA_PILOTO_01
2026-08-04,23:01:05,0.566,71.9,CAMPANHA_PILOTO_01
2026-08-04,23:01:06,0.569,72.2,CAMPANHA_PILOTO_01
2026-08-04,23:01:07,0.572,72.6,CAMPANHA_PILOTO_01
2026-08-04,23:01:08,0.574,73.0,CAMPANHA_PILOTO_01
2026-08-04,23:01:09,0.577,73.3,CAMPANHA_PILOTO_01
2026-08-04,23:01:10,0.579,73.6,CAMPANHA_PILOTO_01
2026-08-04,23:01:11,0.582,73.9,CAMPANHA_PILOTO_01
2026-08-04,23:01:12,0.584,74.2,CAMPANHA_PILOTO_01
2026-08-04,23:01:13,0.587,74.5,CAMPANHA_PILOTO_01
2026-08-04,23:01:14,0.589,74.8,CAMPANHA_PILOTO_01
2026-08-04,23:01:15,0.591,75.1,CAMPANHA_PILOTO_01
2026-08-04,23:01:16,0.593,75.4,CAMPANHA_PILOTO_01
2026-08-04,23:01:17,0.596,75.6,CAMPANHA_PILOTO_01
2026-08-04,23:01:18,0.598,75.9,CAMPANHA_PILOTO_01
2026-08-04,23:01:19,0.6,76.2,CAMPANHA_PILOTO_01
2026-08-04,23:01:20,0.602,76.4,CAMPANHA_PILOTO_01
2026-08-04,23:01:21,0.604,76.8,CAMPANHA_PILOTO_01
2026-08-04,23:01:22,0.607,77.1,CAMPANHA_PILOTO_01
2026-08-04,23:01:23,0.609,77.4,CAMPANHA_PILOTO_01
2026-08-04,23:01:24,0.611,77.6,CAMPANHA_PILOTO_01
2026-08-04,23:01:25,0.614,78.0,CAMPANHA_PILOTO_01
2026-08-04,23:01:26,0.617,78.4,CAMPANHA_PILOTO_01
2026-08-04,23:01:27,0.62,78.7,CAMPANHA_PILOTO_01
2026-08-04,23:01:28,0.623,79.0,CAMPANHA_PILOTO_01
2026-08-04,23:01:29,0.624,79.3,CAMPANHA_PILOTO_01
2026-08-04,23:01:30,0.626,79.6,CAMPANHA_PILOTO_01
2026-08-04,23:01:31,0.628,79.8,CAMPANHA_PILOTO_01
2026-08-04,23:01:32,0.631,80.1,CAMPANHA_PILOTO_01
2026-08-04,23:01:33,0.633,80.4,CAMPANHA_PILOTO_01
2026-08-04,23:01:34,0.636,80.7,CAMPANHA_PILOTO_01
2026-08-04,23:01:35,0.638,81.0,CAMPANHA_PILOTO_01
2026-08-04,23:01:36,0.64,81.2,CAMPANHA_PILOTO_01
2026-08-04,23:01:37,0.642,81.6,CAMPANHA_PILOTO_01
2026-08-04,23:01:38,0.644,81.9,CAMPANHA_PILOTO_01
2026-08-04,23:01:39,0.646,82.1,CAMPANHA_PILOTO_01
2026-08-04,23:01:40,0.648,82.3,CAMPANHA_PILOTO_01
2026-08-04,23:01:41,0.65,82.5,CAMPANHA_PILOTO_01
2026-08-04,23:01:42,0.652,82.8,CAMPANHA_PILOTO_01
2026-08-04,23:01:43,0.654,83.0,CAMPANHA_PILOTO_01
2026-08-04,23:01:44,0.656,83.3,CAMPANHA_PILOTO_01
2026-08-04,23:01:45,0.658,83.6,CAMPANHA_PILOTO_01
2026-08-04,23:01:46,0.66,83.9,CAMPANHA_PILOTO_01
2026-08-04,23:01:47,0.662,84.1,CAMPANHA_PILOTO_01
2026-08-04,23:01:48,0.664,84.3,CAMPANHA_PILOTO_01
2026-08-04,23:01:49,0.666,84.5,CAMPANHA_PILOTO_01
2026-08-04,23:01:50,0.668,84.8,CAMPANHA_PILOTO_01
2026-08-04,23:01:51,0.67,85.0,CAMPANHA_PILOTO_01
2026-08-04,23:01:52,0.671,85.2,CAMPANHA_PILOTO_01
2026-08-04,23:01:53,0.673,85.5,CAMPANHA_PILOTO_01
2026-08-04,23:01:54,0.675,85.7,CAMPANHA_PILOTO_01
2026-08-04,23:01:55,0.677,86.0,CAMPANHA_PILOTO_01
2026-08-04,23:01:56,0.679,86.2,CAMPANHA_PILOTO_01
2026-08-04,23:01:57,0.681,86.5,CAMPANHA_PILOTO_01
2026-08-04,23:01:58,0.683,86.7,CAMPANHA_PILOTO_01
2026-08-04,23:01:59,0.684,86.9,CAMPANHA_PILOTO_01
2026-08-04,23:02:00,0.687,87.2,CAMPANHA_PILOTO_01
2026-08-04,23:02:01,0.688,87.4,CAMPANHA_PILOTO_01
2026-08-04,23:02:02,0.69,87.7,CAMPANHA_PILOTO_01
2026-08-04,23:02:03,0.692,87.9,CAMPANHA_PILOTO_01
2026-08-04,23:02:04,0.694,88.1,CAMPANHA_PILOTO_01
2026-08-04,23:02:05,0.695,88.3,CAMPANHA_PILOTO_01
2026-08-04,23:02:06,0.697,88.5,CAMPANHA_PILOTO_01
2026-08-04,23:02:07,0.699,88.7,CAMPANHA_PILOTO_01
2026-08-04,23:02:08,0.7,89.0,CAMPANHA_PILOTO_01
2026-08-04,23:02:09,0.702,89.2,CAMPANHA_PILOTO_01
2026-08-04,23:02:10,0.704,89.4,CAMPANHA_PILOTO_01
2026-08-04,23:02:11,0.706,89.6,CAMPANHA_PILOTO_01
2026-08-04,23:02:12,0.707,89.8,CAMPANHA_PILOTO_01
2026-08-04,23:02:13,0.709,90.1,CAMPANHA_PILOTO_01
2026-08-04,23:02:14,0.711,90.3,CAMPANHA_PILOTO_01
2026-08-04,23:02:15,0.712,90.5,CAMPANHA_PILOTO_01
2026-08-04,23:02:16,0.714,90.7,CAMPANHA_PILOTO_01
2026-08-04,23:02:17,0.716,91.0,CAMPANHA_PILOTO_01
2026-08-04,23:02:18,0.718,91.2,CAMPANHA_PILOTO_01
2026-08-04,23:02:19,0.72,91.4,CAMPANHA_PILOTO_01
2026-08-04,23:02:20,0.721,91.6,CAMPANHA_PILOTO_01
2026-08-04,23:02:21,0.723,91.8,CAMPANHA_PILOTO_01
2026-08-04,23:02:22,0.724,92.0,CAMPANHA_PILOTO_01
2026-08-04,23:02:23,0.726,92.2,CAMPANHA_PILOTO_01
2026-08-04,23:02:24,0.728,92.4,CAMPANHA_PILOTO_01
2026-08-04,23:02:25,0.729,92.6,CAMPANHA_PILOTO_01
2026-08-04,23:02:26,0.731,92.8,CAMPANHA_PILOTO_01
2026-08-04,23:02:27,0.732,93.0,CAMPANHA_PILOTO_01
2026-08-04,23:02:28,0.734,93.2,CAMPANHA_PILOTO_01
2026-08-04,23:02:29,0.736,93.4,CAMPANHA_PILOTO_01
2026-08-04,23:02:30,0.737,93.6,CAMPANHA_PILOTO_01
2026-08-04,23:02:31,0.738,93.8,CAMPANHA_PILOTO_01
2026-08-04,23:02:32,0.74,94.0,CAMPANHA_PILOTO_01
2026-08-04,23:02:33,0.741,94.1,CAMPANHA_PILOTO_01
2026-08-04,23:02:34,0.742,94.3,CAMPANHA_PILOTO_01
2026-08-04,23:02:35,0.744,94.5,CAMPANHA_PILOTO_01
2026-08-04,23:02:36,0.746,94.7,CAMPANHA_PILOTO_01
2026-08-04,23:02:37,0.747,94.9,CAMPANHA_PILOTO_01
2026-08-04,23:02:38,0.749,95.1,CAMPANHA_PILOTO_01
2026-08-04,23:02:39,0.75,95.2,CAMPANHA_PILOTO_01
2026-08-04,23:02:40,0.751,95.4,CAMPANHA_PILOTO_01
2026-08-04,23:02:41,0.752,95.6,CAMPANHA_PILOTO_01
2026-08-04,23:02:42,0.754,95.8,CAMPANHA_PILOTO_01
2026-08-04,23:02:43,0.756,96.0,CAMPANHA_PILOTO_01
2026-08-04,23:02:44,0.757,96.2,CAMPANHA_PILOTO_01
2026-08-04,23:02:45,0.759,96.4,CAMPANHA_PILOTO_01
2026-08-04,23:02:46,0.76,96.6,CAMPANHA_PILOTO_01
2026-08-04,23:02:47,0.762,96.8,CAMPANHA_PILOTO_01
2026-08-04,23:02:48,0.764,97.0,CAMPANHA_PILOTO_01
2026-08-04,23:02:49,0.765,97.1,CAMPANHA_PILOTO_01
2026-08-04,23:02:50,0.766,97.3,CAMPANHA_PILOTO_01
2026-08-04,23:02:51,0.768,97.5,CAMPANHA_PILOTO_01
2026-08-04,23:02:52,0.77,97.7,CAMPANHA_PILOTO_01
2026-08-04,23:02:53,0.771,97.9,CAMPANHA_PILOTO_01
2026-08-04,23:02:54,0.772,98.1,CAMPANHA_PILOTO_01
2026-08-04,23:02:55,0.774,98.2,CAMPANHA_PILOTO_01
2026-08-04,23:02:56,0.775,98.4,CAMPANHA_PILOTO_01
2026-08-04,23:02:57,0.776,98.6,CAMPANHA_PILOTO_01
2026-08-04,23:02:58,0.777,98.7,CAMPANHA_PILOTO_01
2026-08-04,23:02:59,0.779,98.9,CAMPANHA_PILOTO_01
2026-08-04,23:03:00,0.78,99.1,CAMPANHA_PILOTO_01
2026-08-04,23:03:01,0.782,99.4,CAMPANHA_PILOTO_01
2026-08-04,23:03:02,0.784,99.6,CAMPANHA_PILOTO_01
2026-08-04,23:03:03,0.785,99.7,CAMPANHA_PILOTO_01
2026-08-04,23:03:04,0.786,99.9,CAMPANHA_PILOTO_01
2026-08-04,23:03:05,0.788,100.0,CAMPANHA_PILOTO_01
2026-08-04,23:03:06,0.789,100.2,CAMPANHA_PILOTO_01
2026-08-04,23:03:07,0.79,100.3,CAMPANHA_PILOTO_01
2026-08-04,23:03:08,0.791,100.4,CAMPANHA_PILOTO_01
2026-08-04,23:03:09,0.792,100.6,CAMPANHA_PILOTO_01
2026-08-04,23:03:10,0.793,100.7,CAMPANHA_PILOTO_01
2026-08-04,23:03:11,0.794,100.9,CAMPANHA_PILOTO_01
2026-08-04,23:03:12,0.796,101.0,CAMPANHA_PILOTO_01
2026-08-04,23:03:13,0.796,101.1,CAMPANHA_PILOTO_01
2026-08-04,23:03:14,0.798,101.3,CAMPANHA_PILOTO_01
2026-08-04,23:03:15,0.799,101.4,CAMPANHA_PILOTO_01
2026-08-04,23:03:16,0.8,101.6,CAMPANHA_PILOTO_01
2026-08-04,23:03:17,0.802,101.8,CAMPANHA_PILOTO_01
2026-08-04,23:03:18,0.803,102.0,CAMPANHA_PILOTO_01
2026-08-04,23:03:19,0.804,102.1,CAMPANHA_PILOTO_01
2026-08-04,23:03:20,0.806,102.3,CAMPANHA_PILOTO_01
2026-08-04,23:03:21,0.807,102.4,CAMPANHA_PILOTO_01
2026-08-04,23:03:22,0.808,102.6,CAMPANHA_PILOTO_01
2026-08-04,23:03:23,0.809,102.7,CAMPANHA_PILOTO_01
2026-08-04,23:03:24,0.81,102.8,CAMPANHA_PILOTO_01
2026-08-04,23:03:25,0.811,103.0,CAMPANHA_PILOTO_01
2026-08-04,23:03:26,0.812,103.1,CAMPANHA_PILOTO_01
2026-08-04,23:03:27,0.813,103.2,CAMPANHA_PILOTO_01
2026-08-04,23:03:28,0.813,103.3,CAMPANHA_PILOTO_01
2026-08-04,23:03:29,0.814,103.4,CAMPANHA_PILOTO_01
2026-08-04,23:03:30,0.815,103.6,CAMPANHA_PILOTO_01
2026-08-04,23:03:31,0.816,103.7,CAMPANHA_PILOTO_01
2026-08-04,23:03:32,0.818,103.8,CAMPANHA_PILOTO_01
2026-08-04,23:03:33,0.819,104.0,CAMPANHA_PILOTO_01
2026-08-04,23:03:34,0.82,104.2,CAMPANHA_PILOTO_01
2026-08-04,23:03:35,0.822,104.4,CAMPANHA_PILOTO_01
2026-08-04,23:03:36,0.823,104.5,CAMPANHA_PILOTO_01
2026-08-04,23:03:37,0.824,104.7,CAMPANHA_PILOTO_01
2026-08-04,23:03:38,0.825,104.8,CAMPANHA_PILOTO_01
2026-08-04,23:03:39,0.827,105.0,CAMPANHA_PILOTO_01
2026-08-04,23:03:40,0.828,105.1,CAMPANHA_PILOTO_01
2026-08-04,23:03:41,0.828,105.2,CAMPANHA_PILOTO_01
2026-08-04,23:03:42,0.83,105.4,CAMPANHA_PILOTO_01
2026-08-04,23:03:43,0.831,105.6,CAMPANHA_PILOTO_01
2026-08-04,23:03:44,0.832,105.7,CAMPANHA_PILOTO_01
2026-08-04,23:03:45,0.833,105.8,CAMPANHA_PILOTO_01
2026-08-04,23:03:46,0.834,106.0,CAMPANHA_PILOTO_01
2026-08-04,23:03:47,0.835,106.1,CAMPANHA_PILOTO_01
2026-08-04,23:03:48,0.836,106.2,CAMPANHA_PILOTO_01
2026-08-04,23:03:49,0.837,106.3,CAMPANHA_PILOTO_01
2026-08-04,23:03:50,0.838,106.5,CAMPANHA_PILOTO_01
2026-08-04,23:03:51,0.84,106.6,CAMPANHA_PILOTO_01
2026-08-04,23:03:52,0.841,106.8,CAMPANHA_PILOTO_01
2026-08-04,23:03:53,0.842,106.9,CAMPANHA_PILOTO_01
2026-08-04,23:03:54,0.843,107.0,CAMPANHA_PILOTO_01
2026-08-04,23:03:55,0.844,107.2,CAMPANHA_PILOTO_01
2026-08-04,23:03:56,0.845,107.3,CAMPANHA_PILOTO_01
2026-08-04,23:03:57,0.846,107.4,CAMPANHA_PILOTO_01
2026-08-04,23:03:58,0.847,107.5,CAMPANHA_PILOTO_01
2026-08-04,23:03:59,0.848,107.6,CAMPANHA_PILOTO_01
2026-08-04,23:04:00,0.849,107.8,CAMPANHA_PILOTO_01
2026-08-04,23:04:01,0.85,107.9,CAMPANHA_PILOTO_01
2026-08-04,23:04:02,0.851,108.0,CAMPANHA_PILOTO_01
2026-08-04,23:04:03,0.852,108.2,CAMPANHA_PILOTO_01
2026-08-04,23:04:04,0.853,108.4,CAMPANHA_PILOTO_01
2026-08-04,23:04:05,0.854,108.5,CAMPANHA_PILOTO_01
2026-08-04,23:04:06,0.855,108.6,CAMPANHA_PILOTO_01
2026-08-04,23:04:07,0.856,108.8,CAMPANHA_PILOTO_01
2026-08-04,23:04:08,0.857,108.9,CAMPANHA_PILOTO_01
2026-08-04,23:04:09,0.858,109.0,CAMPANHA_PILOTO_01
2026-08-04,23:04:10,0.859,109.1,CAMPANHA_PILOTO_01
2026-08-04,23:04:11,0.86,109.2,CAMPANHA_PILOTO_01
2026-08-04,23:04:12,0.861,109.4,CAMPANHA_PILOTO_01
2026-08-04,23:04:13,0.862,109.5,CAMPANHA_PILOTO_01
2026-08-04,23:04:14,0.863,109.6,CAMPANHA_PILOTO_01
2026-08-04,23:04:15,0.864,109.7,CAMPANHA_PILOTO_01
2026-08-04,23:04:16,0.865,109.9,CAMPANHA_PILOTO_01
2026-08-04,23:04:17,0.866,110.0,CAMPANHA_PILOTO_01
2026-08-04,23:04:18,0.867,110.1,CAMPANHA_PILOTO_01
2026-08-04,23:04:19,0.868,110.2,CAMPANHA_PILOTO_01
2026-08-04,23:04:20,0.868,110.3,CAMPANHA_PILOTO_01
2026-08-04,23:04:21,0.869,110.4,CAMPANHA_PILOTO_01
2026-08-04,23:04:22,0.87,110.5,CAMPANHA_PILOTO_01
2026-08-04,23:04:23,0.871,110.6,CAMPANHA_PILOTO_01
2026-08-04,23:04:24,0.872,110.7,CAMPANHA_PILOTO_01
2026-08-04,23:04:25,0.872,110.8,CAMPANHA_PILOTO_01
2026-08-04,23:04:26,0.873,110.9,CAMPANHA_PILOTO_01
2026-08-04,23:04:27,0.874,111.0,CAMPANHA_PILOTO_01
2026-08-04,23:04:28,0.875,111.1,CAMPANHA_PILOTO_01
2026-08-04,23:04:29,0.876,111.2,CAMPANHA_PILOTO_01
2026-08-04,23:04:30,0.877,111.4,CAMPANHA_PILOTO_01
2026-08-04,23:04:31,0.878,111.4,CAMPANHA_PILOTO_01
2026-08-04,23:04:32,0.878,111.5,CAMPANHA_PILOTO_01
2026-08-04,23:04:33,0.879,111.6,CAMPANHA_PILOTO_01
2026-08-04,23:04:34,0.88,111.8,CAMPANHA_PILOTO_01
2026-08-04,23:04:35,0.881,111.9,CAMPANHA_PILOTO_01
2026-08-04,23:04:36,0.882,112.1,CAMPANHA_PILOTO_01
2026-08-04,23:04:37,0.883,112.2,CAMPANHA_PILOTO_01
2026-08-04,23:04:38,0.884,112.2,CAMPANHA_PILOTO_01
2026-08-04,23:04:39,0.885,112.4,CAMPANHA_PILOTO_01
2026-08-04,23:04:40,0.886,112.5,CAMPANHA_PILOTO_01
2026-08-04,23:04:41,0.886,112.6,CAMPANHA_PILOTO_01
2026-08-04,23:04:42,0.887,112.7,CAMPANHA_PILOTO_01
2026-08-04,23:04:43,0.889,112.8,CAMPANHA_PILOTO_01
2026-08-04,23:04:44,0.889,113.0,CAMPANHA_PILOTO_01
2026-08-04,23:04:45,0.89,113.0,CAMPANHA_PILOTO_01
2026-08-04,23:04:46,0.891,113.2,CAMPANHA_PILOTO_01
2026-08-04,23:04:47,0.892,113.3,CAMPANHA_PILOTO_01
2026-08-04,23:04:48,0.893,113.4,CAMPANHA_PILOTO_01
2026-08-04,23:04:49,0.894,113.5,CAMPANHA_PILOTO_01
2026-08-04,23:04:50,0.894,113.6,CAMPANHA_PILOTO_01
2026-08-04,23:04:51,0.895,113.7,CAMPANHA_PILOTO_01
2026-08-04,23:04:52,0.896,113.8,CAMPANHA_PILOTO_01
2026-08-04,23:04:53,0.897,114.0,CAMPANHA_PILOTO_01
2026-08-04,23:04:54,0.898,114.0,CAMPANHA_PILOTO_01
2026-08-04,23:04:55,0.899,114.2,CAMPANHA_PILOTO_01
2026-08-04,23:04:56,0.9,114.2,CAMPANHA_PILOTO_01
2026-08-04,23:04:57,0.9,114.3,CAMPANHA_PILOTO_01
2026-08-04,23:04:58,0.901,114.4,CAMPANHA_PILOTO_01
2026-08-04,23:04:59,0.902,114.5,CAMPANHA_PILOTO_01
2026-08-04,23:05:00,0.902,114.6,CAMPANHA_PILOTO_01
2026-08-04,23:05:01,0.903,114.7,CAMPANHA_PILOTO_01
2026-08-04,23:05:02,0.904,114.8,CAMPANHA_PILOTO_01
2026-08-04,23:05:03,0.905,114.9,CAMPANHA_PILOTO_01
2026-08-04,23:05:04,0.906,115.0,CAMPANHA_PILOTO_01
2026-08-04,23:05:05,0.906,115.1,CAMPANHA_PILOTO_01
2026-08-04,23:05:06,0.908,115.2,CAMPANHA_PILOTO_01
2026-08-04,23:05:07,0.908,115.4,CAMPANHA_PILOTO_01
2026-08-04,23:05:08,0.909,115.5,CAMPANHA_PILOTO_01
2026-08-04,23:05:09,0.91,115.6,CAMPANHA_PILOTO_01
2026-08-04,23:05:10,0.911,115.7,CAMPANHA_PILOTO_01
2026-08-04,23:05:11,0.911,115.7,CAMPANHA_PILOTO_01
2026-08-04,23:05:12,0.912,115.8,CAMPANHA_PILOTO_01
2026-08-04,23:05:13,0.912,115.8,CAMPANHA_PILOTO_01
2026-08-04,23:05:14,0.913,115.9,CAMPANHA_PILOTO_01
2026-08-04,23:05:15,0.913,116.0,CAMPANHA_PILOTO_01
2026-08-04,23:05:16,0.914,116.0,CAMPANHA_PILOTO_01
2026-08-04,23:05:17,0.914,116.2,CAMPANHA_PILOTO_01
2026-08-04,23:05:18,0.915,116.2,CAMPANHA_PILOTO_01
2026-08-04,23:05:19,0.916,116.3,CAMPANHA_PILOTO_01
2026-08-04,23:05:20,0.917,116.4,CAMPANHA_PILOTO_01
2026-08-04,23:05:21,0.918,116.5,CAMPANHA_PILOTO_01
2026-08-04,23:05:22,0.918,116.6,CAMPANHA_PILOTO_01
2026-08-04,23:05:23,0.919,116.7,CAMPANHA_PILOTO_01
2026-08-04,23:05:24,0.92,116.8,CAMPANHA_PILOTO_01
2026-08-04,23:05:25,0.921,116.9,CAMPANHA_PILOTO_01
2026-08-04,23:05:26,0.922,117.0,CAMPANHA_PILOTO_01
2026-08-04,23:05:27,0.922,117.1,CAMPANHA_PILOTO_01
2026-08-04,23:05:28,0.923,117.2,CAMPANHA_PILOTO_01
2026-08-04,23:05:29,0.924,117.3,CAMPANHA_PILOTO_01
2026-08-04,23:05:30,0.924,117.4,CAMPANHA_PILOTO_01
2026-08-04,23:05:31,0.925,117.5,CAMPANHA_PILOTO_01
2026-08-04,23:05:32,0.926,117.6,CAMPANHA_PILOTO_01
2026-08-04,23:05:33,0.926,117.6,CAMPANHA_PILOTO_01
2026-08-04,23:05:34,0.927,117.7,CAMPANHA_PILOTO_01
2026-08-04,23:05:35,0.928,117.8,CAMPANHA_PILOTO_01
2026-08-04,23:05:36,0.929,117.9,CAMPANHA_PILOTO_01
2026-08-04,23:05:37,0.929,118.0,CAMPANHA_PILOTO_01
2026-08-04,23:05:38,0.93,118.1,CAMPANHA_PILOTO_01
2026-08-04,23:05:39,0.931,118.2,CAMPANHA_PILOTO_01
2026-08-04,23:05:40,0.931,118.3,CAMPANHA_PILOTO_01
2026-08-04,23:05:41,0.932,118.3,CAMPANHA_PILOTO_01
2026-08-04,23:05:42,0.932,118.4,CAMPANHA_PILOTO_01
2026-08-04,23:05:43,0.933,118.5,CAMPANHA_PILOTO_01
2026-08-04,23:05:44,0.934,118.6,CAMPANHA_PILOTO_01
2026-08-04,23:05:45,0.935,118.7,CAMPANHA_PILOTO_01
2026-08-04,23:05:46,0.935,118.8,CAMPANHA_PILOTO_01
2026-08-04,23:05:47,0.936,118.8,CAMPANHA_PILOTO_01
2026-08-04,23:05:48,0.936,118.9,CAMPANHA_PILOTO_01
2026-08-04,23:05:49,0.937,119.0,CAMPANHA_PILOTO_01
2026-08-04,23:05:50,0.938,119.1,CAMPANHA_PILOTO_01
2026-08-04,23:05:51,0.939,119.2,CAMPANHA_PILOTO_01
2026-08-04,23:05:52,0.94,119.3,CAMPANHA_PILOTO_01
2026-08-04,23:05:53,0.94,119.4,CAMPANHA_PILOTO_01
2026-08-04,23:05:54,0.941,119.5,CAMPANHA_PILOTO_01
2026-08-04,23:05:55,0.942,119.6,CAMPANHA_PILOTO_01
2026-08-04,23:05:56,0.942,119.7,CAMPANHA_PILOTO_01
2026-08-04,23:05:57,0.943,119.8,CAMPANHA_PILOTO_01
2026-08-04,23:05:58,0.944,119.9,CAMPANHA_PILOTO_01
2026-08-04,23:05:59,0.944,120.0,CAMPANHA_PILOTO_01
2026-08-04,23:06:00,0.945,120.0,CAMPANHA_PILOTO_01
2026-08-04,23:06:01,0.946,120.1,CAMPANHA_PILOTO_01
2026-08-04,23:06:02,0.946,120.2,CAMPANHA_PILOTO_01
2026-08-04,23:06:03,0.947,120.2,CAMPANHA_PILOTO_01
2026-08-04,23:06:04,0.947,120.3,CAMPANHA_PILOTO_01
2026-08-04,23:06:05,0.948,120.4,CAMPANHA_PILOTO_01
2026-08-04,23:06:06,0.948,120.4,CAMPANHA_PILOTO_01
2026-08-04,23:06:07,0.949,120.5,CAMPANHA_PILOTO_01
2026-08-04,23:06:08,0.95,120.6,CAMPANHA_PILOTO_01
2026-08-04,23:06:09,0.951,120.8,CAMPANHA_PILOTO_01
2026-08-04,23:06:10,0.952,120.9,CAMPANHA_PILOTO_01
2026-08-04,23:06:11,0.952,120.9,CAMPANHA_PILOTO_01
2026-08-04,23:06:12,0.953,121.0,CAMPANHA_PILOTO_01
2026-08-04,23:06:13,0.953,121.1,CAMPANHA_PILOTO_01
2026-08-04,23:06:14,0.954,121.2,CAMPANHA_PILOTO_01
2026-08-04,23:06:15,0.954,121.2,CAMPANHA_PILOTO_01
2026-08-04,23:06:16,0.955,121.3,CAMPANHA_PILOTO_01
2026-08-04,23:06:17,0.956,121.4,CAMPANHA_PILOTO_01
2026-08-04,23:06:18,0.956,121.4,CAMPANHA_PILOTO_01
2026-08-04,23:06:19,0.957,121.5,CAMPANHA_PILOTO_01
2026-08-04,23:06:20,0.958,121.6,CAMPANHA_PILOTO_01
2026-08-04,23:06:21,0.958,121.7,CAMPANHA_PILOTO_01
2026-08-04,23:06:22,0.959,121.8,CAMPANHA_PILOTO_01
2026-08-04,23:06:23,0.959,121.8,CAMPANHA_PILOTO_01
2026-08-04,23:06:24,0.96,121.9,CAMPANHA_PILOTO_01
2026-08-04,23:06:25,0.961,122.0,CAMPANHA_PILOTO_01
2026-08-04,23:06:26,0.961,122.1,CAMPANHA_PILOTO_01
2026-08-04,23:06:27,0.962,122.2,CAMPANHA_PILOTO_01
2026-08-04,23:06:28,0.962,122.2,CAMPANHA_PILOTO_01
2026-08-04,23:06:29,0.963,122.3,CAMPANHA_PILOTO_01
2026-08-04,23:06:30,0.963,122.3,CAMPANHA_PILOTO_01
2026-08-04,23:06:31,0.964,122.4,CAMPANHA_PILOTO_01
2026-08-04,23:06:32,0.964,122.5,CAMPANHA_PILOTO_01
2026-08-04,23:06:33,0.965,122.5,CAMPANHA_PILOTO_01
2026-08-04,23:06:34,0.966,122.6,CAMPANHA_PILOTO_01
2026-08-04,23:06:35,0.966,122.7,CAMPANHA_PILOTO_01
2026-08-04,23:06:36,0.967,122.8,CAMPANHA_PILOTO_01
2026-08-04,23:06:37,0.967,122.8,CAMPANHA_PILOTO_01
2026-08-04,23:06:38,0.968,122.9,CAMPANHA_PILOTO_01
2026-08-04,23:06:39,0.969,123.0,CAMPANHA_PILOTO_01
2026-08-04,23:06:40,0.969,123.1,CAMPANHA_PILOTO_01
2026-08-04,23:06:41,0.97,123.2,CAMPANHA_PILOTO_01
2026-08-04,23:06:42,0.971,123.3,CAMPANHA_PILOTO_01
2026-08-04,23:06:43,0.971,123.4,CAMPANHA_PILOTO_01
2026-08-04,23:06:44,0.972,123.4,CAMPANHA_PILOTO_01
2026-08-04,23:07:21,0.991,125.8,CAMPANHA_PILOTO_01
2026-08-04,23:07:22,0.991,125.9,CAMPANHA_PILOTO_01
2026-08-04,23:07:23,0.992,126.0,CAMPANHA_PILOTO_01
2026-08-04,23:07:24,0.992,126.0,CAMPANHA_PILOTO_01
2026-08-04,23:07:25,0.993,126.1,CAMPANHA_PILOTO_01
2026-08-04,23:07:26,0.994,126.2,CAMPANHA_PILOTO_01
2026-08-04,23:07:27,0.994,126.2,CAMPANHA_PILOTO_01
2026-08-04,23:07:28,0.994,126.3,CAMPANHA_PILOTO_01
2026-08-04,23:07:29,0.995,126.3,CAMPANHA_PILOTO_01
2026-08-04,23:07:30,0.995,126.4,CAMPANHA_PILOTO_01
2026-08-04,23:07:31,0.996,126.4,CAMPANHA_PILOTO_01
2026-08-04,23:07:32,0.996,126.5,CAMPANHA_PILOTO_01
2026-08-04,23:07:33,0.996,126.5,CAMPANHA_PILOTO_01
2026-08-04,23:07:34,0.997,126.6,CAMPANHA_PILOTO_01
2026-08-04,23:07:35,0.997,126.7,CAMPANHA_PILOTO_01
2026-08-04,23:07:36,0.998,126.7,CAMPANHA_PILOTO_01
2026-08-04,23:07:37,0.998,126.8,CAMPANHA_PILOTO_01
2026-08-04,23:07:38,0.999,126.9,CAMPANHA_PILOTO_01
2026-08-04,23:07:39,0.999,126.9,CAMPANHA_PILOTO_01
2026-08-04,23:07:40,1.0,127.0,CAMPANHA_PILOTO_01
2026-08-04,23:07:41,1.0,127.0,CAMPANHA_PILOTO_01
2026-08-04,23:07:42,1.001,127.1,CAMPANHA_PILOTO_01
2026-08-04,23:07:43,1.001,127.2,CAMPANHA_PILOTO_01
2026-08-04,23:07:44,1.002,127.3,CAMPANHA_PILOTO_01
2026-08-04,23:07:45,1.002,127.3,CAMPANHA_PILOTO_01
2026-08-04,23:07:46,1.003,127.4,CAMPANHA_PILOTO_01
2026-08-04,23:07:47,1.003,127.4,CAMPANHA_PILOTO_01
2026-08-04,23:07:48,1.004,127.5,CAMPANHA_PILOTO_01
2026-08-04,23:07:49,1.004,127.5,CAMPANHA_PILOTO_01
2026-08-04,23:07:50,1.005,127.6,CAMPANHA_PILOTO_01
2026-08-04,23:07:51,1.005,127.7,CAMPANHA_PILOTO_01
2026-08-04,23:07:52,1.006,127.8,CAMPANHA_PILOTO_01
2026-08-04,23:07:53,1.007,127.8,CAMPANHA_PILOTO_01
2026-08-04,23:07:54,1.007,127.9,CAMPANHA_PILOTO_01
2026-08-04,23:07:55,1.008,128.0,CAMPANHA_PILOTO_01
2026-08-04,23:07:56,1.008,128.0,CAMPANHA_PILOTO_01
2026-08-04,23:07:57,1.008,128.1,CAMPANHA_PILOTO_01
2026-08-04,23:07:58,1.009,128.1,CAMPANHA_PILOTO_01
2026-08-04,23:07:59,1.009,128.2,CAMPANHA_PILOTO_01
2026-08-04,23:08:00,1.01,128.2,CAMPANHA_PILOTO_01
2026-08-04,23:08:01,1.01,128.3,CAMPANHA_PILOTO_01
2026-08-04,23:08:02,1.011,128.4,CAMPANHA_PILOTO_01
2026-08-04,23:08:03,1.012,128.5,CAMPANHA_PILOTO_01
2026-08-04,23:08:04,1.012,128.5,CAMPANHA_PILOTO_01
2026-08-04,23:08:05,1.012,128.5,CAMPANHA_PILOTO_01
2026-08-04,23:08:06,1.013,128.6,CAMPANHA_PILOTO_01
2026-08-04,23:08:07,1.013,128.7,CAMPANHA_PILOTO_01
2026-08-04,23:08:08,1.013,128.7,CAMPANHA_PILOTO_01
2026-08-04,23:08:09,1.014,128.8,CAMPANHA_PILOTO_01
2026-08-04,23:08:10,1.014,128.8,CAMPANHA_PILOTO_01
2026-08-04,23:08:11,1.015,128.9,CAMPANHA_PILOTO_01
2026-08-04,23:08:12,1.015,128.9,CAMPANHA_PILOTO_01
2026-08-04,23:08:13,1.016,129.0,CAMPANHA_PILOTO_01
2026-08-04,23:08:14,1.016,129.0,CAMPANHA_PILOTO_01
2026-08-04,23:08:15,1.016,129.1,CAMPANHA_PILOTO_01
2026-08-04,23:08:16,1.017,129.1,CAMPANHA_PILOTO_01
2026-08-04,23:08:17,1.017,129.2,CAMPANHA_PILOTO_01
2026-08-04,23:08:18,1.018,129.3,CAMPANHA_PILOTO_01
2026-08-04,23:08:19,1.018,129.3,CAMPANHA_PILOTO_01
2026-08-04,23:08:20,1.019,129.4,CAMPANHA_PILOTO_01
2026-08-04,23:08:21,1.019,129.4,CAMPANHA_PILOTO_01
2026-08-04,23:08:22,1.019,129.5,CAMPANHA_PILOTO_01
2026-08-04,23:08:23,1.02,129.5,CAMPANHA_PILOTO_01
2026-08-04,23:08:24,1.02,129.5,CAMPANHA_PILOTO_01
2026-08-04,23:08:25,1.021,129.6,CAMPANHA_PILOTO_01
2026-08-04,23:08:26,1.021,129.7,CAMPANHA_PILOTO_01
2026-08-04,23:08:27,1.022,129.7,CAMPANHA_PILOTO_01
2026-08-04,23:08:28,1.022,129.8,CAMPANHA_PILOTO_01
2026-08-04,23:08:29,1.023,129.9,CAMPANHA_PILOTO_01
2026-08-04,23:08:30,1.023,129.9,CAMPANHA_PILOTO_01
2026-08-04,23:08:31,1.023,130.0,CAMPANHA_PILOTO_01
2026-08-04,23:08:32,1.024,130.0,CAMPANHA_PILOTO_01
2026-08-04,23:08:33,1.024,130.1,CAMPANHA_PILOTO_01
2026-08-04,23:08:34,1.025,130.2,CAMPANHA_PILOTO_01
2026-08-04,23:08:35,1.025,130.2,CAMPANHA_PILOTO_01
2026-08-04,23:08:36,1.026,130.2,CAMPANHA_PILOTO_01
2026-08-04,23:08:37,1.026,130.3,CAMPANHA_PILOTO_01
2026-08-04,23:08:38,1.027,130.4,CAMPANHA_PILOTO_01
2026-08-04,23:08:39,1.027,130.4,CAMPANHA_PILOTO_01
2026-08-04,23:08:40,1.027,130.5,CAMPANHA_PILOTO_01
2026-08-04,23:08:41,1.028,130.5,CAMPANHA_PILOTO_01
2026-08-04,23:08:42,1.028,130.6,CAMPANHA_PILOTO_01
2026-08-04,23:08:43,1.029,130.7,CAMPANHA_PILOTO_01
2026-08-04,23:08:44,1.029,130.7,CAMPANHA_PILOTO_01
2026-08-04,23:08:45,1.03,130.8,CAMPANHA_PILOTO_01
2026-08-04,23:08:46,1.03,130.8,CAMPANHA_PILOTO_01
2026-08-04,23:08:47,1.031,130.9,CAMPANHA_PILOTO_01
2026-08-04,23:08:48,1.031,130.9,CAMPANHA_PILOTO_01
2026-08-04,23:08:49,1.031,131.0,CAMPANHA_PILOTO_01
2026-08-04,23:08:50,1.032,131.0,CAMPANHA_PILOTO_01
2026-08-04,23:08:51,1.032,131.0,CAMPANHA_PILOTO_01
2026-08-04,23:08:52,1.032,131.1,CAMPANHA_PILOTO_01
2026-08-04,23:08:53,1.033,131.2,CAMPANHA_PILOTO_01
2026-08-04,23:08:54,1.033,131.2,CAMPANHA_PILOTO_01
2026-08-04,23:08:55,1.034,131.3,CAMPANHA_PILOTO_01
2026-08-04,23:08:56,1.034,131.3,CAMPANHA_PILOTO_01
2026-08-04,23:08:57,1.034,131.3,CAMPANHA_PILOTO_01
2026-08-04,23:08:58,1.035,131.4,CAMPANHA_PILOTO_01
2026-08-04,23:08:59,1.035,131.5,CAMPANHA_PILOTO_01
2026-08-04,23:09:00,1.036,131.5,CAMPANHA_PILOTO_01
2026-08-04,23:09:01,1.036,131.6,CAMPANHA_PILOTO_01
2026-08-04,23:09:02,1.036,131.6,CAMPANHA_PILOTO_01
2026-08-04,23:09:03,1.037,131.7,CAMPANHA_PILOTO_01
2026-08-04,23:09:04,1.037,131.7,CAMPANHA_PILOTO_01
2026-08-04,23:09:05,1.038,131.8,CAMPANHA_PILOTO_01
2026-08-04,23:09:06,1.038,131.8,CAMPANHA_PILOTO_01
2026-08-04,23:09:07,1.038,131.8,CAMPANHA_PILOTO_01
2026-08-04,23:09:08,1.039,131.9,CAMPANHA_PILOTO_01
2026-08-04,23:09:09,1.039,132.0,CAMPANHA_PILOTO_01
2026-08-04,23:09:10,1.04,132.0,CAMPANHA_PILOTO_01
2026-08-04,23:09:11,1.04,132.1,CAMPANHA_PILOTO_01
2026-08-04,23:09:12,1.04,132.1,CAMPANHA_PILOTO_01
2026-08-04,23:09:13,1.04,132.1,CAMPANHA_PILOTO_01
2026-08-04,23:09:14,1.041,132.2,CAMPANHA_PILOTO_01
2026-08-04,23:09:15,1.041,132.2,CAMPANHA_PILOTO_01
2026-08-04,23:09:16,1.041,132.3,CAMPANHA_PILOTO_01
2026-08-04,23:09:17,1.042,132.4,CAMPANHA_PILOTO_01
2026-08-04,23:09:18,1.043,132.4,CAMPANHA_PILOTO_01
2026-08-04,23:09:19,1.043,132.5,CAMPANHA_PILOTO_01
2026-08-04,23:09:20,1.044,132.5,CAMPANHA_PILOTO_01
2026-08-04,23:09:21,1.044,132.6,CAMPANHA_PILOTO_01
2026-08-04,23:09:22,1.044,132.6,CAMPANHA_PILOTO_01
2026-08-04,23:09:23,1.045,132.7,CAMPANHA_PILOTO_01
2026-08-04,23:09:24,1.045,132.7,CAMPANHA_PILOTO_01
2026-08-04,23:09:25,1.045,132.7,CAMPANHA_PILOTO_01
2026-08-04,23:09:26,1.045,132.8,CAMPANHA_PILOTO_01
2026-08-04,23:09:27,1.046,132.8,CAMPANHA_PILOTO_01
2026-08-04,23:09:28,1.046,132.8,CAMPANHA_PILOTO_01
2026-08-04,23:09:29,1.046,132.9,CAMPANHA_PILOTO_01
2026-08-04,23:09:30,1.046,132.9,CAMPANHA_PILOTO_01
2026-08-04,23:09:31,1.047,132.9,CAMPANHA_PILOTO_01
2026-08-04,23:09:32,1.047,133.0,CAMPANHA_PILOTO_01
2026-08-04,23:09:33,1.047,133.0,CAMPANHA_PILOTO_01
2026-08-04,23:09:34,1.048,133.0,CAMPANHA_PILOTO_01
2026-08-04,23:09:35,1.048,133.1,CAMPANHA_PILOTO_01
2026-08-04,23:09:36,1.048,133.2,CAMPANHA_PILOTO_01
2026-08-04,23:09:37,1.049,133.2,CAMPANHA_PILOTO_01
2026-08-04,23:09:38,1.049,133.2,CAMPANHA_PILOTO_01
2026-08-04,23:09:39,1.049,133.3,CAMPANHA_PILOTO_01
2026-08-04,23:09:40,1.05,133.3,CAMPANHA_PILOTO_01
2026-08-04,23:09:41,1.05,133.3,CAMPANHA_PILOTO_01
2026-08-04,23:09:42,1.05,133.4,CAMPANHA_PILOTO_01
2026-08-04,23:09:43,1.051,133.4,CAMPANHA_PILOTO_01
2026-08-04,23:09:44,1.051,133.5,CAMPANHA_PILOTO_01
2026-08-04,23:09:45,1.051,133.5,CAMPANHA_PILOTO_01
2026-08-04,23:09:46,1.052,133.5,CAMPANHA_PILOTO_01
2026-08-04,23:09:47,1.052,133.6,CAMPANHA_PILOTO_01
2026-08-04,23:09:48,1.052,133.6,CAMPANHA_PILOTO_01
2026-08-04,23:09:49,1.053,133.7,CAMPANHA_PILOTO_01
2026-08-04,23:09:50,1.053,133.7,CAMPANHA_PILOTO_01
2026-08-04,23:09:51,1.053,133.8,CAMPANHA_PILOTO_01
2026-08-04,23:09:52,1.054,133.8,CAMPANHA_PILOTO_01
2026-08-04,23:09:53,1.054,133.9,CAMPANHA_PILOTO_01
2026-08-04,23:09:54,1.054,133.9,CAMPANHA_PILOTO_01
2026-08-04,23:09:55,1.055,134.0,CAMPANHA_PILOTO_01
2026-08-04,23:09:56,1.055,134.0,CAMPANHA_PILOTO_01
2026-08-04,23:09:57,1.055,134.0,CAMPANHA_PILOTO_01
2026-08-04,23:09:58,1.056,134.0,CAMPANHA_PILOTO_01
2026-08-04,23:09:59,1.056,134.1,CAMPANHA_PILOTO_01
2026-08-04,23:10:00,1.056,134.2,CAMPANHA_PILOTO_01
2026-08-04,23:10:01,1.057,134.2,CAMPANHA_PILOTO_01
2026-08-04,23:10:02,1.057,134.3,CAMPANHA_PILOTO_01
2026-08-04,23:10:03,1.057,134.3,CAMPANHA_PILOTO_01
2026-08-04,23:10:04,1.058,134.3,CAMPANHA_PILOTO_01
2026-08-04,23:10:05,1.058,134.3,CAMPANHA_PILOTO_01
2026-08-04,23:10:06,1.058,134.4,CAMPANHA_PILOTO_01
2026-08-04,23:10:07,1.058,134.4,CAMPANHA_PILOTO_01
2026-08-04,23:10:08,1.059,134.5,CAMPANHA_PILOTO_01
2026-08-04,23:10:09,1.059,134.5,CAMPANHA_PILOTO_01
2026-08-04,23:10:10,1.06,134.6,CAMPANHA_PILOTO_01
2026-08-04,23:10:11,1.06,134.6,CAMPANHA_PILOTO_01
2026-08-04,23:10:12,1.06,134.7,CAMPANHA_PILOTO_01
2026-08-04,23:10:13,1.061,134.7,CAMPANHA_PILOTO_01
2026-08-04,23:10:14,1.061,134.7,CAMPANHA_PILOTO_01
2026-08-04,23:10:15,1.061,134.8,CAMPANHA_PILOTO_01
2026-08-04,23:10:16,1.061,134.8,CAMPANHA_PILOTO_01
2026-08-04,23:10:17,1.062,134.8,CAMPANHA_PILOTO_01
2026-08-04,23:10:18,1.062,134.9,CAMPANHA_PILOTO_01
2026-08-04,23:10:19,1.062,134.9,CAMPANHA_PILOTO_01
2026-08-04,23:10:20,1.063,135.0,CAMPANHA_PILOTO_01
2026-08-04,23:10:21,1.063,135.0,CAMPANHA_PILOTO_01
2026-08-04,23:10:22,1.063,135.0,CAMPANHA_PILOTO_01
2026-08-04,23:10:23,1.064,135.1,CAMPANHA_PILOTO_01
2026-08-04,23:10:24,1.064,135.1,CAMPANHA_PILOTO_01
2026-08-04,23:10:25,1.064,135.2,CAMPANHA_PILOTO_01
2026-08-04,23:10:26,1.065,135.2,CAMPANHA_PILOTO_01
2026-08-04,23:10:27,1.065,135.3,CAMPANHA_PILOTO_01
2026-08-04,23:10:28,1.065,135.3,CAMPANHA_PILOTO_01
2026-08-04,23:10:29,1.066,135.3,CAMPANHA_PILOTO_01
2026-08-04,23:10:30,1.066,135.4,CAMPANHA_PILOTO_01
2026-08-04,23:10:31,1.066,135.4,CAMPANHA_PILOTO_01
2026-08-04,23:10:32,1.067,135.5,CAMPANHA_PILOTO_01
2026-08-04,23:10:33,1.067,135.5,CAMPANHA_PILOTO_01
2026-08-04,23:10:34,1.068,135.6,CAMPANHA_PILOTO_01
2026-08-04,23:10:35,1.068,135.6,CAMPANHA_PILOTO_01
2026-08-04,23:10:36,1.068,135.6,CAMPANHA_PILOTO_01
2026-08-04,23:10:37,1.068,135.7,CAMPANHA_PILOTO_01
2026-08-04,23:10:38,1.069,135.7,CAMPANHA_PILOTO_01
2026-08-04,23:10:39,1.069,135.7,CAMPANHA_PILOTO_01
2026-08-04,23:10:40,1.069,135.8,CAMPANHA_PILOTO_01
2026-08-04,23:10:41,1.069,135.8,CAMPANHA_PILOTO_01
2026-08-04,23:10:42,1.07,135.8,CAMPANHA_PILOTO_01
2026-08-04,23:10:43,1.07,135.9,CAMPANHA_PILOTO_01
2026-08-04,23:10:44,1.07,135.9,CAMPANHA_PILOTO_01
2026-08-04,23:10:45,1.07,135.9,CAMPANHA_PILOTO_01
2026-08-04,23:10:46,1.07,135.9,CAMPANHA_PILOTO_01
2026-08-04,23:10:47,1.071,136.0,CAMPANHA_PILOTO_01
2026-08-04,23:10:48,1.071,136.0,CAMPANHA_PILOTO_01
2026-08-04,23:10:49,1.071,136.0,CAMPANHA_PILOTO_01
2026-08-04,23:10:50,1.071,136.1,CAMPANHA_PILOTO_01
2026-08-04,23:10:51,1.072,136.1,CAMPANHA_PILOTO_01
2026-08-04,23:10:52,1.072,136.2,CAMPANHA_PILOTO_01
2026-08-04,23:10:53,1.073,136.2,CAMPANHA_PILOTO_01
2026-08-04,23:10:54,1.073,136.2,CAMPANHA_PILOTO_01
2026-08-04,23:10:55,1.073,136.3,CAMPANHA_PILOTO_01
2026-08-04,23:10:56,1.073,136.3,CAMPANHA_PILOTO_01
2026-08-04,23:10:57,1.073,136.3,CAMPANHA_PILOTO_01
2026-08-04,23:10:58,1.074,136.4,CAMPANHA_PILOTO_01
2026-08-04,23:10:59,1.074,136.4,CAMPANHA_PILOTO_01
2026-08-04,23:11:00,1.074,136.4,CAMPANHA_PILOTO_01
2026-08-04,23:11:01,1.075,136.5,CAMPANHA_PILOTO_01
2026-08-04,23:11:02,1.075,136.5,CAMPANHA_PILOTO_01
2026-08-04,23:11:03,1.075,136.6,CAMPANHA_PILOTO_01
2026-08-04,23:11:04,1.076,136.6,CAMPANHA_PILOTO_01
2026-08-04,23:11:05,1.076,136.6,CAMPANHA_PILOTO_01
2026-08-04,23:11:06,1.076,136.7,CAMPANHA_PILOTO_01
2026-08-04,23:11:07,1.076,136.7,CAMPANHA_PILOTO_01
2026-08-04,23:11:08,1.076,136.7,CAMPANHA_PILOTO_01
2026-08-04,23:11:09,1.077,136.8,CAMPANHA_PILOTO_01
2026-08-04,23:11:10,1.077,136.8,CAMPANHA_PILOTO_01
2026-08-04,23:11:11,1.077,136.8,CAMPANHA_PILOTO_01
2026-08-04,23:11:12,1.078,136.9,CAMPANHA_PILOTO_01
2026-08-04,23:11:13,1.078,136.9,CAMPANHA_PILOTO_01
2026-08-04,23:11:14,1.078,136.9,CAMPANHA_PILOTO_01
2026-08-04,23:11:15,1.078,136.9,CAMPANHA_PILOTO_01
2026-08-04,23:11:16,1.078,137.0,CAMPANHA_PILOTO_01
2026-08-04,23:11:17,1.079,137.0,CAMPANHA_PILOTO_01
2026-08-04,23:11:18,1.079,137.0,CAMPANHA_PILOTO_01
2026-08-04,23:11:19,1.079,137.1,CAMPANHA_PILOTO_01
2026-08-04,23:11:20,1.079,137.1,CAMPANHA_PILOTO_01
2026-08-04,23:11:21,1.08,137.1,CAMPANHA_PILOTO_01
2026-08-04,23:11:22,1.08,137.2,CAMPANHA_PILOTO_01
2026-08-04,23:11:23,1.081,137.2,CAMPANHA_PILOTO_01
2026-08-04,23:11:24,1.081,137.3,CAMPANHA_PILOTO_01
2026-08-04,23:11:25,1.081,137.3,CAMPANHA_PILOTO_01
2026-08-04,23:11:26,1.082,137.4,CAMPANHA_PILOTO_01
2026-08-04,23:11:27,1.082,137.4,CAMPANHA_PILOTO_01
2026-08-04,23:11:28,1.082,137.4,CAMPANHA_PILOTO_01
2026-08-04,23:11:29,1.082,137.4,CAMPANHA_PILOTO_01
2026-08-04,23:11:30,1.082,137.5,CAMPANHA_PILOTO_01
2026-08-04,23:11:31,1.082,137.5,CAMPANHA_PILOTO_01
2026-08-04,23:11:32,1.083,137.5,CAMPANHA_PILOTO_01
2026-08-04,23:11:33,1.083,137.5,CAMPANHA_PILOTO_01
2026-08-04,23:11:34,1.083,137.6,CAMPANHA_PILOTO_01
2026-08-04,23:11:35,1.083,137.6,CAMPANHA_PILOTO_01
2026-08-04,23:11:36,1.084,137.6,CAMPANHA_PILOTO_01
2026-08-04,23:11:37,1.084,137.6,CAMPANHA_PILOTO_01
2026-08-04,23:11:38,1.084,137.7,CAMPANHA_PILOTO_01
2026-08-04,23:11:39,1.084,137.7,CAMPANHA_PILOTO_01
2026-08-04,23:11:40,1.085,137.8,CAMPANHA_PILOTO_01
2026-08-04,23:11:41,1.085,137.8,CAMPANHA_PILOTO_01
2026-08-04,23:11:42,1.085,137.8,CAMPANHA_PILOTO_01
2026-08-04,23:11:43,1.086,137.9,CAMPANHA_PILOTO_01
2026-08-04,23:11:44,1.086,137.9,CAMPANHA_PILOTO_01
2026-08-04,23:11:45,1.086,138.0,CAMPANHA_PILOTO_01
2026-08-04,23:11:46,1.086,138.0,CAMPANHA_PILOTO_01
2026-08-04,23:11:47,1.087,138.0,CAMPANHA_PILOTO_01
2026-08-04,23:11:48,1.087,138.0,CAMPANHA_PILOTO_01
2026-08-04,23:11:49,1.087,138.1,CAMPANHA_PILOTO_01
2026-08-04,23:11:50,1.088,138.1,CAMPANHA_PILOTO_01
2026-08-04,23:11:51,1.088,138.2,CAMPANHA_PILOTO_01
2026-08-04,23:11:52,1.088,138.2,CAMPANHA_PILOTO_01
2026-08-04,23:11:53,1.088,138.2,CAMPANHA_PILOTO_01
2026-08-04,23:11:54,1.089,138.3,CAMPANHA_PILOTO_01
2026-08-04,23:11:55,1.089,138.3,CAMPANHA_PILOTO_01
2026-08-04,23:11:56,1.089,138.3,CAMPANHA_PILOTO_01
2026-08-04,23:11:57,1.09,138.4,CAMPANHA_PILOTO_01
2026-08-04,23:11:58,1.09,138.4,CAMPANHA_PILOTO_01
2026-08-04,23:11:59,1.09,138.4,CAMPANHA_PILOTO_01
2026-08-04,23:12:00,1.09,138.4,CAMPANHA_PILOTO_01
2026-08-04,23:12:01,1.09,138.5,CAMPANHA_PILOTO_01
2026-08-04,23:12:02,1.09,138.5,CAMPANHA_PILOTO_01
2026-08-04,23:12:03,1.091,138.5,CAMPANHA_PILOTO_01
2026-08-04,23:12:04,1.091,138.5,CAMPANHA_PILOTO_01
2026-08-04,23:12:05,1.091,138.6,CAMPANHA_PILOTO_01
2026-08-04,23:12:06,1.091,138.6,CAMPANHA_PILOTO_01
2026-08-04,23:12:07,1.092,138.6,CAMPANHA_PILOTO_01
2026-08-04,23:12:08,1.092,138.7,CAMPANHA_PILOTO_01
2026-08-04,23:12:09,1.092,138.7,CAMPANHA_PILOTO_01
2026-08-04,23:12:10,1.093,138.8,CAMPANHA_PILOTO_01
2026-08-04,23:12:11,1.093,138.8,CAMPANHA_PILOTO_01
2026-08-04,23:12:12,1.093,138.8,CAMPANHA_PILOTO_01
2026-08-04,23:12:13,1.093,138.9,CAMPANHA_PILOTO_01
2026-08-04,23:12:14,1.094,138.9,CAMPANHA_PILOTO_01
2026-08-04,23:12:15,1.094,138.9,CAMPANHA_PILOTO_01
2026-08-04,23:12:16,1.094,139.0,CAMPANHA_PILOTO_01
2026-08-04,23:12:17,1.094,139.0,CAMPANHA_PILOTO_01
2026-08-04,23:12:18,1.095,139.0,CAMPANHA_PILOTO_01
2026-08-04,23:12:19,1.095,139.1,CAMPANHA_PILOTO_01
2026-08-04,23:12:20,1.095,139.1,CAMPANHA_PILOTO_01
2026-08-04,23:12:21,1.095,139.1,CAMPANHA_PILOTO_01
2026-08-04,23:12:22,1.096,139.1,CAMPANHA_PILOTO_01
2026-08-04,23:12:23,1.096,139.2,CAMPANHA_PILOTO_01
2026-08-04,23:12:24,1.096,139.2,CAMPANHA_PILOTO_01
2026-08-04,23:12:25,1.096,139.2,CAMPANHA_PILOTO_01
2026-08-04,23:12:26,1.097,139.3,CAMPANHA_PILOTO_01
2026-08-04,23:12:27,1.097,139.3,CAMPANHA_PILOTO_01
2026-08-04,23:12:28,1.097,139.3,CAMPANHA_PILOTO_01
2026-08-04,23:12:29,1.097,139.4,CAMPANHA_PILOTO_01
2026-08-04,23:12:30,1.097,139.4,CAMPANHA_PILOTO_01
2026-08-04,23:12:31,1.098,139.4,CAMPANHA_PILOTO_01
2026-08-04,23:12:32,1.098,139.4,CAMPANHA_PILOTO_01
2026-08-04,23:12:33,1.098,139.4,CAMPANHA_PILOTO_01
2026-08-04,23:12:34,1.098,139.5,CAMPANHA_PILOTO_01
2026-08-04,23:12:35,1.099,139.5,CAMPANHA_PILOTO_01
2026-08-04,23:12:36,1.099,139.5,CAMPANHA_PILOTO_01
2026-08-04,23:12:37,1.099,139.6,CAMPANHA_PILOTO_01
2026-08-04,23:12:38,1.099,139.6,CAMPANHA_PILOTO_01
2026-08-04,23:12:39,1.1,139.6,CAMPANHA_PILOTO_01
2026-08-04,23:12:40,1.1,139.7,CAMPANHA_PILOTO_01
2026-08-04,23:12:41,1.1,139.7,CAMPANHA_PILOTO_01
2026-08-04,23:12:42,1.1,139.7,CAMPANHA_PILOTO_01
2026-08-04,23:12:43,1.1,139.8,CAMPANHA_PILOTO_01
2026-08-04,23:12:44,1.101,139.8,CAMPANHA_PILOTO_01
2026-08-04,23:12:45,1.101,139.8,CAMPANHA_PILOTO_01
2026-08-04,23:12:46,1.101,139.9,CAMPANHA_PILOTO_01
2026-08-04,23:12:47,1.101,139.9,CAMPANHA_PILOTO_01
2026-08-04,23:12:48,1.101,139.9,CAMPANHA_PILOTO_01
2026-08-04,23:12:49,1.102,139.9,CAMPANHA_PILOTO_01
2026-08-04,23:12:50,1.102,139.9,CAMPANHA_PILOTO_01
2026-08-04,23:12:51,1.102,140.0,CAMPANHA_PILOTO_01
2026-08-04,23:12:52,1.102,140.0,CAMPANHA_PILOTO_01
2026-08-04,23:12:53,1.102,140.0,CAMPANHA_PILOTO_01
2026-08-04,23:12:54,1.102,140.0,CAMPANHA_PILOTO_01
2026-08-04,23:20:11,1.172,148.8,CAMPANHA_PILOTO_01
2026-08-04,23:20:12,1.172,148.8,CAMPANHA_PILOTO_01
2026-08-04,23:20:13,1.172,148.8,CAMPANHA_PILOTO_01
2026-08-04,23:20:14,1.172,148.9,CAMPANHA_PILOTO_01
2026-08-04,23:20:15,1.172,148.9,CAMPANHA_PILOTO_01
2026-08-04,23:20:16,1.172,148.9,CAMPANHA_PILOTO_01
2026-08-04,23:20:17,1.173,148.9,CAMPANHA_PILOTO_01
2026-08-04,23:20:18,1.173,148.9,CAMPANHA_PILOTO_01
2026-08-04,23:20:19,1.173,148.9,CAMPANHA_PILOTO_01
2026-08-04,23:20:20,1.173,149.0,CAMPANHA_PILOTO_01
2026-08-04,23:20:21,1.173,149.0,CAMPANHA_PILOTO_01
2026-08-04,23:20:22,1.173,149.0,CAMPANHA_PILOTO_01
2026-08-04,23:20:23,1.173,149.0,CAMPANHA_PILOTO_01
2026-08-04,23:20:24,1.173,149.0,CAMPANHA_PILOTO_01
2026-08-04,23:20:25,1.173,149.0,CAMPANHA_PILOTO_01
2026-08-04,23:20:26,1.174,149.0,CAMPANHA_PILOTO_01
2026-08-04,23:20:27,1.174,149.1,CAMPANHA_PILOTO_01
2026-08-04,23:20:28,1.174,149.1,CAMPANHA_PILOTO_01
2026-08-04,23:20:29,1.174,149.1,CAMPANHA_PILOTO_01
2026-08-04,23:20:30,1.174,149.1,CAMPANHA_PILOTO_01
2026-08-04,23:20:31,1.174,149.1,CAMPANHA_PILOTO_01
2026-08-04,23:20:32,1.174,149.1,CAMPANHA_PILOTO_01
2026-08-04,23:20:33,1.174,149.1,CAMPANHA_PILOTO_01
2026-08-04,23:20:34,1.174,149.2,CAMPANHA_PILOTO_01
2026-08-04,23:20:35,1.175,149.2,CAMPANHA_PILOTO_01
2026-08-04,23:20:36,1.175,149.2,CAMPANHA_PILOTO_01
2026-08-04,23:20:37,1.175,149.2,CAMPANHA_PILOTO_01
2026-08-04,23:20:38,1.175,149.2,CAMPANHA_PILOTO_01
2026-08-04,23:20:39,1.175,149.2,CAMPANHA_PILOTO_01
2026-08-04,23:20:40,1.175,149.2,CAMPANHA_PILOTO_01
2026-08-04,23:20:41,1.175,149.2,CAMPANHA_PILOTO_01
2026-08-04,23:20:42,1.175,149.3,CAMPANHA_PILOTO_01
2026-08-04,23:20:43,1.175,149.3,CAMPANHA_PILOTO_01
2026-08-04,23:20:44,1.175,149.3,CAMPANHA_PILOTO_01
2026-08-04,23:20:45,1.176,149.3,CAMPANHA_PILOTO_01
2026-08-04,23:20:46,1.176,149.3,CAMPANHA_PILOTO_01
2026-08-04,23:20:47,1.176,149.3,CAMPANHA_PILOTO_01
2026-08-04,23:20:48,1.176,149.4,CAMPANHA_PILOTO_01
2026-08-04,23:20:49,1.176,149.4,CAMPANHA_PILOTO_01
2026-08-04,23:20:50,1.176,149.4,CAMPANHA_PILOTO_01
2026-08-04,23:20:51,1.176,149.4,CAMPANHA_PILOTO_01
2026-08-04,23:20:52,1.176,149.4,CAMPANHA_PILOTO_01
2026-08-04,23:20:53,1.177,149.4,CAMPANHA_PILOTO_01
2026-08-04,23:20:54,1.177,149.4,CAMPANHA_PILOTO_01
2026-08-04,23:20:55,1.177,149.4,CAMPANHA_PILOTO_01
2026-08-04,23:20:56,1.177,149.4,CAMPANHA_PILOTO_01
2026-08-04,23:20:57,1.177,149.5,CAMPANHA_PILOTO_01
2026-08-04,23:20:58,1.177,149.5,CAMPANHA_PILOTO_01
2026-08-04,23:20:59,1.177,149.5,CAMPANHA_PILOTO_01
2026-08-04,23:21:00,1.177,149.5,CAMPANHA_PILOTO_01
2026-08-04,23:21:01,1.177,149.5,CAMPANHA_PILOTO_01
2026-08-04,23:21:02,1.177,149.5,CAMPANHA_PILOTO_01
2026-08-04,23:21:03,1.178,149.5,CAMPANHA_PILOTO_01
2026-08-04,23:21:04,1.178,149.6,CAMPANHA_PILOTO_01
2026-08-04,23:21:05,1.178,149.6,CAMPANHA_PILOTO_01
2026-08-04,23:21:06,1.178,149.6,CAMPANHA_PILOTO_01
2026-08-04,23:21:07,1.178,149.6,CAMPANHA_PILOTO_01
2026-08-04,23:21:08,1.178,149.6,CAMPANHA_PILOTO_01
2026-08-04,23:21:09,1.178,149.6,CAMPANHA_PILOTO_01
2026-08-04,23:21:10,1.178,149.7,CAMPANHA_PILOTO_01
2026-08-04,23:21:11,1.178,149.7,CAMPANHA_PILOTO_01
2026-08-04,23:21:12,1.179,149.7,CAMPANHA_PILOTO_01
2026-08-04,23:21:13,1.179,149.7,CAMPANHA_PILOTO_01
2026-08-04,23:21:14,1.179,149.7,CAMPANHA_PILOTO_01
2026-08-04,23:21:15,1.179,149.7,CAMPANHA_PILOTO_01
2026-08-04,23:21:16,1.179,149.7,CAMPANHA_PILOTO_01
2026-08-04,23:21:17,1.179,149.7,CAMPANHA_PILOTO_01
2026-08-04,23:21:18,1.179,149.8,CAMPANHA_PILOTO_01
2026-08-04,23:21:19,1.179,149.8,CAMPANHA_PILOTO_01
2026-08-04,23:21:20,1.18,149.8,CAMPANHA_PILOTO_01
2026-08-04,23:21:21,1.18,149.8,CAMPANHA_PILOTO_01
2026-08-04,23:21:22,1.18,149.8,CAMPANHA_PILOTO_01
2026-08-04,23:21:23,1.18,149.8,CAMPANHA_PILOTO_01
2026-08-04,23:21:24,1.18,149.8,CAMPANHA_PILOTO_01
2026-08-04,23:21:25,1.18,149.8,CAMPANHA_PILOTO_01
2026-08-04,23:21:26,1.18,149.8,CAMPANHA_PILOTO_01
2026-08-04,23:21:27,1.18,149.8,CAMPANHA_PILOTO_01
2026-08-04,23:21:28,1.18,149.9,CAMPANHA_PILOTO_01
2026-08-04,23:21:29,1.18,149.9,CAMPANHA_PILOTO_01
2026-08-04,23:21:30,1.18,149.9,CAMPANHA_PILOTO_01
2026-08-04,23:21:31,1.18,149.9,CAMPANHA_PILOTO_01
2026-08-04,23:21:32,1.18,149.9,CAMPANHA_PILOTO_01
2026-08-04,23:21:33,1.18,149.9,CAMPANHA_PILOTO_01
2026-08-04,23:21:34,1.181,149.9,CAMPANHA_PILOTO_01
2026-08-04,23:21:35,1.181,149.9,CAMPANHA_PILOTO_01
2026-08-04,23:21:36,1.181,150.0,CAMPANHA_PILOTO_01
2026-08-04,23:21:37,1.181,150.0,CAMPANHA_PILOTO_01
2026-08-04,23:21:38,1.181,150.0,CAMPANHA_PILOTO_01
2026-08-04,23:21:39,1.181,150.0,CAMPANHA_PILOTO_01
2026-08-04,23:21:40,1.181,150.0,CAMPANHA_PILOTO_01
2026-08-04,23:21:41,1.181,150.0,CAMPANHA_PILOTO_01
2026-08-04,23:21:42,1.181,150.0,CAMPANHA_PILOTO_01
2026-08-04,23:21:43,1.182,150.1,CAMPANHA_PILOTO_01
2026-08-04,23:21:44,1.182,150.1,CAMPANHA_PILOTO_01
2026-08-04,23:21:45,1.182,150.1,CAMPANHA_PILOTO_01
2026-08-04,23:21:46,1.182,150.1,CAMPANHA_PILOTO_01
2026-08-04,23:21:47,1.182,150.1,CAMPANHA_PILOTO_01
2026-08-04,23:21:48,1.182,150.1,CAMPANHA_PILOTO_01
2026-08-04,23:21:49,1.182,150.1,CAMPANHA_PILOTO_01
2026-08-04,23:21:50,1.182,150.2,CAMPANHA_PILOTO_01
2026-08-04,23:21:51,1.183,150.2,CAMPANHA_PILOTO_01
2026-08-04,23:21:52,1.183,150.2,CAMPANHA_PILOTO_01
2026-08-04,23:21:53,1.183,150.2,CAMPANHA_PILOTO_01
2026-08-04,23:21:54,1.183,150.2,CAMPANHA_PILOTO_01
2026-08-04,23:21:55,1.183,150.2,CAMPANHA_PILOTO_01
2026-08-04,23:21:56,1.183,150.3,CAMPANHA_PILOTO_01
2026-08-04,23:21:57,1.183,150.3,CAMPANHA_PILOTO_01
2026-08-04,23:21:58,1.183,150.3,CAMPANHA_PILOTO_01
2026-08-04,23:21:59,1.183,150.3,CAMPANHA_PILOTO_01
2026-08-04,23:22:00,1.183,150.3,CAMPANHA_PILOTO_01
2026-08-04,23:22:01,1.183,150.3,CAMPANHA_PILOTO_01
2026-08-04,23:22:02,1.183,150.3,CAMPANHA_PILOTO_01
2026-08-04,23:22:03,1.183,150.3,CAMPANHA_PILOTO_01
2026-08-04,23:22:04,1.184,150.3,CAMPANHA_PILOTO_01
2026-08-04,23:22:05,1.184,150.3,CAMPANHA_PILOTO_01
2026-08-04,23:22:06,1.184,150.3,CAMPANHA_PILOTO_01
2026-08-04,23:22:07,1.184,150.3,CAMPANHA_PILOTO_01
2026-08-04,23:22:08,1.184,150.4,CAMPANHA_PILOTO_01
2026-08-04,23:22:09,1.184,150.4,CAMPANHA_PILOTO_01
2026-08-04,23:22:10,1.184,150.4,CAMPANHA_PILOTO_01
2026-08-04,23:22:11,1.184,150.4,CAMPANHA_PILOTO_01
2026-08-04,23:22:12,1.184,150.4,CAMPANHA_PILOTO_01
2026-08-04,23:22:13,1.184,150.4,CAMPANHA_PILOTO_01
2026-08-04,23:22:14,1.184,150.4,CAMPANHA_PILOTO_01
2026-08-04,23:22:15,1.184,150.4,CAMPANHA_PILOTO_01
2026-08-04,23:22:16,1.185,150.4,CAMPANHA_PILOTO_01
2026-08-04,23:22:17,1.185,150.4,CAMPANHA_PILOTO_01
2026-08-04,23:22:18,1.185,150.4,CAMPANHA_PILOTO_01
2026-08-04,23:22:19,1.185,150.4,CAMPANHA_PILOTO_01
2026-08-04,23:22:20,1.185,150.5,CAMPANHA_PILOTO_01
2026-08-04,23:22:21,1.185,150.5,CAMPANHA_PILOTO_01
2026-08-04,23:22:22,1.185,150.5,CAMPANHA_PILOTO_01
2026-08-04,23:22:23,1.185,150.5,CAMPANHA_PILOTO_01
2026-08-04,23:22:24,1.185,150.5,CAMPANHA_PILOTO_01
2026-08-04,23:22:25,1.185,150.5,CAMPANHA_PILOTO_01
2026-08-04,23:22:26,1.185,150.5,CAMPANHA_PILOTO_01
2026-08-04,23:22:27,1.185,150.6,CAMPANHA_PILOTO_01
2026-08-04,23:22:28,1.186,150.6,CAMPANHA_PILOTO_01
2026-08-04,23:22:29,1.186,150.6,CAMPANHA_PILOTO_01
2026-08-04,23:22:30,1.186,150.6,CAMPANHA_PILOTO_01
2026-08-04,23:22:31,1.186,150.6,CAMPANHA_PILOTO_01
2026-08-04,23:22:32,1.186,150.6,CAMPANHA_PILOTO_01
2026-08-04,23:22:33,1.186,150.6,CAMPANHA_PILOTO_01
2026-08-04,23:22:34,1.186,150.6,CAMPANHA_PILOTO_01
2026-08-04,23:22:35,1.186,150.7,CAMPANHA_PILOTO_01
2026-08-04,23:22:36,1.186,150.7,CAMPANHA_PILOTO_01
2026-08-04,23:22:37,1.186,150.7,CAMPANHA_PILOTO_01
2026-08-04,23:22:38,1.186,150.7,CAMPANHA_PILOTO_01
2026-08-04,23:22:39,1.187,150.7,CAMPANHA_PILOTO_01
2026-08-04,23:22:40,1.187,150.7,CAMPANHA_PILOTO_01
2026-08-04,23:22:41,1.187,150.7,CAMPANHA_PILOTO_01
2026-08-04,23:22:42,1.187,150.8,CAMPANHA_PILOTO_01
2026-08-04,23:22:43,1.187,150.8,CAMPANHA_PILOTO_01
2026-08-04,23:22:44,1.187,150.8,CAMPANHA_PILOTO_01
2026-08-04,23:22:45,1.187,150.8,CAMPANHA_PILOTO_01
2026-08-04,23:22:46,1.187,150.8,CAMPANHA_PILOTO_01
2026-08-04,23:22:47,1.187,150.8,CAMPANHA_PILOTO_01
2026-08-04,23:22:48,1.187,150.8,CAMPANHA_PILOTO_01
2026-08-04,23:22:49,1.188,150.8,CAMPANHA_PILOTO_01
2026-08-04,23:22:50,1.188,150.8,CAMPANHA_PILOTO_01
2026-08-04,23:22:51,1.188,150.8,CAMPANHA_PILOTO_01
2026-08-04,23:22:52,1.188,150.8,CAMPANHA_PILOTO_01
2026-08-04,23:22:53,1.188,150.9,CAMPANHA_PILOTO_01
2026-08-04,23:22:54,1.188,150.9,CAMPANHA_PILOTO_01
2026-08-04,23:22:55,1.188,150.9,CAMPANHA_PILOTO_01
2026-08-04,23:22:56,1.188,150.9,CAMPANHA_PILOTO_01
2026-08-04,23:22:57,1.188,150.9,CAMPANHA_PILOTO_01
2026-08-04,23:22:58,1.188,150.9,CAMPANHA_PILOTO_01
2026-08-04,23:22:59,1.189,151.0,CAMPANHA_PILOTO_01
2026-08-04,23:23:00,1.189,151.0,CAMPANHA_PILOTO_01
2026-08-04,23:23:01,1.189,151.0,CAMPANHA_PILOTO_01
2026-08-04,23:23:02,1.189,151.0,CAMPANHA_PILOTO_01
2026-08-04,23:23:03,1.189,151.0,CAMPANHA_PILOTO_01
2026-08-04,23:23:04,1.189,151.0,CAMPANHA_PILOTO_01
2026-08-04,23:23:05,1.189,151.0,CAMPANHA_PILOTO_01
2026-08-04,23:23:06,1.189,151.0,CAMPANHA_PILOTO_01
2026-08-04,23:23:07,1.189,151.0,CAMPANHA_PILOTO_01
2026-08-04,23:23:08,1.189,151.1,CAMPANHA_PILOTO_01
2026-08-04,23:23:09,1.19,151.1,CAMPANHA_PILOTO_01
2026-08-04,23:23:10,1.19,151.1,CAMPANHA_PILOTO_01
2026-08-04,23:23:11,1.19,151.1,CAMPANHA_PILOTO_01
2026-08-04,23:23:12,1.19,151.1,CAMPANHA_PILOTO_01
2026-08-04,23:23:13,1.19,151.1,CAMPANHA_PILOTO_01
2026-08-04,23:23:14,1.19,151.1,CAMPANHA_PILOTO_01
2026-08-04,23:23:15,1.19,151.1,CAMPANHA_PILOTO_01
2026-08-04,23:23:16,1.19,151.1,CAMPANHA_PILOTO_01
2026-08-04,23:23:17,1.19,151.1,CAMPANHA_PILOTO_01
2026-08-04,23:23:18,1.19,151.1,CAMPANHA_PILOTO_01
2026-08-04,23:23:19,1.19,151.1,CAMPANHA_PILOTO_01
2026-08-04,23:23:20,1.19,151.1,CAMPANHA_PILOTO_01
2026-08-04,23:23:21,1.19,151.1,CAMPANHA_PILOTO_01
2026-08-04,23:23:22,1.19,151.2,CAMPANHA_PILOTO_01
2026-08-04,23:23:23,1.19,151.2,CAMPANHA_PILOTO_01
2026-08-04,23:23:24,1.19,151.2,CAMPANHA_PILOTO_01
2026-08-04,23:23:25,1.19,151.2,CAMPANHA_PILOTO_01
2026-08-04,23:23:26,1.191,151.2,CAMPANHA_PILOTO_01
2026-08-04,23:23:27,1.191,151.2,CAMPANHA_PILOTO_01
2026-08-04,23:23:28,1.191,151.2,CAMPANHA_PILOTO_01
2026-08-04,23:23:29,1.191,151.2,CAMPANHA_PILOTO_01
2026-08-04,23:23:30,1.191,151.2,CAMPANHA_PILOTO_01
2026-08-04,23:23:31,1.191,151.2,CAMPANHA_PILOTO_01
2026-08-04,23:23:32,1.191,151.3,CAMPANHA_PILOTO_01
2026-08-04,23:23:33,1.191,151.3,CAMPANHA_PILOTO_01
2026-08-04,23:23:34,1.191,151.3,CAMPANHA_PILOTO_01
2026-08-04,23:23:35,1.191,151.3,CAMPANHA_PILOTO_01
2026-08-04,23:23:36,1.191,151.3,CAMPANHA_PILOTO_01
2026-08-04,23:23:37,1.192,151.3,CAMPANHA_PILOTO_01
2026-08-04,23:23:38,1.192,151.3,CAMPANHA_PILOTO_01
2026-08-04,23:23:39,1.192,151.3,CAMPANHA_PILOTO_01
2026-08-04,23:23:40,1.192,151.4,CAMPANHA_PILOTO_01
2026-08-04,23:23:41,1.192,151.4,CAMPANHA_PILOTO_01
2026-08-04,23:23:42,1.192,151.4,CAMPANHA_PILOTO_01
2026-08-04,23:23:43,1.192,151.4,CAMPANHA_PILOTO_01
2026-08-04,23:23:44,1.192,151.4,CAMPANHA_PILOTO_01
2026-08-04,23:23:45,1.192,151.4,CAMPANHA_PILOTO_01
2026-08-04,23:23:46,1.192,151.4,CAMPANHA_PILOTO_01
2026-08-04,23:23:47,1.192,151.4,CAMPANHA_PILOTO_01
2026-08-04,23:23:48,1.192,151.4,CAMPANHA_PILOTO_01
2026-08-04,23:23:49,1.192,151.4,CAMPANHA_PILOTO_01
2026-08-04,23:23:50,1.193,151.5,CAMPANHA_PILOTO_01
2026-08-04,23:23:51,1.193,151.5,CAMPANHA_PILOTO_01
2026-08-04,23:23:52,1.193,151.5,CAMPANHA_PILOTO_01
2026-08-04,23:23:53,1.193,151.5,CAMPANHA_PILOTO_01
2026-08-04,23:23:54,1.193,151.5,CAMPANHA_PILOTO_01
2026-08-04,23:23:55,1.193,151.5,CAMPANHA_PILOTO_01
2026-08-04,23:23:56,1.193,151.5,CAMPANHA_PILOTO_01
2026-08-04,23:23:57,1.193,151.5,CAMPANHA_PILOTO_01
2026-08-04,23:23:58,1.193,151.5,CAMPANHA_PILOTO_01
2026-08-04,23:23:59,1.193,151.6,CAMPANHA_PILOTO_01
2026-08-04,23:24:00,1.194,151.6,CAMPANHA_PILOTO_01
2026-08-04,23:24:01,1.194,151.6,CAMPANHA_PILOTO_01
2026-08-04,23:24:02,1.194,151.6,CAMPANHA_PILOTO_01
2026-08-04,23:24:03,1.194,151.6,CAMPANHA_PILOTO_01
2026-08-04,23:24:04,1.194,151.6,CAMPANHA_PILOTO_01
2026-08-04,23:24:05,1.194,151.6,CAMPANHA_PILOTO_01
2026-08-04,23:24:06,1.194,151.6,CAMPANHA_PILOTO_01
2026-08-04,23:24:07,1.194,151.6,CAMPANHA_PILOTO_01
2026-08-04,23:24:08,1.194,151.6,CAMPANHA_PILOTO_01
2026-08-04,23:24:09,1.194,151.6,CAMPANHA_PILOTO_01
2026-08-04,23:24:10,1.194,151.6,CAMPANHA_PILOTO_01
2026-08-04,23:24:11,1.194,151.6,CAMPANHA_PILOTO_01
2026-08-04,23:24:12,1.194,151.6,CAMPANHA_PILOTO_01
2026-08-04,23:24:13,1.194,151.6,CAMPANHA_PILOTO_01
2026-08-04,23:24:14,1.194,151.7,CAMPANHA_PILOTO_01
2026-08-04,23:24:15,1.194,151.7,CAMPANHA_PILOTO_01
2026-08-04,23:24:16,1.194,151.7,CAMPANHA_PILOTO_01
2026-08-04,23:24:17,1.195,151.7,CAMPANHA_PILOTO_01
2026-08-04,23:24:18,1.195,151.7,CAMPANHA_PILOTO_01
2026-08-04,23:24:19,1.195,151.7,CAMPANHA_PILOTO_01
2026-08-04,23:24:20,1.195,151.7,CAMPANHA_PILOTO_01
2026-08-04,23:24:21,1.195,151.7,CAMPANHA_PILOTO_01
2026-08-04,23:24:22,1.195,151.8,CAMPANHA_PILOTO_01
2026-08-04,23:24:23,1.195,151.8,CAMPANHA_PILOTO_01
2026-08-04,23:24:24,1.195,151.8,CAMPANHA_PILOTO_01
2026-08-04,23:24:25,1.195,151.8,CAMPANHA_PILOTO_01
2026-08-04,23:24:26,1.195,151.8,CAMPANHA_PILOTO_01
2026-08-04,23:24:27,1.195,151.8,CAMPANHA_PILOTO_01
2026-08-04,23:24:28,1.195,151.8,CAMPANHA_PILOTO_01
2026-08-04,23:24:29,1.195,151.8,CAMPANHA_PILOTO_01
2026-08-04,23:24:30,1.195,151.8,CAMPANHA_PILOTO_01
2026-08-04,23:24:31,1.196,151.8,CAMPANHA_PILOTO_01
2026-08-04,23:24:32,1.196,151.8,CAMPANHA_PILOTO_01
2026-08-04,23:24:33,1.196,151.8,CAMPANHA_PILOTO_01
2026-08-04,23:24:34,1.196,151.9,CAMPANHA_PILOTO_01
2026-08-04,23:24:35,1.196,151.9,CAMPANHA_PILOTO_01
2026-08-04,23:24:36,1.196,151.9,CAMPANHA_PILOTO_01
2026-08-04,23:24:37,1.196,151.9,CAMPANHA_PILOTO_01
2026-08-04,23:24:38,1.196,151.9,CAMPANHA_PILOTO_01
2026-08-04,23:24:39,1.196,151.9,CAMPANHA_PILOTO_01
2026-08-04,23:24:40,1.196,151.9,CAMPANHA_PILOTO_01
2026-08-04,23:24:41,1.196,151.9,CAMPANHA_PILOTO_01
2026-08-04,23:24:42,1.196,151.9,CAMPANHA_PILOTO_01
2026-08-04,23:24:43,1.197,152.0,CAMPANHA_PILOTO_01
2026-08-04,23:24:44,1.197,152.0,CAMPANHA_PILOTO_01
2026-08-04,23:24:45,1.197,152.0,CAMPANHA_PILOTO_01
2026-08-04,23:24:46,1.197,152.0,CAMPANHA_PILOTO_01
2026-08-04,23:24:47,1.197,152.0,CAMPANHA_PILOTO_01
2026-08-04,23:24:48,1.197,152.0,CAMPANHA_PILOTO_01
2026-08-04,23:24:49,1.197,152.0,CAMPANHA_PILOTO_01
2026-08-04,23:24:50,1.197,152.0,CAMPANHA_PILOTO_01
2026-08-04,23:24:51,1.197,152.1,CAMPANHA_PILOTO_01
2026-08-04,23:24:52,1.197,152.1,CAMPANHA_PILOTO_01
2026-08-04,23:24:53,1.197,152.1,CAMPANHA_PILOTO_01
2026-08-04,23:24:54,1.197,152.1,CAMPANHA_PILOTO_01
2026-08-04,23:24:55,1.197,152.1,CAMPANHA_PILOTO_01
2026-08-04,23:24:56,1.198,152.1,CAMPANHA_PILOTO_01
2026-08-04,23:24:57,1.198,152.1,CAMPANHA_PILOTO_01
2026-08-04,23:24:58,1.198,152.1,CAMPANHA_PILOTO_01
2026-08-04,23:24:59,1.198,152.1,CAMPANHA_PILOTO_01
2026-08-04,23:25:00,1.198,152.1,CAMPANHA_PILOTO_01
2026-08-04,23:25:01,1.198,152.2,CAMPANHA_PILOTO_01
2026-08-04,23:25:02,1.198,152.2,CAMPANHA_PILOTO_01
2026-08-04,23:25:03,1.198,152.2,CAMPANHA_PILOTO_01
2026-08-04,23:25:04,1.198,152.2,CAMPANHA_PILOTO_01
2026-08-04,23:25:05,1.198,152.2,CAMPANHA_PILOTO_01
2026-08-04,23:25:06,1.198,152.2,CAMPANHA_PILOTO_01
2026-08-04,23:25:07,1.198,152.2,CAMPANHA_PILOTO_01
2026-08-04,23:25:08,1.199,152.2,CAMPANHA_PILOTO_01
2026-08-04,23:25:09,1.199,152.2,CAMPANHA_PILOTO_01
2026-08-04,23:25:10,1.199,152.2,CAMPANHA_PILOTO_01
2026-08-04,23:25:11,1.199,152.2,CAMPANHA_PILOTO_01
2026-08-04,23:25:12,1.199,152.3,CAMPANHA_PILOTO_01
2026-08-04,23:25:13,1.199,152.3,CAMPANHA_PILOTO_01
2026-08-04,23:25:14,1.199,152.3,CAMPANHA_PILOTO_01
2026-08-04,23:25:15,1.199,152.3,CAMPANHA_PILOTO_01
2026-08-04,23:25:16,1.199,152.3,CAMPANHA_PILOTO_01
2026-08-04,23:25:17,1.199,152.3,CAMPANHA_PILOTO_01
2026-08-04,23:25:18,1.199,152.3,CAMPANHA_PILOTO_01
2026-08-04,23:25:19,1.199,152.3,CAMPANHA_PILOTO_01
2026-08-04,23:25:20,1.199,152.3,CAMPANHA_PILOTO_01
2026-08-04,23:25:21,1.199,152.3,CAMPANHA_PILOTO_01
2026-08-04,23:25:22,1.199,152.3,CAMPANHA_PILOTO_01
2026-08-04,23:25:23,1.199,152.3,CAMPANHA_PILOTO_01
2026-08-04,23:25:24,1.199,152.3,CAMPANHA_PILOTO_01
2026-08-04,23:25:25,1.199,152.3,CAMPANHA_PILOTO_01
2026-08-04,23:25:26,1.199,152.2,CAMPANHA_PILOTO_01
2026-08-04,23:25:27,1.198,152.1,CAMPANHA_PILOTO_01
2026-08-04,23:25:28,1.197,152.0,CAMPANHA_PILOTO_01
2026-08-04,23:25:29,1.197,152.0,CAMPANHA_PILOTO_01
2026-08-04,23:25:30,1.196,151.9,CAMPANHA_PILOTO_01
2026-08-04,23:25:31,1.195,151.8,CAMPANHA_PILOTO_01
2026-08-04,23:25:32,1.195,151.7,CAMPANHA_PILOTO_01
2026-08-04,23:25:33,1.194,151.6,CAMPANHA_PILOTO_01
2026-08-04,23:25:34,1.193,151.5,CAMPANHA_PILOTO_01
2026-08-04,23:25:35,1.193,151.5,CAMPANHA_PILOTO_01
2026-08-04,23:25:36,1.192,151.4,CAMPANHA_PILOTO_01
2026-08-04,23:25:37,1.191,151.3,CAMPANHA_PILOTO_01
2026-08-04,23:25:38,1.191,151.2,CAMPANHA_PILOTO_01
2026-08-04,23:25:39,1.19,151.1,CAMPANHA_PILOTO_01
2026-08-04,23:25:40,1.189,151.0,CAMPANHA_PILOTO_01
2026-08-04,23:25:41,1.189,150.9,CAMPANHA_PILOTO_01
2026-08-04,23:25:42,1.188,150.8,CAMPANHA_PILOTO_01
2026-08-04,23:25:43,1.187,150.8,CAMPANHA_PILOTO_01
2026-08-04,23:25:44,1.186,150.7,CAMPANHA_PILOTO_01
2026-08-04,23:25:45,1.186,150.6,CAMPANHA_PILOTO_01
2026-08-04,23:25:46,1.185,150.5,CAMPANHA_PILOTO_01
2026-08-04,23:25:47,1.184,150.4,CAMPANHA_PILOTO_01
2026-08-04,23:25:48,1.184,150.4,CAMPANHA_PILOTO_01
2026-08-04,23:25:49,1.183,150.3,CAMPANHA_PILOTO_01
2026-08-04,23:25:50,1.182,150.2,CAMPANHA_PILOTO_01
2026-08-04,23:25:51,1.182,150.1,CAMPANHA_PILOTO_01
2026-08-04,23:25:52,1.181,150.0,CAMPANHA_PILOTO_01
2026-08-04,23:25:53,1.18,149.9,CAMPANHA_PILOTO_01
2026-08-04,23:25:54,1.18,149.8,CAMPANHA_PILOTO_01
2026-08-04,23:25:55,1.179,149.8,CAMPANHA_PILOTO_01
2026-08-04,23:25:56,1.179,149.7,CAMPANHA_PILOTO_01
2026-08-04,23:25:57,1.178,149.6,CAMPANHA_PILOTO_01
2026-08-04,23:25:58,1.177,149.5,CAMPANHA_PILOTO_01
2026-08-04,23:25:59,1.176,149.4,CAMPANHA_PILOTO_01
2026-08-04,23:26:00,1.176,149.3,CAMPANHA_PILOTO_01
2026-08-04,23:26:01,1.175,149.3,CAMPANHA_PILOTO_01
2026-08-04,23:26:02,1.175,149.2,CAMPANHA_PILOTO_01
2026-08-04,23:26:03,1.174,149.1,CAMPANHA_PILOTO_01
2026-08-04,23:26:04,1.174,149.0,CAMPANHA_PILOTO_01
2026-08-04,23:26:05,1.173,149.0,CAMPANHA_PILOTO_01
2026-08-04,23:26:06,1.172,148.9,CAMPANHA_PILOTO_01
2026-08-04,23:26:07,1.172,148.8,CAMPANHA_PILOTO_01
2026-08-04,23:26:08,1.171,148.7,CAMPANHA_PILOTO_01
2026-08-04,23:26:09,1.17,148.6,CAMPANHA_PILOTO_01
2026-08-04,23:26:10,1.17,148.5,CAMPANHA_PILOTO_01
2026-08-04,23:26:11,1.169,148.5,CAMPANHA_PILOTO_01
2026-08-04,23:26:12,1.168,148.4,CAMPANHA_PILOTO_01
2026-08-04,23:26:13,1.168,148.3,CAMPANHA_PILOTO_01
2026-08-04,23:26:14,1.167,148.2,CAMPANHA_PILOTO_01
2026-08-04,23:26:15,1.166,148.1,CAMPANHA_PILOTO_01
2026-08-04,23:26:16,1.166,148.0,CAMPANHA_PILOTO_01
2026-08-04,23:26:17,1.165,148.0,CAMPANHA_PILOTO_01
2026-08-04,23:26:18,1.164,147.9,CAMPANHA_PILOTO_01
2026-08-04,23:26:19,1.164,147.8,CAMPANHA_PILOTO_01
2026-08-04,23:26:20,1.163,147.7,CAMPANHA_PILOTO_01
2026-08-04,23:26:21,1.162,147.6,CAMPANHA_PILOTO_01
2026-08-04,23:26:22,1.162,147.5,CAMPANHA_PILOTO_01
2026-08-04,23:26:23,1.161,147.5,CAMPANHA_PILOTO_01
2026-08-04,23:26:24,1.16,147.4,CAMPANHA_PILOTO_01
2026-08-04,23:26:25,1.16,147.3,CAMPANHA_PILOTO_01
2026-08-04,23:26:26,1.159,147.2,CAMPANHA_PILOTO_01
2026-08-04,23:26:27,1.159,147.2,CAMPANHA_PILOTO_01
2026-08-04,23:26:28,1.158,147.1,CAMPANHA_PILOTO_01
2026-08-04,23:26:29,1.157,147.0,CAMPANHA_PILOTO_01
2026-08-04,23:26:30,1.157,146.9,CAMPANHA_PILOTO_01
2026-08-04,23:26:31,1.156,146.8,CAMPANHA_PILOTO_01
2026-08-04,23:26:32,1.155,146.7,CAMPANHA_PILOTO_01
2026-08-04,23:26:33,1.155,146.6,CAMPANHA_PILOTO_01
2026-08-04,23:26:34,1.154,146.6,CAMPANHA_PILOTO_01
2026-08-04,23:26:35,1.154,146.5,CAMPANHA_PILOTO_01
2026-08-04,23:26:36,1.153,146.4,CAMPANHA_PILOTO_01
2026-08-04,23:26:37,1.152,146.3,CAMPANHA_PILOTO_01
2026-08-04,23:26:38,1.152,146.2,CAMPANHA_PILOTO_01
2026-08-04,23:26:39,1.151,146.2,CAMPANHA_PILOTO_01
2026-08-04,23:26:40,1.15,146.1,CAMPANHA_PILOTO_01
2026-08-04,23:26:41,1.15,146.0,CAMPANHA_PILOTO_01
2026-08-04,23:26:42,1.149,145.9,CAMPANHA_PILOTO_01
2026-08-04,23:26:43,1.148,145.9,CAMPANHA_PILOTO_01
2026-08-04,23:26:44,1.148,145.8,CAMPANHA_PILOTO_01
2026-08-04,23:26:45,1.147,145.7,CAMPANHA_PILOTO_01
2026-08-04,23:26:46,1.147,145.6,CAMPANHA_PILOTO_01
2026-08-04,23:26:47,1.146,145.5,CAMPANHA_PILOTO_01
2026-08-04,23:26:48,1.145,145.5,CAMPANHA_PILOTO_01
2026-08-04,23:26:49,1.145,145.4,CAMPANHA_PILOTO_01
2026-08-04,23:26:50,1.144,145.3,CAMPANHA_PILOTO_01
2026-08-04,23:26:51,1.144,145.2,CAMPANHA_PILOTO_01
2026-08-04,23:26:52,1.143,145.2,CAMPANHA_PILOTO_01
2026-08-04,23:26:53,1.142,145.1,CAMPANHA_PILOTO_01
2026-08-04,23:26:54,1.142,145.0,CAMPANHA_PILOTO_01
2026-08-04,23:26:55,1.141,144.9,CAMPANHA_PILOTO_01
2026-08-04,23:26:56,1.14,144.8,CAMPANHA_PILOTO_01
2026-08-04,23:26:57,1.14,144.8,CAMPANHA_PILOTO_01
2026-08-04,23:26:58,1.139,144.7,CAMPANHA_PILOTO_01
2026-08-04,23:26:59,1.139,144.6,CAMPANHA_PILOTO_01
2026-08-04,23:27:00,1.138,144.5,CAMPANHA_PILOTO_01
2026-08-04,23:27:01,1.137,144.5,CAMPANHA_PILOTO_01
2026-08-04,23:27:02,1.137,144.4,CAMPANHA_PILOTO_01
2026-08-04,23:27:03,1.136,144.3,CAMPANHA_PILOTO_01
2026-08-04,23:27:04,1.136,144.2,CAMPANHA_PILOTO_01
2026-08-04,23:27:05,1.135,144.1,CAMPANHA_PILOTO_01
2026-08-04,23:27:06,1.134,144.0,CAMPANHA_PILOTO_01
2026-08-04,23:27:07,1.134,144.0,CAMPANHA_PILOTO_01
2026-08-04,23:27:08,1.133,143.9,CAMPANHA_PILOTO_01
2026-08-04,23:27:09,1.132,143.8,CAMPANHA_PILOTO_01
2026-08-04,23:27:10,1.132,143.7,CAMPANHA_PILOTO_01
2026-08-04,23:27:11,1.131,143.7,CAMPANHA_PILOTO_01
2026-08-04,23:27:12,1.131,143.6,CAMPANHA_PILOTO_01
2026-08-04,23:27:13,1.13,143.5,CAMPANHA_PILOTO_01
2026-08-04,23:27:14,1.129,143.4,CAMPANHA_PILOTO_01
2026-08-04,23:27:15,1.129,143.4,CAMPANHA_PILOTO_01
2026-08-04,23:27:16,1.128,143.3,CAMPANHA_PILOTO_01
2026-08-04,23:27:17,1.128,143.2,CAMPANHA_PILOTO_01
2026-08-04,23:27:18,1.127,143.1,CAMPANHA_PILOTO_01
2026-08-04,23:27:19,1.126,143.0,CAMPANHA_PILOTO_01
2026-08-04,23:27:20,1.126,143.0,CAMPANHA_PILOTO_01
2026-08-04,23:27:21,1.125,142.9,CAMPANHA_PILOTO_01
2026-08-04,23:27:22,1.124,142.8,CAMPANHA_PILOTO_01
2026-08-04,23:27:23,1.124,142.7,CAMPANHA_PILOTO_01
2026-08-04,23:27:24,1.123,142.7,CAMPANHA_PILOTO_01
2026-08-04,23:27:25,1.123,142.6,CAMPANHA_PILOTO_01
2026-08-04,23:27:26,1.122,142.5,CAMPANHA_PILOTO_01
2026-08-04,23:27:27,1.122,142.4,CAMPANHA_PILOTO_01
2026-08-04,23:27:28,1.121,142.4,CAMPANHA_PILOTO_01
2026-08-04,23:27:29,1.12,142.3,CAMPANHA_PILOTO_01
2026-08-04,23:27:30,1.12,142.2,CAMPANHA_PILOTO_01
2026-08-04,23:27:31,1.119,142.1,CAMPANHA_PILOTO_01
2026-08-04,23:27:32,1.119,142.1,CAMPANHA_PILOTO_01
2026-08-04,23:27:33,1.118,142.0,CAMPANHA_PILOTO_01
2026-08-04,23:27:34,1.117,141.9,CAMPANHA_PILOTO_01
2026-08-04,23:27:35,1.117,141.8,CAMPANHA_PILOTO_01
2026-08-04,23:27:36,1.116,141.8,CAMPANHA_PILOTO_01
2026-08-04,23:27:37,1.116,141.7,CAMPANHA_PILOTO_01
2026-08-04,23:27:38,1.115,141.6,CAMPANHA_PILOTO_01
2026-08-04,23:27:39,1.114,141.5,CAMPANHA_PILOTO_01
2026-08-04,23:27:40,1.114,141.5,CAMPANHA_PILOTO_01
2026-08-04,23:27:41,1.113,141.4,CAMPANHA_PILOTO_01
2026-08-04,23:27:42,1.113,141.3,CAMPANHA_PILOTO_01
2026-08-04,23:27:43,1.112,141.2,CAMPANHA_PILOTO_01
2026-08-04,23:27:44,1.112,141.2,CAMPANHA_PILOTO_01
2026-08-04,23:27:45,1.111,141.1,CAMPANHA_PILOTO_01
2026-08-04,23:27:46,1.11,141.0,CAMPANHA_PILOTO_01
2026-08-04,23:27:47,1.11,140.9,CAMPANHA_PILOTO_01
2026-08-04,23:27:48,1.109,140.9,CAMPANHA_PILOTO_01
2026-08-04,23:27:49,1.109,140.8,CAMPANHA_PILOTO_01
2026-08-04,23:27:50,1.108,140.7,CAMPANHA_PILOTO_01
2026-08-04,23:27:51,1.107,140.6,CAMPANHA_PILOTO_01
2026-08-04,23:27:52,1.107,140.6,CAMPANHA_PILOTO_01
2026-08-04,23:27:53,1.106,140.5,CAMPANHA_PILOTO_01
2026-08-04,23:27:54,1.106,140.4,CAMPANHA_PILOTO_01
2026-08-04,23:27:55,1.105,140.3,CAMPANHA_PILOTO_01
2026-08-04,23:27:56,1.104,140.3,CAMPANHA_PILOTO_01
2026-08-04,23:27:57,1.104,140.2,CAMPANHA_PILOTO_01
2026-08-04,23:27:58,1.103,140.1,CAMPANHA_PILOTO_01
2026-08-04,23:27:59,1.103,140.0,CAMPANHA_PILOTO_01
2026-08-04,23:28:00,1.102,140.0,CAMPANHA_PILOTO_01
2026-08-04,23:28:01,1.102,139.9,CAMPANHA_PILOTO_01
2026-08-04,23:28:02,1.101,139.8,CAMPANHA_PILOTO_01
2026-08-04,23:28:03,1.1,139.8,CAMPANHA_PILOTO_01
2026-08-04,23:28:04,1.1,139.7,CAMPANHA_PILOTO_01
2026-08-04,23:28:05,1.099,139.6,CAMPANHA_PILOTO_01
2026-08-04,23:28:06,1.099,139.5,CAMPANHA_PILOTO_01
2026-08-04,23:28:07,1.098,139.5,CAMPANHA_PILOTO_01
2026-08-04,23:28:08,1.098,139.4,CAMPANHA_PILOTO_01
2026-08-04,23:28:09,1.097,139.3,CAMPANHA_PILOTO_01
2026-08-04,23:28:10,1.096,139.2,CAMPANHA_PILOTO_01
2026-08-04,23:28:11,1.096,139.2,CAMPANHA_PILOTO_01
2026-08-04,23:28:12,1.095,139.1,CAMPANHA_PILOTO_01
2026-08-04,23:28:13,1.095,139.0,CAMPANHA_PILOTO_01
2026-08-04,23:28:14,1.094,139.0,CAMPANHA_PILOTO_01
2026-08-04,23:28:15,1.094,138.9,CAMPANHA_PILOTO_01
2026-08-04,23:28:16,1.093,138.8,CAMPANHA_PILOTO_01
2026-08-04,23:28:17,1.092,138.7,CAMPANHA_PILOTO_01
2026-08-04,23:28:18,1.092,138.7,CAMPANHA_PILOTO_01
2026-08-04,23:28:19,1.091,138.6,CAMPANHA_PILOTO_01
2026-08-04,23:28:20,1.091,138.5,CAMPANHA_PILOTO_01
2026-08-04,23:28:21,1.09,138.5,CAMPANHA_PILOTO_01
2026-08-04,23:28:22,1.09,138.4,CAMPANHA_PILOTO_01
2026-08-04,23:28:23,1.089,138.3,CAMPANHA_PILOTO_01
2026-08-04,23:28:24,1.088,138.2,CAMPANHA_PILOTO_01
2026-08-04,23:28:25,1.088,138.2,CAMPANHA_PILOTO_01
2026-08-04,23:28:26,1.087,138.1,CAMPANHA_PILOTO_01
2026-08-04,23:28:27,1.087,138.0,CAMPANHA_PILOTO_01
2026-08-04,23:28:28,1.086,137.9,CAMPANHA_PILOTO_01
2026-08-04,23:28:29,1.086,137.9,CAMPANHA_PILOTO_01
2026-08-04,23:28:30,1.085,137.8,CAMPANHA_PILOTO_01
2026-08-04,23:28:31,1.084,137.7,CAMPANHA_PILOTO_01
2026-08-04,23:28:32,1.084,137.7,CAMPANHA_PILOTO_01
2026-08-04,23:28:33,1.083,137.6,CAMPANHA_PILOTO_01
2026-08-04,23:28:34,1.083,137.5,CAMPANHA_PILOTO_01
2026-08-04,23:28:35,1.082,137.5,CAMPANHA_PILOTO_01
2026-08-04,23:28:36,1.082,137.4,CAMPANHA_PILOTO_01
2026-08-04,23:28:37,1.081,137.3,CAMPANHA_PILOTO_01
2026-08-04,23:28:38,1.081,137.2,CAMPANHA_PILOTO_01
2026-08-04,23:28:39,1.08,137.2,CAMPANHA_PILOTO_01
2026-08-04,23:28:40,1.08,137.1,CAMPANHA_PILOTO_01
2026-08-04,23:28:41,1.079,137.0,CAMPANHA_PILOTO_01
2026-08-04,23:28:42,1.078,137.0,CAMPANHA_PILOTO_01
2026-08-04,23:28:43,1.078,136.9,CAMPANHA_PILOTO_01
2026-08-04,23:28:44,1.077,136.8,CAMPANHA_PILOTO_01
2026-08-04,23:28:45,1.077,136.7,CAMPANHA_PILOTO_01
2026-08-04,23:28:46,1.076,136.7,CAMPANHA_PILOTO_01
2026-08-04,23:28:47,1.076,136.6,CAMPANHA_PILOTO_01
2026-08-04,23:28:48,1.075,136.5,CAMPANHA_PILOTO_01
2026-08-04,23:28:49,1.074,136.5,CAMPANHA_PILOTO_01
2026-08-04,23:28:50,1.074,136.4,CAMPANHA_PILOTO_01
2026-08-04,23:28:51,1.073,136.3,CAMPANHA_PILOTO_01
2026-08-04,23:28:52,1.073,136.2,CAMPANHA_PILOTO_01
2026-08-04,23:28:53,1.072,136.2,CAMPANHA_PILOTO_01
2026-08-04,23:28:54,1.072,136.1,CAMPANHA_PILOTO_01
2026-08-04,23:28:55,1.071,136.0,CAMPANHA_PILOTO_01
2026-08-04,23:28:56,1.071,136.0,CAMPANHA_PILOTO_01
2026-08-04,23:28:57,1.07,135.9,CAMPANHA_PILOTO_01
2026-08-04,23:28:58,1.07,135.8,CAMPANHA_PILOTO_01
2026-08-04,23:28:59,1.069,135.8,CAMPANHA_PILOTO_01
2026-08-04,23:29:00,1.068,135.7,CAMPANHA_PILOTO_01
2026-08-04,23:29:01,1.068,135.6,CAMPANHA_PILOTO_01
2026-08-04,23:29:02,1.067,135.6,CAMPANHA_PILOTO_01
2026-08-04,23:29:03,1.067,135.5,CAMPANHA_PILOTO_01
2026-08-04,23:29:04,1.066,135.4,CAMPANHA_PILOTO_01
2026-08-04,23:29:05,1.066,135.4,CAMPANHA_PILOTO_01
2026-08-04,23:29:06,1.065,135.3,CAMPANHA_PILOTO_01
2026-08-04,23:29:07,1.065,135.2,CAMPANHA_PILOTO_01
2026-08-04,23:29:08,1.064,135.2,CAMPANHA_PILOTO_01
2026-08-04,23:29:09,1.064,135.1,CAMPANHA_PILOTO_01
2026-08-04,23:29:10,1.063,135.0,CAMPANHA_PILOTO_01
2026-08-04,23:29:11,1.063,135.0,CAMPANHA_PILOTO_01
2026-08-04,23:29:12,1.062,134.9,CAMPANHA_PILOTO_01
2026-08-04,23:29:13,1.062,134.8,CAMPANHA_PILOTO_01
2026-08-04,23:29:14,1.061,134.8,CAMPANHA_PILOTO_01
2026-08-04,23:29:15,1.06,134.7,CAMPANHA_PILOTO_01
2026-08-04,23:29:16,1.06,134.6,CAMPANHA_PILOTO_01
2026-08-04,23:29:17,1.059,134.5,CAMPANHA_PILOTO_01
2026-08-04,23:29:18,1.059,134.5,CAMPANHA_PILOTO_01
2026-08-04,23:29:19,1.058,134.4,CAMPANHA_PILOTO_01
2026-08-04,23:29:20,1.058,134.3,CAMPANHA_PILOTO_01
2026-08-04,23:29:21,1.057,134.3,CAMPANHA_PILOTO_01
2026-08-04,23:29:22,1.057,134.2,CAMPANHA_PILOTO_01
2026-08-04,23:29:23,1.056,134.1,CAMPANHA_PILOTO_01
2026-08-04,23:29:24,1.056,134.1,CAMPANHA_PILOTO_01
2026-08-04,23:29:25,1.055,134.0,CAMPANHA_PILOTO_01
2026-08-04,23:29:26,1.055,133.9,CAMPANHA_PILOTO_01
2026-08-04,23:29:27,1.054,133.9,CAMPANHA_PILOTO_01
2026-08-04,23:29:28,1.053,133.8,CAMPANHA_PILOTO_01
2026-08-04,23:29:29,1.053,133.7,CAMPANHA_PILOTO_01
2026-08-04,23:29:30,1.052,133.7,CAMPANHA_PILOTO_01
2026-08-04,23:29:31,1.052,133.6,CAMPANHA_PILOTO_01
2026-08-04,23:29:32,1.051,133.5,CAMPANHA_PILOTO_01
2026-08-04,23:29:33,1.051,133.5,CAMPANHA_PILOTO_01
2026-08-04,23:29:34,1.05,133.4,CAMPANHA_PILOTO_01
2026-08-04,23:29:35,1.05,133.3,CAMPANHA_PILOTO_01
2026-08-04,23:29:36,1.049,133.3,CAMPANHA_PILOTO_01
2026-08-04,23:29:37,1.049,133.2,CAMPANHA_PILOTO_01
2026-08-04,23:29:38,1.048,133.1,CAMPANHA_PILOTO_01
2026-08-04,23:29:39,1.048,133.1,CAMPANHA_PILOTO_01
2026-08-04,23:29:40,1.047,133.0,CAMPANHA_PILOTO_01
2026-08-04,23:29:41,1.047,132.9,CAMPANHA_PILOTO_01
2026-08-04,23:29:42,1.046,132.9,CAMPANHA_PILOTO_01
2026-08-04,23:29:43,1.046,132.8,CAMPANHA_PILOTO_01
2026-08-04,23:29:44,1.045,132.7,CAMPANHA_PILOTO_01
2026-08-04,23:29:45,1.045,132.7,CAMPANHA_PILOTO_01
2026-08-04,23:29:46,1.044,132.6,CAMPANHA_PILOTO_01
2026-08-04,23:29:47,1.044,132.5,CAMPANHA_PILOTO_01
2026-08-04,23:29:48,1.043,132.5,CAMPANHA_PILOTO_01
2026-08-04,23:29:49,1.042,132.4,CAMPANHA_PILOTO_01
2026-08-04,23:29:50,1.042,132.3,CAMPANHA_PILOTO_01
2026-08-04,23:29:51,1.041,132.3,CAMPANHA_PILOTO_01
2026-08-04,23:29:52,1.041,132.2,CAMPANHA_PILOTO_01
2026-08-04,23:29:53,1.04,132.1,CAMPANHA_PILOTO_01
2026-08-04,23:29:54,1.04,132.1,CAMPANHA_PILOTO_01
2026-08-04,23:29:55,1.039,132.0,CAMPANHA_PILOTO_01
2026-08-04,23:29:56,1.039,131.9,CAMPANHA_PILOTO_01
2026-08-04,23:29:57,1.038,131.9,CAMPANHA_PILOTO_01
2026-08-04,23:29:58,1.038,131.8,CAMPANHA_PILOTO_01
2026-08-04,23:29:59,1.037,131.8,CAMPANHA_PILOTO_01
2026-08-04,23:30:00,1.037,131.7,CAMPANHA_PILOTO_01
2026-08-04,23:30:01,1.036,131.6,CAMPANHA_PILOTO_01
2026-08-04,23:30:02,1.036,131.5,CAMPANHA_PILOTO_01
2026-08-04,23:30:03,1.035,131.5,CAMPANHA_PILOTO_01
2026-08-04,23:30:04,1.035,131.4,CAMPANHA_PILOTO_01
2026-08-04,23:30:05,1.034,131.4,CAMPANHA_PILOTO_01
2026-08-04,23:30:06,1.034,131.3,CAMPANHA_PILOTO_01
2026-08-04,23:30:07,1.033,131.2,CAMPANHA_PILOTO_01
2026-08-04,23:30:08,1.033,131.2,CAMPANHA_PILOTO_01
2026-08-04,23:30:09,1.032,131.1,CAMPANHA_PILOTO_01
2026-08-04,23:30:10,1.032,131.0,CAMPANHA_PILOTO_01
2026-08-04,23:30:11,1.031,131.0,CAMPANHA_PILOTO_01
2026-08-04,23:30:12,1.031,130.9,CAMPANHA_PILOTO_01
2026-08-04,23:30:13,1.03,130.8,CAMPANHA_PILOTO_01
2026-08-04,23:30:14,1.03,130.8,CAMPANHA_PILOTO_01
2026-08-04,23:30:15,1.029,130.7,CAMPANHA_PILOTO_01
2026-08-04,23:30:16,1.029,130.6,CAMPANHA_PILOTO_01
2026-08-04,23:30:17,1.028,130.6,CAMPANHA_PILOTO_01
2026-08-04,23:30:18,1.028,130.5,CAMPANHA_PILOTO_01
2026-08-04,23:30:19,1.027,130.5,CAMPANHA_PILOTO_01
2026-08-04,23:30:20,1.027,130.4,CAMPANHA_PILOTO_01
2026-08-04,23:30:21,1.026,130.3,CAMPANHA_PILOTO_01
2026-08-04,23:30:22,1.026,130.3,CAMPANHA_PILOTO_01
2026-08-04,23:30:23,1.025,130.2,CAMPANHA_PILOTO_01
2026-08-04,23:30:24,1.025,130.1,CAMPANHA_PILOTO_01
2026-08-04,23:30:25,1.024,130.1,CAMPANHA_PILOTO_01
2026-08-04,23:30:26,1.024,130.0,CAMPANHA_PILOTO_01
2026-08-04,23:30:27,1.023,130.0,CAMPANHA_PILOTO_01
2026-08-04,23:30:28,1.023,129.9,CAMPANHA_PILOTO_01
2026-08-04,23:30:29,1.022,129.8,CAMPANHA_PILOTO_01
2026-08-04,23:30:30,1.022,129.8,CAMPANHA_PILOTO_01
2026-08-04,23:30:31,1.021,129.7,CAMPANHA_PILOTO_01
2026-08-04,23:30:32,1.021,129.6,CAMPANHA_PILOTO_01
2026-08-04,23:30:33,1.02,129.6,CAMPANHA_PILOTO_01
2026-08-04,23:30:34,1.02,129.5,CAMPANHA_PILOTO_01
2026-08-04,23:30:35,1.019,129.5,CAMPANHA_PILOTO_01
2026-08-04,23:30:36,1.019,129.4,CAMPANHA_PILOTO_01
2026-08-04,23:30:37,1.018,129.3,CAMPANHA_PILOTO_01
2026-08-04,23:30:38,1.018,129.3,CAMPANHA_PILOTO_01
2026-08-04,23:30:39,1.017,129.2,CAMPANHA_PILOTO_01
2026-08-04,23:30:40,1.017,129.1,CAMPANHA_PILOTO_01
2026-08-04,23:30:41,1.016,129.1,CAMPANHA_PILOTO_01
2026-08-04,23:30:42,1.016,129.0,CAMPANHA_PILOTO_01
2026-08-04,23:30:43,1.015,128.9,CAMPANHA_PILOTO_01
2026-08-04,23:30:44,1.015,128.9,CAMPANHA_PILOTO_01
2026-08-04,23:30:45,1.014,128.8,CAMPANHA_PILOTO_01
2026-08-04,23:30:46,1.014,128.8,CAMPANHA_PILOTO_01
2026-08-04,23:30:47,1.013,128.7,CAMPANHA_PILOTO_01
2026-08-04,23:30:48,1.013,128.6,CAMPANHA_PILOTO_01
2026-08-04,23:30:49,1.012,128.6,CAMPANHA_PILOTO_01
2026-08-04,23:30:50,1.012,128.5,CAMPANHA_PILOTO_01
2026-08-04,23:30:51,1.011,128.5,CAMPANHA_PILOTO_01
2026-08-04,23:30:52,1.011,128.4,CAMPANHA_PILOTO_01
2026-08-04,23:30:53,1.01,128.3,CAMPANHA_PILOTO_01
2026-08-04,23:30:54,1.01,128.3,CAMPANHA_PILOTO_01
2026-08-04,23:30:55,1.009,128.2,CAMPANHA_PILOTO_01
2026-08-04,23:30:56,1.009,128.1,CAMPANHA_PILOTO_01
2026-08-04,23:30:57,1.008,128.1,CAMPANHA_PILOTO_01
2026-08-04,23:30:58,1.008,128.0,CAMPANHA_PILOTO_01
2026-08-04,23:30:59,1.008,128.0,CAMPANHA_PILOTO_01
2026-08-04,23:31:00,1.007,127.9,CAMPANHA_PILOTO_01
2026-08-04,23:31:01,1.006,127.8,CAMPANHA_PILOTO_01
2026-08-04,23:31:02,1.006,127.8,CAMPANHA_PILOTO_01
2026-08-04,23:31:03,1.006,127.7,CAMPANHA_PILOTO_01
2026-08-04,23:31:04,1.005,127.6,CAMPANHA_PILOTO_01
2026-08-04,23:31:05,1.005,127.6,CAMPANHA_PILOTO_01
2026-08-04,23:31:06,1.004,127.5,CAMPANHA_PILOTO_01
2026-08-04,23:31:07,1.004,127.5,CAMPANHA_PILOTO_01
2026-08-04,23:31:08,1.003,127.4,CAMPANHA_PILOTO_01
2026-08-04,23:31:09,1.003,127.4,CAMPANHA_PILOTO_01
2026-08-04,23:31:10,1.002,127.3,CAMPANHA_PILOTO_01
2026-08-04,23:31:11,1.002,127.2,CAMPANHA_PILOTO_01
2026-08-04,23:31:12,1.001,127.2,CAMPANHA_PILOTO_01
2026-08-04,23:31:13,1.001,127.1,CAMPANHA_PILOTO_01
2026-08-04,23:31:14,1.0,127.0,CAMPANHA_PILOTO_01
2026-08-04,23:31:15,1.0,127.0,CAMPANHA_PILOTO_01
2026-08-04,23:31:16,0.999,126.9,CAMPANHA_PILOTO_01
2026-08-04,23:31:17,0.999,126.9,CAMPANHA_PILOTO_01
2026-08-04,23:31:18,0.998,126.8,CAMPANHA_PILOTO_01
2026-08-04,23:31:19,0.998,126.7,CAMPANHA_PILOTO_01
2026-08-04,23:31:20,0.998,126.7,CAMPANHA_PILOTO_01
2026-08-04,23:31:21,0.997,126.6,CAMPANHA_PILOTO_01
2026-08-04,23:31:22,0.996,126.6,CAMPANHA_PILOTO_01
2026-08-04,23:31:23,0.996,126.5,CAMPANHA_PILOTO_01
2026-08-04,23:31:24,0.996,126.4,CAMPANHA_PILOTO_01
2026-08-04,23:31:25,0.995,126.4,CAMPANHA_PILOTO_01
2026-08-04,23:31:26,0.995,126.3,CAMPANHA_PILOTO_01
2026-08-04,23:31:27,0.994,126.3,CAMPANHA_PILOTO_01
2026-08-04,23:31:28,0.994,126.2,CAMPANHA_PILOTO_01
2026-08-04,23:31:29,0.993,126.1,CAMPANHA_PILOTO_01
2026-08-04,23:31:30,0.993,126.1,CAMPANHA_PILOTO_01
2026-08-04,23:31:31,0.992,126.0,CAMPANHA_PILOTO_01
2026-08-04,23:31:32,0.992,126.0,CAMPANHA_PILOTO_01
2026-08-04,23:31:33,0.991,125.9,CAMPANHA_PILOTO_01
2026-08-04,23:31:34,0.991,125.8,CAMPANHA_PILOTO_01
2026-08-04,23:31:35,0.99,125.8,CAMPANHA_PILOTO_01
2026-08-04,23:31:36,0.99,125.7,CAMPANHA_PILOTO_01
2026-08-04,23:31:37,0.99,125.7,CAMPANHA_PILOTO_01
2026-08-04,23:31:38,0.989,125.6,CAMPANHA_PILOTO_01
2026-08-04,23:31:39,0.989,125.6,CAMPANHA_PILOTO_01
2026-08-04,23:31:40,0.988,125.5,CAMPANHA_PILOTO_01
2026-08-04,23:31:41,0.988,125.4,CAMPANHA_PILOTO_01
2026-08-04,23:31:42,0.987,125.4,CAMPANHA_PILOTO_01
2026-08-04,23:31:43,0.987,125.3,CAMPANHA_PILOTO_01
2026-08-04,23:31:44,0.986,125.2,CAMPANHA_PILOTO_01
2026-08-04,23:31:45,0.986,125.2,CAMPANHA_PILOTO_01
2026-08-04,23:31:46,0.985,125.1,CAMPANHA_PILOTO_01
2026-08-04,23:31:47,0.985,125.1,CAMPANHA_PILOTO_01
2026-08-04,23:31:48,0.984,125.0,CAMPANHA_PILOTO_01
2026-08-04,23:31:49,0.984,125.0,CAMPANHA_PILOTO_01
2026-08-04,23:31:50,0.983,124.9,CAMPANHA_PILOTO_01
2026-08-04,23:31:51,0.983,124.8,CAMPANHA_PILOTO_01
2026-08-04,23:31:52,0.982,124.8,CAMPANHA_PILOTO_01
2026-08-04,23:31:53,0.982,124.7,CAMPANHA_PILOTO_01
2026-08-04,23:31:54,0.982,124.7,CAMPANHA_PILOTO_01
2026-08-04,23:31:55,0.981,124.6,CAMPANHA_PILOTO_01
2026-08-04,23:31:56,0.981,124.6,CAMPANHA_PILOTO_01
2026-08-04,23:31:57,0.98,124.5,CAMPANHA_PILOTO_01
2026-08-04,23:31:58,0.98,124.4,CAMPANHA_PILOTO_01
2026-08-04,23:31:59,0.979,124.4,CAMPANHA_PILOTO_01
2026-08-04,23:32:00,0.979,124.3,CAMPANHA_PILOTO_01
2026-08-04,23:32:01,0.978,124.2,CAMPANHA_PILOTO_01
2026-08-04,23:32:02,0.978,124.2,CAMPANHA_PILOTO_01
2026-08-04,23:32:03,0.978,124.1,CAMPANHA_PILOTO_01
2026-08-04,23:32:04,0.977,124.1,CAMPANHA_PILOTO_01
2026-08-04,23:32:05,0.977,124.0,CAMPANHA_PILOTO_01
2026-08-04,23:32:06,0.976,124.0,CAMPANHA_PILOTO_01
2026-08-04,23:32:07,0.976,123.9,CAMPANHA_PILOTO_01
2026-08-04,23:32:08,0.975,123.8,CAMPANHA_PILOTO_01
2026-08-04,23:32:09,0.975,123.8,CAMPANHA_PILOTO_01
2026-08-04,23:32:10,0.974,123.7,CAMPANHA_PILOTO_01
2026-08-04,23:32:11,0.974,123.7,CAMPANHA_PILOTO_01
2026-08-04,23:32:12,0.973,123.6,CAMPANHA_PILOTO_01
2026-08-04,23:32:13,0.973,123.6,CAMPANHA_PILOTO_01
2026-08-04,23:32:14,0.973,123.5,CAMPANHA_PILOTO_01
2026-08-04,23:32:15,0.972,123.5,CAMPANHA_PILOTO_01
2026-08-04,23:32:16,0.972,123.4,CAMPANHA_PILOTO_01
2026-08-04,23:32:17,0.971,123.3,CAMPANHA_PILOTO_01
2026-08-04,23:32:18,0.971,123.3,CAMPANHA_PILOTO_01
2026-08-04,23:32:19,0.97,123.2,CAMPANHA_PILOTO_01
2026-08-04,23:32:20,0.97,123.2,CAMPANHA_PILOTO_01
2026-08-04,23:32:21,0.969,123.1,CAMPANHA_PILOTO_01
2026-08-04,23:32:22,0.969,123.0,CAMPANHA_PILOTO_01
2026-08-04,23:32:23,0.968,123.0,CAMPANHA_PILOTO_01
2026-08-04,23:32:24,0.968,122.9,CAMPANHA_PILOTO_01
2026-08-04,23:32:25,0.968,122.9,CAMPANHA_PILOTO_01
2026-08-04,23:32:26,0.967,122.8,CAMPANHA_PILOTO_01
2026-08-04,23:32:27,0.967,122.8,CAMPANHA_PILOTO_01
2026-08-04,23:32:28,0.966,122.7,CAMPANHA_PILOTO_01
2026-08-04,23:32:29,0.966,122.7,CAMPANHA_PILOTO_01
2026-08-04,23:32:30,0.965,122.6,CAMPANHA_PILOTO_01
2026-08-04,23:32:31,0.965,122.6,CAMPANHA_PILOTO_01
2026-08-04,23:32:32,0.964,122.5,CAMPANHA_PILOTO_01
2026-08-04,23:32:33,0.964,122.4,CAMPANHA_PILOTO_01
2026-08-04,23:32:34,0.964,122.4,CAMPANHA_PILOTO_01
2026-08-04,23:32:35,0.963,122.3,CAMPANHA_PILOTO_01
2026-08-04,23:32:36,0.963,122.3,CAMPANHA_PILOTO_01
2026-08-04,23:32:37,0.962,122.2,CAMPANHA_PILOTO_01
2026-08-04,23:32:38,0.962,122.2,CAMPANHA_PILOTO_01
2026-08-04,23:32:39,0.961,122.1,CAMPANHA_PILOTO_01
2026-08-04,23:32:40,0.961,122.0,CAMPANHA_PILOTO_01
2026-08-04,23:32:41,0.96,122.0,CAMPANHA_PILOTO_01
2026-08-04,23:32:42,0.96,121.9,CAMPANHA_PILOTO_01
2026-08-04,23:32:43,0.96,121.9,CAMPANHA_PILOTO_01
2026-08-04,23:32:44,0.959,121.8,CAMPANHA_PILOTO_01
2026-08-04,23:32:45,0.959,121.8,CAMPANHA_PILOTO_01
2026-08-04,23:32:46,0.958,121.7,CAMPANHA_PILOTO_01
2026-08-04,23:32:47,0.958,121.6,CAMPANHA_PILOTO_01
2026-08-04,23:32:48,0.958,121.6,CAMPANHA_PILOTO_01
2026-08-04,23:32:49,0.957,121.5,CAMPANHA_PILOTO_01
2026-08-04,23:32:50,0.957,121.5,CAMPANHA_PILOTO_01
2026-08-04,23:32:51,0.956,121.4,CAMPANHA_PILOTO_01
2026-08-04,23:32:52,0.956,121.4,CAMPANHA_PILOTO_01
2026-08-04,23:32:53,0.955,121.3,CAMPANHA_PILOTO_01
2026-08-04,23:32:54,0.955,121.3,CAMPANHA_PILOTO_01
2026-08-04,23:32:55,0.954,121.2,CAMPANHA_PILOTO_01
2026-08-04,23:32:56,0.954,121.2,CAMPANHA_PILOTO_01
2026-08-04,23:32:57,0.954,121.1,CAMPANHA_PILOTO_01
2026-08-04,23:32:58,0.953,121.0,CAMPANHA_PILOTO_01
2026-08-04,23:32:59,0.953,121.0,CAMPANHA_PILOTO_01
2026-08-04,23:33:00,0.952,120.9,CAMPANHA_PILOTO_01
2026-08-04,23:33:01,0.952,120.9,CAMPANHA_PILOTO_01
2026-08-04,23:33:02,0.951,120.8,CAMPANHA_PILOTO_01
2026-08-04,23:33:03,0.951,120.8,CAMPANHA_PILOTO_01
2026-08-04,23:33:04,0.951,120.7,CAMPANHA_PILOTO_01
2026-08-04,23:33:05,0.95,120.7,CAMPANHA_PILOTO_01
2026-08-04,23:33:06,0.95,120.6,CAMPANHA_PILOTO_01
2026-08-04,23:33:07,0.949,120.6,CAMPANHA_PILOTO_01
2026-08-04,23:33:08,0.949,120.5,CAMPANHA_PILOTO_01
2026-08-04,23:33:09,0.948,120.4,CAMPANHA_PILOTO_01
2026-08-04,23:33:10,0.948,120.4,CAMPANHA_PILOTO_01
2026-08-04,23:33:11,0.947,120.3,CAMPANHA_PILOTO_01
2026-08-04,23:33:12,0.947,120.3,CAMPANHA_PILOTO_01
2026-08-04,23:33:13,0.947,120.2,CAMPANHA_PILOTO_01
2026-08-04,23:33:14,0.946,120.2,CAMPANHA_PILOTO_01
2026-08-04,23:33:15,0.946,120.1,CAMPANHA_PILOTO_01
2026-08-04,23:33:16,0.945,120.1,CAMPANHA_PILOTO_01
2026-08-04,23:33:17,0.945,120.0,CAMPANHA_PILOTO_01
2026-08-04,23:33:18,0.945,120.0,CAMPANHA_PILOTO_01
2026-08-04,23:33:19,0.944,119.9,CAMPANHA_PILOTO_01
2026-08-04,23:33:20,0.944,119.8,CAMPANHA_PILOTO_01
2026-08-04,23:33:21,0.943,119.8,CAMPANHA_PILOTO_01
2026-08-04,23:33:22,0.943,119.7,CAMPANHA_PILOTO_01
2026-08-04,23:33:23,0.942,119.7,CAMPANHA_PILOTO_01
2026-08-04,23:33:24,0.942,119.6,CAMPANHA_PILOTO_01
2026-08-04,23:33:25,0.942,119.6,CAMPANHA_PILOTO_01
2026-08-04,23:33:26,0.941,119.5,CAMPANHA_PILOTO_01
2026-08-04,23:33:27,0.941,119.5,CAMPANHA_PILOTO_01
2026-08-04,23:33:28,0.94,119.4,CAMPANHA_PILOTO_01
2026-08-04,23:33:29,0.94,119.4,CAMPANHA_PILOTO_01
2026-08-04,23:33:30,0.939,119.3,CAMPANHA_PILOTO_01
2026-08-04,23:33:31,0.939,119.3,CAMPANHA_PILOTO_01
2026-08-04,23:33:32,0.939,119.2,CAMPANHA_PILOTO_01
2026-08-04,23:33:33,0.938,119.2,CAMPANHA_PILOTO_01
2026-08-04,23:33:34,0.938,119.1,CAMPANHA_PILOTO_01
2026-08-04,23:33:35,0.937,119.0,CAMPANHA_PILOTO_01
2026-08-04,23:33:36,0.937,119.0,CAMPANHA_PILOTO_01
2026-08-04,23:33:37,0.937,118.9,CAMPANHA_PILOTO_01
2026-08-04,23:33:38,0.936,118.9,CAMPANHA_PILOTO_01
2026-08-04,23:33:39,0.936,118.8,CAMPANHA_PILOTO_01
2026-08-04,23:33:40,0.935,118.8,CAMPANHA_PILOTO_01
2026-08-04,23:33:41,0.935,118.7,CAMPANHA_PILOTO_01
2026-08-04,23:33:42,0.934,118.7,CAMPANHA_PILOTO_01
2026-08-04,23:33:43,0.934,118.6,CAMPANHA_PILOTO_01
2026-08-04,23:33:44,0.934,118.6,CAMPANHA_PILOTO_01
2026-08-04,23:33:45,0.933,118.5,CAMPANHA_PILOTO_01
2026-08-04,23:33:46,0.933,118.5,CAMPANHA_PILOTO_01
2026-08-04,23:33:47,0.932,118.4,CAMPANHA_PILOTO_01
2026-08-04,23:33:48,0.932,118.4,CAMPANHA_PILOTO_01
2026-08-04,23:33:49,0.932,118.3,CAMPANHA_PILOTO_01
2026-08-04,23:33:50,0.931,118.3,CAMPANHA_PILOTO_01
2026-08-04,23:33:51,0.931,118.2,CAMPANHA_PILOTO_01
2026-08-04,23:33:52,0.93,118.2,CAMPANHA_PILOTO_01
2026-08-04,23:33:53,0.93,118.1,CAMPANHA_PILOTO_01
2026-08-04,23:33:54,0.93,118.0,CAMPANHA_PILOTO_01
2026-08-04,23:33:55,0.929,118.0,CAMPANHA_PILOTO_01
2026-08-04,23:33:56,0.929,117.9,CAMPANHA_PILOTO_01
2026-08-04,23:33:57,0.928,117.9,CAMPANHA_PILOTO_01
2026-08-04,23:33:58,0.928,117.8,CAMPANHA_PILOTO_01
2026-08-04,23:33:59,0.927,117.8,CAMPANHA_PILOTO_01
2026-08-04,23:34:00,0.927,117.7,CAMPANHA_PILOTO_01
2026-08-04,23:34:01,0.927,117.7,CAMPANHA_PILOTO_01
2026-08-04,23:34:02,0.926,117.6,CAMPANHA_PILOTO_01
2026-08-04,23:34:03,0.926,117.6,CAMPANHA_PILOTO_01
2026-08-04,23:34:04,0.925,117.5,CAMPANHA_PILOTO_01
2026-08-04,23:34:05,0.925,117.5,CAMPANHA_PILOTO_01
2026-08-04,23:34:06,0.925,117.4,CAMPANHA_PILOTO_01
2026-08-04,23:34:07,0.924,117.4,CAMPANHA_PILOTO_01
2026-08-04,23:34:08,0.924,117.3,CAMPANHA_PILOTO_01
2026-08-04,23:34:09,0.923,117.3,CAMPANHA_PILOTO_01
2026-08-04,23:34:10,0.923,117.2,CAMPANHA_PILOTO_01
2026-08-04,23:34:11,0.923,117.2,CAMPANHA_PILOTO_01
2026-08-04,23:34:12,0.922,117.1,CAMPANHA_PILOTO_01
2026-08-04,23:34:13,0.922,117.1,CAMPANHA_PILOTO_01
2026-08-04,23:34:14,0.921,117.0,CAMPANHA_PILOTO_01
2026-08-04,23:34:15,0.921,117.0,CAMPANHA_PILOTO_01
2026-08-04,23:34:16,0.921,116.9,CAMPANHA_PILOTO_01
2026-08-04,23:34:17,0.92,116.8,CAMPANHA_PILOTO_01
2026-08-04,23:34:18,0.92,116.8,CAMPANHA_PILOTO_01
2026-08-04,23:34:19,0.919,116.8,CAMPANHA_PILOTO_01
2026-08-04,23:34:20,0.919,116.7,CAMPANHA_PILOTO_01
2026-08-04,23:34:21,0.918,116.6,CAMPANHA_PILOTO_01
2026-08-04,23:34:22,0.918,116.6,CAMPANHA_PILOTO_01
2026-08-04,23:34:23,0.918,116.6,CAMPANHA_PILOTO_01
2026-08-04,23:34:24,0.917,116.5,CAMPANHA_PILOTO_01
2026-08-04,23:34:25,0.917,116.4,CAMPANHA_PILOTO_01
2026-08-04,23:34:26,0.917,116.4,CAMPANHA_PILOTO_01
2026-08-04,23:34:27,0.916,116.4,CAMPANHA_PILOTO_01
2026-08-04,23:34:28,0.916,116.3,CAMPANHA_PILOTO_01
2026-08-04,23:34:29,0.915,116.2,CAMPANHA_PILOTO_01
2026-08-04,23:34:30,0.915,116.2,CAMPANHA_PILOTO_01
2026-08-04,23:34:31,0.914,116.1,CAMPANHA_PILOTO_01
2026-08-04,23:34:32,0.914,116.1,CAMPANHA_PILOTO_01
2026-08-04,23:34:33,0.914,116.0,CAMPANHA_PILOTO_01
2026-08-04,23:34:34,0.913,116.0,CAMPANHA_PILOTO_01
2026-08-04,23:34:35,0.913,115.9,CAMPANHA_PILOTO_01
2026-08-04,23:34:36,0.913,115.9,CAMPANHA_PILOTO_01
2026-08-04,23:34:37,0.912,115.8,CAMPANHA_PILOTO_01
2026-08-04,23:34:38,0.912,115.8,CAMPANHA_PILOTO_01
2026-08-04,23:34:39,0.911,115.7,CAMPANHA_PILOTO_01
2026-08-04,23:34:40,0.911,115.7,CAMPANHA_PILOTO_01
2026-08-04,23:34:41,0.911,115.6,CAMPANHA_PILOTO_01
2026-08-04,23:34:42,0.91,115.6,CAMPANHA_PILOTO_01
2026-08-04,23:34:43,0.91,115.5,CAMPANHA_PILOTO_01
2026-08-04,23:34:44,0.909,115.5,CAMPANHA_PILOTO_01
2026-08-04,23:34:45,0.909,115.4,CAMPANHA_PILOTO_01
2026-08-04,23:34:46,0.909,115.4,CAMPANHA_PILOTO_01
2026-08-04,23:34:47,0.908,115.3,CAMPANHA_PILOTO_01
2026-08-04,23:34:48,0.908,115.3,CAMPANHA_PILOTO_01
2026-08-04,23:34:49,0.907,115.2,CAMPANHA_PILOTO_01
2026-08-04,23:34:50,0.907,115.2,CAMPANHA_PILOTO_01
2026-08-04,23:34:51,0.907,115.1,CAMPANHA_PILOTO_01
2026-08-04,23:34:52,0.906,115.1,CAMPANHA_PILOTO_01
2026-08-04,23:34:53,0.906,115.0,CAMPANHA_PILOTO_01
2026-08-04,23:34:54,0.905,115.0,CAMPANHA_PILOTO_01
2026-08-04,23:34:55,0.905,114.9,CAMPANHA_PILOTO_01
2026-08-04,23:34:56,0.905,114.9,CAMPANHA_PILOTO_01
2026-08-04,23:34:57,0.904,114.8,CAMPANHA_PILOTO_01
2026-08-04,23:34:58,0.904,114.8,CAMPANHA_PILOTO_01
2026-08-04,23:34:59,0.904,114.8,CAMPANHA_PILOTO_01
2026-08-04,23:35:00,0.903,114.7,CAMPANHA_PILOTO_01
2026-08-04,23:35:01,0.903,114.6,CAMPANHA_PILOTO_01
2026-08-04,23:35:02,0.902,114.6,CAMPANHA_PILOTO_01
2026-08-04,23:35:03,0.902,114.5,CAMPANHA_PILOTO_01
2026-08-04,23:35:04,0.902,114.5,CAMPANHA_PILOTO_01
2026-08-04,23:35:05,0.901,114.4,CAMPANHA_PILOTO_01
2026-08-04,23:35:06,0.901,114.4,CAMPANHA_PILOTO_01
2026-08-04,23:35:07,0.9,114.4,CAMPANHA_PILOTO_01
2026-08-04,23:35:08,0.9,114.3,CAMPANHA_PILOTO_01
2026-08-04,23:35:09,0.9,114.2,CAMPANHA_PILOTO_01
2026-08-04,23:35:10,0.899,114.2,CAMPANHA_PILOTO_01
2026-08-04,23:35:11,0.899,114.2,CAMPANHA_PILOTO_01
2026-08-04,23:35:12,0.898,114.1,CAMPANHA_PILOTO_01
2026-08-04,23:35:13,0.898,114.1,CAMPANHA_PILOTO_01
2026-08-04,23:35:14,0.898,114.0,CAMPANHA_PILOTO_01
2026-08-04,23:35:15,0.897,114.0,CAMPANHA_PILOTO_01
2026-08-04,23:35:16,0.897,113.9,CAMPANHA_PILOTO_01
2026-08-04,23:35:17,0.897,113.9,CAMPANHA_PILOTO_01
2026-08-04,23:35:18,0.896,113.8,CAMPANHA_PILOTO_01
2026-08-04,23:35:19,0.896,113.8,CAMPANHA_PILOTO_01
2026-08-04,23:35:20,0.895,113.7,CAMPANHA_PILOTO_01
2026-08-04,23:35:21,0.895,113.7,CAMPANHA_PILOTO_01
2026-08-04,23:35:22,0.895,113.6,CAMPANHA_PILOTO_01
2026-08-04,23:35:23,0.894,113.6,CAMPANHA_PILOTO_01
2026-08-04,23:35:24,0.894,113.5,CAMPANHA_PILOTO_01
2026-08-04,23:35:25,0.894,113.5,CAMPANHA_PILOTO_01
2026-08-04,23:35:26,0.893,113.4,CAMPANHA_PILOTO_01
2026-08-04,23:35:27,0.893,113.4,CAMPANHA_PILOTO_01
2026-08-04,23:35:28,0.892,113.3,CAMPANHA_PILOTO_01
2026-08-04,23:35:29,0.892,113.3,CAMPANHA_PILOTO_01
2026-08-04,23:35:30,0.892,113.2,CAMPANHA_PILOTO_01
2026-08-04,23:35:31,0.891,113.2,CAMPANHA_PILOTO_01
2026-08-04,23:35:32,0.891,113.1,CAMPANHA_PILOTO_01
2026-08-04,23:35:33,0.89,113.1,CAMPANHA_PILOTO_01
2026-08-04,23:35:34,0.89,113.0,CAMPANHA_PILOTO_01
2026-08-04,23:35:35,0.89,113.0,CAMPANHA_PILOTO_01
2026-08-04,23:35:36,0.889,112.9,CAMPANHA_PILOTO_01
2026-08-04,23:35:37,0.889,112.9,CAMPANHA_PILOTO_01
2026-08-04,23:35:38,0.889,112.8,CAMPANHA_PILOTO_01
2026-08-04,23:35:39,0.888,112.8,CAMPANHA_PILOTO_01
2026-08-04,23:35:40,0.888,112.8,CAMPANHA_PILOTO_01
2026-08-04,23:35:41,0.887,112.7,CAMPANHA_PILOTO_01
2026-08-04,23:35:42,0.887,112.7,CAMPANHA_PILOTO_01
2026-08-04,23:35:43,0.887,112.6,CAMPANHA_PILOTO_01
2026-08-04,23:35:44,0.886,112.6,CAMPANHA_PILOTO_01
2026-08-04,23:35:45,0.886,112.5,CAMPANHA_PILOTO_01
2026-08-04,23:35:46,0.886,112.5,CAMPANHA_PILOTO_01
2026-08-04,23:35:47,0.885,112.4,CAMPANHA_PILOTO_01
2026-08-04,23:35:48,0.885,112.4,CAMPANHA_PILOTO_01
2026-08-04,23:35:49,0.885,112.3,CAMPANHA_PILOTO_01
2026-08-04,23:35:50,0.884,112.3,CAMPANHA_PILOTO_01
2026-08-04,23:35:51,0.884,112.2,CAMPANHA_PILOTO_01
2026-08-04,23:35:52,0.883,112.2,CAMPANHA_PILOTO_01
2026-08-04,23:35:53,0.883,112.1,CAMPANHA_PILOTO_01
2026-08-04,23:35:54,0.883,112.1,CAMPANHA_PILOTO_01
2026-08-04,23:35:55,0.882,112.0,CAMPANHA_PILOTO_01
2026-08-04,23:35:56,0.882,112.0,CAMPANHA_PILOTO_01
2026-08-04,23:35:57,0.882,112.0,CAMPANHA_PILOTO_01
2026-08-04,23:35:58,0.881,111.9,CAMPANHA_PILOTO_01
2026-08-04,23:35:59,0.881,111.9,CAMPANHA_PILOTO_01
2026-08-04,23:36:00,0.88,111.8,CAMPANHA_PILOTO_01
2026-08-04,23:36:01,0.88,111.8,CAMPANHA_PILOTO_01
2026-08-04,23:36:02,0.88,111.7,CAMPANHA_PILOTO_01
2026-08-04,23:36:03,0.879,111.7,CAMPANHA_PILOTO_01
2026-08-04,23:36:04,0.879,111.6,CAMPANHA_PILOTO_01
2026-08-04,23:36:05,0.879,111.6,CAMPANHA_PILOTO_01
2026-08-04,23:36:06,0.878,111.5,CAMPANHA_PILOTO_01
2026-08-04,23:36:07,0.878,111.5,CAMPANHA_PILOTO_01
2026-08-04,23:36:08,0.877,111.4,CAMPANHA_PILOTO_01
2026-08-04,23:36:09,0.877,111.4,CAMPANHA_PILOTO_01
2026-08-04,23:36:10,0.877,111.3,CAMPANHA_PILOTO_01
2026-08-04,23:36:11,0.876,111.3,CAMPANHA_PILOTO_01
2026-08-04,23:36:12,0.876,111.2,CAMPANHA_PILOTO_01
2026-08-04,23:36:13,0.876,111.2,CAMPANHA_PILOTO_01
2026-08-04,23:36:14,0.875,111.2,CAMPANHA_PILOTO_01
2026-08-04,23:36:15,0.875,111.1,CAMPANHA_PILOTO_01
2026-08-04,23:36:16,0.874,111.1,CAMPANHA_PILOTO_01
2026-08-04,23:36:17,0.874,111.0,CAMPANHA_PILOTO_01
2026-08-04,23:36:18,0.874,111.0,CAMPANHA_PILOTO_01
2026-08-04,23:36:19,0.873,110.9,CAMPANHA_PILOTO_01
2026-08-04,23:36:20,0.873,110.9,CAMPANHA_PILOTO_01
2026-08-04,23:36:21,0.873,110.8,CAMPANHA_PILOTO_01
2026-08-04,23:36:22,0.872,110.8,CAMPANHA_PILOTO_01
2026-08-04,23:36:23,0.872,110.7,CAMPANHA_PILOTO_01
2026-08-04,23:36:24,0.872,110.7,CAMPANHA_PILOTO_01
2026-08-04,23:36:25,0.871,110.7,CAMPANHA_PILOTO_01
2026-08-04,23:36:26,0.871,110.6,CAMPANHA_PILOTO_01
2026-08-04,23:36:27,0.87,110.6,CAMPANHA_PILOTO_01
2026-08-04,23:36:28,0.87,110.5,CAMPANHA_PILOTO_01
2026-08-04,23:36:29,0.87,110.5,CAMPANHA_PILOTO_01
2026-08-04,23:36:30,0.869,110.4,CAMPANHA_PILOTO_01
2026-08-04,23:36:31,0.869,110.4,CAMPANHA_PILOTO_01
2026-08-04,23:36:32,0.869,110.3,CAMPANHA_PILOTO_01
2026-08-04,23:36:33,0.868,110.3,CAMPANHA_PILOTO_01
2026-08-04,23:36:34,0.868,110.2,CAMPANHA_PILOTO_01
2026-08-04,23:36:35,0.868,110.2,CAMPANHA_PILOTO_01
2026-08-04,23:36:36,0.867,110.2,CAMPANHA_PILOTO_01
2026-08-04,23:36:37,0.867,110.1,CAMPANHA_PILOTO_01
2026-08-04,23:36:38,0.867,110.1,CAMPANHA_PILOTO_01
2026-08-04,23:36:39,0.866,110.0,CAMPANHA_PILOTO_01
2026-08-04,23:36:40,0.866,110.0,CAMPANHA_PILOTO_01
2026-08-04,23:36:41,0.866,109.9,CAMPANHA_PILOTO_01
2026-08-04,23:36:42,0.865,109.9,CAMPANHA_PILOTO_01
2026-08-04,23:36:43,0.865,109.8,CAMPANHA_PILOTO_01
2026-08-04,23:36:44,0.864,109.8,CAMPANHA_PILOTO_01
2026-08-04,23:36:45,0.864,109.7,CAMPANHA_PILOTO_01
2026-08-04,23:36:46,0.864,109.7,CAMPANHA_PILOTO_01
2026-08-04,23:36:47,0.863,109.6,CAMPANHA_PILOTO_01
2026-08-04,23:36:48,0.863,109.6,CAMPANHA_PILOTO_01
2026-08-04,23:36:49,0.863,109.6,CAMPANHA_PILOTO_01
2026-08-04,23:36:50,0.862,109.5,CAMPANHA_PILOTO_01
2026-08-04,23:36:51,0.862,109.5,CAMPANHA_PILOTO_01
2026-08-04,23:36:52,0.862,109.4,CAMPANHA_PILOTO_01
2026-08-04,23:36:53,0.861,109.4,CAMPANHA_PILOTO_01
2026-08-04,23:36:54,0.861,109.3,CAMPANHA_PILOTO_01
2026-08-04,23:36:55,0.861,109.3,CAMPANHA_PILOTO_01
2026-08-04,23:36:56,0.86,109.2,CAMPANHA_PILOTO_01
2026-08-04,23:36:57,0.86,109.2,CAMPANHA_PILOTO_01
2026-08-04,23:36:58,0.859,109.2,CAMPANHA_PILOTO_01
2026-08-04,23:36:59,0.859,109.1,CAMPANHA_PILOTO_01
2026-08-04,23:37:00,0.859,109.1,CAMPANHA_PILOTO_01
2026-08-04,23:37:01,0.858,109.0,CAMPANHA_PILOTO_01
2026-08-04,23:37:02,0.858,109.0,CAMPANHA_PILOTO_01
2026-08-04,23:37:03,0.858,108.9,CAMPANHA_PILOTO_01
2026-08-04,23:37:04,0.857,108.9,CAMPANHA_PILOTO_01
2026-08-04,23:37:05,0.857,108.8,CAMPANHA_PILOTO_01
2026-08-04,23:37:06,0.857,108.8,CAMPANHA_PILOTO_01
2026-08-04,23:37:07,0.856,108.8,CAMPANHA_PILOTO_01
2026-08-04,23:37:08,0.856,108.7,CAMPANHA_PILOTO_01
2026-08-04,23:37:09,0.856,108.7,CAMPANHA_PILOTO_01
2026-08-04,23:37:10,0.855,108.6,CAMPANHA_PILOTO_01
2026-08-04,23:37:11,0.855,108.6,CAMPANHA_PILOTO_01
2026-08-04,23:37:12,0.855,108.5,CAMPANHA_PILOTO_01
2026-08-04,23:37:13,0.854,108.5,CAMPANHA_PILOTO_01
2026-08-04,23:37:14,0.854,108.4,CAMPANHA_PILOTO_01
2026-08-04,23:37:15,0.854,108.4,CAMPANHA_PILOTO_01
2026-08-04,23:37:16,0.853,108.4,CAMPANHA_PILOTO_01
2026-08-04,23:37:17,0.853,108.3,CAMPANHA_PILOTO_01
2026-08-04,23:37:18,0.852,108.3,CAMPANHA_PILOTO_01
2026-08-04,23:37:19,0.852,108.2,CAMPANHA_PILOTO_01
2026-08-04,23:37:20,0.852,108.2,CAMPANHA_PILOTO_01
2026-08-04,23:37:21,0.852,108.1,CAMPANHA_PILOTO_01
2026-08-04,23:37:22,0.851,108.1,CAMPANHA_PILOTO_01
2026-08-04,23:37:23,0.851,108.0,CAMPANHA_PILOTO_01
2026-08-04,23:37:24,0.85,108.0,CAMPANHA_PILOTO_01
2026-08-04,23:37:25,0.85,108.0,CAMPANHA_PILOTO_01
2026-08-04,23:37:26,0.85,107.9,CAMPANHA_PILOTO_01
2026-08-04,23:37:27,0.849,107.9,CAMPANHA_PILOTO_01
2026-08-04,23:37:28,0.849,107.8,CAMPANHA_PILOTO_01
2026-08-04,23:37:29,0.849,107.8,CAMPANHA_PILOTO_01
2026-08-04,23:37:30,0.848,107.8,CAMPANHA_PILOTO_01
2026-08-04,23:37:31,0.848,107.7,CAMPANHA_PILOTO_01
2026-08-04,23:37:32,0.848,107.7,CAMPANHA_PILOTO_01
2026-08-04,23:37:33,0.847,107.6,CAMPANHA_PILOTO_01
2026-08-04,23:37:34,0.847,107.6,CAMPANHA_PILOTO_01
2026-08-04,23:37:35,0.847,107.5,CAMPANHA_PILOTO_01
2026-08-04,23:37:36,0.846,107.5,CAMPANHA_PILOTO_01
2026-08-04,23:37:37,0.846,107.4,CAMPANHA_PILOTO_01
2026-08-04,23:37:38,0.846,107.4,CAMPANHA_PILOTO_01
2026-08-04,23:37:39,0.845,107.4,CAMPANHA_PILOTO_01
2026-08-04,23:37:40,0.845,107.3,CAMPANHA_PILOTO_01
2026-08-04,23:37:41,0.845,107.3,CAMPANHA_PILOTO_01
2026-08-04,23:37:42,0.844,107.2,CAMPANHA_PILOTO_01
2026-08-04,23:37:43,0.844,107.2,CAMPANHA_PILOTO_01
2026-08-04,23:37:44,0.844,107.1,CAMPANHA_PILOTO_01
2026-08-04,23:37:45,0.843,107.1,CAMPANHA_PILOTO_01
2026-08-04,23:37:46,0.843,107.1,CAMPANHA_PILOTO_01
2026-08-04,23:37:47,0.843,107.0,CAMPANHA_PILOTO_01
2026-08-04,23:37:48,0.842,107.0,CAMPANHA_PILOTO_01
2026-08-04,23:37:49,0.842,106.9,CAMPANHA_PILOTO_01
2026-08-04,23:37:50,0.842,106.9,CAMPANHA_PILOTO_01
2026-08-04,23:37:51,0.841,106.8,CAMPANHA_PILOTO_01
2026-08-04,23:37:52,0.841,106.8,CAMPANHA_PILOTO_01
2026-08-04,23:37:53,0.841,106.8,CAMPANHA_PILOTO_01
2026-08-04,23:37:54,0.84,106.7,CAMPANHA_PILOTO_01
2026-08-04,23:37:55,0.84,106.7,CAMPANHA_PILOTO_01
2026-08-04,23:37:56,0.84,106.6,CAMPANHA_PILOTO_01
2026-08-04,23:37:57,0.839,106.6,CAMPANHA_PILOTO_01
2026-08-04,23:37:58,0.839,106.5,CAMPANHA_PILOTO_01
2026-08-04,23:37:59,0.839,106.5,CAMPANHA_PILOTO_01
2026-08-04,23:38:00,0.838,106.5,CAMPANHA_PILOTO_01
2026-08-04,23:38:01,0.838,106.4,CAMPANHA_PILOTO_01
2026-08-04,23:38:02,0.838,106.4,CAMPANHA_PILOTO_01
2026-08-04,23:38:03,0.837,106.3,CAMPANHA_PILOTO_01
2026-08-04,23:38:04,0.837,106.3,CAMPANHA_PILOTO_01
2026-08-04,23:38:05,0.837,106.2,CAMPANHA_PILOTO_01
2026-08-04,23:38:06,0.836,106.2,CAMPANHA_PILOTO_01
2026-08-04,23:38:07,0.836,106.2,CAMPANHA_PILOTO_01
2026-08-04,23:38:08,0.836,106.1,CAMPANHA_PILOTO_01
2026-08-04,23:38:09,0.835,106.1,CAMPANHA_PILOTO_01
2026-08-04,23:38:10,0.835,106.0,CAMPANHA_PILOTO_01
2026-08-04,23:38:11,0.835,106.0,CAMPANHA_PILOTO_01
2026-08-04,23:38:12,0.834,106.0,CAMPANHA_PILOTO_01
2026-08-04,23:38:13,0.834,105.9,CAMPANHA_PILOTO_01
2026-08-04,23:38:14,0.834,105.9,CAMPANHA_PILOTO_01
2026-08-04,23:38:15,0.833,105.8,CAMPANHA_PILOTO_01
2026-08-04,23:38:16,0.833,105.8,CAMPANHA_PILOTO_01
2026-08-04,23:38:17,0.833,105.7,CAMPANHA_PILOTO_01
2026-08-04,23:38:18,0.832,105.7,CAMPANHA_PILOTO_01
2026-08-04,23:38:19,0.832,105.7,CAMPANHA_PILOTO_01
2026-08-04,23:38:20,0.832,105.6,CAMPANHA_PILOTO_01
2026-08-04,23:38:21,0.831,105.6,CAMPANHA_PILOTO_01
2026-08-04,23:38:22,0.831,105.5,CAMPANHA_PILOTO_01
2026-08-04,23:38:23,0.831,105.5,CAMPANHA_PILOTO_01
2026-08-04,23:38:24,0.83,105.4,CAMPANHA_PILOTO_01
2026-08-04,23:38:25,0.83,105.4,CAMPANHA_PILOTO_01
2026-08-04,23:38:26,0.83,105.4,CAMPANHA_PILOTO_01
2026-08-04,23:38:27,0.829,105.3,CAMPANHA_PILOTO_01
2026-08-04,23:38:28,0.829,105.3,CAMPANHA_PILOTO_01
2026-08-04,23:38:29,0.829,105.2,CAMPANHA_PILOTO_01
2026-08-04,23:38:30,0.828,105.2,CAMPANHA_PILOTO_01
2026-08-04,23:38:31,0.828,105.2,CAMPANHA_PILOTO_01
2026-08-04,23:38:32,0.828,105.1,CAMPANHA_PILOTO_01
2026-08-04,23:38:33,0.827,105.1,CAMPANHA_PILOTO_01
2026-08-04,23:38:34,0.827,105.0,CAMPANHA_PILOTO_01
2026-08-04,23:38:35,0.827,105.0,CAMPANHA_PILOTO_01
2026-08-04,23:38:36,0.826,105.0,CAMPANHA_PILOTO_01
2026-08-04,23:38:37,0.826,104.9,CAMPANHA_PILOTO_01
2026-08-04,23:38:38,0.826,104.9,CAMPANHA_PILOTO_01
2026-08-04,23:38:39,0.825,104.8,CAMPANHA_PILOTO_01
2026-08-04,23:38:40,0.825,104.8,CAMPANHA_PILOTO_01
2026-08-04,23:38:41,0.825,104.7,CAMPANHA_PILOTO_01
2026-08-04,23:38:42,0.824,104.7,CAMPANHA_PILOTO_01
2026-08-04,23:38:43,0.824,104.7,CAMPANHA_PILOTO_01
2026-08-04,23:38:44,0.824,104.6,CAMPANHA_PILOTO_01
2026-08-04,23:38:45,0.823,104.6,CAMPANHA_PILOTO_01
2026-08-04,23:38:46,0.823,104.5,CAMPANHA_PILOTO_01
2026-08-04,23:38:47,0.823,104.5,CAMPANHA_PILOTO_01
2026-08-04,23:38:48,0.822,104.5,CAMPANHA_PILOTO_01
2026-08-04,23:38:49,0.822,104.4,CAMPANHA_PILOTO_01
2026-08-04,23:38:50,0.822,104.4,CAMPANHA_PILOTO_01
2026-08-04,23:38:51,0.821,104.3,CAMPANHA_PILOTO_01
2026-08-04,23:38:52,0.821,104.3,CAMPANHA_PILOTO_01
2026-08-04,23:38:53,0.821,104.2,CAMPANHA_PILOTO_01
2026-08-04,23:38:54,0.82,104.2,CAMPANHA_PILOTO_01
2026-08-04,23:38:55,0.82,104.2,CAMPANHA_PILOTO_01
2026-08-04,23:38:56,0.82,104.1,CAMPANHA_PILOTO_01
2026-08-04,23:38:57,0.82,104.1,CAMPANHA_PILOTO_01
2026-08-04,23:38:58,0.819,104.0,CAMPANHA_PILOTO_01
2026-08-04,23:38:59,0.819,104.0,CAMPANHA_PILOTO_01
2026-08-04,23:39:00,0.819,104.0,CAMPANHA_PILOTO_01
2026-08-04,23:39:01,0.818,103.9,CAMPANHA_PILOTO_01
2026-08-04,23:39:02,0.818,103.9,CAMPANHA_PILOTO_01
2026-08-04,23:39:03,0.818,103.8,CAMPANHA_PILOTO_01
2026-08-04,23:39:04,0.817,103.8,CAMPANHA_PILOTO_01
2026-08-04,23:39:05,0.817,103.8,CAMPANHA_PILOTO_01
2026-08-04,23:39:06,0.817,103.7,CAMPANHA_PILOTO_01
2026-08-04,23:39:07,0.816,103.7,CAMPANHA_PILOTO_01
2026-08-04,23:39:08,0.816,103.6,CAMPANHA_PILOTO_01
2026-08-04,23:39:09,0.816,103.6,CAMPANHA_PILOTO_01
2026-08-04,23:39:10,0.815,103.6,CAMPANHA_PILOTO_01
2026-08-04,23:39:11,0.815,103.5,CAMPANHA_PILOTO_01
2026-08-04,23:39:12,0.815,103.5,CAMPANHA_PILOTO_01
2026-08-04,23:39:13,0.814,103.4,CAMPANHA_PILOTO_01
2026-08-04,23:39:14,0.814,103.4,CAMPANHA_PILOTO_01
2026-08-04,23:39:15,0.814,103.4,CAMPANHA_PILOTO_01
2026-08-04,23:39:16,0.814,103.3,CAMPANHA_PILOTO_01
2026-08-04,23:39:17,0.813,103.3,CAMPANHA_PILOTO_01
2026-08-04,23:39:18,0.813,103.2,CAMPANHA_PILOTO_01
2026-08-04,23:39:19,0.813,103.2,CAMPANHA_PILOTO_01
2026-08-04,23:39:20,0.812,103.2,CAMPANHA_PILOTO_01
2026-08-04,23:39:21,0.812,103.1,CAMPANHA_PILOTO_01
2026-08-04,23:39:22,0.812,103.1,CAMPANHA_PILOTO_01
2026-08-04,23:39:23,0.811,103.0,CAMPANHA_PILOTO_01
2026-08-04,23:39:24,0.811,103.0,CAMPANHA_PILOTO_01
2026-08-04,23:39:25,0.811,103.0,CAMPANHA_PILOTO_01
2026-08-04,23:39:26,0.81,102.9,CAMPANHA_PILOTO_01
2026-08-04,23:39:27,0.81,102.9,CAMPANHA_PILOTO_01
2026-08-04,23:39:28,0.81,102.8,CAMPANHA_PILOTO_01
2026-08-04,23:39:29,0.809,102.8,CAMPANHA_PILOTO_01
2026-08-04,23:39:30,0.809,102.8,CAMPANHA_PILOTO_01
2026-08-04,23:39:31,0.809,102.7,CAMPANHA_PILOTO_01
2026-08-04,23:39:32,0.809,102.7,CAMPANHA_PILOTO_01
2026-08-04,23:39:33,0.808,102.6,CAMPANHA_PILOTO_01
2026-08-04,23:39:34,0.808,102.6,CAMPANHA_PILOTO_01
2026-08-04,23:39:35,0.808,102.6,CAMPANHA_PILOTO_01
2026-08-04,23:39:36,0.807,102.5,CAMPANHA_PILOTO_01
2026-08-04,23:39:37,0.807,102.5,CAMPANHA_PILOTO_01
2026-08-04,23:39:38,0.807,102.4,CAMPANHA_PILOTO_01
2026-08-04,23:39:39,0.806,102.4,CAMPANHA_PILOTO_01
2026-08-04,23:39:40,0.806,102.4,CAMPANHA_PILOTO_01
2026-08-04,23:39:41,0.806,102.3,CAMPANHA_PILOTO_01
2026-08-04,23:39:42,0.805,102.3,CAMPANHA_PILOTO_01
2026-08-04,23:39:43,0.805,102.3,CAMPANHA_PILOTO_01
2026-08-04,23:39:44,0.805,102.2,CAMPANHA_PILOTO_01
2026-08-04,23:39:45,0.804,102.2,CAMPANHA_PILOTO_01
2026-08-04,23:39:46,0.804,102.1,CAMPANHA_PILOTO_01
2026-08-04,23:39:47,0.804,102.1,CAMPANHA_PILOTO_01
2026-08-04,23:39:48,0.804,102.1,CAMPANHA_PILOTO_01
2026-08-04,23:39:49,0.803,102.0,CAMPANHA_PILOTO_01
2026-08-04,23:39:50,0.803,102.0,CAMPANHA_PILOTO_01
2026-08-04,23:39:51,0.803,101.9,CAMPANHA_PILOTO_01
2026-08-04,23:39:52,0.802,101.9,CAMPANHA_PILOTO_01
2026-08-04,23:39:53,0.802,101.9,CAMPANHA_PILOTO_01
2026-08-04,23:39:54,0.802,101.8,CAMPANHA_PILOTO_01
2026-08-04,23:39:55,0.801,101.8,CAMPANHA_PILOTO_01
2026-08-04,23:39:56,0.801,101.7,CAMPANHA_PILOTO_01
2026-08-04,23:39:57,0.801,101.7,CAMPANHA_PILOTO_01
2026-08-04,23:39:58,0.801,101.7,CAMPANHA_PILOTO_01
2026-08-04,23:39:59,0.8,101.6,CAMPANHA_PILOTO_01
2026-08-04,23:40:00,0.8,101.6,CAMPANHA_PILOTO_01
2026-08-04,23:40:01,0.8,101.6,CAMPANHA_PILOTO_01
2026-08-04,23:40:02,0.799,101.5,CAMPANHA_PILOTO_01
2026-08-04,23:40:03,0.799,101.5,CAMPANHA_PILOTO_01
2026-08-04,23:40:04,0.799,101.4,CAMPANHA_PILOTO_01
2026-08-04,23:40:05,0.798,101.4,CAMPANHA_PILOTO_01
2026-08-04,23:40:06,0.798,101.4,CAMPANHA_PILOTO_01
2026-08-04,23:40:07,0.798,101.3,CAMPANHA_PILOTO_01
2026-08-04,23:40:08,0.798,101.3,CAMPANHA_PILOTO_01
2026-08-04,23:40:09,0.797,101.2,CAMPANHA_PILOTO_01
2026-08-04,23:40:10,0.797,101.2,CAMPANHA_PILOTO_01
2026-08-04,23:40:11,0.797,101.2,CAMPANHA_PILOTO_01
2026-08-04,23:40:12,0.796,101.1,CAMPANHA_PILOTO_01
2026-08-04,23:40:13,0.796,101.1,CAMPANHA_PILOTO_01
2026-08-04,23:40:14,0.796,101.1,CAMPANHA_PILOTO_01
2026-08-04,23:40:15,0.795,101.0,CAMPANHA_PILOTO_01
2026-08-04,23:40:16,0.795,101.0,CAMPANHA_PILOTO_01
2026-08-04,23:40:17,0.795,100.9,CAMPANHA_PILOTO_01
2026-08-04,23:40:18,0.794,100.9,CAMPANHA_PILOTO_01
2026-08-04,23:40:19,0.794,100.9,CAMPANHA_PILOTO_01
2026-08-04,23:40:20,0.794,100.8,CAMPANHA_PILOTO_01
2026-08-04,23:40:21,0.794,100.8,CAMPANHA_PILOTO_01
2026-08-04,23:40:22,0.793,100.7,CAMPANHA_PILOTO_01
2026-08-04,23:40:23,0.793,100.7,CAMPANHA_PILOTO_01
2026-08-04,23:40:24,0.793,100.7,CAMPANHA_PILOTO_01
2026-08-04,23:40:25,0.792,100.6,CAMPANHA_PILOTO_01
2026-08-04,23:40:26,0.792,100.6,CAMPANHA_PILOTO_01
2026-08-04,23:40:27,0.792,100.6,CAMPANHA_PILOTO_01
2026-08-04,23:40:28,0.792,100.5,CAMPANHA_PILOTO_01
2026-08-04,23:40:29,0.791,100.5,CAMPANHA_PILOTO_01
2026-08-04,23:40:30,0.791,100.4,CAMPANHA_PILOTO_01
2026-08-04,23:40:31,0.791,100.4,CAMPANHA_PILOTO_01
2026-08-04,23:40:32,0.79,100.4,CAMPANHA_PILOTO_01
2026-08-04,23:40:33,0.79,100.3,CAMPANHA_PILOTO_01
2026-08-04,23:40:34,0.79,100.3,CAMPANHA_PILOTO_01
2026-08-04,23:40:35,0.789,100.2,CAMPANHA_PILOTO_01
2026-08-04,23:40:36,0.789,100.2,CAMPANHA_PILOTO_01
2026-08-04,23:40:37,0.789,100.2,CAMPANHA_PILOTO_01
2026-08-04,23:40:38,0.788,100.1,CAMPANHA_PILOTO_01
2026-08-04,23:40:39,0.788,100.1,CAMPANHA_PILOTO_01
2026-08-04,23:40:40,0.788,100.1,CAMPANHA_PILOTO_01
2026-08-04,23:40:41,0.788,100.0,CAMPANHA_PILOTO_01
2026-08-04,23:40:42,0.787,100.0,CAMPANHA_PILOTO_01
2026-08-04,23:40:43,0.787,100.0,CAMPANHA_PILOTO_01
2026-08-04,23:40:44,0.787,99.9,CAMPANHA_PILOTO_01
2026-08-04,23:40:45,0.786,99.9,CAMPANHA_PILOTO_01
2026-08-04,23:40:46,0.786,99.8,CAMPANHA_PILOTO_01
2026-08-04,23:40:47,0.786,99.8,CAMPANHA_PILOTO_01
2026-08-04,23:40:48,0.786,99.8,CAMPANHA_PILOTO_01
2026-08-04,23:40:49,0.785,99.7,CAMPANHA_PILOTO_01
2026-08-04,23:40:50,0.785,99.7,CAMPANHA_PILOTO_01
2026-08-04,23:40:51,0.785,99.6,CAMPANHA_PILOTO_01
2026-08-04,23:40:52,0.784,99.6,CAMPANHA_PILOTO_01
2026-08-04,23:40:53,0.784,99.6,CAMPANHA_PILOTO_01
2026-08-04,23:40:54,0.784,99.5,CAMPANHA_PILOTO_01
2026-08-04,23:40:55,0.784,99.5,CAMPANHA_PILOTO_01
2026-08-04,23:40:56,0.783,99.5,CAMPANHA_PILOTO_01
2026-08-04,23:40:57,0.783,99.4,CAMPANHA_PILOTO_01
2026-08-04,23:40:58,0.783,99.4,CAMPANHA_PILOTO_01
2026-08-04,23:40:59,0.782,99.4,CAMPANHA_PILOTO_01
2026-08-04,23:41:00,0.782,99.3,CAMPANHA_PILOTO_01
2026-08-04,23:41:01,0.782,99.3,CAMPANHA_PILOTO_01
2026-08-04,23:41:02,0.782,99.2,CAMPANHA_PILOTO_01
2026-08-04,23:41:03,0.781,99.2,CAMPANHA_PILOTO_01
2026-08-04,23:41:04,0.781,99.2,CAMPANHA_PILOTO_01
2026-08-04,23:41:05,0.781,99.1,CAMPANHA_PILOTO_01
2026-08-04,23:41:06,0.78,99.1,CAMPANHA_PILOTO_01
2026-08-04,23:41:07,0.78,99.1,CAMPANHA_PILOTO_01
2026-08-04,23:41:08,0.78,99.0,CAMPANHA_PILOTO_01
2026-08-04,23:41:09,0.779,99.0,CAMPANHA_PILOTO_01
2026-08-04,23:41:10,0.779,99.0,CAMPANHA_PILOTO_01
2026-08-04,23:41:11,0.779,98.9,CAMPANHA_PILOTO_01
2026-08-04,23:41:12,0.779,98.9,CAMPANHA_PILOTO_01
2026-08-04,23:41:13,0.778,98.8,CAMPANHA_PILOTO_01
2026-08-04,23:41:14,0.778,98.8,CAMPANHA_PILOTO_01
2026-08-04,23:41:15,0.778,98.8,CAMPANHA_PILOTO_01
2026-08-04,23:41:16,0.777,98.7,CAMPANHA_PILOTO_01
2026-08-04,23:41:17,0.777,98.7,CAMPANHA_PILOTO_01
2026-08-04,23:41:18,0.777,98.7,CAMPANHA_PILOTO_01
2026-08-04,23:41:19,0.777,98.6,CAMPANHA_PILOTO_01
2026-08-04,23:41:20,0.776,98.6,CAMPANHA_PILOTO_01
2026-08-04,23:41:21,0.776,98.6,CAMPANHA_PILOTO_01
2026-08-04,23:41:22,0.776,98.5,CAMPANHA_PILOTO_01
2026-08-04,23:41:23,0.775,98.5,CAMPANHA_PILOTO_01
2026-08-04,23:41:24,0.775,98.4,CAMPANHA_PILOTO_01
2026-08-04,23:41:25,0.775,98.4,CAMPANHA_PILOTO_01
2026-08-04,23:41:26,0.775,98.4,CAMPANHA_PILOTO_01
2026-08-04,23:41:27,0.774,98.3,CAMPANHA_PILOTO_01
2026-08-04,23:41:28,0.774,98.3,CAMPANHA_PILOTO_01
2026-08-04,23:41:29,0.774,98.3,CAMPANHA_PILOTO_01
2026-08-04,23:41:30,0.773,98.2,CAMPANHA_PILOTO_01
2026-08-04,23:41:31,0.773,98.2,CAMPANHA_PILOTO_01
2026-08-04,23:41:32,0.773,98.1,CAMPANHA_PILOTO_01
2026-08-04,23:41:33,0.773,98.1,CAMPANHA_PILOTO_01
2026-08-04,23:41:34,0.772,98.1,CAMPANHA_PILOTO_01
2026-08-04,23:41:35,0.772,98.0,CAMPANHA_PILOTO_01
2026-08-04,23:41:36,0.772,98.0,CAMPANHA_PILOTO_01
2026-08-04,23:41:37,0.771,98.0,CAMPANHA_PILOTO_01
2026-08-04,23:41:38,0.771,97.9,CAMPANHA_PILOTO_01
2026-08-04,23:41:39,0.771,97.9,CAMPANHA_PILOTO_01
2026-08-04,23:41:40,0.771,97.9,CAMPANHA_PILOTO_01
2026-08-04,23:41:41,0.77,97.8,CAMPANHA_PILOTO_01
2026-08-04,23:41:42,0.77,97.8,CAMPANHA_PILOTO_01
2026-08-04,23:41:43,0.77,97.8,CAMPANHA_PILOTO_01
2026-08-04,23:41:44,0.769,97.7,CAMPANHA_PILOTO_01
2026-08-04,23:41:45,0.769,97.7,CAMPANHA_PILOTO_01
2026-08-04,23:41:46,0.769,97.6,CAMPANHA_PILOTO_01
2026-08-04,23:41:47,0.769,97.6,CAMPANHA_PILOTO_01
2026-08-04,23:41:48,0.768,97.6,CAMPANHA_PILOTO_01
2026-08-04,23:41:49,0.768,97.5,CAMPANHA_PILOTO_01
2026-08-04,23:41:50,0.768,97.5,CAMPANHA_PILOTO_01
2026-08-04,23:41:51,0.768,97.5,CAMPANHA_PILOTO_01
2026-08-04,23:41:52,0.767,97.4,CAMPANHA_PILOTO_01
2026-08-04,23:41:53,0.767,97.4,CAMPANHA_PILOTO_01
2026-08-04,23:41:54,0.767,97.4,CAMPANHA_PILOTO_01
2026-08-04,23:41:55,0.766,97.3,CAMPANHA_PILOTO_01
2026-08-04,23:41:56,0.766,97.3,CAMPANHA_PILOTO_01
2026-08-04,23:41:57,0.766,97.3,CAMPANHA_PILOTO_01
2026-08-04,23:41:58,0.766,97.2,CAMPANHA_PILOTO_01
2026-08-04,23:41:59,0.765,97.2,CAMPANHA_PILOTO_01
2026-08-04,23:42:00,0.765,97.1,CAMPANHA_PILOTO_01
2026-08-04,23:42:01,0.765,97.1,CAMPANHA_PILOTO_01
2026-08-04,23:42:02,0.764,97.1,CAMPANHA_PILOTO_01
2026-08-04,23:42:03,0.764,97.0,CAMPANHA_PILOTO_01
2026-08-04,23:42:04,0.764,97.0,CAMPANHA_PILOTO_01
2026-08-04,23:42:05,0.764,97.0,CAMPANHA_PILOTO_01
2026-08-04,23:42:06,0.763,96.9,CAMPANHA_PILOTO_01
2026-08-04,23:42:07,0.763,96.9,CAMPANHA_PILOTO_01
2026-08-04,23:42:08,0.763,96.9,CAMPANHA_PILOTO_01
2026-08-04,23:42:09,0.762,96.8,CAMPANHA_PILOTO_01
2026-08-04,23:42:10,0.762,96.8,CAMPANHA_PILOTO_01
2026-08-04,23:42:11,0.762,96.8,CAMPANHA_PILOTO_01
2026-08-04,23:42:12,0.762,96.7,CAMPANHA_PILOTO_01
2026-08-04,23:42:13,0.761,96.7,CAMPANHA_PILOTO_01
2026-08-04,23:42:14,0.761,96.7,CAMPANHA_PILOTO_01
2026-08-04,23:42:15,0.761,96.6,CAMPANHA_PILOTO_01
2026-08-04,23:42:16,0.76,96.6,CAMPANHA_PILOTO_01
2026-08-04,23:42:17,0.76,96.6,CAMPANHA_PILOTO_01
2026-08-04,23:42:18,0.76,96.5,CAMPANHA_PILOTO_01
2026-08-04,23:42:19,0.76,96.5,CAMPANHA_PILOTO_01
2026-08-04,23:42:20,0.759,96.4,CAMPANHA_PILOTO_01
2026-08-04,23:42:21,0.759,96.4,CAMPANHA_PILOTO_01
2026-08-04,23:42:22,0.759,96.4,CAMPANHA_PILOTO_01
2026-08-04,23:42:23,0.759,96.3,CAMPANHA_PILOTO_01
2026-08-04,23:42:24,0.758,96.3,CAMPANHA_PILOTO_01
2026-08-04,23:42:25,0.758,96.3,CAMPANHA_PILOTO_01
2026-08-04,23:42:26,0.758,96.2,CAMPANHA_PILOTO_01
2026-08-04,23:42:27,0.758,96.2,CAMPANHA_PILOTO_01
2026-08-04,23:42:28,0.757,96.2,CAMPANHA_PILOTO_01
2026-08-04,23:42:29,0.757,96.1,CAMPANHA_PILOTO_01
2026-08-04,23:42:30,0.757,96.1,CAMPANHA_PILOTO_01
2026-08-04,23:42:31,0.756,96.1,CAMPANHA_PILOTO_01
2026-08-04,23:42:32,0.756,96.0,CAMPANHA_PILOTO_01
2026-08-04,23:42:33,0.756,96.0,CAMPANHA_PILOTO_01
2026-08-04,23:42:34,0.756,96.0,CAMPANHA_PILOTO_01
2026-08-04,23:42:35,0.755,95.9,CAMPANHA_PILOTO_01
2026-08-04,23:42:36,0.755,95.9,CAMPANHA_PILOTO_01
2026-08-04,23:42:37,0.755,95.9,CAMPANHA_PILOTO_01
2026-08-04,23:42:38,0.755,95.8,CAMPANHA_PILOTO_01
2026-08-04,23:42:39,0.754,95.8,CAMPANHA_PILOTO_01
2026-08-04,23:42:40,0.754,95.8,CAMPANHA_PILOTO_01
2026-08-04,23:42:41,0.754,95.7,CAMPANHA_PILOTO_01
2026-08-04,23:42:42,0.753,95.7,CAMPANHA_PILOTO_01
2026-08-04,23:42:43,0.753,95.7,CAMPANHA_PILOTO_01
2026-08-04,23:42:44,0.753,95.6,CAMPANHA_PILOTO_01
2026-08-04,23:42:45,0.753,95.6,CAMPANHA_PILOTO_01
2026-08-04,23:42:46,0.752,95.5,CAMPANHA_PILOTO_01
2026-08-04,23:42:47,0.752,95.5,CAMPANHA_PILOTO_01
2026-08-04,23:42:48,0.752,95.5,CAMPANHA_PILOTO_01
2026-08-04,23:42:49,0.752,95.4,CAMPANHA_PILOTO_01
2026-08-04,23:42:50,0.751,95.4,CAMPANHA_PILOTO_01
2026-08-04,23:42:51,0.751,95.4,CAMPANHA_PILOTO_01
2026-08-04,23:42:52,0.751,95.3,CAMPANHA_PILOTO_01
2026-08-04,23:42:53,0.75,95.3,CAMPANHA_PILOTO_01
2026-08-04,23:42:54,0.75,95.3,CAMPANHA_PILOTO_01
2026-08-04,23:42:55,0.75,95.2,CAMPANHA_PILOTO_01
2026-08-04,23:42:56,0.75,95.2,CAMPANHA_PILOTO_01
2026-08-04,23:42:57,0.749,95.2,CAMPANHA_PILOTO_01
2026-08-04,23:42:58,0.749,95.1,CAMPANHA_PILOTO_01
2026-08-04,23:42:59,0.749,95.1,CAMPANHA_PILOTO_01
2026-08-04,23:43:00,0.749,95.1,CAMPANHA_PILOTO_01
2026-08-04,23:43:01,0.748,95.0,CAMPANHA_PILOTO_01
2026-08-04,23:43:02,0.748,95.0,CAMPANHA_PILOTO_01
2026-08-04,23:43:03,0.748,95.0,CAMPANHA_PILOTO_01
2026-08-04,23:43:04,0.748,94.9,CAMPANHA_PILOTO_01
2026-08-04,23:43:05,0.747,94.9,CAMPANHA_PILOTO_01
2026-08-04,23:43:06,0.747,94.9,CAMPANHA_PILOTO_01
2026-08-04,23:43:07,0.747,94.8,CAMPANHA_PILOTO_01
2026-08-04,23:43:08,0.746,94.8,CAMPANHA_PILOTO_01
2026-08-04,23:43:09,0.746,94.8,CAMPANHA_PILOTO_01
2026-08-04,23:43:10,0.746,94.7,CAMPANHA_PILOTO_01
2026-08-04,23:43:11,0.746,94.7,CAMPANHA_PILOTO_01
2026-08-04,23:43:12,0.745,94.7,CAMPANHA_PILOTO_01
2026-08-04,23:43:13,0.745,94.6,CAMPANHA_PILOTO_01
2026-08-04,23:43:14,0.745,94.6,CAMPANHA_PILOTO_01
2026-08-04,23:43:15,0.745,94.6,CAMPANHA_PILOTO_01
2026-08-04,23:43:16,0.744,94.5,CAMPANHA_PILOTO_01
2026-08-04,23:43:17,0.744,94.5,CAMPANHA_PILOTO_01
2026-08-04,23:43:18,0.744,94.5,CAMPANHA_PILOTO_01
2026-08-04,23:43:19,0.744,94.4,CAMPANHA_PILOTO_01
2026-08-04,23:43:20,0.743,94.4,CAMPANHA_PILOTO_01
2026-08-04,23:43:21,0.743,94.4,CAMPANHA_PILOTO_01
2026-08-04,23:43:22,0.743,94.3,CAMPANHA_PILOTO_01
2026-08-04,23:43:23,0.742,94.3,CAMPANHA_PILOTO_01
2026-08-04,23:43:24,0.742,94.3,CAMPANHA_PILOTO_01
2026-08-04,23:43:25,0.742,94.2,CAMPANHA_PILOTO_01
2026-08-04,23:43:26,0.742,94.2,CAMPANHA_PILOTO_01
2026-08-04,23:43:27,0.741,94.2,CAMPANHA_PILOTO_01
2026-08-04,23:43:28,0.741,94.1,CAMPANHA_PILOTO_01
2026-08-04,23:43:29,0.741,94.1,CAMPANHA_PILOTO_01
2026-08-04,23:43:30,0.741,94.1,CAMPANHA_PILOTO_01
2026-08-04,23:43:31,0.74,94.0,CAMPANHA_PILOTO_01
2026-08-04,23:43:32,0.74,94.0,CAMPANHA_PILOTO_01
2026-08-04,23:43:33,0.74,94.0,CAMPANHA_PILOTO_01
2026-08-04,23:43:34,0.74,93.9,CAMPANHA_PILOTO_01
2026-08-04,23:43:35,0.739,93.9,CAMPANHA_PILOTO_01
2026-08-04,23:43:36,0.739,93.9,CAMPANHA_PILOTO_01
2026-08-04,23:43:37,0.739,93.8,CAMPANHA_PILOTO_01
2026-08-04,23:43:38,0.739,93.8,CAMPANHA_PILOTO_01
2026-08-04,23:43:39,0.738,93.8,CAMPANHA_PILOTO_01
2026-08-04,23:43:40,0.738,93.7,CAMPANHA_PILOTO_01
2026-08-04,23:43:41,0.738,93.7,CAMPANHA_PILOTO_01
2026-08-04,23:43:42,0.738,93.7,CAMPANHA_PILOTO_01
2026-08-04,23:43:43,0.737,93.6,CAMPANHA_PILOTO_01
2026-08-04,23:43:44,0.737,93.6,CAMPANHA_PILOTO_01
2026-08-04,23:43:45,0.737,93.6,CAMPANHA_PILOTO_01
2026-08-04,23:43:46,0.737,93.5,CAMPANHA_PILOTO_01
2026-08-04,23:43:47,0.736,93.5,CAMPANHA_PILOTO_01
2026-08-04,23:43:48,0.736,93.5,CAMPANHA_PILOTO_01
2026-08-04,23:43:49,0.736,93.4,CAMPANHA_PILOTO_01
2026-08-04,23:43:50,0.736,93.4,CAMPANHA_PILOTO_01
2026-08-04,23:43:51,0.735,93.4,CAMPANHA_PILOTO_01
2026-08-04,23:43:52,0.735,93.3,CAMPANHA_PILOTO_01
2026-08-04,23:43:53,0.735,93.3,CAMPANHA_PILOTO_01
2026-08-04,23:43:54,0.734,93.3,CAMPANHA_PILOTO_01
2026-08-04,23:43:55,0.734,93.2,CAMPANHA_PILOTO_01
2026-08-04,23:43:56,0.734,93.2,CAMPANHA_PILOTO_01
2026-08-04,23:43:57,0.734,93.2,CAMPANHA_PILOTO_01
2026-08-04,23:43:58,0.733,93.1,CAMPANHA_PILOTO_01
2026-08-04,23:43:59,0.733,93.1,CAMPANHA_PILOTO_01
2026-08-04,23:44:00,0.733,93.1,CAMPANHA_PILOTO_01
2026-08-04,23:44:01,0.733,93.0,CAMPANHA_PILOTO_01
2026-08-04,23:44:02,0.732,93.0,CAMPANHA_PILOTO_01
2026-08-04,23:44:03,0.732,93.0,CAMPANHA_PILOTO_01
2026-08-04,23:44:04,0.732,93.0,CAMPANHA_PILOTO_01
2026-08-04,23:44:05,0.732,92.9,CAMPANHA_PILOTO_01
2026-08-04,23:44:06,0.731,92.9,CAMPANHA_PILOTO_01
2026-08-04,23:44:07,0.731,92.9,CAMPANHA_PILOTO_01
2026-08-04,23:44:08,0.731,92.8,CAMPANHA_PILOTO_01
2026-08-04,23:44:09,0.731,92.8,CAMPANHA_PILOTO_01
2026-08-04,23:44:10,0.73,92.8,CAMPANHA_PILOTO_01
2026-08-04,23:44:11,0.73,92.7,CAMPANHA_PILOTO_01
2026-08-04,23:44:12,0.73,92.7,CAMPANHA_PILOTO_01
2026-08-04,23:44:13,0.73,92.7,CAMPANHA_PILOTO_01
2026-08-04,23:44:14,0.729,92.6,CAMPANHA_PILOTO_01
2026-08-04,23:44:15,0.729,92.6,CAMPANHA_PILOTO_01
2026-08-04,23:44:16,0.729,92.6,CAMPANHA_PILOTO_01
2026-08-04,23:44:17,0.729,92.5,CAMPANHA_PILOTO_01
2026-08-04,23:44:18,0.728,92.5,CAMPANHA_PILOTO_01
2026-08-04,23:44:19,0.728,92.5,CAMPANHA_PILOTO_01
2026-08-04,23:44:20,0.728,92.4,CAMPANHA_PILOTO_01
2026-08-04,23:44:21,0.728,92.4,CAMPANHA_PILOTO_01
2026-08-04,23:44:22,0.727,92.4,CAMPANHA_PILOTO_01
2026-08-04,23:44:23,0.727,92.3,CAMPANHA_PILOTO_01
2026-08-04,23:44:24,0.727,92.3,CAMPANHA_PILOTO_01
2026-08-04,23:44:25,0.727,92.3,CAMPANHA_PILOTO_01
2026-08-04,23:44:26,0.726,92.2,CAMPANHA_PILOTO_01
2026-08-04,23:44:27,0.726,92.2,CAMPANHA_PILOTO_01
2026-08-04,23:44:28,0.726,92.2,CAMPANHA_PILOTO_01
2026-08-04,23:44:29,0.726,92.1,CAMPANHA_PILOTO_01
2026-08-04,23:44:30,0.725,92.1,CAMPANHA_PILOTO_01
2026-08-04,23:44:31,0.725,92.1,CAMPANHA_PILOTO_01
2026-08-04,23:44:32,0.725,92.1,CAMPANHA_PILOTO_01
2026-08-04,23:44:33,0.725,92.0,CAMPANHA_PILOTO_01
2026-08-04,23:44:34,0.724,92.0,CAMPANHA_PILOTO_01
2026-08-04,23:44:35,0.724,92.0,CAMPANHA_PILOTO_01
2026-08-04,23:44:36,0.724,91.9,CAMPANHA_PILOTO_01
2026-08-04,23:44:37,0.724,91.9,CAMPANHA_PILOTO_01
2026-08-04,23:44:38,0.723,91.9,CAMPANHA_PILOTO_01
2026-08-04,23:44:39,0.723,91.8,CAMPANHA_PILOTO_01
2026-08-04,23:44:40,0.723,91.8,CAMPANHA_PILOTO_01
2026-08-04,23:44:41,0.723,91.8,CAMPANHA_PILOTO_01
2026-08-04,23:44:42,0.722,91.7,CAMPANHA_PILOTO_01
2026-08-04,23:44:43,0.722,91.7,CAMPANHA_PILOTO_01
2026-08-04,23:44:44,0.722,91.7,CAMPANHA_PILOTO_01
2026-08-04,23:44:45,0.722,91.6,CAMPANHA_PILOTO_01
2026-08-04,23:44:46,0.721,91.6,CAMPANHA_PILOTO_01
2026-08-04,23:44:47,0.721,91.6,CAMPANHA_PILOTO_01
2026-08-04,23:44:48,0.721,91.6,CAMPANHA_PILOTO_01
2026-08-04,23:44:49,0.721,91.5,CAMPANHA_PILOTO_01
2026-08-04,23:44:50,0.72,91.5,CAMPANHA_PILOTO_01
2026-08-04,23:44:51,0.72,91.5,CAMPANHA_PILOTO_01
2026-08-04,23:44:52,0.72,91.4,CAMPANHA_PILOTO_01
2026-08-04,23:44:53,0.72,91.4,CAMPANHA_PILOTO_01
2026-08-04,23:44:54,0.719,91.4,CAMPANHA_PILOTO_01
2026-08-04,23:44:55,0.719,91.3,CAMPANHA_PILOTO_01
2026-08-04,23:44:56,0.719,91.3,CAMPANHA_PILOTO_01
2026-08-04,23:44:57,0.719,91.3,CAMPANHA_PILOTO_01
2026-08-04,23:44:58,0.718,91.2,CAMPANHA_PILOTO_01
2026-08-04,23:44:59,0.718,91.2,CAMPANHA_PILOTO_01
2026-08-04,23:45:00,0.718,91.2,CAMPANHA_PILOTO_01
2026-08-04,23:45:01,0.718,91.1,CAMPANHA_PILOTO_01
2026-08-04,23:45:02,0.717,91.1,CAMPANHA_PILOTO_01
2026-08-04,23:45:03,0.717,91.1,CAMPANHA_PILOTO_01
2026-08-04,23:45:04,0.717,91.0,CAMPANHA_PILOTO_01
2026-08-04,23:45:05,0.717,91.0,CAMPANHA_PILOTO_01
2026-08-04,23:45:06,0.716,91.0,CAMPANHA_PILOTO_01
2026-08-04,23:45:07,0.716,91.0,CAMPANHA_PILOTO_01
2026-08-04,23:45:08,0.716,90.9,CAMPANHA_PILOTO_01
2026-08-04,23:45:09,0.716,90.9,CAMPANHA_PILOTO_01
2026-08-04,23:45:10,0.715,90.9,CAMPANHA_PILOTO_01
2026-08-04,23:45:11,0.715,90.8,CAMPANHA_PILOTO_01
2026-08-04,23:45:12,0.715,90.8,CAMPANHA_PILOTO_01
2026-08-04,23:45:13,0.715,90.8,CAMPANHA_PILOTO_01
2026-08-04,23:45:14,0.714,90.7,CAMPANHA_PILOTO_01
2026-08-04,23:45:15,0.714,90.7,CAMPANHA_PILOTO_01
2026-08-04,23:45:16,0.714,90.7,CAMPANHA_PILOTO_01
2026-08-04,23:45:17,0.714,90.6,CAMPANHA_PILOTO_01
2026-08-04,23:45:18,0.713,90.6,CAMPANHA_PILOTO_01
2026-08-04,23:45:19,0.713,90.6,CAMPANHA_PILOTO_01
2026-08-04,23:45:20,0.713,90.6,CAMPANHA_PILOTO_01
2026-08-04,23:45:21,0.713,90.5,CAMPANHA_PILOTO_01
2026-08-04,23:45:22,0.713,90.5,CAMPANHA_PILOTO_01
2026-08-04,23:45:23,0.712,90.5,CAMPANHA_PILOTO_01
2026-08-04,23:45:24,0.712,90.4,CAMPANHA_PILOTO_01
2026-08-04,23:45:25,0.712,90.4,CAMPANHA_PILOTO_01
2026-08-04,23:45:26,0.712,90.4,CAMPANHA_PILOTO_01
2026-08-04,23:45:27,0.711,90.3,CAMPANHA_PILOTO_01
2026-08-04,23:45:28,0.711,90.3,CAMPANHA_PILOTO_01
2026-08-04,23:45:29,0.711,90.3,CAMPANHA_PILOTO_01
2026-08-04,23:45:30,0.711,90.2,CAMPANHA_PILOTO_01
2026-08-04,23:45:31,0.71,90.2,CAMPANHA_PILOTO_01
2026-08-04,23:45:32,0.71,90.2,CAMPANHA_PILOTO_01
2026-08-04,23:45:33,0.71,90.2,CAMPANHA_PILOTO_01
2026-08-04,23:45:34,0.71,90.1,CAMPANHA_PILOTO_01
2026-08-04,23:45:35,0.709,90.1,CAMPANHA_PILOTO_01
2026-08-04,23:45:36,0.709,90.1,CAMPANHA_PILOTO_01
2026-08-04,23:45:37,0.709,90.0,CAMPANHA_PILOTO_01
2026-08-04,23:45:38,0.709,90.0,CAMPANHA_PILOTO_01
2026-08-04,23:45:39,0.708,90.0,CAMPANHA_PILOTO_01
2026-08-04,23:45:40,0.708,89.9,CAMPANHA_PILOTO_01
2026-08-04,23:45:41,0.708,89.9,CAMPANHA_PILOTO_01
2026-08-04,23:45:42,0.708,89.9,CAMPANHA_PILOTO_01
2026-08-04,23:45:43,0.708,89.9,CAMPANHA_PILOTO_01
2026-08-04,23:45:44,0.707,89.8,CAMPANHA_PILOTO_01
2026-08-04,23:45:45,0.707,89.8,CAMPANHA_PILOTO_01
2026-08-04,23:45:46,0.707,89.8,CAMPANHA_PILOTO_01
2026-08-04,23:45:47,0.707,89.7,CAMPANHA_PILOTO_01
2026-08-04,23:45:48,0.706,89.7,CAMPANHA_PILOTO_01
2026-08-04,23:45:49,0.706,89.7,CAMPANHA_PILOTO_01
2026-08-04,23:45:50,0.706,89.6,CAMPANHA_PILOTO_01
2026-08-04,23:45:51,0.706,89.6,CAMPANHA_PILOTO_01
2026-08-04,23:45:52,0.705,89.6,CAMPANHA_PILOTO_01
2026-08-04,23:45:53,0.705,89.6,CAMPANHA_PILOTO_01
2026-08-04,23:45:54,0.705,89.5,CAMPANHA_PILOTO_01
2026-08-04,23:45:55,0.705,89.5,CAMPANHA_PILOTO_01
2026-08-04,23:45:56,0.704,89.5,CAMPANHA_PILOTO_01
2026-08-04,23:45:57,0.704,89.4,CAMPANHA_PILOTO_01
2026-08-04,23:45:58,0.704,89.4,CAMPANHA_PILOTO_01
2026-08-04,23:45:59,0.704,89.4,CAMPANHA_PILOTO_01
2026-08-04,23:46:00,0.704,89.3,CAMPANHA_PILOTO_01
2026-08-04,23:46:01,0.703,89.3,CAMPANHA_PILOTO_01
2026-08-04,23:46:02,0.703,89.3,CAMPANHA_PILOTO_01
2026-08-04,23:46:03,0.703,89.3,CAMPANHA_PILOTO_01
2026-08-04,23:46:04,0.702,89.2,CAMPANHA_PILOTO_01
2026-08-04,23:46:05,0.702,89.2,CAMPANHA_PILOTO_01
2026-08-04,23:46:06,0.702,89.2,CAMPANHA_PILOTO_01
2026-08-04,23:46:07,0.702,89.1,CAMPANHA_PILOTO_01
2026-08-04,23:46:08,0.702,89.1,CAMPANHA_PILOTO_01
2026-08-04,23:46:09,0.701,89.1,CAMPANHA_PILOTO_01
2026-08-04,23:46:10,0.701,89.0,CAMPANHA_PILOTO_01
2026-08-04,23:46:11,0.701,89.0,CAMPANHA_PILOTO_01
2026-08-04,23:46:12,0.701,89.0,CAMPANHA_PILOTO_01
2026-08-04,23:46:13,0.7,89.0,CAMPANHA_PILOTO_01
2026-08-04,23:46:14,0.7,88.9,CAMPANHA_PILOTO_01
2026-08-04,23:46:15,0.7,88.9,CAMPANHA_PILOTO_01
2026-08-04,23:46:16,0.7,88.9,CAMPANHA_PILOTO_01
2026-08-04,23:46:17,0.7,88.8,CAMPANHA_PILOTO_01
2026-08-04,23:46:18,0.699,88.8,CAMPANHA_PILOTO_01
2026-08-04,23:46:19,0.699,88.8,CAMPANHA_PILOTO_01
2026-08-04,23:46:20,0.699,88.7,CAMPANHA_PILOTO_01
2026-08-04,23:46:21,0.699,88.7,CAMPANHA_PILOTO_01
2026-08-04,23:46:22,0.698,88.7,CAMPANHA_PILOTO_01
2026-08-04,23:46:23,0.698,88.7,CAMPANHA_PILOTO_01
2026-08-04,23:46:24,0.698,88.6,CAMPANHA_PILOTO_01
2026-08-04,23:46:25,0.698,88.6,CAMPANHA_PILOTO_01
2026-08-04,23:46:26,0.697,88.6,CAMPANHA_PILOTO_01
2026-08-04,23:46:27,0.697,88.5,CAMPANHA_PILOTO_01
2026-08-04,23:46:28,0.697,88.5,CAMPANHA_PILOTO_01
2026-08-04,23:46:29,0.697,88.5,CAMPANHA_PILOTO_01
2026-08-04,23:46:30,0.696,88.5,CAMPANHA_PILOTO_01
2026-08-04,23:46:31,0.696,88.4,CAMPANHA_PILOTO_01
2026-08-04,23:46:32,0.696,88.4,CAMPANHA_PILOTO_01
2026-08-04,23:46:33,0.696,88.4,CAMPANHA_PILOTO_01
2026-08-04,23:46:34,0.696,88.3,CAMPANHA_PILOTO_01
2026-08-04,23:46:35,0.695,88.3,CAMPANHA_PILOTO_01
2026-08-04,23:46:36,0.695,88.3,CAMPANHA_PILOTO_01
2026-08-04,23:46:37,0.695,88.2,CAMPANHA_PILOTO_01
2026-08-04,23:46:38,0.695,88.2,CAMPANHA_PILOTO_01
2026-08-04,23:46:39,0.694,88.2,CAMPANHA_PILOTO_01
2026-08-04,23:46:40,0.694,88.2,CAMPANHA_PILOTO_01
2026-08-04,23:46:41,0.694,88.1,CAMPANHA_PILOTO_01
2026-08-04,23:46:42,0.694,88.1,CAMPANHA_PILOTO_01
2026-08-04,23:46:43,0.693,88.1,CAMPANHA_PILOTO_01
2026-08-04,23:46:44,0.693,88.0,CAMPANHA_PILOTO_01
2026-08-04,23:46:45,0.693,88.0,CAMPANHA_PILOTO_01
2026-08-04,23:46:46,0.693,88.0,CAMPANHA_PILOTO_01
2026-08-04,23:46:47,0.693,88.0,CAMPANHA_PILOTO_01
2026-08-04,23:46:48,0.692,87.9,CAMPANHA_PILOTO_01
2026-08-04,23:46:49,0.692,87.9,CAMPANHA_PILOTO_01
2026-08-04,23:46:50,0.692,87.9,CAMPANHA_PILOTO_01
2026-08-04,23:46:51,0.692,87.8,CAMPANHA_PILOTO_01
2026-08-04,23:46:52,0.691,87.8,CAMPANHA_PILOTO_01
2026-08-04,23:46:53,0.691,87.8,CAMPANHA_PILOTO_01
2026-08-04,23:46:54,0.691,87.8,CAMPANHA_PILOTO_01
2026-08-04,23:46:55,0.691,87.7,CAMPANHA_PILOTO_01
2026-08-04,23:46:56,0.69,87.7,CAMPANHA_PILOTO_01
2026-08-04,23:46:57,0.69,87.7,CAMPANHA_PILOTO_01
2026-08-04,23:46:58,0.69,87.6,CAMPANHA_PILOTO_01
2026-08-04,23:46:59,0.69,87.6,CAMPANHA_PILOTO_01
2026-08-04,23:47:00,0.69,87.6,CAMPANHA_PILOTO_01
2026-08-04,23:47:01,0.689,87.6,CAMPANHA_PILOTO_01
2026-08-04,23:47:02,0.689,87.5,CAMPANHA_PILOTO_01
2026-08-04,23:47:03,0.689,87.5,CAMPANHA_PILOTO_01
2026-08-04,23:47:04,0.689,87.5,CAMPANHA_PILOTO_01
2026-08-04,23:47:05,0.688,87.4,CAMPANHA_PILOTO_01
2026-08-04,23:47:06,0.688,87.4,CAMPANHA_PILOTO_01
2026-08-04,23:47:07,0.688,87.4,CAMPANHA_PILOTO_01
2026-08-04,23:47:08,0.688,87.4,CAMPANHA_PILOTO_01
2026-08-04,23:47:09,0.688,87.3,CAMPANHA_PILOTO_01
2026-08-04,23:47:10,0.687,87.3,CAMPANHA_PILOTO_01
2026-08-04,23:47:11,0.687,87.3,CAMPANHA_PILOTO_01
2026-08-04,23:47:12,0.687,87.2,CAMPANHA_PILOTO_01
2026-08-04,23:47:13,0.687,87.2,CAMPANHA_PILOTO_01
2026-08-04,23:47:14,0.686,87.2,CAMPANHA_PILOTO_01
2026-08-04,23:47:15,0.686,87.1,CAMPANHA_PILOTO_01
2026-08-04,23:47:16,0.686,87.1,CAMPANHA_PILOTO_01
2026-08-04,23:47:17,0.686,87.1,CAMPANHA_PILOTO_01
2026-08-04,23:47:18,0.686,87.1,CAMPANHA_PILOTO_01
2026-08-04,23:47:19,0.685,87.0,CAMPANHA_PILOTO_01
2026-08-04,23:47:20,0.685,87.0,CAMPANHA_PILOTO_01
2026-08-04,23:47:21,0.685,87.0,CAMPANHA_PILOTO_01
2026-08-04,23:47:22,0.685,87.0,CAMPANHA_PILOTO_01
2026-08-04,23:47:23,0.684,86.9,CAMPANHA_PILOTO_01
2026-08-04,23:47:24,0.684,86.9,CAMPANHA_PILOTO_01
2026-08-04,23:47:25,0.684,86.9,CAMPANHA_PILOTO_01
2026-08-04,23:47:26,0.684,86.8,CAMPANHA_PILOTO_01
2026-08-04,23:47:27,0.684,86.8,CAMPANHA_PILOTO_01
2026-08-04,23:47:28,0.683,86.8,CAMPANHA_PILOTO_01
2026-08-04,23:47:29,0.683,86.8,CAMPANHA_PILOTO_01
2026-08-04,23:47:30,0.683,86.7,CAMPANHA_PILOTO_01
2026-08-04,23:47:31,0.683,86.7,CAMPANHA_PILOTO_01
2026-08-04,23:47:32,0.682,86.7,CAMPANHA_PILOTO_01
2026-08-04,23:47:33,0.682,86.6,CAMPANHA_PILOTO_01
2026-08-04,23:47:34,0.682,86.6,CAMPANHA_PILOTO_01
2026-08-04,23:47:35,0.682,86.6,CAMPANHA_PILOTO_01
2026-08-04,23:47:36,0.682,86.6,CAMPANHA_PILOTO_01
2026-08-04,23:47:37,0.681,86.5,CAMPANHA_PILOTO_01
2026-08-04,23:47:38,0.681,86.5,CAMPANHA_PILOTO_01
2026-08-04,23:47:39,0.681,86.5,CAMPANHA_PILOTO_01
2026-08-04,23:47:40,0.681,86.4,CAMPANHA_PILOTO_01
2026-08-04,23:47:41,0.68,86.4,CAMPANHA_PILOTO_01
2026-08-04,23:47:42,0.68,86.4,CAMPANHA_PILOTO_01
2026-08-04,23:47:43,0.68,86.4,CAMPANHA_PILOTO_01
2026-08-04,23:47:44,0.68,86.3,CAMPANHA_PILOTO_01
2026-08-04,23:47:45,0.68,86.3,CAMPANHA_PILOTO_01
2026-08-04,23:47:46,0.679,86.3,CAMPANHA_PILOTO_01
2026-08-04,23:47:47,0.679,86.2,CAMPANHA_PILOTO_01
2026-08-04,23:47:48,0.679,86.2,CAMPANHA_PILOTO_01
2026-08-04,23:47:49,0.679,86.2,CAMPANHA_PILOTO_01
2026-08-04,23:47:50,0.678,86.2,CAMPANHA_PILOTO_01
2026-08-04,23:47:51,0.678,86.1,CAMPANHA_PILOTO_01
2026-08-04,23:47:52,0.678,86.1,CAMPANHA_PILOTO_01
2026-08-04,23:47:53,0.678,86.1,CAMPANHA_PILOTO_01
2026-08-04,23:47:54,0.678,86.1,CAMPANHA_PILOTO_01
2026-08-04,23:47:55,0.677,86.0,CAMPANHA_PILOTO_01
2026-08-04,23:47:56,0.677,86.0,CAMPANHA_PILOTO_01
2026-08-04,23:47:57,0.677,86.0,CAMPANHA_PILOTO_01
2026-08-04,23:47:58,0.677,85.9,CAMPANHA_PILOTO_01
2026-08-04,23:47:59,0.677,85.9,CAMPANHA_PILOTO_01
2026-08-04,23:48:00,0.676,85.9,CAMPANHA_PILOTO_01
2026-08-04,23:48:01,0.676,85.9,CAMPANHA_PILOTO_01
2026-08-04,23:48:02,0.676,85.8,CAMPANHA_PILOTO_01
2026-08-04,23:48:03,0.676,85.8,CAMPANHA_PILOTO_01
2026-08-04,23:48:04,0.675,85.8,CAMPANHA_PILOTO_01
2026-08-04,23:48:05,0.675,85.8,CAMPANHA_PILOTO_01
2026-08-04,23:48:06,0.675,85.7,CAMPANHA_PILOTO_01
2026-08-04,23:48:07,0.675,85.7,CAMPANHA_PILOTO_01
2026-08-04,23:48:08,0.675,85.7,CAMPANHA_PILOTO_01
2026-08-04,23:48:09,0.674,85.6,CAMPANHA_PILOTO_01
2026-08-04,23:48:10,0.674,85.6,CAMPANHA_PILOTO_01
2026-08-04,23:48:11,0.674,85.6,CAMPANHA_PILOTO_01
2026-08-04,23:48:12,0.674,85.6,CAMPANHA_PILOTO_01
2026-08-04,23:48:13,0.673,85.5,CAMPANHA_PILOTO_01
2026-08-04,23:48:14,0.673,85.5,CAMPANHA_PILOTO_01
2026-08-04,23:48:15,0.673,85.5,CAMPANHA_PILOTO_01
2026-08-04,23:48:16,0.673,85.4,CAMPANHA_PILOTO_01
2026-08-04,23:48:17,0.673,85.4,CAMPANHA_PILOTO_01
2026-08-04,23:48:18,0.672,85.4,CAMPANHA_PILOTO_01
2026-08-04,23:48:19,0.672,85.4,CAMPANHA_PILOTO_01
2026-08-04,23:48:20,0.672,85.3,CAMPANHA_PILOTO_01
2026-08-04,23:48:21,0.672,85.3,CAMPANHA_PILOTO_01
2026-08-04,23:48:22,0.672,85.3,CAMPANHA_PILOTO_01
2026-08-04,23:48:23,0.671,85.3,CAMPANHA_PILOTO_01
2026-08-04,23:48:24,0.671,85.2,CAMPANHA_PILOTO_01
2026-08-04,23:48:25,0.671,85.2,CAMPANHA_PILOTO_01
2026-08-04,23:48:26,0.671,85.2,CAMPANHA_PILOTO_01
2026-08-04,23:48:27,0.67,85.1,CAMPANHA_PILOTO_01
2026-08-04,23:48:28,0.67,85.1,CAMPANHA_PILOTO_01
2026-08-04,23:48:29,0.67,85.1,CAMPANHA_PILOTO_01
2026-08-04,23:48:30,0.67,85.1,CAMPANHA_PILOTO_01
2026-08-04,23:48:31,0.67,85.0,CAMPANHA_PILOTO_01
2026-08-04,23:48:32,0.669,85.0,CAMPANHA_PILOTO_01
2026-08-04,23:48:33,0.669,85.0,CAMPANHA_PILOTO_01
2026-08-04,23:48:34,0.669,85.0,CAMPANHA_PILOTO_01
2026-08-04,23:48:35,0.669,84.9,CAMPANHA_PILOTO_01
2026-08-04,23:48:36,0.669,84.9,CAMPANHA_PILOTO_01
2026-08-04,23:48:37,0.668,84.9,CAMPANHA_PILOTO_01
2026-08-04,23:48:38,0.668,84.9,CAMPANHA_PILOTO_01
2026-08-04,23:48:39,0.668,84.8,CAMPANHA_PILOTO_01
2026-08-04,23:48:40,0.668,84.8,CAMPANHA_PILOTO_01
2026-08-04,23:48:41,0.667,84.8,CAMPANHA_PILOTO_01
2026-08-04,23:48:42,0.667,84.7,CAMPANHA_PILOTO_01
2026-08-04,23:48:43,0.667,84.7,CAMPANHA_PILOTO_01
2026-08-04,23:48:44,0.667,84.7,CAMPANHA_PILOTO_01
2026-08-04,23:48:45,0.667,84.7,CAMPANHA_PILOTO_01
2026-08-04,23:48:46,0.666,84.6,CAMPANHA_PILOTO_01
2026-08-04,23:48:47,0.666,84.6,CAMPANHA_PILOTO_01
2026-08-04,23:48:48,0.666,84.6,CAMPANHA_PILOTO_01
2026-08-04,23:48:49,0.666,84.6,CAMPANHA_PILOTO_01
2026-08-04,23:48:50,0.666,84.5,CAMPANHA_PILOTO_01
2026-08-04,23:48:51,0.665,84.5,CAMPANHA_PILOTO_01
2026-08-04,23:48:52,0.665,84.5,CAMPANHA_PILOTO_01
2026-08-04,23:48:53,0.665,84.4,CAMPANHA_PILOTO_01
2026-08-04,23:48:54,0.665,84.4,CAMPANHA_PILOTO_01
2026-08-04,23:48:55,0.664,84.4,CAMPANHA_PILOTO_01
2026-08-04,23:48:56,0.664,84.4,CAMPANHA_PILOTO_01
2026-08-04,23:48:57,0.664,84.3,CAMPANHA_PILOTO_01
2026-08-04,23:48:58,0.664,84.3,CAMPANHA_PILOTO_01
2026-08-04,23:48:59,0.664,84.3,CAMPANHA_PILOTO_01
2026-08-04,23:49:00,0.663,84.3,CAMPANHA_PILOTO_01
2026-08-04,23:49:01,0.663,84.2,CAMPANHA_PILOTO_01
2026-08-04,23:49:02,0.663,84.2,CAMPANHA_PILOTO_01
2026-08-04,23:49:03,0.663,84.2,CAMPANHA_PILOTO_01
2026-08-04,23:49:04,0.663,84.2,CAMPANHA_PILOTO_01
2026-08-04,23:49:05,0.662,84.1,CAMPANHA_PILOTO_01
2026-08-04,23:49:06,0.662,84.1,CAMPANHA_PILOTO_01
2026-08-04,23:49:07,0.662,84.1,CAMPANHA_PILOTO_01
2026-08-04,23:49:08,0.662,84.0,CAMPANHA_PILOTO_01
2026-08-04,23:49:09,0.662,84.0,CAMPANHA_PILOTO_01
2026-08-04,23:49:10,0.661,84.0,CAMPANHA_PILOTO_01
2026-08-04,23:49:11,0.661,84.0,CAMPANHA_PILOTO_01
2026-08-04,23:49:12,0.661,83.9,CAMPANHA_PILOTO_01
2026-08-04,23:49:13,0.661,83.9,CAMPANHA_PILOTO_01
2026-08-04,23:49:14,0.661,83.9,CAMPANHA_PILOTO_01
2026-08-04,23:49:15,0.66,83.9,CAMPANHA_PILOTO_01
2026-08-04,23:49:16,0.66,83.8,CAMPANHA_PILOTO_01
2026-08-04,23:49:17,0.66,83.8,CAMPANHA_PILOTO_01
2026-08-04,23:49:18,0.66,83.8,CAMPANHA_PILOTO_01
2026-08-04,23:49:19,0.66,83.8,CAMPANHA_PILOTO_01
2026-08-04,23:49:20,0.659,83.7,CAMPANHA_PILOTO_01
2026-08-04,23:49:21,0.659,83.7,CAMPANHA_PILOTO_01
2026-08-04,23:49:22,0.659,83.7,CAMPANHA_PILOTO_01
2026-08-04,23:49:23,0.659,83.6,CAMPANHA_PILOTO_01
2026-08-04,23:49:24,0.658,83.6,CAMPANHA_PILOTO_01
2026-08-04,23:49:25,0.658,83.6,CAMPANHA_PILOTO_01
2026-08-04,23:49:26,0.658,83.6,CAMPANHA_PILOTO_01
2026-08-04,23:49:27,0.658,83.5,CAMPANHA_PILOTO_01
2026-08-04,23:49:28,0.658,83.5,CAMPANHA_PILOTO_01
2026-08-04,23:49:29,0.657,83.5,CAMPANHA_PILOTO_01
2026-08-04,23:49:30,0.657,83.5,CAMPANHA_PILOTO_01
2026-08-04,23:49:31,0.657,83.4,CAMPANHA_PILOTO_01
2026-08-04,23:49:32,0.657,83.4,CAMPANHA_PILOTO_01
2026-08-04,23:49:33,0.657,83.4,CAMPANHA_PILOTO_01
2026-08-04,23:49:34,0.656,83.4,CAMPANHA_PILOTO_01
2026-08-04,23:49:35,0.656,83.3,CAMPANHA_PILOTO_01
2026-08-04,23:49:36,0.656,83.3,CAMPANHA_PILOTO_01
2026-08-04,23:49:37,0.656,83.3,CAMPANHA_PILOTO_01
2026-08-04,23:49:38,0.656,83.3,CAMPANHA_PILOTO_01
2026-08-04,23:49:39,0.655,83.2,CAMPANHA_PILOTO_01
2026-08-04,23:49:40,0.655,83.2,CAMPANHA_PILOTO_01
2026-08-04,23:49:41,0.655,83.2,CAMPANHA_PILOTO_01
2026-08-04,23:49:42,0.655,83.2,CAMPANHA_PILOTO_01
2026-08-04,23:49:43,0.655,83.1,CAMPANHA_PILOTO_01
2026-08-04,23:49:44,0.654,83.1,CAMPANHA_PILOTO_01
2026-08-04,23:49:45,0.654,83.1,CAMPANHA_PILOTO_01
2026-08-04,23:49:46,0.654,83.1,CAMPANHA_PILOTO_01
2026-08-04,23:49:47,0.654,83.0,CAMPANHA_PILOTO_01
2026-08-04,23:49:48,0.654,83.0,CAMPANHA_PILOTO_01
2026-08-04,23:49:49,0.653,83.0,CAMPANHA_PILOTO_01
2026-08-04,23:49:50,0.653,83.0,CAMPANHA_PILOTO_01
2026-08-04,23:49:51,0.653,82.9,CAMPANHA_PILOTO_01
2026-08-04,23:49:52,0.653,82.9,CAMPANHA_PILOTO_01
2026-08-04,23:49:53,0.653,82.9,CAMPANHA_PILOTO_01
2026-08-04,23:49:54,0.652,82.8,CAMPANHA_PILOTO_01
2026-08-04,23:49:55,0.652,82.8,CAMPANHA_PILOTO_01
2026-08-04,23:49:56,0.652,82.8,CAMPANHA_PILOTO_01
2026-08-04,23:49:57,0.652,82.8,CAMPANHA_PILOTO_01
2026-08-04,23:49:58,0.652,82.7,CAMPANHA_PILOTO_01
2026-08-04,23:49:59,0.651,82.7,CAMPANHA_PILOTO_01
2026-08-04,23:50:00,0.651,82.7,CAMPANHA_PILOTO_01
2026-08-04,23:50:01,0.651,82.7,CAMPANHA_PILOTO_01
2026-08-04,23:50:02,0.651,82.6,CAMPANHA_PILOTO_01
2026-08-04,23:50:03,0.651,82.6,CAMPANHA_PILOTO_01
2026-08-04,23:50:04,0.65,82.6,CAMPANHA_PILOTO_01
2026-08-04,23:50:05,0.65,82.6,CAMPANHA_PILOTO_01
2026-08-04,23:50:06,0.65,82.5,CAMPANHA_PILOTO_01
2026-08-04,23:50:07,0.65,82.5,CAMPANHA_PILOTO_01
2026-08-04,23:50:08,0.65,82.5,CAMPANHA_PILOTO_01
2026-08-04,23:50:09,0.649,82.5,CAMPANHA_PILOTO_01
2026-08-04,23:50:10,0.649,82.4,CAMPANHA_PILOTO_01
2026-08-04,23:50:11,0.649,82.4,CAMPANHA_PILOTO_01
2026-08-04,23:50:12,0.649,82.4,CAMPANHA_PILOTO_01
2026-08-04,23:50:13,0.648,82.4,CAMPANHA_PILOTO_01
2026-08-04,23:50:14,0.648,82.3,CAMPANHA_PILOTO_01
2026-08-04,23:50:15,0.648,82.3,CAMPANHA_PILOTO_01
2026-08-04,23:50:16,0.648,82.3,CAMPANHA_PILOTO_01
2026-08-04,23:50:17,0.648,82.3,CAMPANHA_PILOTO_01
2026-08-04,23:50:18,0.648,82.2,CAMPANHA_PILOTO_01
2026-08-04,23:50:19,0.647,82.2,CAMPANHA_PILOTO_01
2026-08-04,23:50:20,0.647,82.2,CAMPANHA_PILOTO_01
2026-08-04,23:50:21,0.647,82.2,CAMPANHA_PILOTO_01
2026-08-04,23:50:22,0.647,82.1,CAMPANHA_PILOTO_01
2026-08-04,23:50:23,0.647,82.1,CAMPANHA_PILOTO_01
2026-08-04,23:50:24,0.646,82.1,CAMPANHA_PILOTO_01
2026-08-04,23:50:25,0.646,82.1,CAMPANHA_PILOTO_01
2026-08-04,23:50:26,0.646,82.0,CAMPANHA_PILOTO_01
2026-08-04,23:50:27,0.646,82.0,CAMPANHA_PILOTO_01
2026-08-04,23:50:28,0.646,82.0,CAMPANHA_PILOTO_01
2026-08-04,23:50:29,0.645,82.0,CAMPANHA_PILOTO_01
2026-08-04,23:50:30,0.645,81.9,CAMPANHA_PILOTO_01
2026-08-04,23:50:31,0.645,81.9,CAMPANHA_PILOTO_01
2026-08-04,23:50:32,0.645,81.9,CAMPANHA_PILOTO_01
2026-08-04,23:50:33,0.645,81.9,CAMPANHA_PILOTO_01
2026-08-04,23:50:34,0.644,81.8,CAMPANHA_PILOTO_01
2026-08-04,23:50:35,0.644,81.8,CAMPANHA_PILOTO_01
2026-08-04,23:50:36,0.644,81.8,CAMPANHA_PILOTO_01
2026-08-04,23:50:37,0.644,81.8,CAMPANHA_PILOTO_01
2026-08-04,23:50:38,0.644,81.7,CAMPANHA_PILOTO_01
2026-08-04,23:50:39,0.643,81.7,CAMPANHA_PILOTO_01
2026-08-04,23:50:40,0.643,81.7,CAMPANHA_PILOTO_01
2026-08-04,23:50:41,0.643,81.7,CAMPANHA_PILOTO_01
2026-08-04,23:50:42,0.643,81.6,CAMPANHA_PILOTO_01
2026-08-04,23:50:43,0.643,81.6,CAMPANHA_PILOTO_01
2026-08-04,23:50:44,0.642,81.6,CAMPANHA_PILOTO_01
2026-08-04,23:50:45,0.642,81.6,CAMPANHA_PILOTO_01
2026-08-04,23:50:46,0.642,81.5,CAMPANHA_PILOTO_01
2026-08-04,23:50:47,0.642,81.5,CAMPANHA_PILOTO_01
2026-08-04,23:50:48,0.642,81.5,CAMPANHA_PILOTO_01
2026-08-04,23:50:49,0.641,81.5,CAMPANHA_PILOTO_01
2026-08-04,23:50:50,0.641,81.4,CAMPANHA_PILOTO_01
2026-08-04,23:50:51,0.641,81.4,CAMPANHA_PILOTO_01
2026-08-04,23:50:52,0.641,81.4,CAMPANHA_PILOTO_01
2026-08-04,23:50:53,0.641,81.4,CAMPANHA_PILOTO_01
2026-08-04,23:50:54,0.64,81.3,CAMPANHA_PILOTO_01
2026-08-04,23:50:55,0.64,81.3,CAMPANHA_PILOTO_01
2026-08-04,23:50:56,0.64,81.3,CAMPANHA_PILOTO_01
2026-08-04,23:50:57,0.64,81.3,CAMPANHA_PILOTO_01
2026-08-04,23:50:58,0.64,81.2,CAMPANHA_PILOTO_01
2026-08-04,23:50:59,0.639,81.2,CAMPANHA_PILOTO_01
2026-08-04,23:51:00,0.639,81.2,CAMPANHA_PILOTO_01
2026-08-04,23:51:01,0.639,81.2,CAMPANHA_PILOTO_01
2026-08-04,23:51:02,0.639,81.1,CAMPANHA_PILOTO_01
2026-08-04,23:51:03,0.639,81.1,CAMPANHA_PILOTO_01
2026-08-04,23:51:04,0.638,81.1,CAMPANHA_PILOTO_01
2026-08-04,23:51:05,0.638,81.1,CAMPANHA_PILOTO_01
2026-08-04,23:51:06,0.638,81.0,CAMPANHA_PILOTO_01
2026-08-04,23:51:07,0.638,81.0,CAMPANHA_PILOTO_01
2026-08-04,23:51:08,0.638,81.0,CAMPANHA_PILOTO_01
2026-08-04,23:51:09,0.638,81.0,CAMPANHA_PILOTO_01
2026-08-04,23:51:10,0.637,80.9,CAMPANHA_PILOTO_01
2026-08-04,23:51:11,0.637,80.9,CAMPANHA_PILOTO_01
2026-08-04,23:51:12,0.637,80.9,CAMPANHA_PILOTO_01
2026-08-04,23:51:13,0.637,80.9,CAMPANHA_PILOTO_01
2026-08-04,23:51:14,0.637,80.8,CAMPANHA_PILOTO_01
2026-08-04,23:51:15,0.636,80.8,CAMPANHA_PILOTO_01
2026-08-04,23:51:16,0.636,80.8,CAMPANHA_PILOTO_01
2026-08-04,23:51:17,0.636,80.8,CAMPANHA_PILOTO_01
2026-08-04,23:51:18,0.636,80.7,CAMPANHA_PILOTO_01
2026-08-04,23:51:19,0.636,80.7,CAMPANHA_PILOTO_01
2026-08-04,23:51:20,0.635,80.7,CAMPANHA_PILOTO_01
2026-08-04,23:51:21,0.635,80.7,CAMPANHA_PILOTO_01
2026-08-04,23:51:22,0.635,80.6,CAMPANHA_PILOTO_01
2026-08-04,23:51:23,0.635,80.6,CAMPANHA_PILOTO_01
2026-08-04,23:51:24,0.635,80.6,CAMPANHA_PILOTO_01
2026-08-04,23:51:25,0.634,80.6,CAMPANHA_PILOTO_01
2026-08-04,23:51:26,0.634,80.5,CAMPANHA_PILOTO_01
2026-08-04,23:51:27,0.634,80.5,CAMPANHA_PILOTO_01
2026-08-04,23:51:28,0.634,80.5,CAMPANHA_PILOTO_01
2026-08-04,23:51:29,0.634,80.5,CAMPANHA_PILOTO_01
2026-08-04,23:51:30,0.633,80.4,CAMPANHA_PILOTO_01
2026-08-04,23:51:31,0.633,80.4,CAMPANHA_PILOTO_01
2026-08-04,23:51:32,0.633,80.4,CAMPANHA_PILOTO_01
2026-08-04,23:51:33,0.633,80.4,CAMPANHA_PILOTO_01
2026-08-04,23:51:34,0.633,80.4,CAMPANHA_PILOTO_01
2026-08-04,23:51:35,0.632,80.3,CAMPANHA_PILOTO_01
2026-08-04,23:51:36,0.632,80.3,CAMPANHA_PILOTO_01
2026-08-04,23:51:37,0.632,80.3,CAMPANHA_PILOTO_01
2026-08-04,23:51:38,0.632,80.3,CAMPANHA_PILOTO_01
2026-08-04,23:51:39,0.632,80.2,CAMPANHA_PILOTO_01
2026-08-04,23:51:40,0.632,80.2,CAMPANHA_PILOTO_01
2026-08-04,23:51:41,0.631,80.2,CAMPANHA_PILOTO_01
2026-08-04,23:51:42,0.631,80.2,CAMPANHA_PILOTO_01
2026-08-04,23:51:43,0.631,80.1,CAMPANHA_PILOTO_01
2026-08-04,23:51:44,0.631,80.1,CAMPANHA_PILOTO_01
2026-08-04,23:51:45,0.631,80.1,CAMPANHA_PILOTO_01
2026-08-04,23:51:46,0.63,80.1,CAMPANHA_PILOTO_01
2026-08-04,23:51:47,0.63,80.0,CAMPANHA_PILOTO_01
2026-08-04,23:51:48,0.63,80.0,CAMPANHA_PILOTO_01
2026-08-04,23:51:49,0.63,80.0,CAMPANHA_PILOTO_01
2026-08-04,23:51:50,0.63,80.0,CAMPANHA_PILOTO_01
2026-08-04,23:51:51,0.629,79.9,CAMPANHA_PILOTO_01
2026-08-04,23:51:52,0.629,79.9,CAMPANHA_PILOTO_01
2026-08-04,23:51:53,0.629,79.9,CAMPANHA_PILOTO_01
2026-08-04,23:51:54,0.629,79.9,CAMPANHA_PILOTO_01
2026-08-04,23:51:55,0.629,79.8,CAMPANHA_PILOTO_01
2026-08-04,23:51:56,0.629,79.8,CAMPANHA_PILOTO_01
2026-08-04,23:51:57,0.628,79.8,CAMPANHA_PILOTO_01
2026-08-04,23:51:58,0.628,79.8,CAMPANHA_PILOTO_01
2026-08-04,23:51:59,0.628,79.8,CAMPANHA_PILOTO_01
2026-08-04,23:52:00,0.628,79.7,CAMPANHA_PILOTO_01
2026-08-04,23:52:01,0.628,79.7,CAMPANHA_PILOTO_01
2026-08-04,23:52:02,0.627,79.7,CAMPANHA_PILOTO_01
2026-08-04,23:52:03,0.627,79.7,CAMPANHA_PILOTO_01
2026-08-04,23:52:04,0.627,79.6,CAMPANHA_PILOTO_01
2026-08-04,23:52:05,0.627,79.6,CAMPANHA_PILOTO_01
2026-08-04,23:52:06,0.627,79.6,CAMPANHA_PILOTO_01
2026-08-04,23:52:07,0.626,79.6,CAMPANHA_PILOTO_01
2026-08-04,23:52:08,0.626,79.5,CAMPANHA_PILOTO_01
2026-08-04,23:52:09,0.626,79.5,CAMPANHA_PILOTO_01
2026-08-04,23:52:10,0.626,79.5,CAMPANHA_PILOTO_01
2026-08-04,23:52:11,0.626,79.5,CAMPANHA_PILOTO_01
2026-08-04,23:52:12,0.626,79.4,CAMPANHA_PILOTO_01
2026-08-04,23:52:13,0.625,79.4,CAMPANHA_PILOTO_01
2026-08-04,23:52:14,0.625,79.4,CAMPANHA_PILOTO_01
2026-08-04,23:52:15,0.625,79.4,CAMPANHA_PILOTO_01
2026-08-04,23:52:16,0.625,79.4,CAMPANHA_PILOTO_01
2026-08-04,23:52:17,0.625,79.3,CAMPANHA_PILOTO_01
2026-08-04,23:52:18,0.624,79.3,CAMPANHA_PILOTO_01
2026-08-04,23:52:19,0.624,79.3,CAMPANHA_PILOTO_01
2026-08-04,23:52:20,0.624,79.3,CAMPANHA_PILOTO_01
2026-08-04,23:52:21,0.624,79.2,CAMPANHA_PILOTO_01
2026-08-04,23:52:22,0.624,79.2,CAMPANHA_PILOTO_01
2026-08-04,23:52:23,0.623,79.2,CAMPANHA_PILOTO_01
2026-08-04,23:52:24,0.623,79.2,CAMPANHA_PILOTO_01
2026-08-04,23:52:25,0.623,79.1,CAMPANHA_PILOTO_01
2026-08-04,23:52:26,0.623,79.1,CAMPANHA_PILOTO_01
2026-08-04,23:52:27,0.623,79.1,CAMPANHA_PILOTO_01
2026-08-04,23:52:28,0.623,79.1,CAMPANHA_PILOTO_01
2026-08-04,23:52:29,0.622,79.0,CAMPANHA_PILOTO_01
2026-08-04,23:52:30,0.622,79.0,CAMPANHA_PILOTO_01
2026-08-04,23:52:31,0.622,79.0,CAMPANHA_PILOTO_01
2026-08-04,23:52:32,0.622,79.0,CAMPANHA_PILOTO_01
2026-08-04,23:52:33,0.622,79.0,CAMPANHA_PILOTO_01
2026-08-04,23:52:34,0.621,78.9,CAMPANHA_PILOTO_01
2026-08-04,23:52:35,0.621,78.9,CAMPANHA_PILOTO_01
2026-08-04,23:52:36,0.621,78.9,CAMPANHA_PILOTO_01
2026-08-04,23:52:37,0.621,78.9,CAMPANHA_PILOTO_01
2026-08-04,23:52:38,0.621,78.8,CAMPANHA_PILOTO_01
2026-08-04,23:52:39,0.621,78.8,CAMPANHA_PILOTO_01
2026-08-04,23:52:40,0.62,78.8,CAMPANHA_PILOTO_01
2026-08-04,23:52:41,0.62,78.8,CAMPANHA_PILOTO_01
2026-08-04,23:52:42,0.62,78.7,CAMPANHA_PILOTO_01
2026-08-04,23:52:43,0.62,78.7,CAMPANHA_PILOTO_01
2026-08-04,23:52:44,0.62,78.7,CAMPANHA_PILOTO_01
2026-08-04,23:52:45,0.619,78.7,CAMPANHA_PILOTO_01
2026-08-04,23:52:46,0.619,78.6,CAMPANHA_PILOTO_01
2026-08-04,23:52:47,0.619,78.6,CAMPANHA_PILOTO_01
2026-08-04,23:52:48,0.619,78.6,CAMPANHA_PILOTO_01
2026-08-04,23:52:49,0.619,78.6,CAMPANHA_PILOTO_01
2026-08-04,23:52:50,0.619,78.6,CAMPANHA_PILOTO_01
2026-08-04,23:52:51,0.618,78.5,CAMPANHA_PILOTO_01
2026-08-04,23:52:52,0.618,78.5,CAMPANHA_PILOTO_01
2026-08-04,23:52:53,0.618,78.5,CAMPANHA_PILOTO_01
2026-08-04,23:52:54,0.618,78.5,CAMPANHA_PILOTO_01
2026-08-04,23:52:55,0.618,78.4,CAMPANHA_PILOTO_01
2026-08-04,23:52:56,0.617,78.4,CAMPANHA_PILOTO_01
2026-08-04,23:52:57,0.617,78.4,CAMPANHA_PILOTO_01
2026-08-04,23:52:58,0.617,78.4,CAMPANHA_PILOTO_01
2026-08-04,23:52:59,0.617,78.3,CAMPANHA_PILOTO_01
2026-08-04,23:53:00,0.617,78.3,CAMPANHA_PILOTO_01
2026-08-04,23:53:01,0.617,78.3,CAMPANHA_PILOTO_01
2026-08-04,23:53:02,0.616,78.3,CAMPANHA_PILOTO_01
2026-08-04,23:53:03,0.616,78.3,CAMPANHA_PILOTO_01
2026-08-04,23:53:04,0.616,78.2,CAMPANHA_PILOTO_01
2026-08-04,23:53:05,0.616,78.2,CAMPANHA_PILOTO_01
2026-08-04,23:53:06,0.616,78.2,CAMPANHA_PILOTO_01
2026-08-04,23:53:07,0.615,78.2,CAMPANHA_PILOTO_01
2026-08-04,23:53:08,0.615,78.1,CAMPANHA_PILOTO_01
2026-08-04,23:53:09,0.615,78.1,CAMPANHA_PILOTO_01
2026-08-04,23:53:10,0.615,78.1,CAMPANHA_PILOTO_01
2026-08-04,23:53:11,0.615,78.1,CAMPANHA_PILOTO_01
2026-08-04,23:53:12,0.615,78.0,CAMPANHA_PILOTO_01
2026-08-04,23:53:13,0.614,78.0,CAMPANHA_PILOTO_01
2026-08-04,23:53:14,0.614,78.0,CAMPANHA_PILOTO_01
2026-08-04,23:53:15,0.614,78.0,CAMPANHA_PILOTO_01
2026-08-04,23:53:16,0.614,78.0,CAMPANHA_PILOTO_01
2026-08-04,23:53:17,0.614,77.9,CAMPANHA_PILOTO_01
2026-08-04,23:53:18,0.613,77.9,CAMPANHA_PILOTO_01
2026-08-04,23:53:19,0.613,77.9,CAMPANHA_PILOTO_01
2026-08-04,23:53:20,0.613,77.9,CAMPANHA_PILOTO_01
2026-08-04,23:53:21,0.613,77.8,CAMPANHA_PILOTO_01
2026-08-04,23:53:22,0.613,77.8,CAMPANHA_PILOTO_01
2026-08-04,23:53:23,0.613,77.8,CAMPANHA_PILOTO_01
2026-08-04,23:53:24,0.612,77.8,CAMPANHA_PILOTO_01
2026-08-04,23:53:25,0.612,77.8,CAMPANHA_PILOTO_01
2026-08-04,23:53:26,0.612,77.7,CAMPANHA_PILOTO_01
2026-08-04,23:53:27,0.612,77.7,CAMPANHA_PILOTO_01
2026-08-04,23:53:28,0.612,77.7,CAMPANHA_PILOTO_01
2026-08-04,23:53:29,0.612,77.7,CAMPANHA_PILOTO_01
2026-08-04,23:53:30,0.611,77.6,CAMPANHA_PILOTO_01
2026-08-04,23:53:31,0.611,77.6,CAMPANHA_PILOTO_01
2026-08-04,23:53:32,0.611,77.6,CAMPANHA_PILOTO_01
2026-08-04,23:53:33,0.611,77.6,CAMPANHA_PILOTO_01
2026-08-04,23:53:34,0.611,77.5,CAMPANHA_PILOTO_01
2026-08-04,23:53:35,0.61,77.5,CAMPANHA_PILOTO_01
2026-08-04,23:53:36,0.61,77.5,CAMPANHA_PILOTO_01
2026-08-04,23:53:37,0.61,77.5,CAMPANHA_PILOTO_01
2026-08-04,23:53:38,0.61,77.5,CAMPANHA_PILOTO_01
2026-08-04,23:53:39,0.61,77.4,CAMPANHA_PILOTO_01
2026-08-04,23:53:40,0.61,77.4,CAMPANHA_PILOTO_01
2026-08-04,23:53:41,0.609,77.4,CAMPANHA_PILOTO_01
2026-08-04,23:53:42,0.609,77.4,CAMPANHA_PILOTO_01
2026-08-04,23:53:43,0.609,77.3,CAMPANHA_PILOTO_01
2026-08-04,23:53:44,0.609,77.3,CAMPANHA_PILOTO_01
2026-08-04,23:53:45,0.609,77.3,CAMPANHA_PILOTO_01
2026-08-04,23:53:46,0.608,77.3,CAMPANHA_PILOTO_01
2026-08-04,23:53:47,0.608,77.3,CAMPANHA_PILOTO_01
2026-08-04,23:53:48,0.608,77.2,CAMPANHA_PILOTO_01
2026-08-04,23:53:49,0.608,77.2,CAMPANHA_PILOTO_01
2026-08-04,23:53:50,0.608,77.2,CAMPANHA_PILOTO_01
2026-08-04,23:53:51,0.608,77.2,CAMPANHA_PILOTO_01
2026-08-04,23:53:52,0.607,77.1,CAMPANHA_PILOTO_01
2026-08-04,23:53:53,0.607,77.1,CAMPANHA_PILOTO_01
2026-08-04,23:53:54,0.607,77.1,CAMPANHA_PILOTO_01
2026-08-04,23:53:55,0.607,77.1,CAMPANHA_PILOTO_01
2026-08-04,23:53:56,0.607,77.1,CAMPANHA_PILOTO_01
2026-08-04,23:53:57,0.607,77.0,CAMPANHA_PILOTO_01
2026-08-04,23:53:58,0.606,77.0,CAMPANHA_PILOTO_01
2026-08-04,23:53:59,0.606,77.0,CAMPANHA_PILOTO_01
2026-08-04,23:54:00,0.606,77.0,CAMPANHA_PILOTO_01
2026-08-04,23:54:01,0.606,76.9,CAMPANHA_PILOTO_01
2026-08-04,23:54:02,0.606,76.9,CAMPANHA_PILOTO_01
2026-08-04,23:54:03,0.606,76.9,CAMPANHA_PILOTO_01
2026-08-04,23:54:04,0.605,76.9,CAMPANHA_PILOTO_01
2026-08-04,23:54:05,0.605,76.9,CAMPANHA_PILOTO_01
2026-08-04,23:54:06,0.605,76.8,CAMPANHA_PILOTO_01
2026-08-04,23:54:07,0.605,76.8,CAMPANHA_PILOTO_01
2026-08-04,23:54:08,0.605,76.8,CAMPANHA_PILOTO_01
2026-08-04,23:54:09,0.604,76.8,CAMPANHA_PILOTO_01
2026-08-04,23:54:10,0.604,76.7,CAMPANHA_PILOTO_01
2026-08-04,23:54:11,0.604,76.7,CAMPANHA_PILOTO_01
2026-08-04,23:54:12,0.604,76.7,CAMPANHA_PILOTO_01
2026-08-04,23:54:13,0.604,76.7,CAMPANHA_PILOTO_01
2026-08-04,23:54:14,0.604,76.7,CAMPANHA_PILOTO_01
2026-08-04,23:54:15,0.603,76.6,CAMPANHA_PILOTO_01
2026-08-04,23:54:16,0.603,76.6,CAMPANHA_PILOTO_01
2026-08-04,23:54:17,0.603,76.6,CAMPANHA_PILOTO_01
2026-08-04,23:54:18,0.603,76.6,CAMPANHA_PILOTO_01
2026-08-04,23:54:19,0.603,76.5,CAMPANHA_PILOTO_01
2026-08-04,23:54:20,0.603,76.5,CAMPANHA_PILOTO_01
2026-08-04,23:54:21,0.602,76.5,CAMPANHA_PILOTO_01
2026-08-04,23:54:22,0.602,76.5,CAMPANHA_PILOTO_01
2026-08-04,23:54:23,0.602,76.5,CAMPANHA_PILOTO_01
2026-08-04,23:54:24,0.602,76.4,CAMPANHA_PILOTO_01
2026-08-04,23:54:25,0.602,76.4,CAMPANHA_PILOTO_01
2026-08-04,23:54:26,0.602,76.4,CAMPANHA_PILOTO_01
2026-08-04,23:54:27,0.601,76.4,CAMPANHA_PILOTO_01
2026-08-04,23:54:28,0.601,76.4,CAMPANHA_PILOTO_01
2026-08-04,23:54:29,0.601,76.3,CAMPANHA_PILOTO_01
2026-08-04,23:54:30,0.601,76.3,CAMPANHA_PILOTO_01
2026-08-04,23:54:31,0.601,76.3,CAMPANHA_PILOTO_01
2026-08-04,23:54:32,0.6,76.3,CAMPANHA_PILOTO_01
2026-08-04,23:54:33,0.6,76.2,CAMPANHA_PILOTO_01
2026-08-04,23:54:34,0.6,76.2,CAMPANHA_PILOTO_01
2026-08-04,23:54:35,0.6,76.2,CAMPANHA_PILOTO_01
2026-08-04,23:54:36,0.6,76.2,CAMPANHA_PILOTO_01
2026-08-04,23:54:37,0.6,76.2,CAMPANHA_PILOTO_01
2026-08-04,23:54:38,0.599,76.1,CAMPANHA_PILOTO_01
2026-08-04,23:54:39,0.599,76.1,CAMPANHA_PILOTO_01
2026-08-04,23:54:40,0.599,76.1,CAMPANHA_PILOTO_01
2026-08-04,23:54:41,0.599,76.1,CAMPANHA_PILOTO_01
2026-08-04,23:54:42,0.599,76.0,CAMPANHA_PILOTO_01
2026-08-04,23:54:43,0.599,76.0,CAMPANHA_PILOTO_01
2026-08-04,23:54:44,0.598,76.0,CAMPANHA_PILOTO_01
2026-08-04,23:54:45,0.598,76.0,CAMPANHA_PILOTO_01
2026-08-04,23:54:46,0.598,76.0,CAMPANHA_PILOTO_01
2026-08-04,23:54:47,0.598,75.9,CAMPANHA_PILOTO_01
2026-08-04,23:54:48,0.598,75.9,CAMPANHA_PILOTO_01
2026-08-04,23:54:49,0.598,75.9,CAMPANHA_PILOTO_01
2026-08-04,23:54:50,0.597,75.9,CAMPANHA_PILOTO_01
2026-08-04,23:54:51,0.597,75.9,CAMPANHA_PILOTO_01
2026-08-04,23:54:52,0.597,75.8,CAMPANHA_PILOTO_01
2026-08-04,23:54:53,0.597,75.8,CAMPANHA_PILOTO_01
2026-08-04,23:54:54,0.597,75.8,CAMPANHA_PILOTO_01
2026-08-04,23:54:55,0.597,75.8,CAMPANHA_PILOTO_01
2026-08-04,23:54:56,0.596,75.7,CAMPANHA_PILOTO_01
2026-08-04,23:54:57,0.596,75.7,CAMPANHA_PILOTO_01
2026-08-04,23:54:58,0.596,75.7,CAMPANHA_PILOTO_01
2026-08-04,23:54:59,0.596,75.7,CAMPANHA_PILOTO_01
2026-08-04,23:55:00,0.596,75.7,CAMPANHA_PILOTO_01
2026-08-04,23:55:01,0.596,75.6,CAMPANHA_PILOTO_01
2026-08-04,23:55:02,0.595,75.6,CAMPANHA_PILOTO_01
2026-08-04,23:55:03,0.595,75.6,CAMPANHA_PILOTO_01
2026-08-04,23:55:04,0.595,75.6,CAMPANHA_PILOTO_01
2026-08-04,23:55:05,0.595,75.6,CAMPANHA_PILOTO_01
2026-08-04,23:55:06,0.595,75.5,CAMPANHA_PILOTO_01
2026-08-04,23:55:07,0.595,75.5,CAMPANHA_PILOTO_01
2026-08-04,23:55:08,0.594,75.5,CAMPANHA_PILOTO_01
2026-08-04,23:55:09,0.594,75.5,CAMPANHA_PILOTO_01
2026-08-04,23:55:10,0.594,75.4,CAMPANHA_PILOTO_01
2026-08-04,23:55:11,0.594,75.4,CAMPANHA_PILOTO_01
2026-08-04,23:55:12,0.594,75.4,CAMPANHA_PILOTO_01
2026-08-04,23:55:13,0.594,75.4,CAMPANHA_PILOTO_01
2026-08-04,23:55:14,0.593,75.4,CAMPANHA_PILOTO_01
2026-08-04,23:55:15,0.593,75.3,CAMPANHA_PILOTO_01
2026-08-04,23:55:16,0.593,75.3,CAMPANHA_PILOTO_01
2026-08-04,23:55:17,0.593,75.3,CAMPANHA_PILOTO_01
2026-08-04,23:55:18,0.593,75.3,CAMPANHA_PILOTO_01
2026-08-04,23:55:19,0.593,75.3,CAMPANHA_PILOTO_01
2026-08-04,23:55:20,0.592,75.2,CAMPANHA_PILOTO_01
2026-08-04,23:55:21,0.592,75.2,CAMPANHA_PILOTO_01
2026-08-04,23:55:22,0.592,75.2,CAMPANHA_PILOTO_01
2026-08-04,23:55:23,0.592,75.2,CAMPANHA_PILOTO_01
2026-08-04,23:55:24,0.592,75.1,CAMPANHA_PILOTO_01
2026-08-04,23:55:25,0.592,75.1,CAMPANHA_PILOTO_01
2026-08-04,23:55:26,0.591,75.1,CAMPANHA_PILOTO_01
2026-08-04,23:55:27,0.591,75.1,CAMPANHA_PILOTO_01
2026-08-04,23:55:28,0.591,75.1,CAMPANHA_PILOTO_01
2026-08-04,23:55:29,0.591,75.0,CAMPANHA_PILOTO_01
2026-08-04,23:55:30,0.591,75.0,CAMPANHA_PILOTO_01
2026-08-04,23:55:31,0.591,75.0,CAMPANHA_PILOTO_01
2026-08-04,23:55:32,0.59,75.0,CAMPANHA_PILOTO_01
2026-08-04,23:55:33,0.59,75.0,CAMPANHA_PILOTO_01
2026-08-04,23:55:34,0.59,74.9,CAMPANHA_PILOTO_01
2026-08-04,23:55:35,0.59,74.9,CAMPANHA_PILOTO_01
2026-08-04,23:55:36,0.59,74.9,CAMPANHA_PILOTO_01
2026-08-04,23:55:37,0.59,74.9,CAMPANHA_PILOTO_01
2026-08-04,23:55:38,0.589,74.9,CAMPANHA_PILOTO_01
2026-08-04,23:55:39,0.589,74.8,CAMPANHA_PILOTO_01
2026-08-04,23:55:40,0.589,74.8,CAMPANHA_PILOTO_01
2026-08-04,23:55:41,0.589,74.8,CAMPANHA_PILOTO_01
2026-08-04,23:55:42,0.589,74.8,CAMPANHA_PILOTO_01
2026-08-04,23:55:43,0.589,74.7,CAMPANHA_PILOTO_01
2026-08-04,23:55:44,0.588,74.7,CAMPANHA_PILOTO_01
2026-08-04,23:55:45,0.588,74.7,CAMPANHA_PILOTO_01
2026-08-04,23:55:46,0.588,74.7,CAMPANHA_PILOTO_01
2026-08-04,23:55:47,0.588,74.7,CAMPANHA_PILOTO_01
2026-08-04,23:55:48,0.588,74.6,CAMPANHA_PILOTO_01
2026-08-04,23:55:49,0.588,74.6,CAMPANHA_PILOTO_01
2026-08-04,23:55:50,0.587,74.6,CAMPANHA_PILOTO_01
2026-08-04,23:55:51,0.587,74.6,CAMPANHA_PILOTO_01
2026-08-04,23:55:52,0.587,74.6,CAMPANHA_PILOTO_01
2026-08-04,23:55:53,0.587,74.5,CAMPANHA_PILOTO_01
2026-08-04,23:55:54,0.587,74.5,CAMPANHA_PILOTO_01
2026-08-04,23:55:55,0.587,74.5,CAMPANHA_PILOTO_01
2026-08-04,23:55:56,0.586,74.5,CAMPANHA_PILOTO_01
2026-08-04,23:55:57,0.586,74.5,CAMPANHA_PILOTO_01
2026-08-04,23:55:58,0.586,74.4,CAMPANHA_PILOTO_01
2026-08-04,23:55:59,0.586,74.4,CAMPANHA_PILOTO_01
2026-08-04,23:56:00,0.586,74.4,CAMPANHA_PILOTO_01
2026-08-04,23:56:01,0.586,74.4,CAMPANHA_PILOTO_01
2026-08-04,23:56:02,0.585,74.4,CAMPANHA_PILOTO_01
2026-08-04,23:56:03,0.585,74.3,CAMPANHA_PILOTO_01
2026-08-04,23:56:04,0.585,74.3,CAMPANHA_PILOTO_01
2026-08-04,23:56:05,0.585,74.3,CAMPANHA_PILOTO_01
2026-08-04,23:56:06,0.585,74.3,CAMPANHA_PILOTO_01
2026-08-04,23:56:07,0.585,74.2,CAMPANHA_PILOTO_01
2026-08-04,23:56:08,0.584,74.2,CAMPANHA_PILOTO_01
2026-08-04,23:56:09,0.584,74.2,CAMPANHA_PILOTO_01
2026-08-04,23:56:10,0.584,74.2,CAMPANHA_PILOTO_01
2026-08-04,23:56:11,0.584,74.2,CAMPANHA_PILOTO_01
2026-08-04,23:56:12,0.584,74.1,CAMPANHA_PILOTO_01
2026-08-04,23:56:13,0.584,74.1,CAMPANHA_PILOTO_01
2026-08-04,23:56:14,0.583,74.1,CAMPANHA_PILOTO_01
2026-08-04,23:56:15,0.583,74.1,CAMPANHA_PILOTO_01
2026-08-04,23:56:16,0.583,74.1,CAMPANHA_PILOTO_01
2026-08-04,23:56:17,0.583,74.0,CAMPANHA_PILOTO_01
2026-08-04,23:56:18,0.583,74.0,CAMPANHA_PILOTO_01
2026-08-04,23:56:19,0.583,74.0,CAMPANHA_PILOTO_01
2026-08-04,23:56:20,0.582,74.0,CAMPANHA_PILOTO_01
2026-08-04,23:56:21,0.582,74.0,CAMPANHA_PILOTO_01
2026-08-04,23:56:22,0.582,73.9,CAMPANHA_PILOTO_01
2026-08-04,23:56:23,0.582,73.9,CAMPANHA_PILOTO_01
2026-08-04,23:56:24,0.582,73.9,CAMPANHA_PILOTO_01
2026-08-04,23:56:25,0.582,73.9,CAMPANHA_PILOTO_01
2026-08-04,23:56:26,0.582,73.9,CAMPANHA_PILOTO_01
2026-08-04,23:56:27,0.581,73.8,CAMPANHA_PILOTO_01
2026-08-04,23:56:28,0.581,73.8,CAMPANHA_PILOTO_01
2026-08-04,23:56:29,0.581,73.8,CAMPANHA_PILOTO_01
2026-08-04,23:56:30,0.581,73.8,CAMPANHA_PILOTO_01
2026-08-04,23:56:31,0.581,73.8,CAMPANHA_PILOTO_01
2026-08-04,23:56:32,0.581,73.7,CAMPANHA_PILOTO_01
2026-08-04,23:56:33,0.58,73.7,CAMPANHA_PILOTO_01
2026-08-04,23:56:34,0.58,73.7,CAMPANHA_PILOTO_01
2026-08-04,23:56:35,0.58,73.7,CAMPANHA_PILOTO_01
2026-08-04,23:56:36,0.58,73.6,CAMPANHA_PILOTO_01
2026-08-04,23:56:37,0.58,73.6,CAMPANHA_PILOTO_01
2026-08-04,23:56:38,0.58,73.6,CAMPANHA_PILOTO_01
2026-08-04,23:56:39,0.579,73.6,CAMPANHA_PILOTO_01
2026-08-04,23:56:40,0.579,73.6,CAMPANHA_PILOTO_01
2026-08-04,23:56:41,0.579,73.6,CAMPANHA_PILOTO_01
2026-08-04,23:56:42,0.579,73.5,CAMPANHA_PILOTO_01
2026-08-04,23:56:43,0.579,73.5,CAMPANHA_PILOTO_01
2026-08-04,23:56:44,0.579,73.5,CAMPANHA_PILOTO_01
2026-08-04,23:56:45,0.578,73.5,CAMPANHA_PILOTO_01
2026-08-04,23:56:46,0.578,73.4,CAMPANHA_PILOTO_01
2026-08-04,23:56:47,0.578,73.4,CAMPANHA_PILOTO_01
2026-08-04,23:56:48,0.578,73.4,CAMPANHA_PILOTO_01
2026-08-04,23:56:49,0.578,73.4,CAMPANHA_PILOTO_01
2026-08-04,23:56:50,0.578,73.4,CAMPANHA_PILOTO_01
2026-08-04,23:56:51,0.578,73.3,CAMPANHA_PILOTO_01
2026-08-04,23:56:52,0.577,73.3,CAMPANHA_PILOTO_01
2026-08-04,23:56:53,0.577,73.3,CAMPANHA_PILOTO_01
2026-08-04,23:56:54,0.577,73.3,CAMPANHA_PILOTO_01
2026-08-04,23:56:55,0.577,73.3,CAMPANHA_PILOTO_01
2026-08-04,23:56:56,0.577,73.2,CAMPANHA_PILOTO_01
2026-08-04,23:56:57,0.577,73.2,CAMPANHA_PILOTO_01
2026-08-04,23:56:58,0.576,73.2,CAMPANHA_PILOTO_01
2026-08-04,23:56:59,0.576,73.2,CAMPANHA_PILOTO_01
2026-08-04,23:57:00,0.576,73.2,CAMPANHA_PILOTO_01
2026-08-04,23:57:01,0.576,73.1,CAMPANHA_PILOTO_01
2026-08-04,23:57:02,0.576,73.1,CAMPANHA_PILOTO_01
2026-08-04,23:57:03,0.576,73.1,CAMPANHA_PILOTO_01
2026-08-04,23:57:04,0.575,73.1,CAMPANHA_PILOTO_01
2026-08-04,23:57:05,0.575,73.1,CAMPANHA_PILOTO_01
2026-08-04,23:57:06,0.575,73.0,CAMPANHA_PILOTO_01
2026-08-04,23:57:07,0.575,73.0,CAMPANHA_PILOTO_01
2026-08-04,23:57:08,0.575,73.0,CAMPANHA_PILOTO_01
2026-08-04,23:57:09,0.575,73.0,CAMPANHA_PILOTO_01
2026-08-04,23:57:10,0.575,73.0,CAMPANHA_PILOTO_01
2026-08-04,23:57:11,0.574,72.9,CAMPANHA_PILOTO_01
2026-08-04,23:57:12,0.574,72.9,CAMPANHA_PILOTO_01
2026-08-04,23:57:13,0.574,72.9,CAMPANHA_PILOTO_01
2026-08-04,23:57:14,0.574,72.9,CAMPANHA_PILOTO_01
2026-08-04,23:57:15,0.574,72.9,CAMPANHA_PILOTO_01
2026-08-04,23:57:16,0.574,72.8,CAMPANHA_PILOTO_01
2026-08-04,23:57:17,0.573,72.8,CAMPANHA_PILOTO_01
2026-08-04,23:57:18,0.573,72.8,CAMPANHA_PILOTO_01
2026-08-04,23:57:19,0.573,72.8,CAMPANHA_PILOTO_01
2026-08-04,23:57:20,0.573,72.8,CAMPANHA_PILOTO_01
2026-08-04,23:57:21,0.573,72.7,CAMPANHA_PILOTO_01
2026-08-04,23:57:22,0.573,72.7,CAMPANHA_PILOTO_01
2026-08-04,23:57:23,0.572,72.7,CAMPANHA_PILOTO_01
2026-08-04,23:57:24,0.572,72.7,CAMPANHA_PILOTO_01
2026-08-04,23:57:25,0.572,72.7,CAMPANHA_PILOTO_01
2026-08-04,23:57:26,0.572,72.6,CAMPANHA_PILOTO_01
2026-08-04,23:57:27,0.572,72.6,CAMPANHA_PILOTO_01
2026-08-04,23:57:28,0.572,72.6,CAMPANHA_PILOTO_01
2026-08-04,23:57:29,0.572,72.6,CAMPANHA_PILOTO_01
2026-08-04,23:57:30,0.571,72.6,CAMPANHA_PILOTO_01
2026-08-04,23:57:31,0.571,72.6,CAMPANHA_PILOTO_01
2026-08-04,23:57:32,0.571,72.5,CAMPANHA_PILOTO_01
2026-08-04,23:57:33,0.571,72.5,CAMPANHA_PILOTO_01
2026-08-04,23:57:34,0.571,72.5,CAMPANHA_PILOTO_01
2026-08-04,23:57:35,0.571,72.5,CAMPANHA_PILOTO_01
2026-08-04,23:57:36,0.57,72.5,CAMPANHA_PILOTO_01
2026-08-04,23:57:37,0.57,72.4,CAMPANHA_PILOTO_01
2026-08-04,23:57:38,0.57,72.4,CAMPANHA_PILOTO_01
2026-08-04,23:57:39,0.57,72.4,CAMPANHA_PILOTO_01
2026-08-04,23:57:40,0.57,72.4,CAMPANHA_PILOTO_01
2026-08-04,23:57:41,0.57,72.4,CAMPANHA_PILOTO_01
2026-08-04,23:57:42,0.57,72.3,CAMPANHA_PILOTO_01
2026-08-04,23:57:43,0.569,72.3,CAMPANHA_PILOTO_01
2026-08-04,23:57:44,0.569,72.3,CAMPANHA_PILOTO_01
2026-08-04,23:57:45,0.569,72.3,CAMPANHA_PILOTO_01
2026-08-04,23:57:46,0.569,72.3,CAMPANHA_PILOTO_01
2026-08-04,23:57:47,0.569,72.2,CAMPANHA_PILOTO_01
2026-08-04,23:57:48,0.569,72.2,CAMPANHA_PILOTO_01
2026-08-04,23:57:49,0.568,72.2,CAMPANHA_PILOTO_01
2026-08-04,23:57:50,0.568,72.2,CAMPANHA_PILOTO_01
2026-08-04,23:57:51,0.568,72.2,CAMPANHA_PILOTO_01
2026-08-04,23:57:52,0.568,72.1,CAMPANHA_PILOTO_01
2026-08-04,23:57:53,0.568,72.1,CAMPANHA_PILOTO_01
2026-08-04,23:57:54,0.568,72.1,CAMPANHA_PILOTO_01
2026-08-04,23:57:55,0.568,72.1,CAMPANHA_PILOTO_01
2026-08-04,23:57:56,0.567,72.1,CAMPANHA_PILOTO_01
2026-08-04,23:57:57,0.567,72.0,CAMPANHA_PILOTO_01
2026-08-04,23:57:58,0.567,72.0,CAMPANHA_PILOTO_01
2026-08-04,23:57:59,0.567,72.0,CAMPANHA_PILOTO_01
2026-08-04,23:58:00,0.567,72.0,CAMPANHA_PILOTO_01
2026-08-04,23:58:01,0.567,72.0,CAMPANHA_PILOTO_01
2026-08-04,23:58:02,0.566,71.9,CAMPANHA_PILOTO_01
2026-08-04,23:58:03,0.566,71.9,CAMPANHA_PILOTO_01
2026-08-04,23:58:04,0.566,71.9,CAMPANHA_PILOTO_01
2026-08-04,23:58:05,0.566,71.9,CAMPANHA_PILOTO_01
2026-08-04,23:58:06,0.566,71.9,CAMPANHA_PILOTO_01
2026-08-04,23:58:07,0.566,71.8,CAMPANHA_PILOTO_01
2026-08-04,23:58:08,0.566,71.8,CAMPANHA_PILOTO_01
2026-08-04,23:58:09,0.565,71.8,CAMPANHA_PILOTO_01
2026-08-04,23:58:10,0.565,71.8,CAMPANHA_PILOTO_01
2026-08-04,23:58:11,0.565,71.8,CAMPANHA_PILOTO_01
2026-08-04,23:58:12,0.565,71.8,CAMPANHA_PILOTO_01
2026-08-04,23:58:13,0.565,71.7,CAMPANHA_PILOTO_01
2026-08-04,23:58:14,0.565,71.7,CAMPANHA_PILOTO_01
2026-08-04,23:58:15,0.564,71.7,CAMPANHA_PILOTO_01
2026-08-04,23:58:16,0.564,71.7,CAMPANHA_PILOTO_01
2026-08-04,23:58:17,0.564,71.7,CAMPANHA_PILOTO_01
2026-08-04,23:58:18,0.564,71.6,CAMPANHA_PILOTO_01
2026-08-04,23:58:19,0.564,71.6,CAMPANHA_PILOTO_01
2026-08-04,23:58:20,0.564,71.6,CAMPANHA_PILOTO_01
2026-08-04,23:58:21,0.564,71.6,CAMPANHA_PILOTO_01
2026-08-04,23:58:22,0.563,71.6,CAMPANHA_PILOTO_01
2026-08-04,23:58:23,0.563,71.5,CAMPANHA_PILOTO_01
2026-08-04,23:58:24,0.563,71.5,CAMPANHA_PILOTO_01
2026-08-04,23:58:25,0.563,71.5,CAMPANHA_PILOTO_01
2026-08-04,23:58:26,0.563,71.5,CAMPANHA_PILOTO_01
2026-08-04,23:58:27,0.563,71.5,CAMPANHA_PILOTO_01
2026-08-04,23:58:28,0.563,71.4,CAMPANHA_PILOTO_01
2026-08-04,23:58:29,0.562,71.4,CAMPANHA_PILOTO_01
2026-08-04,23:58:30,0.562,71.4,CAMPANHA_PILOTO_01
2026-08-04,23:58:31,0.562,71.4,CAMPANHA_PILOTO_01
2026-08-04,23:58:32,0.562,71.4,CAMPANHA_PILOTO_01
2026-08-04,23:58:33,0.562,71.3,CAMPANHA_PILOTO_01
2026-08-04,23:58:34,0.562,71.3,CAMPANHA_PILOTO_01
2026-08-04,23:58:35,0.561,71.3,CAMPANHA_PILOTO_01
2026-08-04,23:58:36,0.561,71.3,CAMPANHA_PILOTO_01
2026-08-04,23:58:37,0.561,71.3,CAMPANHA_PILOTO_01
2026-08-04,23:58:38,0.561,71.3,CAMPANHA_PILOTO_01
2026-08-04,23:58:39,0.561,71.2,CAMPANHA_PILOTO_01
2026-08-04,23:58:40,0.561,71.2,CAMPANHA_PILOTO_01
2026-08-04,23:58:41,0.561,71.2,CAMPANHA_PILOTO_01
2026-08-04,23:58:42,0.56,71.2,CAMPANHA_PILOTO_01
2026-08-04,23:58:43,0.56,71.2,CAMPANHA_PILOTO_01
2026-08-04,23:58:44,0.56,71.1,CAMPANHA_PILOTO_01
2026-08-04,23:58:45,0.56,71.1,CAMPANHA_PILOTO_01
2026-08-04,23:58:46,0.56,71.1,CAMPANHA_PILOTO_01
2026-08-04,23:58:47,0.56,71.1,CAMPANHA_PILOTO_01
2026-08-04,23:58:48,0.56,71.1,CAMPANHA_PILOTO_01
2026-08-04,23:58:49,0.559,71.0,CAMPANHA_PILOTO_01
2026-08-04,23:58:50,0.559,71.0,CAMPANHA_PILOTO_01
2026-08-04,23:58:51,0.559,71.0,CAMPANHA_PILOTO_01
2026-08-04,23:58:52,0.559,71.0,CAMPANHA_PILOTO_01
2026-08-04,23:58:53,0.559,71.0,CAMPANHA_PILOTO_01
2026-08-04,23:58:54,0.559,71.0,CAMPANHA_PILOTO_01
2026-08-04,23:58:55,0.559,70.9,CAMPANHA_PILOTO_01
2026-08-04,23:58:56,0.558,70.9,CAMPANHA_PILOTO_01
2026-08-04,23:58:57,0.558,70.9,CAMPANHA_PILOTO_01
2026-08-04,23:58:58,0.558,70.9,CAMPANHA_PILOTO_01
2026-08-04,23:58:59,0.558,70.9,CAMPANHA_PILOTO_01
2026-08-04,23:59:00,0.558,70.8,CAMPANHA_PILOTO_01
2026-08-04,23:59:01,0.558,70.8,CAMPANHA_PILOTO_01
2026-08-04,23:59:02,0.557,70.8,CAMPANHA_PILOTO_01
2026-08-04,23:59:03,0.557,70.8,CAMPANHA_PILOTO_01
2026-08-04,23:59:04,0.557,70.8,CAMPANHA_PILOTO_01
2026-08-04,23:59:05,0.557,70.7,CAMPANHA_PILOTO_01
2026-08-04,23:59:06,0.557,70.7,CAMPANHA_PILOTO_01
2026-08-04,23:59:07,0.557,70.7,CAMPANHA_PILOTO_01
2026-08-04,23:59:08,0.557,70.7,CAMPANHA_PILOTO_01
2026-08-04,23:59:09,0.556,70.7,CAMPANHA_PILOTO_01
2026-08-04,23:59:10,0.556,70.6,CAMPANHA_PILOTO_01
2026-08-04,23:59:11,0.556,70.6,CAMPANHA_PILOTO_01
2026-08-04,23:59:12,0.556,70.6,CAMPANHA_PILOTO_01
2026-08-04,23:59:13,0.556,70.6,CAMPANHA_PILOTO_01
2026-08-04,23:59:14,0.556,70.6,CAMPANHA_PILOTO_01
2026-08-04,23:59:15,0.556,70.6,CAMPANHA_PILOTO_01
2026-08-04,23:59:16,0.555,70.5,CAMPANHA_PILOTO_01
2026-08-04,23:59:17,0.555,70.5,CAMPANHA_PILOTO_01
2026-08-04,23:59:18,0.555,70.5,CAMPANHA_PILOTO_01
2026-08-04,23:59:19,0.555,70.5,CAMPANHA_PILOTO_01
2026-08-04,23:59:20,0.555,70.5,CAMPANHA_PILOTO_01
2026-08-04,23:59:21,0.555,70.4,CAMPANHA_PILOTO_01
2026-08-04,23:59:22,0.555,70.4,CAMPANHA_PILOTO_01
2026-08-04,23:59:23,0.554,70.4,CAMPANHA_PILOTO_01
2026-08-04,23:59:24,0.554,70.4,CAMPANHA_PILOTO_01
2026-08-04,23:59:25,0.554,70.4,CAMPANHA_PILOTO_01
2026-08-04,23:59:26,0.554,70.4,CAMPANHA_PILOTO_01
2026-08-04,23:59:27,0.554,70.3,CAMPANHA_PILOTO_01
2026-08-04,23:59:28,0.554,70.3,CAMPANHA_PILOTO_01
2026-08-04,23:59:29,0.554,70.3,CAMPANHA_PILOTO_01
2026-08-04,23:59:30,0.553,70.3,CAMPANHA_PILOTO_01
2026-08-04,23:59:31,0.553,70.3,CAMPANHA_PILOTO_01
2026-08-04,23:59:32,0.553,70.2,CAMPANHA_PILOTO_01
2026-08-04,23:59:33,0.553,70.2,CAMPANHA_PILOTO_01
2026-08-04,23:59:34,0.553,70.2,CAMPANHA_PILOTO_01
2026-08-04,23:59:35,0.553,70.2,CAMPANHA_PILOTO_01
2026-08-04,23:59:36,0.552,70.2,CAMPANHA_PILOTO_01
2026-08-04,23:59:37,0.552,70.1,CAMPANHA_PILOTO_01
2026-08-04,23:59:38,0.552,70.1,CAMPANHA_PILOTO_01
2026-08-04,23:59:39,0.552,70.1,CAMPANHA_PILOTO_01
2026-08-04,23:59:40,0.552,70.1,CAMPANHA_PILOTO_01
2026-08-04,23:59:41,0.552,70.1,CAMPANHA_PILOTO_01
2026-08-04,23:59:42,0.552,70.1,CAMPANHA_PILOTO_01
2026-08-04,23:59:43,0.551,70.0,CAMPANHA_PILOTO_01
2026-08-04,23:59:44,0.551,70.0,CAMPANHA_PILOTO_01
2026-08-04,23:59:45,0.551,70.0,CAMPANHA_PILOTO_01
2026-08-04,23:59:46,0.551,70.0,CAMPANHA_PILOTO_01
2026-08-04,23:59:47,0.551,70.0,CAMPANHA_PILOTO_01
2026-08-04,23:59:48,0.551,69.9,CAMPANHA_PILOTO_01
2026-08-04,23:59:49,0.551,69.9,CAMPANHA_PILOTO_01
2026-08-04,23:59:50,0.55,69.9,CAMPANHA_PILOTO_01
2026-08-04,23:59:51,0.55,69.9,CAMPANHA_PILOTO_01
2026-08-04,23:59:52,0.55,69.9,CAMPANHA_PILOTO_01
2026-08-04,23:59:53,0.55,69.9,CAMPANHA_PILOTO_01
2026-08-04,23:59:54,0.55,69.8,CAMPANHA_PILOTO_01
2026-08-04,23:59:55,0.55,69.8,CAMPANHA_PILOTO_01
2026-08-04,23:59:56,0.55,69.8,CAMPANHA_PILOTO_01
2026-08-04,23:59:57,0.549,69.8,CAMPANHA_PILOTO_01
2026-08-04,23:59:58,0.549,69.8,CAMPANHA_PILOTO_01
2026-08-04,23:59:59,0.549,69.7,CAMPANHA_PILOTO_01
2026-08-05,00:00:00,0.549,69.7,CAMPANHA_PILOTO_01
2026-08-05,00:00:01,0.549,69.7,CAMPANHA_PILOTO_01
2026-08-05,00:00:02,0.549,69.7,CAMPANHA_PILOTO_01
2026-08-05,00:00:03,0.549,69.7,CAMPANHA_PILOTO_01
2026-08-05,00:00:04,0.548,69.7,CAMPANHA_PILOTO_01
2026-08-05,00:00:05,0.548,69.6,CAMPANHA_PILOTO_01
2026-08-05,00:00:06,0.548,69.6,CAMPANHA_PILOTO_01
2026-08-05,00:00:07,0.548,69.6,CAMPANHA_PILOTO_01
2026-08-05,00:00:08,0.548,69.6,CAMPANHA_PILOTO_01
2026-08-05,00:00:09,0.548,69.6,CAMPANHA_PILOTO_01
2026-08-05,00:00:10,0.548,69.5,CAMPANHA_PILOTO_01
2026-08-05,00:00:11,0.547,69.5,CAMPANHA_PILOTO_01
2026-08-05,00:00:12,0.547,69.5,CAMPANHA_PILOTO_01
2026-08-05,00:00:13,0.547,69.5,CAMPANHA_PILOTO_01
2026-08-05,00:00:14,0.547,69.5,CAMPANHA_PILOTO_01
2026-08-05,00:00:15,0.547,69.5,CAMPANHA_PILOTO_01
2026-08-05,00:00:16,0.547,69.4,CAMPANHA_PILOTO_01
2026-08-05,00:00:17,0.547,69.4,CAMPANHA_PILOTO_01
2026-08-05,00:00:18,0.546,69.4,CAMPANHA_PILOTO_01
2026-08-05,00:00:19,0.546,69.4,CAMPANHA_PILOTO_01
2026-08-05,00:00:20,0.546,69.4,CAMPANHA_PILOTO_01
2026-08-05,00:00:21,0.546,69.3,CAMPANHA_PILOTO_01
2026-08-05,00:00:22,0.546,69.3,CAMPANHA_PILOTO_01
2026-08-05,00:00:23,0.546,69.3,CAMPANHA_PILOTO_01
2026-08-05,00:00:24,0.546,69.3,CAMPANHA_PILOTO_01
2026-08-05,00:00:25,0.545,69.3,CAMPANHA_PILOTO_01
2026-08-05,00:00:26,0.545,69.3,CAMPANHA_PILOTO_01
2026-08-05,00:00:27,0.545,69.2,CAMPANHA_PILOTO_01
2026-08-05,00:00:28,0.545,69.2,CAMPANHA_PILOTO_01
2026-08-05,00:00:29,0.545,69.2,CAMPANHA_PILOTO_01
2026-08-05,00:00:30,0.545,69.2,CAMPANHA_PILOTO_01
2026-08-05,00:00:31,0.545,69.2,CAMPANHA_PILOTO_01
2026-08-05,00:00:32,0.544,69.1,CAMPANHA_PILOTO_01
2026-08-05,00:00:33,0.544,69.1,CAMPANHA_PILOTO_01
2026-08-05,00:00:34,0.544,69.1,CAMPANHA_PILOTO_01
2026-08-05,00:00:35,0.544,69.1,CAMPANHA_PILOTO_01
2026-08-05,00:00:36,0.544,69.1,CAMPANHA_PILOTO_01
2026-08-05,00:00:37,0.544,69.1,CAMPANHA_PILOTO_01
2026-08-05,00:00:38,0.544,69.0,CAMPANHA_PILOTO_01
2026-08-05,00:00:39,0.543,69.0,CAMPANHA_PILOTO_01
2026-08-05,00:00:40,0.543,69.0,CAMPANHA_PILOTO_01
2026-08-05,00:00:41,0.543,69.0,CAMPANHA_PILOTO_01
2026-08-05,00:00:42,0.543,69.0,CAMPANHA_PILOTO_01
2026-08-05,00:00:43,0.543,68.9,CAMPANHA_PILOTO_01
2026-08-05,00:00:44,0.543,68.9,CAMPANHA_PILOTO_01
2026-08-05,00:00:45,0.543,68.9,CAMPANHA_PILOTO_01
2026-08-05,00:00:46,0.542,68.9,CAMPANHA_PILOTO_01
2026-08-05,00:00:47,0.542,68.9,CAMPANHA_PILOTO_01
2026-08-05,00:00:48,0.542,68.9,CAMPANHA_PILOTO_01
2026-08-05,00:00:49,0.542,68.8,CAMPANHA_PILOTO_01
2026-08-05,00:00:50,0.542,68.8,CAMPANHA_PILOTO_01
2026-08-05,00:00:51,0.542,68.8,CAMPANHA_PILOTO_01
2026-08-05,00:00:52,0.542,68.8,CAMPANHA_PILOTO_01
2026-08-05,00:00:53,0.542,68.8,CAMPANHA_PILOTO_01
2026-08-05,00:00:54,0.541,68.8,CAMPANHA_PILOTO_01
2026-08-05,00:00:55,0.541,68.7,CAMPANHA_PILOTO_01
2026-08-05,00:00:56,0.541,68.7,CAMPANHA_PILOTO_01
2026-08-05,00:00:57,0.541,68.7,CAMPANHA_PILOTO_01
2026-08-05,00:00:58,0.541,68.7,CAMPANHA_PILOTO_01
2026-08-05,00:00:59,0.541,68.7,CAMPANHA_PILOTO_01
2026-08-05,00:01:00,0.541,68.6,CAMPANHA_PILOTO_01
2026-08-05,00:01:01,0.54,68.6,CAMPANHA_PILOTO_01
2026-08-05,00:01:02,0.54,68.6,CAMPANHA_PILOTO_01
2026-08-05,00:01:03,0.54,68.6,CAMPANHA_PILOTO_01
2026-08-05,00:01:04,0.54,68.6,CAMPANHA_PILOTO_01
2026-08-05,00:01:05,0.54,68.6,CAMPANHA_PILOTO_01
2026-08-05,00:01:06,0.54,68.5,CAMPANHA_PILOTO_01
2026-08-05,00:01:07,0.54,68.5,CAMPANHA_PILOTO_01
2026-08-05,00:01:08,0.539,68.5,CAMPANHA_PILOTO_01
2026-08-05,00:01:09,0.539,68.5,CAMPANHA_PILOTO_01
2026-08-05,00:01:10,0.539,68.5,CAMPANHA_PILOTO_01
2026-08-05,00:01:11,0.539,68.5,CAMPANHA_PILOTO_01
2026-08-05,00:01:12,0.539,68.4,CAMPANHA_PILOTO_01
2026-08-05,00:01:13,0.539,68.4,CAMPANHA_PILOTO_01
2026-08-05,00:01:14,0.539,68.4,CAMPANHA_PILOTO_01
2026-08-05,00:01:15,0.538,68.4,CAMPANHA_PILOTO_01
2026-08-05,00:01:16,0.538,68.4,CAMPANHA_PILOTO_01
2026-08-05,00:01:17,0.538,68.3,CAMPANHA_PILOTO_01
2026-08-05,00:01:18,0.538,68.3,CAMPANHA_PILOTO_01
2026-08-05,00:01:19,0.538,68.3,CAMPANHA_PILOTO_01
2026-08-05,00:01:20,0.538,68.3,CAMPANHA_PILOTO_01
2026-08-05,00:01:21,0.538,68.3,CAMPANHA_PILOTO_01
2026-08-05,00:01:22,0.538,68.3,CAMPANHA_PILOTO_01
2026-08-05,00:01:23,0.537,68.2,CAMPANHA_PILOTO_01
2026-08-05,00:01:24,0.537,68.2,CAMPANHA_PILOTO_01
2026-08-05,00:01:25,0.537,68.2,CAMPANHA_PILOTO_01
2026-08-05,00:01:26,0.537,68.2,CAMPANHA_PILOTO_01
2026-08-05,00:01:27,0.537,68.2,CAMPANHA_PILOTO_01
2026-08-05,00:01:28,0.537,68.2,CAMPANHA_PILOTO_01
2026-08-05,00:01:29,0.537,68.1,CAMPANHA_PILOTO_01
2026-08-05,00:01:30,0.536,68.1,CAMPANHA_PILOTO_01
2026-08-05,00:01:31,0.536,68.1,CAMPANHA_PILOTO_01
2026-08-05,00:01:32,0.536,68.1,CAMPANHA_PILOTO_01
2026-08-05,00:01:33,0.536,68.1,CAMPANHA_PILOTO_01
2026-08-05,00:01:34,0.536,68.1,CAMPANHA_PILOTO_01
2026-08-05,00:01:35,0.536,68.0,CAMPANHA_PILOTO_01
2026-08-05,00:01:36,0.536,68.0,CAMPANHA_PILOTO_01
2026-08-05,00:01:37,0.535,68.0,CAMPANHA_PILOTO_01
2026-08-05,00:01:38,0.535,68.0,CAMPANHA_PILOTO_01
2026-08-05,00:01:39,0.535,68.0,CAMPANHA_PILOTO_01
2026-08-05,00:01:40,0.535,68.0,CAMPANHA_PILOTO_01
2026-08-05,00:01:41,0.535,67.9,CAMPANHA_PILOTO_01
2026-08-05,00:01:42,0.535,67.9,CAMPANHA_PILOTO_01
2026-08-05,00:01:43,0.535,67.9,CAMPANHA_PILOTO_01
2026-08-05,00:01:44,0.534,67.9,CAMPANHA_PILOTO_01
2026-08-05,00:01:45,0.534,67.9,CAMPANHA_PILOTO_01
2026-08-05,00:01:46,0.534,67.8,CAMPANHA_PILOTO_01
2026-08-05,00:01:47,0.534,67.8,CAMPANHA_PILOTO_01
2026-08-05,00:01:48,0.534,67.8,CAMPANHA_PILOTO_01
2026-08-05,00:01:49,0.534,67.8,CAMPANHA_PILOTO_01
2026-08-05,00:01:50,0.534,67.8,CAMPANHA_PILOTO_01
2026-08-05,00:01:51,0.534,67.8,CAMPANHA_PILOTO_01
2026-08-05,00:01:52,0.533,67.7,CAMPANHA_PILOTO_01
2026-08-05,00:01:53,0.533,67.7,CAMPANHA_PILOTO_01
2026-08-05,00:01:54,0.533,67.7,CAMPANHA_PILOTO_01
2026-08-05,00:01:55,0.533,67.7,CAMPANHA_PILOTO_01
2026-08-05,00:01:56,0.533,67.7,CAMPANHA_PILOTO_01
2026-08-05,00:01:57,0.533,67.7,CAMPANHA_PILOTO_01
2026-08-05,00:01:58,0.533,67.6,CAMPANHA_PILOTO_01
2026-08-05,00:01:59,0.532,67.6,CAMPANHA_PILOTO_01
2026-08-05,00:02:00,0.532,67.6,CAMPANHA_PILOTO_01
2026-08-05,00:02:01,0.532,67.6,CAMPANHA_PILOTO_01
2026-08-05,00:02:02,0.532,67.6,CAMPANHA_PILOTO_01
2026-08-05,00:02:03,0.532,67.6,CAMPANHA_PILOTO_01
2026-08-05,00:02:04,0.532,67.5,CAMPANHA_PILOTO_01
2026-08-05,00:02:05,0.532,67.5,CAMPANHA_PILOTO_01
2026-08-05,00:02:06,0.532,67.5,CAMPANHA_PILOTO_01
2026-08-05,00:02:07,0.531,67.5,CAMPANHA_PILOTO_01
2026-08-05,00:02:08,0.531,67.5,CAMPANHA_PILOTO_01
2026-08-05,00:02:09,0.531,67.4,CAMPANHA_PILOTO_01
2026-08-05,00:02:10,0.531,67.4,CAMPANHA_PILOTO_01
2026-08-05,00:02:11,0.531,67.4,CAMPANHA_PILOTO_01
2026-08-05,00:02:12,0.531,67.4,CAMPANHA_PILOTO_01
2026-08-05,00:02:13,0.531,67.4,CAMPANHA_PILOTO_01
2026-08-05,00:02:14,0.53,67.4,CAMPANHA_PILOTO_01
2026-08-05,00:02:15,0.53,67.3,CAMPANHA_PILOTO_01
2026-08-05,00:02:16,0.53,67.3,CAMPANHA_PILOTO_01
2026-08-05,00:02:17,0.53,67.3,CAMPANHA_PILOTO_01
2026-08-05,00:02:18,0.53,67.3,CAMPANHA_PILOTO_01
2026-08-05,00:02:19,0.53,67.3,CAMPANHA_PILOTO_01
2026-08-05,00:02:20,0.53,67.3,CAMPANHA_PILOTO_01
2026-08-05,00:02:21,0.529,67.2,CAMPANHA_PILOTO_01
2026-08-05,00:02:22,0.529,67.2,CAMPANHA_PILOTO_01
2026-08-05,00:02:23,0.529,67.2,CAMPANHA_PILOTO_01
2026-08-05,00:02:24,0.529,67.2,CAMPANHA_PILOTO_01
2026-08-05,00:02:25,0.529,67.2,CAMPANHA_PILOTO_01
2026-08-05,00:02:26,0.529,67.2,CAMPANHA_PILOTO_01
2026-08-05,00:02:27,0.529,67.1,CAMPANHA_PILOTO_01
2026-08-05,00:02:28,0.529,67.1,CAMPANHA_PILOTO_01
2026-08-05,00:02:29,0.528,67.1,CAMPANHA_PILOTO_01
2026-08-05,00:02:30,0.528,67.1,CAMPANHA_PILOTO_01
2026-08-05,00:02:31,0.528,67.1,CAMPANHA_PILOTO_01
2026-08-05,00:02:32,0.528,67.1,CAMPANHA_PILOTO_01
2026-08-05,00:02:33,0.528,67.0,CAMPANHA_PILOTO_01
2026-08-05,00:02:34,0.528,67.0,CAMPANHA_PILOTO_01
2026-08-05,00:02:35,0.528,67.0,CAMPANHA_PILOTO_01
2026-08-05,00:02:36,0.528,67.0,CAMPANHA_PILOTO_01
2026-08-05,00:02:37,0.527,67.0,CAMPANHA_PILOTO_01
2026-08-05,00:02:38,0.527,67.0,CAMPANHA_PILOTO_01
2026-08-05,00:02:39,0.527,66.9,CAMPANHA_PILOTO_01
2026-08-05,00:02:40,0.527,66.9,CAMPANHA_PILOTO_01
2026-08-05,00:02:41,0.527,66.9,CAMPANHA_PILOTO_01
2026-08-05,00:02:42,0.527,66.9,CAMPANHA_PILOTO_01
2026-08-05,00:02:43,0.527,66.9,CAMPANHA_PILOTO_01
2026-08-05,00:02:44,0.526,66.9,CAMPANHA_PILOTO_01
2026-08-05,00:02:45,0.526,66.8,CAMPANHA_PILOTO_01
2026-08-05,00:02:46,0.526,66.8,CAMPANHA_PILOTO_01
2026-08-05,00:02:47,0.526,66.8,CAMPANHA_PILOTO_01
2026-08-05,00:02:48,0.526,66.8,CAMPANHA_PILOTO_01
2026-08-05,00:02:49,0.526,66.8,CAMPANHA_PILOTO_01
2026-08-05,00:02:50,0.526,66.8,CAMPANHA_PILOTO_01
2026-08-05,00:02:51,0.526,66.7,CAMPANHA_PILOTO_01
2026-08-05,00:02:52,0.525,66.7,CAMPANHA_PILOTO_01
2026-08-05,00:02:53,0.525,66.7,CAMPANHA_PILOTO_01
2026-08-05,00:02:54,0.525,66.7,CAMPANHA_PILOTO_01
2026-08-05,00:02:55,0.525,66.7,CAMPANHA_PILOTO_01
2026-08-05,00:02:56,0.525,66.7,CAMPANHA_PILOTO_01
2026-08-05,00:02:57,0.525,66.6,CAMPANHA_PILOTO_01
2026-08-05,00:02:58,0.525,66.6,CAMPANHA_PILOTO_01
2026-08-05,00:02:59,0.524,66.6,CAMPANHA_PILOTO_01
2026-08-05,00:03:00,0.524,66.6,CAMPANHA_PILOTO_01
2026-08-05,00:03:01,0.524,66.6,CAMPANHA_PILOTO_01
2026-08-05,00:03:02,0.524,66.6,CAMPANHA_PILOTO_01
2026-08-05,00:03:03,0.524,66.5,CAMPANHA_PILOTO_01
2026-08-05,00:03:04,0.524,66.5,CAMPANHA_PILOTO_01
2026-08-05,00:03:05,0.524,66.5,CAMPANHA_PILOTO_01
2026-08-05,00:03:06,0.524,66.5,CAMPANHA_PILOTO_01
2026-08-05,00:03:07,0.523,66.5,CAMPANHA_PILOTO_01
2026-08-05,00:03:08,0.523,66.5,CAMPANHA_PILOTO_01
2026-08-05,00:03:09,0.523,66.4,CAMPANHA_PILOTO_01
2026-08-05,00:03:10,0.523,66.4,CAMPANHA_PILOTO_01
2026-08-05,00:03:11,0.523,66.4,CAMPANHA_PILOTO_01
2026-08-05,00:03:12,0.523,66.4,CAMPANHA_PILOTO_01
2026-08-05,00:03:13,0.523,66.4,CAMPANHA_PILOTO_01
2026-08-05,00:03:14,0.523,66.4,CAMPANHA_PILOTO_01
2026-08-05,00:03:15,0.522,66.3,CAMPANHA_PILOTO_01
2026-08-05,00:03:16,0.522,66.3,CAMPANHA_PILOTO_01
2026-08-05,00:03:17,0.522,66.3,CAMPANHA_PILOTO_01
2026-08-05,00:03:18,0.522,66.3,CAMPANHA_PILOTO_01
2026-08-05,00:03:19,0.522,66.3,CAMPANHA_PILOTO_01
2026-08-05,00:03:20,0.522,66.3,CAMPANHA_PILOTO_01
2026-08-05,00:03:21,0.522,66.2,CAMPANHA_PILOTO_01
2026-08-05,00:03:22,0.521,66.2,CAMPANHA_PILOTO_01
2026-08-05,00:03:23,0.521,66.2,CAMPANHA_PILOTO_01
2026-08-05,00:03:24,0.521,66.2,CAMPANHA_PILOTO_01
2026-08-05,00:03:25,0.521,66.2,CAMPANHA_PILOTO_01
2026-08-05,00:03:26,0.521,66.2,CAMPANHA_PILOTO_01
2026-08-05,00:03:27,0.521,66.1,CAMPANHA_PILOTO_01
2026-08-05,00:03:28,0.521,66.1,CAMPANHA_PILOTO_01
2026-08-05,00:03:29,0.521,66.1,CAMPANHA_PILOTO_01
2026-08-05,00:03:30,0.52,66.1,CAMPANHA_PILOTO_01
2026-08-05,00:03:31,0.52,66.1,CAMPANHA_PILOTO_01
2026-08-05,00:03:32,0.52,66.1,CAMPANHA_PILOTO_01
2026-08-05,00:03:33,0.52,66.0,CAMPANHA_PILOTO_01
2026-08-05,00:03:34,0.52,66.0,CAMPANHA_PILOTO_01
2026-08-05,00:03:35,0.52,66.0,CAMPANHA_PILOTO_01
2026-08-05,00:03:36,0.52,66.0,CAMPANHA_PILOTO_01
2026-08-05,00:03:37,0.52,66.0,CAMPANHA_PILOTO_01
2026-08-05,00:03:38,0.519,66.0,CAMPANHA_PILOTO_01
2026-08-05,00:03:39,0.519,65.9,CAMPANHA_PILOTO_01
2026-08-05,00:03:40,0.519,65.9,CAMPANHA_PILOTO_01
2026-08-05,00:03:41,0.519,65.9,CAMPANHA_PILOTO_01
2026-08-05,00:03:42,0.519,65.9,CAMPANHA_PILOTO_01
2026-08-05,00:03:43,0.519,65.9,CAMPANHA_PILOTO_01
2026-08-05,00:03:44,0.519,65.9,CAMPANHA_PILOTO_01
2026-08-05,00:03:45,0.519,65.9,CAMPANHA_PILOTO_01
2026-08-05,00:03:46,0.518,65.8,CAMPANHA_PILOTO_01
2026-08-05,00:03:47,0.518,65.8,CAMPANHA_PILOTO_01
2026-08-05,00:03:48,0.518,65.8,CAMPANHA_PILOTO_01
2026-08-05,00:03:49,0.518,65.8,CAMPANHA_PILOTO_01
2026-08-05,00:03:50,0.518,65.8,CAMPANHA_PILOTO_01
2026-08-05,00:03:51,0.518,65.8,CAMPANHA_PILOTO_01
2026-08-05,00:03:52,0.518,65.7,CAMPANHA_PILOTO_01
2026-08-05,00:03:53,0.518,65.7,CAMPANHA_PILOTO_01
2026-08-05,00:03:54,0.517,65.7,CAMPANHA_PILOTO_01
2026-08-05,00:03:55,0.517,65.7,CAMPANHA_PILOTO_01
2026-08-05,00:03:56,0.517,65.7,CAMPANHA_PILOTO_01
2026-08-05,00:03:57,0.517,65.7,CAMPANHA_PILOTO_01
2026-08-05,00:03:58,0.517,65.6,CAMPANHA_PILOTO_01
2026-08-05,00:03:59,0.517,65.6,CAMPANHA_PILOTO_01
2026-08-05,00:04:00,0.517,65.6,CAMPANHA_PILOTO_01
2026-08-05,00:04:01,0.516,65.6,CAMPANHA_PILOTO_01
2026-08-05,00:04:02,0.516,65.6,CAMPANHA_PILOTO_01
2026-08-05,00:04:03,0.516,65.6,CAMPANHA_PILOTO_01
2026-08-05,00:04:04,0.516,65.5,CAMPANHA_PILOTO_01
2026-08-05,00:04:05,0.516,65.5,CAMPANHA_PILOTO_01
2026-08-05,00:04:06,0.516,65.5,CAMPANHA_PILOTO_01
2026-08-05,00:04:07,0.516,65.5,CAMPANHA_PILOTO_01
2026-08-05,00:04:08,0.516,65.5,CAMPANHA_PILOTO_01
2026-08-05,00:04:09,0.515,65.5,CAMPANHA_PILOTO_01
2026-08-05,00:04:10,0.515,65.4,CAMPANHA_PILOTO_01
2026-08-05,00:04:11,0.515,65.4,CAMPANHA_PILOTO_01
2026-08-05,00:04:12,0.515,65.4,CAMPANHA_PILOTO_01
2026-08-05,00:04:13,0.515,65.4,CAMPANHA_PILOTO_01
2026-08-05,00:04:14,0.515,65.4,CAMPANHA_PILOTO_01
2026-08-05,00:04:15,0.515,65.4,CAMPANHA_PILOTO_01
2026-08-05,00:04:16,0.515,65.4,CAMPANHA_PILOTO_01
2026-08-05,00:04:17,0.514,65.3,CAMPANHA_PILOTO_01
2026-08-05,00:04:18,0.514,65.3,CAMPANHA_PILOTO_01
2026-08-05,00:04:19,0.514,65.3,CAMPANHA_PILOTO_01
2026-08-05,00:04:20,0.514,65.3,CAMPANHA_PILOTO_01
2026-08-05,00:04:21,0.514,65.3,CAMPANHA_PILOTO_01
2026-08-05,00:04:22,0.514,65.3,CAMPANHA_PILOTO_01
2026-08-05,00:04:23,0.514,65.2,CAMPANHA_PILOTO_01
2026-08-05,00:04:24,0.514,65.2,CAMPANHA_PILOTO_01
2026-08-05,00:04:25,0.513,65.2,CAMPANHA_PILOTO_01
2026-08-05,00:04:26,0.513,65.2,CAMPANHA_PILOTO_01
2026-08-05,00:04:27,0.513,65.2,CAMPANHA_PILOTO_01
2026-08-05,00:04:28,0.513,65.2,CAMPANHA_PILOTO_01
2026-08-05,00:04:29,0.513,65.1,CAMPANHA_PILOTO_01
2026-08-05,00:04:30,0.513,65.1,CAMPANHA_PILOTO_01
2026-08-05,00:04:31,0.513,65.1,CAMPANHA_PILOTO_01
2026-08-05,00:04:32,0.513,65.1,CAMPANHA_PILOTO_01
2026-08-05,00:04:33,0.512,65.1,CAMPANHA_PILOTO_01
2026-08-05,00:04:34,0.512,65.1,CAMPANHA_PILOTO_01
2026-08-05,00:04:35,0.512,65.0,CAMPANHA_PILOTO_01
2026-08-05,00:04:36,0.512,65.0,CAMPANHA_PILOTO_01
2026-08-05,00:04:37,0.512,65.0,CAMPANHA_PILOTO_01
2026-08-05,00:04:38,0.512,65.0,CAMPANHA_PILOTO_01
2026-08-05,00:04:39,0.512,65.0,CAMPANHA_PILOTO_01
2026-08-05,00:04:40,0.512,65.0,CAMPANHA_PILOTO_01
2026-08-05,00:04:41,0.511,65.0,CAMPANHA_PILOTO_01
2026-08-05,00:04:42,0.511,64.9,CAMPANHA_PILOTO_01
2026-08-05,00:04:43,0.511,64.9,CAMPANHA_PILOTO_01
2026-08-05,00:04:44,0.511,64.9,CAMPANHA_PILOTO_01
2026-08-05,00:04:45,0.511,64.9,CAMPANHA_PILOTO_01
2026-08-05,00:04:46,0.511,64.9,CAMPANHA_PILOTO_01
2026-08-05,00:04:47,0.511,64.9,CAMPANHA_PILOTO_01
2026-08-05,00:04:48,0.511,64.8,CAMPANHA_PILOTO_01
2026-08-05,00:04:49,0.51,64.8,CAMPANHA_PILOTO_01
2026-08-05,00:04:50,0.51,64.8,CAMPANHA_PILOTO_01
2026-08-05,00:04:51,0.51,64.8,CAMPANHA_PILOTO_01
2026-08-05,00:04:52,0.51,64.8,CAMPANHA_PILOTO_01
2026-08-05,00:04:53,0.51,64.8,CAMPANHA_PILOTO_01
2026-08-05,00:04:54,0.51,64.7,CAMPANHA_PILOTO_01
2026-08-05,00:04:55,0.51,64.7,CAMPANHA_PILOTO_01
2026-08-05,00:04:56,0.51,64.7,CAMPANHA_PILOTO_01
2026-08-05,00:04:57,0.509,64.7,CAMPANHA_PILOTO_01
2026-08-05,00:04:58,0.509,64.7,CAMPANHA_PILOTO_01
2026-08-05,00:04:59,0.509,64.7,CAMPANHA_PILOTO_01
2026-08-05,00:05:00,0.509,64.7,CAMPANHA_PILOTO_01
2026-08-05,00:05:01,0.509,64.6,CAMPANHA_PILOTO_01
2026-08-05,00:05:02,0.509,64.6,CAMPANHA_PILOTO_01
2026-08-05,00:05:03,0.509,64.6,CAMPANHA_PILOTO_01
2026-08-05,00:05:04,0.509,64.6,CAMPANHA_PILOTO_01
2026-08-05,00:05:05,0.508,64.6,CAMPANHA_PILOTO_01
2026-08-05,00:05:06,0.508,64.6,CAMPANHA_PILOTO_01
2026-08-05,00:05:07,0.508,64.5,CAMPANHA_PILOTO_01
2026-08-05,00:05:08,0.508,64.5,CAMPANHA_PILOTO_01
2026-08-05,00:05:09,0.508,64.5,CAMPANHA_PILOTO_01
2026-08-05,00:05:10,0.508,64.5,CAMPANHA_PILOTO_01
2026-08-05,00:05:11,0.508,64.5,CAMPANHA_PILOTO_01
2026-08-05,00:05:12,0.508,64.5,CAMPANHA_PILOTO_01
2026-08-05,00:05:13,0.507,64.5,CAMPANHA_PILOTO_01
2026-08-05,00:05:14,0.507,64.4,CAMPANHA_PILOTO_01
2026-08-05,00:05:15,0.507,64.4,CAMPANHA_PILOTO_01
2026-08-05,00:05:16,0.507,64.4,CAMPANHA_PILOTO_01
2026-08-05,00:05:17,0.507,64.4,CAMPANHA_PILOTO_01
2026-08-05,00:05:18,0.507,64.4,CAMPANHA_PILOTO_01
2026-08-05,00:05:19,0.507,64.4,CAMPANHA_PILOTO_01
2026-08-05,00:05:20,0.507,64.3,CAMPANHA_PILOTO_01
2026-08-05,00:05:21,0.507,64.3,CAMPANHA_PILOTO_01
2026-08-05,00:05:22,0.506,64.3,CAMPANHA_PILOTO_01
2026-08-05,00:05:23,0.506,64.3,CAMPANHA_PILOTO_01
2026-08-05,00:05:24,0.506,64.3,CAMPANHA_PILOTO_01
2026-08-05,00:05:25,0.506,64.3,CAMPANHA_PILOTO_01
2026-08-05,00:05:26,0.506,64.2,CAMPANHA_PILOTO_01
2026-08-05,00:05:27,0.506,64.2,CAMPANHA_PILOTO_01
2026-08-05,00:05:28,0.506,64.2,CAMPANHA_PILOTO_01
2026-08-05,00:05:29,0.506,64.2,CAMPANHA_PILOTO_01
2026-08-05,00:05:30,0.505,64.2,CAMPANHA_PILOTO_01
2026-08-05,00:05:31,0.505,64.2,CAMPANHA_PILOTO_01
2026-08-05,00:05:32,0.505,64.2,CAMPANHA_PILOTO_01
2026-08-05,00:05:33,0.505,64.1,CAMPANHA_PILOTO_01
2026-08-05,00:05:34,0.505,64.1,CAMPANHA_PILOTO_01
2026-08-05,00:05:35,0.505,64.1,CAMPANHA_PILOTO_01
2026-08-05,00:05:36,0.505,64.1,CAMPANHA_PILOTO_01
2026-08-05,00:05:37,0.505,64.1,CAMPANHA_PILOTO_01
2026-08-05,00:05:38,0.504,64.1,CAMPANHA_PILOTO_01
2026-08-05,00:05:39,0.504,64.0,CAMPANHA_PILOTO_01
2026-08-05,00:05:40,0.504,64.0,CAMPANHA_PILOTO_01
2026-08-05,00:05:41,0.504,64.0,CAMPANHA_PILOTO_01
2026-08-05,00:05:42,0.504,64.0,CAMPANHA_PILOTO_01
2026-08-05,00:05:43,0.504,64.0,CAMPANHA_PILOTO_01
2026-08-05,00:05:44,0.504,64.0,CAMPANHA_PILOTO_01
2026-08-05,00:05:45,0.504,64.0,CAMPANHA_PILOTO_01
2026-08-05,00:05:46,0.503,63.9,CAMPANHA_PILOTO_01
2026-08-05,00:05:47,0.503,63.9,CAMPANHA_PILOTO_01
2026-08-05,00:05:48,0.503,63.9,CAMPANHA_PILOTO_01
2026-08-05,00:05:49,0.503,63.9,CAMPANHA_PILOTO_01
2026-08-05,00:05:50,0.503,63.9,CAMPANHA_PILOTO_01
2026-08-05,00:05:51,0.503,63.9,CAMPANHA_PILOTO_01
2026-08-05,00:05:52,0.503,63.8,CAMPANHA_PILOTO_01
2026-08-05,00:05:53,0.503,63.8,CAMPANHA_PILOTO_01
2026-08-05,00:05:54,0.503,63.8,CAMPANHA_PILOTO_01
2026-08-05,00:05:55,0.502,63.8,CAMPANHA_PILOTO_01
2026-08-05,00:05:56,0.502,63.8,CAMPANHA_PILOTO_01
2026-08-05,00:05:57,0.502,63.8,CAMPANHA_PILOTO_01
2026-08-05,00:05:58,0.502,63.8,CAMPANHA_PILOTO_01
2026-08-05,00:05:59,0.502,63.7,CAMPANHA_PILOTO_01
2026-08-05,00:06:00,0.502,63.7,CAMPANHA_PILOTO_01
2026-08-05,00:06:01,0.502,63.7,CAMPANHA_PILOTO_01
2026-08-05,00:06:02,0.502,63.7,CAMPANHA_PILOTO_01
2026-08-05,00:06:03,0.501,63.7,CAMPANHA_PILOTO_01
2026-08-05,00:06:04,0.501,63.7,CAMPANHA_PILOTO_01
2026-08-05,00:06:05,0.501,63.7,CAMPANHA_PILOTO_01
2026-08-05,00:06:06,0.501,63.6,CAMPANHA_PILOTO_01
2026-08-05,00:06:07,0.501,63.6,CAMPANHA_PILOTO_01
2026-08-05,00:06:08,0.501,63.6,CAMPANHA_PILOTO_01
2026-08-05,00:06:09,0.501,63.6,CAMPANHA_PILOTO_01
2026-08-05,00:06:10,0.501,63.6,CAMPANHA_PILOTO_01
2026-08-05,00:06:11,0.5,63.6,CAMPANHA_PILOTO_01
2026-08-05,00:06:12,0.5,63.5,CAMPANHA_PILOTO_01
2026-08-05,00:06:13,0.5,63.5,CAMPANHA_PILOTO_01
2026-08-05,00:06:14,0.5,63.5,CAMPANHA_PILOTO_01
2026-08-05,00:06:15,0.5,63.5,CAMPANHA_PILOTO_01
2026-08-05,00:06:16,0.5,63.5,CAMPANHA_PILOTO_01
2026-08-05,00:06:17,0.5,63.5,CAMPANHA_PILOTO_01
2026-08-05,00:06:18,0.5,63.5,CAMPANHA_PILOTO_01
2026-08-05,00:06:19,0.5,63.4,CAMPANHA_PILOTO_01
2026-08-05,00:06:20,0.499,63.4,CAMPANHA_PILOTO_01
2026-08-05,00:06:21,0.499,63.4,CAMPANHA_PILOTO_01
2026-08-05,00:06:22,0.499,63.4,CAMPANHA_PILOTO_01
2026-08-05,00:06:23,0.499,63.4,CAMPANHA_PILOTO_01
2026-08-05,00:06:24,0.499,63.4,CAMPANHA_PILOTO_01
2026-08-05,00:06:25,0.499,63.3,CAMPANHA_PILOTO_01
2026-08-05,00:06:26,0.499,63.3,CAMPANHA_PILOTO_01
2026-08-05,00:06:27,0.499,63.3,CAMPANHA_PILOTO_01
2026-08-05,00:06:28,0.498,63.3,CAMPANHA_PILOTO_01
2026-08-05,00:06:29,0.498,63.3,CAMPANHA_PILOTO_01
2026-08-05,00:06:30,0.498,63.3,CAMPANHA_PILOTO_01
2026-08-05,00:06:31,0.498,63.3,CAMPANHA_PILOTO_01
2026-08-05,00:06:32,0.498,63.2,CAMPANHA_PILOTO_01
2026-08-05,00:06:33,0.498,63.2,CAMPANHA_PILOTO_01
2026-08-05,00:06:34,0.498,63.2,CAMPANHA_PILOTO_01
2026-08-05,00:06:35,0.498,63.2,CAMPANHA_PILOTO_01
2026-08-05,00:06:36,0.498,63.2,CAMPANHA_PILOTO_01
2026-08-05,00:06:37,0.497,63.2,CAMPANHA_PILOTO_01
2026-08-05,00:06:38,0.497,63.2,CAMPANHA_PILOTO_01
2026-08-05,00:06:39,0.497,63.1,CAMPANHA_PILOTO_01
2026-08-05,00:06:40,0.497,63.1,CAMPANHA_PILOTO_01
2026-08-05,00:06:41,0.497,63.1,CAMPANHA_PILOTO_01
2026-08-05,00:06:42,0.497,63.1,CAMPANHA_PILOTO_01
2026-08-05,00:06:43,0.497,63.1,CAMPANHA_PILOTO_01
2026-08-05,00:06:44,0.497,63.1,CAMPANHA_PILOTO_01
2026-08-05,00:06:45,0.496,63.0,CAMPANHA_PILOTO_01
2026-08-05,00:06:46,0.496,63.0,CAMPANHA_PILOTO_01
2026-08-05,00:06:47,0.496,63.0,CAMPANHA_PILOTO_01
2026-08-05,00:06:48,0.496,63.0,CAMPANHA_PILOTO_01
2026-08-05,00:06:49,0.496,63.0,CAMPANHA_PILOTO_01
2026-08-05,00:06:50,0.496,63.0,CAMPANHA_PILOTO_01
2026-08-05,00:06:51,0.496,63.0,CAMPANHA_PILOTO_01
2026-08-05,00:06:52,0.496,62.9,CAMPANHA_PILOTO_01
2026-08-05,00:06:53,0.496,62.9,CAMPANHA_PILOTO_01
2026-08-05,00:06:54,0.495,62.9,CAMPANHA_PILOTO_01
2026-08-05,00:06:55,0.495,62.9,CAMPANHA_PILOTO_01
2026-08-05,00:06:56,0.495,62.9,CAMPANHA_PILOTO_01
2026-08-05,00:06:57,0.495,62.9,CAMPANHA_PILOTO_01
2026-08-05,00:06:58,0.495,62.9,CAMPANHA_PILOTO_01
2026-08-05,00:06:59,0.495,62.8,CAMPANHA_PILOTO_01
2026-08-05,00:07:00,0.495,62.8,CAMPANHA_PILOTO_01
2026-08-05,00:07:01,0.495,62.8,CAMPANHA_PILOTO_01
2026-08-05,00:07:02,0.494,62.8,CAMPANHA_PILOTO_01
2026-08-05,00:07:03,0.494,62.8,CAMPANHA_PILOTO_01
2026-08-05,00:07:04,0.494,62.8,CAMPANHA_PILOTO_01
2026-08-05,00:07:05,0.494,62.8,CAMPANHA_PILOTO_01
2026-08-05,00:07:06,0.494,62.7,CAMPANHA_PILOTO_01
2026-08-05,00:07:07,0.494,62.7,CAMPANHA_PILOTO_01
2026-08-05,00:07:08,0.494,62.7,CAMPANHA_PILOTO_01
2026-08-05,00:07:09,0.494,62.7,CAMPANHA_PILOTO_01
2026-08-05,00:07:10,0.494,62.7,CAMPANHA_PILOTO_01
2026-08-05,00:07:11,0.493,62.7,CAMPANHA_PILOTO_01
2026-08-05,00:07:12,0.493,62.6,CAMPANHA_PILOTO_01
2026-08-05,00:07:13,0.493,62.6,CAMPANHA_PILOTO_01
2026-08-05,00:07:14,0.493,62.6,CAMPANHA_PILOTO_01
2026-08-05,00:07:15,0.493,62.6,CAMPANHA_PILOTO_01
2026-08-05,00:07:16,0.493,62.6,CAMPANHA_PILOTO_01
2026-08-05,00:07:17,0.493,62.6,CAMPANHA_PILOTO_01
2026-08-05,00:07:18,0.493,62.6,CAMPANHA_PILOTO_01
2026-08-05,00:07:19,0.492,62.5,CAMPANHA_PILOTO_01
2026-08-05,00:07:20,0.492,62.5,CAMPANHA_PILOTO_01
2026-08-05,00:07:21,0.492,62.5,CAMPANHA_PILOTO_01
2026-08-05,00:07:22,0.492,62.5,CAMPANHA_PILOTO_01
2026-08-05,00:07:23,0.492,62.5,CAMPANHA_PILOTO_01
2026-08-05,00:07:24,0.492,62.5,CAMPANHA_PILOTO_01
2026-08-05,00:07:25,0.492,62.5,CAMPANHA_PILOTO_01
2026-08-05,00:07:26,0.492,62.4,CAMPANHA_PILOTO_01
2026-08-05,00:07:27,0.492,62.4,CAMPANHA_PILOTO_01
2026-08-05,00:07:28,0.491,62.4,CAMPANHA_PILOTO_01
2026-08-05,00:07:29,0.491,62.4,CAMPANHA_PILOTO_01
2026-08-05,00:07:30,0.491,62.4,CAMPANHA_PILOTO_01
2026-08-05,00:07:31,0.491,62.4,CAMPANHA_PILOTO_01
2026-08-05,00:07:32,0.491,62.4,CAMPANHA_PILOTO_01
2026-08-05,00:07:33,0.491,62.3,CAMPANHA_PILOTO_01
2026-08-05,00:07:34,0.491,62.3,CAMPANHA_PILOTO_01
2026-08-05,00:07:35,0.491,62.3,CAMPANHA_PILOTO_01
2026-08-05,00:07:36,0.491,62.3,CAMPANHA_PILOTO_01
2026-08-05,00:07:37,0.49,62.3,CAMPANHA_PILOTO_01
2026-08-05,00:07:38,0.49,62.3,CAMPANHA_PILOTO_01
2026-08-05,00:07:39,0.49,62.3,CAMPANHA_PILOTO_01
2026-08-05,00:07:40,0.49,62.2,CAMPANHA_PILOTO_01
2026-08-05,00:07:41,0.49,62.2,CAMPANHA_PILOTO_01
2026-08-05,00:07:42,0.49,62.2,CAMPANHA_PILOTO_01
2026-08-05,00:07:43,0.49,62.2,CAMPANHA_PILOTO_01
2026-08-05,00:07:44,0.49,62.2,CAMPANHA_PILOTO_01
2026-08-05,00:07:45,0.49,62.2,CAMPANHA_PILOTO_01
2026-08-05,00:07:46,0.489,62.2,CAMPANHA_PILOTO_01
2026-08-05,00:07:47,0.489,62.1,CAMPANHA_PILOTO_01
2026-08-05,00:07:48,0.489,62.1,CAMPANHA_PILOTO_01
2026-08-05,00:07:49,0.489,62.1,CAMPANHA_PILOTO_01
2026-08-05,00:07:50,0.489,62.1,CAMPANHA_PILOTO_01
2026-08-05,00:07:51,0.489,62.1,CAMPANHA_PILOTO_01
2026-08-05,00:07:52,0.489,62.1,CAMPANHA_PILOTO_01
2026-08-05,00:07:53,0.489,62.1,CAMPANHA_PILOTO_01
2026-08-05,00:07:54,0.488,62.0,CAMPANHA_PILOTO_01
2026-08-05,00:07:55,0.488,62.0,CAMPANHA_PILOTO_01
2026-08-05,00:07:56,0.488,62.0,CAMPANHA_PILOTO_01
2026-08-05,00:07:57,0.488,62.0,CAMPANHA_PILOTO_01
2026-08-05,00:07:58,0.488,62.0,CAMPANHA_PILOTO_01
2026-08-05,00:07:59,0.488,62.0,CAMPANHA_PILOTO_01
2026-08-05,00:08:00,0.488,62.0,CAMPANHA_PILOTO_01
2026-08-05,00:08:01,0.488,61.9,CAMPANHA_PILOTO_01
2026-08-05,00:08:02,0.488,61.9,CAMPANHA_PILOTO_01
2026-08-05,00:08:03,0.487,61.9,CAMPANHA_PILOTO_01
2026-08-05,00:08:04,0.487,61.9,CAMPANHA_PILOTO_01
2026-08-05,00:08:05,0.487,61.9,CAMPANHA_PILOTO_01
2026-08-05,00:08:06,0.487,61.9,CAMPANHA_PILOTO_01
2026-08-05,00:08:07,0.487,61.8,CAMPANHA_PILOTO_01
2026-08-05,00:08:08,0.487,61.8,CAMPANHA_PILOTO_01
2026-08-05,00:08:09,0.487,61.8,CAMPANHA_PILOTO_01
2026-08-05,00:08:10,0.487,61.8,CAMPANHA_PILOTO_01
2026-08-05,00:08:11,0.487,61.8,CAMPANHA_PILOTO_01
2026-08-05,00:08:12,0.486,61.8,CAMPANHA_PILOTO_01
2026-08-05,00:08:13,0.486,61.8,CAMPANHA_PILOTO_01
2026-08-05,00:08:14,0.486,61.8,CAMPANHA_PILOTO_01
2026-08-05,00:08:15,0.486,61.7,CAMPANHA_PILOTO_01
2026-08-05,00:08:16,0.486,61.7,CAMPANHA_PILOTO_01
2026-08-05,00:08:17,0.486,61.7,CAMPANHA_PILOTO_01
2026-08-05,00:08:18,0.486,61.7,CAMPANHA_PILOTO_01
2026-08-05,00:08:19,0.486,61.7,CAMPANHA_PILOTO_01
2026-08-05,00:08:20,0.486,61.7,CAMPANHA_PILOTO_01
2026-08-05,00:08:21,0.485,61.6,CAMPANHA_PILOTO_01
2026-08-05,00:08:22,0.485,61.6,CAMPANHA_PILOTO_01
2026-08-05,00:08:23,0.485,61.6,CAMPANHA_PILOTO_01
2026-08-05,00:08:24,0.485,61.6,CAMPANHA_PILOTO_01
2026-08-05,00:08:25,0.485,61.6,CAMPANHA_PILOTO_01
2026-08-05,00:08:26,0.485,61.6,CAMPANHA_PILOTO_01
2026-08-05,00:08:27,0.485,61.6,CAMPANHA_PILOTO_01
2026-08-05,00:08:28,0.485,61.6,CAMPANHA_PILOTO_01
2026-08-05,00:08:29,0.485,61.5,CAMPANHA_PILOTO_01
2026-08-05,00:08:30,0.484,61.5,CAMPANHA_PILOTO_01
2026-08-05,00:08:31,0.484,61.5,CAMPANHA_PILOTO_01
2026-08-05,00:08:32,0.484,61.5,CAMPANHA_PILOTO_01
2026-08-05,00:08:33,0.484,61.5,CAMPANHA_PILOTO_01
2026-08-05,00:08:34,0.484,61.5,CAMPANHA_PILOTO_01
2026-08-05,00:08:35,0.484,61.5,CAMPANHA_PILOTO_01
2026-08-05,00:08:36,0.484,61.4,CAMPANHA_PILOTO_01
2026-08-05,00:08:37,0.484,61.4,CAMPANHA_PILOTO_01
2026-08-05,00:08:38,0.484,61.4,CAMPANHA_PILOTO_01
2026-08-05,00:08:39,0.483,61.4,CAMPANHA_PILOTO_01
2026-08-05,00:08:40,0.483,61.4,CAMPANHA_PILOTO_01
2026-08-05,00:08:41,0.483,61.4,CAMPANHA_PILOTO_01
2026-08-05,00:08:42,0.483,61.4,CAMPANHA_PILOTO_01
2026-08-05,00:08:43,0.483,61.3,CAMPANHA_PILOTO_01
2026-08-05,00:08:44,0.483,61.3,CAMPANHA_PILOTO_01
2026-08-05,00:08:45,0.483,61.3,CAMPANHA_PILOTO_01
2026-08-05,00:08:46,0.483,61.3,CAMPANHA_PILOTO_01
2026-08-05,00:08:47,0.483,61.3,CAMPANHA_PILOTO_01
2026-08-05,00:08:48,0.482,61.3,CAMPANHA_PILOTO_01
2026-08-05,00:08:49,0.482,61.3,CAMPANHA_PILOTO_01
2026-08-05,00:08:50,0.482,61.2,CAMPANHA_PILOTO_01
2026-08-05,00:08:51,0.482,61.2,CAMPANHA_PILOTO_01
2026-08-05,00:08:52,0.482,61.2,CAMPANHA_PILOTO_01
2026-08-05,00:08:53,0.482,61.2,CAMPANHA_PILOTO_01
2026-08-05,00:08:54,0.482,61.2,CAMPANHA_PILOTO_01
2026-08-05,00:08:55,0.482,61.2,CAMPANHA_PILOTO_01
2026-08-05,00:08:56,0.482,61.2,CAMPANHA_PILOTO_01
2026-08-05,00:08:57,0.481,61.1,CAMPANHA_PILOTO_01
2026-08-05,00:08:58,0.481,61.1,CAMPANHA_PILOTO_01
2026-08-05,00:08:59,0.481,61.1,CAMPANHA_PILOTO_01
2026-08-05,00:09:00,0.481,61.1,CAMPANHA_PILOTO_01
2026-08-05,00:09:01,0.481,61.1,CAMPANHA_PILOTO_01
2026-08-05,00:09:02,0.481,61.1,CAMPANHA_PILOTO_01
2026-08-05,00:09:03,0.481,61.1,CAMPANHA_PILOTO_01
2026-08-05,00:09:04,0.481,61.0,CAMPANHA_PILOTO_01
2026-08-05,00:09:05,0.481,61.0,CAMPANHA_PILOTO_01
2026-08-05,00:09:06,0.48,61.0,CAMPANHA_PILOTO_01
2026-08-05,00:09:07,0.48,61.0,CAMPANHA_PILOTO_01
2026-08-05,00:09:08,0.48,61.0,CAMPANHA_PILOTO_01
2026-08-05,00:09:09,0.48,61.0,CAMPANHA_PILOTO_01
2026-08-05,00:09:10,0.48,61.0,CAMPANHA_PILOTO_01
2026-08-05,00:09:11,0.48,60.9,CAMPANHA_PILOTO_01
2026-08-05,00:09:12,0.48,60.9,CAMPANHA_PILOTO_01
2026-08-05,00:09:13,0.48,60.9,CAMPANHA_PILOTO_01
2026-08-05,00:09:14,0.48,60.9,CAMPANHA_PILOTO_01
2026-08-05,00:09:15,0.479,60.9,CAMPANHA_PILOTO_01
2026-08-05,00:09:16,0.479,60.9,CAMPANHA_PILOTO_01
2026-08-05,00:09:17,0.479,60.9,CAMPANHA_PILOTO_01
2026-08-05,00:09:18,0.479,60.8,CAMPANHA_PILOTO_01
2026-08-05,00:09:19,0.479,60.8,CAMPANHA_PILOTO_01
2026-08-05,00:09:20,0.479,60.8,CAMPANHA_PILOTO_01
2026-08-05,00:09:21,0.479,60.8,CAMPANHA_PILOTO_01
2026-08-05,00:09:22,0.479,60.8,CAMPANHA_PILOTO_01
2026-08-05,00:09:23,0.479,60.8,CAMPANHA_PILOTO_01
2026-08-05,00:09:24,0.478,60.8,CAMPANHA_PILOTO_01
2026-08-05,00:09:25,0.478,60.8,CAMPANHA_PILOTO_01
2026-08-05,00:09:26,0.478,60.7,CAMPANHA_PILOTO_01
2026-08-05,00:09:27,0.478,60.7,CAMPANHA_PILOTO_01
2026-08-05,00:09:28,0.478,60.7,CAMPANHA_PILOTO_01
2026-08-05,00:09:29,0.478,60.7,CAMPANHA_PILOTO_01
2026-08-05,00:09:30,0.478,60.7,CAMPANHA_PILOTO_01
2026-08-05,00:09:31,0.478,60.7,CAMPANHA_PILOTO_01
2026-08-05,00:09:32,0.478,60.7,CAMPANHA_PILOTO_01
2026-08-05,00:09:33,0.477,60.6,CAMPANHA_PILOTO_01
2026-08-05,00:09:34,0.477,60.6,CAMPANHA_PILOTO_01
2026-08-05,00:09:35,0.477,60.6,CAMPANHA_PILOTO_01
2026-08-05,00:09:36,0.477,60.6,CAMPANHA_PILOTO_01
2026-08-05,00:09:37,0.477,60.6,CAMPANHA_PILOTO_01
2026-08-05,00:09:38,0.477,60.6,CAMPANHA_PILOTO_01
2026-08-05,00:09:39,0.477,60.6,CAMPANHA_PILOTO_01
2026-08-05,00:09:40,0.477,60.5,CAMPANHA_PILOTO_01
2026-08-05,00:09:41,0.477,60.5,CAMPANHA_PILOTO_01
2026-08-05,00:09:42,0.477,60.5,CAMPANHA_PILOTO_01
2026-08-05,00:09:43,0.476,60.5,CAMPANHA_PILOTO_01
2026-08-05,00:09:44,0.476,60.5,CAMPANHA_PILOTO_01
2026-08-05,00:09:45,0.476,60.5,CAMPANHA_PILOTO_01
2026-08-05,00:09:46,0.476,60.5,CAMPANHA_PILOTO_01
2026-08-05,00:09:47,0.476,60.4,CAMPANHA_PILOTO_01
2026-08-05,00:09:48,0.476,60.4,CAMPANHA_PILOTO_01
2026-08-05,00:09:49,0.476,60.4,CAMPANHA_PILOTO_01
2026-08-05,00:09:50,0.476,60.4,CAMPANHA_PILOTO_01
2026-08-05,00:09:51,0.476,60.4,CAMPANHA_PILOTO_01
2026-08-05,00:09:52,0.475,60.4,CAMPANHA_PILOTO_01
2026-08-05,00:09:53,0.475,60.4,CAMPANHA_PILOTO_01
2026-08-05,00:09:54,0.475,60.4,CAMPANHA_PILOTO_01
2026-08-05,00:09:55,0.475,60.3,CAMPANHA_PILOTO_01
2026-08-05,00:09:56,0.475,60.3,CAMPANHA_PILOTO_01
2026-08-05,00:09:57,0.475,60.3,CAMPANHA_PILOTO_01
2026-08-05,00:09:58,0.475,60.3,CAMPANHA_PILOTO_01
2026-08-05,00:09:59,0.475,60.3,CAMPANHA_PILOTO_01
2026-08-05,00:10:00,0.475,60.3,CAMPANHA_PILOTO_01
2026-08-05,00:10:01,0.474,60.3,CAMPANHA_PILOTO_01
2026-08-05,00:10:02,0.474,60.2,CAMPANHA_PILOTO_01
2026-08-05,00:10:03,0.474,60.2,CAMPANHA_PILOTO_01
2026-08-05,00:10:04,0.474,60.2,CAMPANHA_PILOTO_01
2026-08-05,00:10:05,0.474,60.2,CAMPANHA_PILOTO_01
2026-08-05,00:10:06,0.474,60.2,CAMPANHA_PILOTO_01
2026-08-05,00:10:07,0.474,60.2,CAMPANHA_PILOTO_01
2026-08-05,00:10:08,0.474,60.2,CAMPANHA_PILOTO_01
2026-08-05,00:10:09,0.474,60.2,CAMPANHA_PILOTO_01
2026-08-05,00:10:10,0.474,60.1,CAMPANHA_PILOTO_01
2026-08-05,00:10:11,0.473,60.1,CAMPANHA_PILOTO_01
2026-08-05,00:10:12,0.473,60.1,CAMPANHA_PILOTO_01
2026-08-05,00:10:13,0.473,60.1,CAMPANHA_PILOTO_01
2026-08-05,00:10:14,0.473,60.1,CAMPANHA_PILOTO_01
2026-08-05,00:10:15,0.473,60.1,CAMPANHA_PILOTO_01
2026-08-05,00:10:16,0.473,60.1,CAMPANHA_PILOTO_01
2026-08-05,00:10:17,0.473,60.0,CAMPANHA_PILOTO_01
2026-08-05,00:10:18,0.473,60.0,CAMPANHA_PILOTO_01
2026-08-05,00:10:19,0.473,60.0,CAMPANHA_PILOTO_01
2026-08-05,00:10:20,0.472,60.0,CAMPANHA_PILOTO_01
2026-08-05,00:10:21,0.472,60.0,CAMPANHA_PILOTO_01
2026-08-05,00:10:22,0.472,60.0,CAMPANHA_PILOTO_01
2026-08-05,00:10:23,0.472,60.0,CAMPANHA_PILOTO_01
2026-08-05,00:10:24,0.472,59.9,CAMPANHA_PILOTO_01
2026-08-05,00:10:25,0.472,59.9,CAMPANHA_PILOTO_01
2026-08-05,00:10:26,0.472,59.9,CAMPANHA_PILOTO_01
2026-08-05,00:10:27,0.472,59.9,CAMPANHA_PILOTO_01
2026-08-05,00:10:28,0.472,59.9,CAMPANHA_PILOTO_01
2026-08-05,00:10:29,0.472,59.9,CAMPANHA_PILOTO_01
2026-08-05,00:10:30,0.471,59.9,CAMPANHA_PILOTO_01
2026-08-05,00:10:31,0.471,59.9,CAMPANHA_PILOTO_01
2026-08-05,00:10:32,0.471,59.8,CAMPANHA_PILOTO_01
2026-08-05,00:10:33,0.471,59.8,CAMPANHA_PILOTO_01
2026-08-05,00:10:34,0.471,59.8,CAMPANHA_PILOTO_01
2026-08-05,00:10:35,0.471,59.8,CAMPANHA_PILOTO_01
2026-08-05,00:10:36,0.471,59.8,CAMPANHA_PILOTO_01
2026-08-05,00:10:37,0.471,59.8,CAMPANHA_PILOTO_01
2026-08-05,00:10:38,0.471,59.8,CAMPANHA_PILOTO_01
2026-08-05,00:10:39,0.47,59.7,CAMPANHA_PILOTO_01
2026-08-05,00:10:40,0.47,59.7,CAMPANHA_PILOTO_01
2026-08-05,00:10:41,0.47,59.7,CAMPANHA_PILOTO_01
2026-08-05,00:10:42,0.47,59.7,CAMPANHA_PILOTO_01
2026-08-05,00:10:43,0.47,59.7,CAMPANHA_PILOTO_01
2026-08-05,00:10:44,0.47,59.7,CAMPANHA_PILOTO_01
2026-08-05,00:10:45,0.47,59.7,CAMPANHA_PILOTO_01
2026-08-05,00:10:46,0.47,59.7,CAMPANHA_PILOTO_01
2026-08-05,00:10:47,0.47,59.6,CAMPANHA_PILOTO_01
2026-08-05,00:10:48,0.47,59.6,CAMPANHA_PILOTO_01
2026-08-05,00:10:49,0.469,59.6,CAMPANHA_PILOTO_01
2026-08-05,00:10:50,0.469,59.6,CAMPANHA_PILOTO_01
2026-08-05,00:10:51,0.469,59.6,CAMPANHA_PILOTO_01
2026-08-05,00:10:52,0.469,59.6,CAMPANHA_PILOTO_01
2026-08-05,00:10:53,0.469,59.6,CAMPANHA_PILOTO_01
2026-08-05,00:10:54,0.469,59.5,CAMPANHA_PILOTO_01
2026-08-05,00:10:55,0.469,59.5,CAMPANHA_PILOTO_01
2026-08-05,00:10:56,0.469,59.5,CAMPANHA_PILOTO_01
2026-08-05,00:10:57,0.469,59.5,CAMPANHA_PILOTO_01
2026-08-05,00:10:58,0.468,59.5,CAMPANHA_PILOTO_01
2026-08-05,00:10:59,0.468,59.5,CAMPANHA_PILOTO_01
2026-08-05,00:11:00,0.468,59.5,CAMPANHA_PILOTO_01
2026-08-05,00:11:01,0.468,59.5,CAMPANHA_PILOTO_01
2026-08-05,00:11:02,0.468,59.4,CAMPANHA_PILOTO_01
2026-08-05,00:11:03,0.468,59.4,CAMPANHA_PILOTO_01
2026-08-05,00:11:04,0.468,59.4,CAMPANHA_PILOTO_01
2026-08-05,00:11:05,0.468,59.4,CAMPANHA_PILOTO_01
2026-08-05,00:11:06,0.468,59.4,CAMPANHA_PILOTO_01
2026-08-05,00:11:07,0.468,59.4,CAMPANHA_PILOTO_01
2026-08-05,00:11:08,0.467,59.4,CAMPANHA_PILOTO_01
2026-08-05,00:11:09,0.467,59.3,CAMPANHA_PILOTO_01
2026-08-05,00:11:10,0.467,59.3,CAMPANHA_PILOTO_01
2026-08-05,00:11:11,0.467,59.3,CAMPANHA_PILOTO_01
2026-08-05,00:11:12,0.467,59.3,CAMPANHA_PILOTO_01
2026-08-05,00:11:13,0.467,59.3,CAMPANHA_PILOTO_01
2026-08-05,00:11:14,0.467,59.3,CAMPANHA_PILOTO_01
2026-08-05,00:11:15,0.467,59.3,CAMPANHA_PILOTO_01
2026-08-05,00:11:16,0.467,59.3,CAMPANHA_PILOTO_01
2026-08-05,00:11:17,0.466,59.2,CAMPANHA_PILOTO_01
2026-08-05,00:11:18,0.466,59.2,CAMPANHA_PILOTO_01
2026-08-05,00:11:19,0.466,59.2,CAMPANHA_PILOTO_01
2026-08-05,00:11:20,0.466,59.2,CAMPANHA_PILOTO_01
2026-08-05,00:11:21,0.466,59.2,CAMPANHA_PILOTO_01
2026-08-05,00:11:22,0.466,59.2,CAMPANHA_PILOTO_01
2026-08-05,00:11:23,0.466,59.2,CAMPANHA_PILOTO_01
2026-08-05,00:11:24,0.466,59.1,CAMPANHA_PILOTO_01
2026-08-05,00:11:25,0.466,59.1,CAMPANHA_PILOTO_01
2026-08-05,00:11:26,0.466,59.1,CAMPANHA_PILOTO_01
2026-08-05,00:11:27,0.465,59.1,CAMPANHA_PILOTO_01
2026-08-05,00:11:28,0.465,59.1,CAMPANHA_PILOTO_01
2026-08-05,00:11:29,0.465,59.1,CAMPANHA_PILOTO_01
2026-08-05,00:11:30,0.465,59.1,CAMPANHA_PILOTO_01
2026-08-05,00:11:31,0.465,59.1,CAMPANHA_PILOTO_01
2026-08-05,00:11:32,0.465,59.0,CAMPANHA_PILOTO_01
2026-08-05,00:11:33,0.465,59.0,CAMPANHA_PILOTO_01
2026-08-05,00:11:34,0.465,59.0,CAMPANHA_PILOTO_01
2026-08-05,00:11:35,0.465,59.0,CAMPANHA_PILOTO_01
2026-08-05,00:11:36,0.464,59.0,CAMPANHA_PILOTO_01
2026-08-05,00:11:37,0.464,59.0,CAMPANHA_PILOTO_01
2026-08-05,00:11:38,0.464,59.0,CAMPANHA_PILOTO_01
2026-08-05,00:11:39,0.464,59.0,CAMPANHA_PILOTO_01
2026-08-05,00:11:40,0.464,58.9,CAMPANHA_PILOTO_01
2026-08-05,00:11:41,0.464,58.9,CAMPANHA_PILOTO_01
2026-08-05,00:11:42,0.464,58.9,CAMPANHA_PILOTO_01
2026-08-05,00:11:43,0.464,58.9,CAMPANHA_PILOTO_01
2026-08-05,00:11:44,0.464,58.9,CAMPANHA_PILOTO_01
2026-08-05,00:11:45,0.464,58.9,CAMPANHA_PILOTO_01
2026-08-05,00:11:46,0.463,58.9,CAMPANHA_PILOTO_01
2026-08-05,00:11:47,0.463,58.8,CAMPANHA_PILOTO_01
2026-08-05,00:11:48,0.463,58.8,CAMPANHA_PILOTO_01
2026-08-05,00:11:49,0.463,58.8,CAMPANHA_PILOTO_01
2026-08-05,00:11:50,0.463,58.8,CAMPANHA_PILOTO_01
2026-08-05,00:11:51,0.463,58.8,CAMPANHA_PILOTO_01
2026-08-05,00:11:52,0.463,58.8,CAMPANHA_PILOTO_01
2026-08-05,00:11:53,0.463,58.8,CAMPANHA_PILOTO_01
2026-08-05,00:11:54,0.463,58.8,CAMPANHA_PILOTO_01
2026-08-05,00:11:55,0.463,58.7,CAMPANHA_PILOTO_01
2026-08-05,00:11:56,0.462,58.7,CAMPANHA_PILOTO_01
2026-08-05,00:11:57,0.462,58.7,CAMPANHA_PILOTO_01
2026-08-05,00:11:58,0.462,58.7,CAMPANHA_PILOTO_01
2026-08-05,00:11:59,0.462,58.7,CAMPANHA_PILOTO_01
2026-08-05,00:12:00,0.462,58.7,CAMPANHA_PILOTO_01
2026-08-05,00:12:01,0.462,58.7,CAMPANHA_PILOTO_01
2026-08-05,00:12:02,0.462,58.7,CAMPANHA_PILOTO_01
2026-08-05,00:12:03,0.462,58.6,CAMPANHA_PILOTO_01
2026-08-05,00:12:04,0.462,58.6,CAMPANHA_PILOTO_01
2026-08-05,00:12:05,0.462,58.6,CAMPANHA_PILOTO_01
2026-08-05,00:12:06,0.461,58.6,CAMPANHA_PILOTO_01
2026-08-05,00:12:07,0.461,58.6,CAMPANHA_PILOTO_01
2026-08-05,00:12:08,0.461,58.6,CAMPANHA_PILOTO_01
2026-08-05,00:12:09,0.461,58.6,CAMPANHA_PILOTO_01
2026-08-05,00:12:10,0.461,58.6,CAMPANHA_PILOTO_01
2026-08-05,00:12:11,0.461,58.5,CAMPANHA_PILOTO_01
2026-08-05,00:12:12,0.461,58.5,CAMPANHA_PILOTO_01
2026-08-05,00:12:13,0.461,58.5,CAMPANHA_PILOTO_01
2026-08-05,00:12:14,0.461,58.5,CAMPANHA_PILOTO_01
2026-08-05,00:12:15,0.461,58.5,CAMPANHA_PILOTO_01
2026-08-05,00:12:16,0.46,58.5,CAMPANHA_PILOTO_01
2026-08-05,00:12:17,0.46,58.5,CAMPANHA_PILOTO_01
2026-08-05,00:12:18,0.46,58.4,CAMPANHA_PILOTO_01
2026-08-05,00:12:19,0.46,58.4,CAMPANHA_PILOTO_01
2026-08-05,00:12:20,0.46,58.4,CAMPANHA_PILOTO_01
2026-08-05,00:12:21,0.46,58.4,CAMPANHA_PILOTO_01
2026-08-05,00:12:22,0.46,58.4,CAMPANHA_PILOTO_01
2026-08-05,00:12:23,0.46,58.4,CAMPANHA_PILOTO_01
2026-08-05,00:12:24,0.46,58.4,CAMPANHA_PILOTO_01
2026-08-05,00:12:25,0.46,58.4,CAMPANHA_PILOTO_01
2026-08-05,00:12:26,0.459,58.3,CAMPANHA_PILOTO_01
2026-08-05,00:12:27,0.459,58.3,CAMPANHA_PILOTO_01
2026-08-05,00:12:28,0.459,58.3,CAMPANHA_PILOTO_01
2026-08-05,00:12:29,0.459,58.3,CAMPANHA_PILOTO_01
2026-08-05,00:12:30,0.459,58.3,CAMPANHA_PILOTO_01
2026-08-05,00:12:31,0.459,58.3,CAMPANHA_PILOTO_01
2026-08-05,00:12:32,0.459,58.3,CAMPANHA_PILOTO_01
2026-08-05,00:12:33,0.459,58.3,CAMPANHA_PILOTO_01
2026-08-05,00:12:34,0.459,58.2,CAMPANHA_PILOTO_01
2026-08-05,00:12:35,0.459,58.2,CAMPANHA_PILOTO_01
2026-08-05,00:12:36,0.458,58.2,CAMPANHA_PILOTO_01
2026-08-05,00:12:37,0.458,58.2,CAMPANHA_PILOTO_01
2026-08-05,00:12:38,0.458,58.2,CAMPANHA_PILOTO_01
2026-08-05,00:12:39,0.458,58.2,CAMPANHA_PILOTO_01
2026-08-05,00:12:40,0.458,58.2,CAMPANHA_PILOTO_01
2026-08-05,00:12:41,0.458,58.2,CAMPANHA_PILOTO_01
2026-08-05,00:12:42,0.458,58.1,CAMPANHA_PILOTO_01
2026-08-05,00:12:43,0.458,58.1,CAMPANHA_PILOTO_01
2026-08-05,00:12:44,0.458,58.1,CAMPANHA_PILOTO_01
2026-08-05,00:12:45,0.458,58.1,CAMPANHA_PILOTO_01
2026-08-05,00:12:46,0.457,58.1,CAMPANHA_PILOTO_01
2026-08-05,00:12:47,0.457,58.1,CAMPANHA_PILOTO_01
2026-08-05,00:12:48,0.457,58.1,CAMPANHA_PILOTO_01
2026-08-05,00:12:49,0.457,58.1,CAMPANHA_PILOTO_01
2026-08-05,00:12:50,0.457,58.0,CAMPANHA_PILOTO_01
2026-08-05,00:12:51,0.457,58.0,CAMPANHA_PILOTO_01
2026-08-05,00:12:52,0.457,58.0,CAMPANHA_PILOTO_01
2026-08-05,00:12:53,0.457,58.0,CAMPANHA_PILOTO_01
2026-08-05,00:12:54,0.457,58.0,CAMPANHA_PILOTO_01
2026-08-05,00:12:55,0.457,58.0,CAMPANHA_PILOTO_01
2026-08-05,00:12:56,0.456,58.0,CAMPANHA_PILOTO_01
2026-08-05,00:12:57,0.456,58.0,CAMPANHA_PILOTO_01
2026-08-05,00:12:58,0.456,57.9,CAMPANHA_PILOTO_01
2026-08-05,00:12:59,0.456,57.9,CAMPANHA_PILOTO_01
2026-08-05,00:13:00,0.456,57.9,CAMPANHA_PILOTO_01
2026-08-05,00:13:01,0.456,57.9,CAMPANHA_PILOTO_01
2026-08-05,00:13:02,0.456,57.9,CAMPANHA_PILOTO_01
2026-08-05,00:13:03,0.456,57.9,CAMPANHA_PILOTO_01
2026-08-05,00:13:04,0.456,57.9,CAMPANHA_PILOTO_01
2026-08-05,00:13:05,0.456,57.9,CAMPANHA_PILOTO_01
2026-08-05,00:13:06,0.455,57.8,CAMPANHA_PILOTO_01
2026-08-05,00:13:07,0.455,57.8,CAMPANHA_PILOTO_01
2026-08-05,00:13:08,0.455,57.8,CAMPANHA_PILOTO_01
2026-08-05,00:13:09,0.455,57.8,CAMPANHA_PILOTO_01
2026-08-05,00:13:10,0.455,57.8,CAMPANHA_PILOTO_01
2026-08-05,00:13:11,0.455,57.8,CAMPANHA_PILOTO_01
2026-08-05,00:13:12,0.455,57.8,CAMPANHA_PILOTO_01
2026-08-05,00:13:13,0.455,57.8,CAMPANHA_PILOTO_01
2026-08-05,00:13:14,0.455,57.7,CAMPANHA_PILOTO_01
2026-08-05,00:13:15,0.455,57.7,CAMPANHA_PILOTO_01
2026-08-05,00:13:16,0.454,57.7,CAMPANHA_PILOTO_01
2026-08-05,00:13:17,0.454,57.7,CAMPANHA_PILOTO_01
2026-08-05,00:13:18,0.454,57.7,CAMPANHA_PILOTO_01
2026-08-05,00:13:19,0.454,57.7,CAMPANHA_PILOTO_01
2026-08-05,00:13:20,0.454,57.7,CAMPANHA_PILOTO_01
2026-08-05,00:13:21,0.454,57.7,CAMPANHA_PILOTO_01
2026-08-05,00:13:22,0.454,57.6,CAMPANHA_PILOTO_01
2026-08-05,00:13:23,0.454,57.6,CAMPANHA_PILOTO_01
2026-08-05,00:13:24,0.454,57.6,CAMPANHA_PILOTO_01
2026-08-05,00:13:25,0.454,57.6,CAMPANHA_PILOTO_01
2026-08-05,00:13:26,0.453,57.6,CAMPANHA_PILOTO_01
2026-08-05,00:13:27,0.453,57.6,CAMPANHA_PILOTO_01
2026-08-05,00:13:28,0.453,57.6,CAMPANHA_PILOTO_01
2026-08-05,00:13:29,0.453,57.6,CAMPANHA_PILOTO_01
2026-08-05,00:13:30,0.453,57.5,CAMPANHA_PILOTO_01
2026-08-05,00:13:31,0.453,57.5,CAMPANHA_PILOTO_01
2026-08-05,00:13:32,0.453,57.5,CAMPANHA_PILOTO_01
2026-08-05,00:13:33,0.453,57.5,CAMPANHA_PILOTO_01
2026-08-05,00:13:34,0.453,57.5,CAMPANHA_PILOTO_01
2026-08-05,00:13:35,0.453,57.5,CAMPANHA_PILOTO_01
2026-08-05,00:13:36,0.452,57.5,CAMPANHA_PILOTO_01
2026-08-05,00:13:37,0.452,57.5,CAMPANHA_PILOTO_01
2026-08-05,00:13:38,0.452,57.4,CAMPANHA_PILOTO_01
2026-08-05,00:13:39,0.452,57.4,CAMPANHA_PILOTO_01
2026-08-05,00:13:40,0.452,57.4,CAMPANHA_PILOTO_01
2026-08-05,00:13:41,0.452,57.4,CAMPANHA_PILOTO_01
2026-08-05,00:13:42,0.452,57.4,CAMPANHA_PILOTO_01
2026-08-05,00:13:43,0.452,57.4,CAMPANHA_PILOTO_01
2026-08-05,00:13:44,0.452,57.4,CAMPANHA_PILOTO_01
2026-08-05,00:13:45,0.452,57.4,CAMPANHA_PILOTO_01
2026-08-05,00:13:46,0.452,57.3,CAMPANHA_PILOTO_01
2026-08-05,00:13:47,0.451,57.3,CAMPANHA_PILOTO_01
2026-08-05,00:13:48,0.451,57.3,CAMPANHA_PILOTO_01
2026-08-05,00:13:49,0.451,57.3,CAMPANHA_PILOTO_01
2026-08-05,00:13:50,0.451,57.3,CAMPANHA_PILOTO_01
2026-08-05,00:13:51,0.451,57.3,CAMPANHA_PILOTO_01
2026-08-05,00:13:52,0.451,57.3,CAMPANHA_PILOTO_01
2026-08-05,00:13:53,0.451,57.3,CAMPANHA_PILOTO_01
2026-08-05,00:13:54,0.451,57.2,CAMPANHA_PILOTO_01
2026-08-05,00:13:55,0.451,57.2,CAMPANHA_PILOTO_01
2026-08-05,00:13:56,0.451,57.2,CAMPANHA_PILOTO_01
2026-08-05,00:13:57,0.45,57.2,CAMPANHA_PILOTO_01
2026-08-05,00:13:58,0.45,57.2,CAMPANHA_PILOTO_01
2026-08-05,00:13:59,0.45,57.2,CAMPANHA_PILOTO_01
2026-08-05,00:14:00,0.45,57.2,CAMPANHA_PILOTO_01
2026-08-05,00:14:01,0.45,57.2,CAMPANHA_PILOTO_01
2026-08-05,00:14:02,0.45,57.1,CAMPANHA_PILOTO_01
2026-08-05,00:14:03,0.45,57.1,CAMPANHA_PILOTO_01
2026-08-05,00:14:04,0.45,57.1,CAMPANHA_PILOTO_01
2026-08-05,00:14:05,0.45,57.1,CAMPANHA_PILOTO_01
2026-08-05,00:14:06,0.45,57.1,CAMPANHA_PILOTO_01
2026-08-05,00:14:07,0.449,57.1,CAMPANHA_PILOTO_01
2026-08-05,00:14:08,0.449,57.1,CAMPANHA_PILOTO_01
2026-08-05,00:14:09,0.449,57.1,CAMPANHA_PILOTO_01
2026-08-05,00:14:10,0.449,57.0,CAMPANHA_PILOTO_01
2026-08-05,00:14:11,0.449,57.0,CAMPANHA_PILOTO_01
2026-08-05,00:14:12,0.449,57.0,CAMPANHA_PILOTO_01
2026-08-05,00:14:13,0.449,57.0,CAMPANHA_PILOTO_01
2026-08-05,00:14:14,0.449,57.0,CAMPANHA_PILOTO_01
2026-08-05,00:14:15,0.449,57.0,CAMPANHA_PILOTO_01
2026-08-05,00:14:16,0.449,57.0,CAMPANHA_PILOTO_01
2026-08-05,00:14:17,0.449,57.0,CAMPANHA_PILOTO_01
2026-08-05,00:14:18,0.448,57.0,CAMPANHA_PILOTO_01
2026-08-05,00:14:19,0.448,56.9,CAMPANHA_PILOTO_01
2026-08-05,00:14:20,0.448,56.9,CAMPANHA_PILOTO_01
2026-08-05,00:14:21,0.448,56.9,CAMPANHA_PILOTO_01
2026-08-05,00:14:22,0.448,56.9,CAMPANHA_PILOTO_01
2026-08-05,00:14:23,0.448,56.9,CAMPANHA_PILOTO_01
2026-08-05,00:14:24,0.448,56.9,CAMPANHA_PILOTO_01
2026-08-05,00:14:25,0.448,56.9,CAMPANHA_PILOTO_01
2026-08-05,00:14:26,0.448,56.9,CAMPANHA_PILOTO_01
2026-08-05,00:14:27,0.448,56.8,CAMPANHA_PILOTO_01
2026-08-05,00:14:28,0.447,56.8,CAMPANHA_PILOTO_01
2026-08-05,00:14:29,0.447,56.8,CAMPANHA_PILOTO_01
2026-08-05,00:14:30,0.447,56.8,CAMPANHA_PILOTO_01
2026-08-05,00:14:31,0.447,56.8,CAMPANHA_PILOTO_01
2026-08-05,00:14:32,0.447,56.8,CAMPANHA_PILOTO_01
2026-08-05,00:14:33,0.447,56.8,CAMPANHA_PILOTO_01
2026-08-05,00:14:34,0.447,56.8,CAMPANHA_PILOTO_01
2026-08-05,00:14:35,0.447,56.7,CAMPANHA_PILOTO_01
2026-08-05,00:14:36,0.447,56.7,CAMPANHA_PILOTO_01
2026-08-05,00:14:37,0.447,56.7,CAMPANHA_PILOTO_01
2026-08-05,00:14:38,0.447,56.7,CAMPANHA_PILOTO_01
2026-08-05,00:14:39,0.446,56.7,CAMPANHA_PILOTO_01
2026-08-05,00:14:40,0.446,56.7,CAMPANHA_PILOTO_01
2026-08-05,00:14:41,0.446,56.7,CAMPANHA_PILOTO_01
2026-08-05,00:14:42,0.446,56.7,CAMPANHA_PILOTO_01
2026-08-05,00:14:43,0.446,56.6,CAMPANHA_PILOTO_01
2026-08-05,00:14:44,0.446,56.6,CAMPANHA_PILOTO_01
2026-08-05,00:14:45,0.446,56.6,CAMPANHA_PILOTO_01
2026-08-05,00:14:46,0.446,56.6,CAMPANHA_PILOTO_01
2026-08-05,00:14:47,0.446,56.6,CAMPANHA_PILOTO_01
2026-08-05,00:14:48,0.446,56.6,CAMPANHA_PILOTO_01
2026-08-05,00:14:49,0.445,56.6,CAMPANHA_PILOTO_01
2026-08-05,00:14:50,0.445,56.6,CAMPANHA_PILOTO_01
2026-08-05,00:14:51,0.445,56.6,CAMPANHA_PILOTO_01
2026-08-05,00:14:52,0.445,56.5,CAMPANHA_PILOTO_01
2026-08-05,00:14:53,0.445,56.5,CAMPANHA_PILOTO_01
2026-08-05,00:14:54,0.445,56.5,CAMPANHA_PILOTO_01
2026-08-05,00:14:55,0.445,56.5,CAMPANHA_PILOTO_01
2026-08-05,00:14:56,0.445,56.5,CAMPANHA_PILOTO_01
2026-08-05,00:14:57,0.445,56.5,CAMPANHA_PILOTO_01
2026-08-05,00:14:58,0.445,56.5,CAMPANHA_PILOTO_01
2026-08-05,00:14:59,0.445,56.5,CAMPANHA_PILOTO_01
2026-08-05,00:15:00,0.444,56.4,CAMPANHA_PILOTO_01
2026-08-05,00:15:01,0.444,56.4,CAMPANHA_PILOTO_01
2026-08-05,00:15:02,0.444,56.4,CAMPANHA_PILOTO_01
2026-08-05,00:15:03,0.444,56.4,CAMPANHA_PILOTO_01
2026-08-05,00:15:04,0.444,56.4,CAMPANHA_PILOTO_01
2026-08-05,00:15:05,0.444,56.4,CAMPANHA_PILOTO_01
2026-08-05,00:15:06,0.444,56.4,CAMPANHA_PILOTO_01
2026-08-05,00:15:07,0.444,56.4,CAMPANHA_PILOTO_01
2026-08-05,00:15:08,0.444,56.4,CAMPANHA_PILOTO_01
2026-08-05,00:15:09,0.444,56.3,CAMPANHA_PILOTO_01
2026-08-05,00:15:10,0.444,56.3,CAMPANHA_PILOTO_01
2026-08-05,00:15:11,0.443,56.3,CAMPANHA_PILOTO_01
2026-08-05,00:15:12,0.443,56.3,CAMPANHA_PILOTO_01
2026-08-05,00:15:13,0.443,56.3,CAMPANHA_PILOTO_01
2026-08-05,00:15:14,0.443,56.3,CAMPANHA_PILOTO_01
2026-08-05,00:15:15,0.443,56.3,CAMPANHA_PILOTO_01
2026-08-05,00:15:16,0.443,56.3,CAMPANHA_PILOTO_01
2026-08-05,00:15:17,0.443,56.2,CAMPANHA_PILOTO_01
2026-08-05,00:15:18,0.443,56.2,CAMPANHA_PILOTO_01
2026-08-05,00:15:19,0.443,56.2,CAMPANHA_PILOTO_01
2026-08-05,00:15:20,0.443,56.2,CAMPANHA_PILOTO_01
2026-08-05,00:15:21,0.442,56.2,CAMPANHA_PILOTO_01
2026-08-05,00:15:22,0.442,56.2,CAMPANHA_PILOTO_01
2026-08-05,00:15:23,0.442,56.2,CAMPANHA_PILOTO_01
2026-08-05,00:15:24,0.442,56.2,CAMPANHA_PILOTO_01
2026-08-05,00:15:25,0.442,56.1,CAMPANHA_PILOTO_01
2026-08-05,00:15:26,0.442,56.1,CAMPANHA_PILOTO_01
2026-08-05,00:15:27,0.442,56.1,CAMPANHA_PILOTO_01
2026-08-05,00:15:28,0.442,56.1,CAMPANHA_PILOTO_01
2026-08-05,00:15:29,0.442,56.1,CAMPANHA_PILOTO_01
2026-08-05,00:15:30,0.442,56.1,CAMPANHA_PILOTO_01
2026-08-05,00:15:31,0.442,56.1,CAMPANHA_PILOTO_01
2026-08-05,00:15:32,0.441,56.1,CAMPANHA_PILOTO_01
2026-08-05,00:15:33,0.441,56.1,CAMPANHA_PILOTO_01
2026-08-05,00:15:34,0.441,56.0,CAMPANHA_PILOTO_01
2026-08-05,00:15:35,0.441,56.0,CAMPANHA_PILOTO_01
2026-08-05,00:15:36,0.441,56.0,CAMPANHA_PILOTO_01
2026-08-05,00:15:37,0.441,56.0,CAMPANHA_PILOTO_01
2026-08-05,00:15:38,0.441,56.0,CAMPANHA_PILOTO_01
2026-08-05,00:15:39,0.441,56.0,CAMPANHA_PILOTO_01
2026-08-05,00:15:40,0.441,56.0,CAMPANHA_PILOTO_01
2026-08-05,00:15:41,0.441,56.0,CAMPANHA_PILOTO_01
2026-08-05,00:15:42,0.441,55.9,CAMPANHA_PILOTO_01
2026-08-05,00:15:43,0.44,55.9,CAMPANHA_PILOTO_01
2026-08-05,00:15:44,0.44,55.9,CAMPANHA_PILOTO_01
2026-08-05,00:15:45,0.44,55.9,CAMPANHA_PILOTO_01
2026-08-05,00:15:46,0.44,55.9,CAMPANHA_PILOTO_01
2026-08-05,00:15:47,0.44,55.9,CAMPANHA_PILOTO_01
2026-08-05,00:15:48,0.44,55.9,CAMPANHA_PILOTO_01
2026-08-05,00:15:49,0.44,55.9,CAMPANHA_PILOTO_01
2026-08-05,00:15:50,0.44,55.9,CAMPANHA_PILOTO_01
2026-08-05,00:15:51,0.44,55.8,CAMPANHA_PILOTO_01
2026-08-05,00:15:52,0.44,55.8,CAMPANHA_PILOTO_01
2026-08-05,00:15:53,0.44,55.8,CAMPANHA_PILOTO_01
2026-08-05,00:15:54,0.439,55.8,CAMPANHA_PILOTO_01
2026-08-05,00:15:55,0.439,55.8,CAMPANHA_PILOTO_01
2026-08-05,00:15:56,0.439,55.8,CAMPANHA_PILOTO_01
2026-08-05,00:15:57,0.439,55.8,CAMPANHA_PILOTO_01
2026-08-05,00:15:58,0.439,55.8,CAMPANHA_PILOTO_01
2026-08-05,00:15:59,0.439,55.8,CAMPANHA_PILOTO_01
2026-08-05,00:16:00,0.439,55.7,CAMPANHA_PILOTO_01
2026-08-05,00:16:01,0.439,55.7,CAMPANHA_PILOTO_01
2026-08-05,00:16:02,0.439,55.7,CAMPANHA_PILOTO_01
2026-08-05,00:16:03,0.439,55.7,CAMPANHA_PILOTO_01
2026-08-05,00:16:04,0.439,55.7,CAMPANHA_PILOTO_01
2026-08-05,00:16:05,0.438,55.7,CAMPANHA_PILOTO_01
2026-08-05,00:16:06,0.438,55.7,CAMPANHA_PILOTO_01
2026-08-05,00:16:07,0.438,55.7,CAMPANHA_PILOTO_01
2026-08-05,00:16:08,0.438,55.6,CAMPANHA_PILOTO_01
2026-08-05,00:16:09,0.438,55.6,CAMPANHA_PILOTO_01
2026-08-05,00:16:10,0.438,55.6,CAMPANHA_PILOTO_01
2026-08-05,00:16:11,0.438,55.6,CAMPANHA_PILOTO_01
2026-08-05,00:16:12,0.438,55.6,CAMPANHA_PILOTO_01
2026-08-05,00:16:13,0.438,55.6,CAMPANHA_PILOTO_01
2026-08-05,00:16:14,0.438,55.6,CAMPANHA_PILOTO_01
2026-08-05,00:16:15,0.438,55.6,CAMPANHA_PILOTO_01
2026-08-05,00:16:16,0.437,55.6,CAMPANHA_PILOTO_01
2026-08-05,00:16:17,0.437,55.5,CAMPANHA_PILOTO_01
2026-08-05,00:16:18,0.437,55.5,CAMPANHA_PILOTO_01
2026-08-05,00:16:19,0.437,55.5,CAMPANHA_PILOTO_01
2026-08-05,00:16:20,0.437,55.5,CAMPANHA_PILOTO_01
2026-08-05,00:16:21,0.437,55.5,CAMPANHA_PILOTO_01
2026-08-05,00:16:22,0.437,55.5,CAMPANHA_PILOTO_01
2026-08-05,00:16:23,0.437,55.5,CAMPANHA_PILOTO_01
2026-08-05,00:16:24,0.437,55.5,CAMPANHA_PILOTO_01
2026-08-05,00:16:25,0.437,55.4,CAMPANHA_PILOTO_01
2026-08-05,00:16:26,0.436,55.4,CAMPANHA_PILOTO_01
2026-08-05,00:16:27,0.436,55.4,CAMPANHA_PILOTO_01
2026-08-05,00:16:28,0.436,55.4,CAMPANHA_PILOTO_01
2026-08-05,00:16:29,0.436,55.4,CAMPANHA_PILOTO_01
2026-08-05,00:16:30,0.436,55.4,CAMPANHA_PILOTO_01
2026-08-05,00:16:31,0.436,55.4,CAMPANHA_PILOTO_01
2026-08-05,00:16:32,0.436,55.4,CAMPANHA_PILOTO_01
2026-08-05,00:16:33,0.436,55.4,CAMPANHA_PILOTO_01
2026-08-05,00:16:34,0.436,55.3,CAMPANHA_PILOTO_01
2026-08-05,00:16:35,0.436,55.3,CAMPANHA_PILOTO_01
2026-08-05,00:16:36,0.436,55.3,CAMPANHA_PILOTO_01
2026-08-05,00:16:37,0.436,55.3,CAMPANHA_PILOTO_01
2026-08-05,00:16:38,0.435,55.3,CAMPANHA_PILOTO_01
2026-08-05,00:16:39,0.435,55.3,CAMPANHA_PILOTO_01
2026-08-05,00:16:40,0.435,55.3,CAMPANHA_PILOTO_01
2026-08-05,00:16:41,0.435,55.3,CAMPANHA_PILOTO_01
2026-08-05,00:16:42,0.435,55.3,CAMPANHA_PILOTO_01
2026-08-05,00:16:43,0.435,55.2,CAMPANHA_PILOTO_01
2026-08-05,00:16:44,0.435,55.2,CAMPANHA_PILOTO_01
2026-08-05,00:16:45,0.435,55.2,CAMPANHA_PILOTO_01
2026-08-05,00:16:46,0.435,55.2,CAMPANHA_PILOTO_01
2026-08-05,00:16:47,0.435,55.2,CAMPANHA_PILOTO_01
2026-08-05,00:16:48,0.435,55.2,CAMPANHA_PILOTO_01
2026-08-05,00:16:49,0.434,55.2,CAMPANHA_PILOTO_01
2026-08-05,00:16:50,0.434,55.2,CAMPANHA_PILOTO_01
2026-08-05,00:16:51,0.434,55.2,CAMPANHA_PILOTO_01
2026-08-05,00:16:52,0.434,55.1,CAMPANHA_PILOTO_01
2026-08-05,00:16:53,0.434,55.1,CAMPANHA_PILOTO_01
2026-08-05,00:16:54,0.434,55.1,CAMPANHA_PILOTO_01
2026-08-05,00:16:55,0.434,55.1,CAMPANHA_PILOTO_01
2026-08-05,00:16:56,0.434,55.1,CAMPANHA_PILOTO_01
2026-08-05,00:16:57,0.434,55.1,CAMPANHA_PILOTO_01
2026-08-05,00:16:58,0.434,55.1,CAMPANHA_PILOTO_01
2026-08-05,00:16:59,0.434,55.1,CAMPANHA_PILOTO_01
2026-08-05,00:17:00,0.433,55.0,CAMPANHA_PILOTO_01
2026-08-05,00:17:01,0.433,55.0,CAMPANHA_PILOTO_01
2026-08-05,00:17:02,0.433,55.0,CAMPANHA_PILOTO_01
2026-08-05,00:17:03,0.433,55.0,CAMPANHA_PILOTO_01
2026-08-05,00:17:04,0.433,55.0,CAMPANHA_PILOTO_01
2026-08-05,00:17:05,0.433,55.0,CAMPANHA_PILOTO_01
2026-08-05,00:17:06,0.433,55.0,CAMPANHA_PILOTO_01
2026-08-05,00:17:07,0.433,55.0,CAMPANHA_PILOTO_01
2026-08-05,00:17:08,0.433,55.0,CAMPANHA_PILOTO_01
2026-08-05,00:17:09,0.433,54.9,CAMPANHA_PILOTO_01
2026-08-05,00:17:10,0.433,54.9,CAMPANHA_PILOTO_01
2026-08-05,00:17:11,0.432,54.9,CAMPANHA_PILOTO_01
2026-08-05,00:17:12,0.432,54.9,CAMPANHA_PILOTO_01
2026-08-05,00:17:13,0.432,54.9,CAMPANHA_PILOTO_01
2026-08-05,00:17:14,0.432,54.9,CAMPANHA_PILOTO_01
2026-08-05,00:17:15,0.432,54.9,CAMPANHA_PILOTO_01
2026-08-05,00:17:16,0.432,54.9,CAMPANHA_PILOTO_01
2026-08-05,00:17:17,0.432,54.9,CAMPANHA_PILOTO_01
2026-08-05,00:17:18,0.432,54.8,CAMPANHA_PILOTO_01
2026-08-05,00:17:19,0.432,54.8,CAMPANHA_PILOTO_01
2026-08-05,00:17:20,0.432,54.8,CAMPANHA_PILOTO_01
2026-08-05,00:17:21,0.432,54.8,CAMPANHA_PILOTO_01
2026-08-05,00:17:22,0.431,54.8,CAMPANHA_PILOTO_01
2026-08-05,00:17:23,0.431,54.8,CAMPANHA_PILOTO_01
2026-08-05,00:17:24,0.431,54.8,CAMPANHA_PILOTO_01
2026-08-05,00:17:25,0.431,54.8,CAMPANHA_PILOTO_01
2026-08-05,00:17:26,0.431,54.8,CAMPANHA_PILOTO_01
2026-08-05,00:17:27,0.431,54.7,CAMPANHA_PILOTO_01
2026-08-05,00:17:28,0.431,54.7,CAMPANHA_PILOTO_01
2026-08-05,00:17:29,0.431,54.7,CAMPANHA_PILOTO_01
2026-08-05,00:17:30,0.431,54.7,CAMPANHA_PILOTO_01
2026-08-05,00:17:31,0.431,54.7,CAMPANHA_PILOTO_01
2026-08-05,00:17:32,0.431,54.7,CAMPANHA_PILOTO_01
2026-08-05,00:17:33,0.431,54.7,CAMPANHA_PILOTO_01
2026-08-05,00:17:34,0.43,54.7,CAMPANHA_PILOTO_01
2026-08-05,00:17:35,0.43,54.7,CAMPANHA_PILOTO_01
2026-08-05,00:17:36,0.43,54.6,CAMPANHA_PILOTO_01
2026-08-05,00:17:37,0.43,54.6,CAMPANHA_PILOTO_01
2026-08-05,00:17:38,0.43,54.6,CAMPANHA_PILOTO_01
2026-08-05,00:17:39,0.43,54.6,CAMPANHA_PILOTO_01
2026-08-05,00:17:40,0.43,54.6,CAMPANHA_PILOTO_01
2026-08-05,00:17:41,0.43,54.6,CAMPANHA_PILOTO_01
2026-08-05,00:17:42,0.43,54.6,CAMPANHA_PILOTO_01
2026-08-05,00:17:43,0.43,54.6,CAMPANHA_PILOTO_01
2026-08-05,00:17:44,0.43,54.6,CAMPANHA_PILOTO_01
2026-08-05,00:17:45,0.429,54.5,CAMPANHA_PILOTO_01
2026-08-05,00:17:46,0.429,54.5,CAMPANHA_PILOTO_01
2026-08-05,00:17:47,0.429,54.5,CAMPANHA_PILOTO_01
2026-08-05,00:17:48,0.429,54.5,CAMPANHA_PILOTO_01
2026-08-05,00:17:49,0.429,54.5,CAMPANHA_PILOTO_01
2026-08-05,00:17:50,0.429,54.5,CAMPANHA_PILOTO_01
2026-08-05,00:17:51,0.429,54.5,CAMPANHA_PILOTO_01
2026-08-05,00:17:52,0.429,54.5,CAMPANHA_PILOTO_01
2026-08-05,00:17:53,0.429,54.5,CAMPANHA_PILOTO_01
2026-08-05,00:17:54,0.429,54.4,CAMPANHA_PILOTO_01
2026-08-05,00:17:55,0.429,54.4,CAMPANHA_PILOTO_01
2026-08-05,00:17:56,0.428,54.4,CAMPANHA_PILOTO_01
2026-08-05,00:17:57,0.428,54.4,CAMPANHA_PILOTO_01
2026-08-05,00:17:58,0.428,54.4,CAMPANHA_PILOTO_01
2026-08-05,00:17:59,0.428,54.4,CAMPANHA_PILOTO_01
2026-08-05,00:18:00,0.428,54.4,CAMPANHA_PILOTO_01
2026-08-05,00:18:01,0.428,54.4,CAMPANHA_PILOTO_01
2026-08-05,00:18:02,0.428,54.4,CAMPANHA_PILOTO_01
2026-08-05,00:18:03,0.428,54.3,CAMPANHA_PILOTO_01
2026-08-05,00:18:04,0.428,54.3,CAMPANHA_PILOTO_01
2026-08-05,00:18:05,0.428,54.3,CAMPANHA_PILOTO_01
2026-08-05,00:18:06,0.428,54.3,CAMPANHA_PILOTO_01
2026-08-05,00:18:07,0.428,54.3,CAMPANHA_PILOTO_01
2026-08-05,00:18:08,0.427,54.3,CAMPANHA_PILOTO_01
2026-08-05,00:18:09,0.427,54.3,CAMPANHA_PILOTO_01
2026-08-05,00:18:10,0.427,54.3,CAMPANHA_PILOTO_01
2026-08-05,00:18:11,0.427,54.3,CAMPANHA_PILOTO_01
2026-08-05,00:18:12,0.427,54.2,CAMPANHA_PILOTO_01
2026-08-05,00:18:13,0.427,54.2,CAMPANHA_PILOTO_01
2026-08-05,00:18:14,0.427,54.2,CAMPANHA_PILOTO_01
2026-08-05,00:18:15,0.427,54.2,CAMPANHA_PILOTO_01
2026-08-05,00:18:16,0.427,54.2,CAMPANHA_PILOTO_01
2026-08-05,00:18:17,0.427,54.2,CAMPANHA_PILOTO_01
2026-08-05,00:18:18,0.427,54.2,CAMPANHA_PILOTO_01
2026-08-05,00:18:19,0.426,54.2,CAMPANHA_PILOTO_01
2026-08-05,00:18:20,0.426,54.2,CAMPANHA_PILOTO_01
2026-08-05,00:18:21,0.426,54.1,CAMPANHA_PILOTO_01
2026-08-05,00:18:22,0.426,54.1,CAMPANHA_PILOTO_01
2026-08-05,00:18:23,0.426,54.1,CAMPANHA_PILOTO_01
2026-08-05,00:18:24,0.426,54.1,CAMPANHA_PILOTO_01
2026-08-05,00:18:25,0.426,54.1,CAMPANHA_PILOTO_01
2026-08-05,00:18:26,0.426,54.1,CAMPANHA_PILOTO_01
2026-08-05,00:18:27,0.426,54.1,CAMPANHA_PILOTO_01
2026-08-05,00:18:28,0.426,54.1,CAMPANHA_PILOTO_01
2026-08-05,00:18:29,0.426,54.1,CAMPANHA_PILOTO_01
2026-08-05,00:18:30,0.426,54.0,CAMPANHA_PILOTO_01
2026-08-05,00:18:31,0.425,54.0,CAMPANHA_PILOTO_01
2026-08-05,00:18:32,0.425,54.0,CAMPANHA_PILOTO_01
2026-08-05,00:18:33,0.425,54.0,CAMPANHA_PILOTO_01
2026-08-05,00:18:34,0.425,54.0,CAMPANHA_PILOTO_01
2026-08-05,00:18:35,0.425,54.0,CAMPANHA_PILOTO_01
2026-08-05,00:18:36,0.425,54.0,CAMPANHA_PILOTO_01
2026-08-05,00:18:37,0.425,54.0,CAMPANHA_PILOTO_01
2026-08-05,00:18:38,0.425,54.0,CAMPANHA_PILOTO_01
2026-08-05,00:18:39,0.425,53.9,CAMPANHA_PILOTO_01
2026-08-05,00:18:40,0.425,53.9,CAMPANHA_PILOTO_01
2026-08-05,00:18:41,0.425,53.9,CAMPANHA_PILOTO_01
2026-08-05,00:18:42,0.425,53.9,CAMPANHA_PILOTO_01
2026-08-05,00:18:43,0.424,53.9,CAMPANHA_PILOTO_01
2026-08-05,00:18:44,0.424,53.9,CAMPANHA_PILOTO_01
2026-08-05,00:18:45,0.424,53.9,CAMPANHA_PILOTO_01
2026-08-05,00:18:46,0.424,53.9,CAMPANHA_PILOTO_01
2026-08-05,00:18:47,0.424,53.9,CAMPANHA_PILOTO_01
2026-08-05,00:18:48,0.424,53.8,CAMPANHA_PILOTO_01
2026-08-05,00:18:49,0.424,53.8,CAMPANHA_PILOTO_01
2026-08-05,00:18:50,0.424,53.8,CAMPANHA_PILOTO_01
2026-08-05,00:18:51,0.424,53.8,CAMPANHA_PILOTO_01
2026-08-05,00:18:52,0.424,53.8,CAMPANHA_PILOTO_01
2026-08-05,00:18:53,0.424,53.8,CAMPANHA_PILOTO_01
2026-08-05,00:18:54,0.423,53.8,CAMPANHA_PILOTO_01
2026-08-05,00:18:55,0.423,53.8,CAMPANHA_PILOTO_01
2026-08-05,00:18:56,0.423,53.8,CAMPANHA_PILOTO_01
2026-08-05,00:18:57,0.423,53.8,CAMPANHA_PILOTO_01
2026-08-05,00:18:58,0.423,53.7,CAMPANHA_PILOTO_01
2026-08-05,00:18:59,0.423,53.7,CAMPANHA_PILOTO_01
2026-08-05,00:19:00,0.423,53.7,CAMPANHA_PILOTO_01
2026-08-05,00:19:01,0.423,53.7,CAMPANHA_PILOTO_01
2026-08-05,00:19:02,0.423,53.7,CAMPANHA_PILOTO_01
2026-08-05,00:19:03,0.423,53.7,CAMPANHA_PILOTO_01
2026-08-05,00:19:04,0.423,53.7,CAMPANHA_PILOTO_01
2026-08-05,00:19:05,0.423,53.7,CAMPANHA_PILOTO_01
2026-08-05,00:19:06,0.422,53.7,CAMPANHA_PILOTO_01
2026-08-05,00:19:07,0.422,53.6,CAMPANHA_PILOTO_01
2026-08-05,00:19:08,0.422,53.6,CAMPANHA_PILOTO_01
2026-08-05,00:19:09,0.422,53.6,CAMPANHA_PILOTO_01
2026-08-05,00:19:10,0.422,53.6,CAMPANHA_PILOTO_01
2026-08-05,00:19:11,0.422,53.6,CAMPANHA_PILOTO_01
2026-08-05,00:19:12,0.422,53.6,CAMPANHA_PILOTO_01
2026-08-05,00:19:13,0.422,53.6,CAMPANHA_PILOTO_01
2026-08-05,00:19:14,0.422,53.6,CAMPANHA_PILOTO_01
2026-08-05,00:19:15,0.422,53.6,CAMPANHA_PILOTO_01
2026-08-05,00:19:16,0.422,53.5,CAMPANHA_PILOTO_01
2026-08-05,00:19:17,0.422,53.5,CAMPANHA_PILOTO_01
2026-08-05,00:19:18,0.421,53.5,CAMPANHA_PILOTO_01
2026-08-05,00:19:19,0.421,53.5,CAMPANHA_PILOTO_01
2026-08-05,00:19:20,0.421,53.5,CAMPANHA_PILOTO_01
2026-08-05,00:19:21,0.421,53.5,CAMPANHA_PILOTO_01
2026-08-05,00:19:22,0.421,53.5,CAMPANHA_PILOTO_01
2026-08-05,00:19:23,0.421,53.5,CAMPANHA_PILOTO_01
2026-08-05,00:19:24,0.421,53.5,CAMPANHA_PILOTO_01
2026-08-05,00:19:25,0.421,53.4,CAMPANHA_PILOTO_01
2026-08-05,00:19:26,0.421,53.4,CAMPANHA_PILOTO_01
2026-08-05,00:19:27,0.421,53.4,CAMPANHA_PILOTO_01
2026-08-05,00:19:28,0.421,53.4,CAMPANHA_PILOTO_01
2026-08-05,00:19:29,0.421,53.4,CAMPANHA_PILOTO_01
2026-08-05,00:19:30,0.42,53.4,CAMPANHA_PILOTO_01
2026-08-05,00:19:31,0.42,53.4,CAMPANHA_PILOTO_01
2026-08-05,00:19:32,0.42,53.4,CAMPANHA_PILOTO_01
2026-08-05,00:19:33,0.42,53.4,CAMPANHA_PILOTO_01
2026-08-05,00:19:34,0.42,53.4,CAMPANHA_PILOTO_01
2026-08-05,00:19:35,0.42,53.3,CAMPANHA_PILOTO_01
2026-08-05,00:19:36,0.42,53.3,CAMPANHA_PILOTO_01
2026-08-05,00:19:37,0.42,53.3,CAMPANHA_PILOTO_01
2026-08-05,00:19:38,0.42,53.3,CAMPANHA_PILOTO_01
2026-08-05,00:19:39,0.42,53.3,CAMPANHA_PILOTO_01
2026-08-05,00:19:40,0.42,53.3,CAMPANHA_PILOTO_01
2026-08-05,00:19:41,0.42,53.3,CAMPANHA_PILOTO_01
2026-08-05,00:19:42,0.419,53.3,CAMPANHA_PILOTO_01
2026-08-05,00:19:43,0.419,53.3,CAMPANHA_PILOTO_01
2026-08-05,00:19:44,0.419,53.2,CAMPANHA_PILOTO_01
2026-08-05,00:19:45,0.419,53.2,CAMPANHA_PILOTO_01
2026-08-05,00:19:46,0.419,53.2,CAMPANHA_PILOTO_01
2026-08-05,00:19:47,0.419,53.2,CAMPANHA_PILOTO_01
2026-08-05,00:19:48,0.419,53.2,CAMPANHA_PILOTO_01
2026-08-05,00:19:49,0.419,53.2,CAMPANHA_PILOTO_01
2026-08-05,00:19:50,0.419,53.2,CAMPANHA_PILOTO_01
2026-08-05,00:19:51,0.419,53.2,CAMPANHA_PILOTO_01
2026-08-05,00:19:52,0.419,53.2,CAMPANHA_PILOTO_01
2026-08-05,00:19:53,0.419,53.2,CAMPANHA_PILOTO_01
2026-08-05,00:19:54,0.418,53.1,CAMPANHA_PILOTO_01
2026-08-05,00:19:55,0.418,53.1,CAMPANHA_PILOTO_01
2026-08-05,00:19:56,0.418,53.1,CAMPANHA_PILOTO_01
2026-08-05,00:19:57,0.418,53.1,CAMPANHA_PILOTO_01
2026-08-05,00:19:58,0.418,53.1,CAMPANHA_PILOTO_01
2026-08-05,00:19:59,0.418,53.1,CAMPANHA_PILOTO_01
2026-08-05,00:20:00,0.418,53.1,CAMPANHA_PILOTO_01
2026-08-05,00:20:01,0.418,53.1,CAMPANHA_PILOTO_01
2026-08-05,00:20:02,0.418,53.1,CAMPANHA_PILOTO_01
2026-08-05,00:20:03,0.418,53.0,CAMPANHA_PILOTO_01
2026-08-05,00:20:04,0.418,53.0,CAMPANHA_PILOTO_01
2026-08-05,00:20:05,0.418,53.0,CAMPANHA_PILOTO_01
2026-08-05,00:20:06,0.417,53.0,CAMPANHA_PILOTO_01
2026-08-05,00:20:07,0.417,53.0,CAMPANHA_PILOTO_01
2026-08-05,00:20:08,0.417,53.0,CAMPANHA_PILOTO_01
2026-08-05,00:20:09,0.417,53.0,CAMPANHA_PILOTO_01
2026-08-05,00:20:10,0.417,53.0,CAMPANHA_PILOTO_01
2026-08-05,00:20:11,0.417,53.0,CAMPANHA_PILOTO_01
2026-08-05,00:20:12,0.417,52.9,CAMPANHA_PILOTO_01
2026-08-05,00:20:13,0.417,52.9,CAMPANHA_PILOTO_01
2026-08-05,00:20:14,0.417,52.9,CAMPANHA_PILOTO_01
2026-08-05,00:20:15,0.417,52.9,CAMPANHA_PILOTO_01
2026-08-05,00:20:16,0.417,52.9,CAMPANHA_PILOTO_01
2026-08-05,00:20:17,0.417,52.9,CAMPANHA_PILOTO_01
2026-08-05,00:20:18,0.416,52.9,CAMPANHA_PILOTO_01
2026-08-05,00:20:19,0.416,52.9,CAMPANHA_PILOTO_01
2026-08-05,00:20:20,0.416,52.9,CAMPANHA_PILOTO_01
2026-08-05,00:20:21,0.416,52.9,CAMPANHA_PILOTO_01
2026-08-05,00:20:22,0.416,52.8,CAMPANHA_PILOTO_01
2026-08-05,00:20:23,0.416,52.8,CAMPANHA_PILOTO_01
2026-08-05,00:20:24,0.416,52.8,CAMPANHA_PILOTO_01
2026-08-05,00:20:25,0.416,52.8,CAMPANHA_PILOTO_01
2026-08-05,00:20:26,0.416,52.8,CAMPANHA_PILOTO_01
2026-08-05,00:20:27,0.416,52.8,CAMPANHA_PILOTO_01
2026-08-05,00:20:28,0.416,52.8,CAMPANHA_PILOTO_01
2026-08-05,00:20:29,0.416,52.8,CAMPANHA_PILOTO_01
2026-08-05,00:20:30,0.415,52.8,CAMPANHA_PILOTO_01
2026-08-05,00:20:31,0.415,52.8,CAMPANHA_PILOTO_01
2026-08-05,00:20:32,0.415,52.7,CAMPANHA_PILOTO_01
2026-08-05,00:20:33,0.415,52.7,CAMPANHA_PILOTO_01
2026-08-05,00:20:34,0.415,52.7,CAMPANHA_PILOTO_01
2026-08-05,00:20:35,0.415,52.7,CAMPANHA_PILOTO_01
2026-08-05,00:20:36,0.415,52.7,CAMPANHA_PILOTO_01
2026-08-05,00:20:37,0.415,52.7,CAMPANHA_PILOTO_01
2026-08-05,00:20:38,0.415,52.7,CAMPANHA_PILOTO_01
2026-08-05,00:20:39,0.415,52.7,CAMPANHA_PILOTO_01
2026-08-05,00:20:40,0.415,52.7,CAMPANHA_PILOTO_01
2026-08-05,00:20:41,0.415,52.6,CAMPANHA_PILOTO_01
2026-08-05,00:20:42,0.414,52.6,CAMPANHA_PILOTO_01
2026-08-05,00:20:43,0.414,52.6,CAMPANHA_PILOTO_01
2026-08-05,00:20:44,0.414,52.6,CAMPANHA_PILOTO_01
2026-08-05,00:20:45,0.414,52.6,CAMPANHA_PILOTO_01
2026-08-05,00:20:46,0.414,52.6,CAMPANHA_PILOTO_01
2026-08-05,00:20:47,0.414,52.6,CAMPANHA_PILOTO_01
2026-08-05,00:20:48,0.414,52.6,CAMPANHA_PILOTO_01
2026-08-05,00:20:49,0.414,52.6,CAMPANHA_PILOTO_01
2026-08-05,00:20:50,0.414,52.6,CAMPANHA_PILOTO_01
2026-08-05,00:20:51,0.414,52.5,CAMPANHA_PILOTO_01
2026-08-05,00:20:52,0.414,52.5,CAMPANHA_PILOTO_01
2026-08-05,00:20:53,0.414,52.5,CAMPANHA_PILOTO_01
2026-08-05,00:20:54,0.413,52.5,CAMPANHA_PILOTO_01
2026-08-05,00:20:55,0.413,52.5,CAMPANHA_PILOTO_01
2026-08-05,00:20:56,0.413,52.5,CAMPANHA_PILOTO_01
2026-08-05,00:20:57,0.413,52.5,CAMPANHA_PILOTO_01
2026-08-05,00:20:58,0.413,52.5,CAMPANHA_PILOTO_01
2026-08-05,00:20:59,0.413,52.5,CAMPANHA_PILOTO_01
2026-08-05,00:21:00,0.413,52.4,CAMPANHA_PILOTO_01
2026-08-05,00:21:01,0.413,52.4,CAMPANHA_PILOTO_01
2026-08-05,00:21:02,0.413,52.4,CAMPANHA_PILOTO_01
2026-08-05,00:21:03,0.413,52.4,CAMPANHA_PILOTO_01
2026-08-05,00:21:04,0.413,52.4,CAMPANHA_PILOTO_01
2026-08-05,00:21:05,0.413,52.4,CAMPANHA_PILOTO_01
2026-08-05,00:21:06,0.412,52.4,CAMPANHA_PILOTO_01
2026-08-05,00:21:07,0.412,52.4,CAMPANHA_PILOTO_01
2026-08-05,00:21:08,0.412,52.4,CAMPANHA_PILOTO_01
2026-08-05,00:21:09,0.412,52.4,CAMPANHA_PILOTO_01
2026-08-05,00:21:10,0.412,52.3,CAMPANHA_PILOTO_01
2026-08-05,00:21:11,0.412,52.3,CAMPANHA_PILOTO_01
2026-08-05,00:21:12,0.412,52.3,CAMPANHA_PILOTO_01
2026-08-05,00:21:13,0.412,52.3,CAMPANHA_PILOTO_01
2026-08-05,00:21:14,0.412,52.3,CAMPANHA_PILOTO_01
2026-08-05,00:21:15,0.412,52.3,CAMPANHA_PILOTO_01
2026-08-05,00:21:16,0.412,52.3,CAMPANHA_PILOTO_01
2026-08-05,00:21:17,0.412,52.3,CAMPANHA_PILOTO_01
2026-08-05,00:21:18,0.412,52.3,CAMPANHA_PILOTO_01
2026-08-05,00:21:19,0.411,52.3,CAMPANHA_PILOTO_01
2026-08-05,00:21:20,0.411,52.2,CAMPANHA_PILOTO_01
2026-08-05,00:21:21,0.411,52.2,CAMPANHA_PILOTO_01
2026-08-05,00:21:22,0.411,52.2,CAMPANHA_PILOTO_01
2026-08-05,00:21:23,0.411,52.2,CAMPANHA_PILOTO_01
2026-08-05,00:21:24,0.411,52.2,CAMPANHA_PILOTO_01
2026-08-05,00:21:25,0.411,52.2,CAMPANHA_PILOTO_01
2026-08-05,00:21:26,0.411,52.2,CAMPANHA_PILOTO_01
2026-08-05,00:21:27,0.411,52.2,CAMPANHA_PILOTO_01
2026-08-05,00:21:28,0.411,52.2,CAMPANHA_PILOTO_01
2026-08-05,00:21:29,0.411,52.2,CAMPANHA_PILOTO_01
2026-08-05,00:21:30,0.411,52.1,CAMPANHA_PILOTO_01
2026-08-05,00:21:31,0.41,52.1,CAMPANHA_PILOTO_01
2026-08-05,00:21:32,0.41,52.1,CAMPANHA_PILOTO_01
2026-08-05,00:21:33,0.41,52.1,CAMPANHA_PILOTO_01
2026-08-05,00:21:34,0.41,52.1,CAMPANHA_PILOTO_01
2026-08-05,00:21:35,0.41,52.1,CAMPANHA_PILOTO_01
2026-08-05,00:21:36,0.41,52.1,CAMPANHA_PILOTO_01
2026-08-05,00:21:37,0.41,52.1,CAMPANHA_PILOTO_01
2026-08-05,00:21:38,0.41,52.1,CAMPANHA_PILOTO_01
2026-08-05,00:21:39,0.41,52.0,CAMPANHA_PILOTO_01
2026-08-05,00:21:40,0.41,52.0,CAMPANHA_PILOTO_01
2026-08-05,00:21:41,0.41,52.0,CAMPANHA_PILOTO_01
2026-08-05,00:21:42,0.41,52.0,CAMPANHA_PILOTO_01
2026-08-05,00:21:43,0.41,52.0,CAMPANHA_PILOTO_01
2026-08-05,00:21:44,0.409,52.0,CAMPANHA_PILOTO_01
2026-08-05,00:21:45,0.409,52.0,CAMPANHA_PILOTO_01
2026-08-05,00:21:46,0.409,52.0,CAMPANHA_PILOTO_01
2026-08-05,00:21:47,0.409,52.0,CAMPANHA_PILOTO_01
2026-08-05,00:21:48,0.409,52.0,CAMPANHA_PILOTO_01
2026-08-05,00:21:49,0.409,51.9,CAMPANHA_PILOTO_01
2026-08-05,00:21:50,0.409,51.9,CAMPANHA_PILOTO_01
2026-08-05,00:21:51,0.409,51.9,CAMPANHA_PILOTO_01
2026-08-05,00:21:52,0.409,51.9,CAMPANHA_PILOTO_01
2026-08-05,00:21:53,0.409,51.9,CAMPANHA_PILOTO_01
2026-08-05,00:21:54,0.409,51.9,CAMPANHA_PILOTO_01
2026-08-05,00:21:55,0.409,51.9,CAMPANHA_PILOTO_01
2026-08-05,00:21:56,0.408,51.9,CAMPANHA_PILOTO_01
2026-08-05,00:21:57,0.408,51.9,CAMPANHA_PILOTO_01
2026-08-05,00:21:58,0.408,51.9,CAMPANHA_PILOTO_01
2026-08-05,00:21:59,0.408,51.8,CAMPANHA_PILOTO_01
2026-08-05,00:22:00,0.408,51.8,CAMPANHA_PILOTO_01
2026-08-05,00:22:01,0.408,51.8,CAMPANHA_PILOTO_01
2026-08-05,00:22:02,0.408,51.8,CAMPANHA_PILOTO_01
2026-08-05,00:22:03,0.408,51.8,CAMPANHA_PILOTO_01
2026-08-05,00:22:04,0.408,51.8,CAMPANHA_PILOTO_01
2026-08-05,00:22:05,0.408,51.8,CAMPANHA_PILOTO_01
2026-08-05,00:22:06,0.408,51.8,CAMPANHA_PILOTO_01
2026-08-05,00:22:07,0.408,51.8,CAMPANHA_PILOTO_01
2026-08-05,00:22:08,0.408,51.8,CAMPANHA_PILOTO_01
2026-08-05,00:22:09,0.407,51.7,CAMPANHA_PILOTO_01
2026-08-05,00:22:10,0.407,51.7,CAMPANHA_PILOTO_01
2026-08-05,00:22:11,0.407,51.7,CAMPANHA_PILOTO_01
2026-08-05,00:22:12,0.407,51.7,CAMPANHA_PILOTO_01
2026-08-05,00:22:13,0.407,51.7,CAMPANHA_PILOTO_01
2026-08-05,00:22:14,0.407,51.7,CAMPANHA_PILOTO_01
2026-08-05,00:22:15,0.407,51.7,CAMPANHA_PILOTO_01
2026-08-05,00:22:16,0.407,51.7,CAMPANHA_PILOTO_01
2026-08-05,00:22:17,0.407,51.7,CAMPANHA_PILOTO_01
2026-08-05,00:22:18,0.407,51.7,CAMPANHA_PILOTO_01
2026-08-05,00:22:19,0.407,51.6,CAMPANHA_PILOTO_01
2026-08-05,00:22:20,0.407,51.6,CAMPANHA_PILOTO_01
2026-08-05,00:22:21,0.407,51.6,CAMPANHA_PILOTO_01
2026-08-05,00:22:22,0.406,51.6,CAMPANHA_PILOTO_01
2026-08-05,00:22:23,0.406,51.6,CAMPANHA_PILOTO_01
2026-08-05,00:22:24,0.406,51.6,CAMPANHA_PILOTO_01
2026-08-05,00:22:25,0.406,51.6,CAMPANHA_PILOTO_01
2026-08-05,00:22:26,0.406,51.6,CAMPANHA_PILOTO_01
2026-08-05,00:22:27,0.406,51.6,CAMPANHA_PILOTO_01
2026-08-05,00:22:28,0.406,51.6,CAMPANHA_PILOTO_01
2026-08-05,00:22:29,0.406,51.5,CAMPANHA_PILOTO_01
2026-08-05,00:22:30,0.406,51.5,CAMPANHA_PILOTO_01
2026-08-05,00:22:31,0.406,51.5,CAMPANHA_PILOTO_01
2026-08-05,00:22:32,0.406,51.5,CAMPANHA_PILOTO_01
2026-08-05,00:22:33,0.406,51.5,CAMPANHA_PILOTO_01
2026-08-05,00:22:34,0.406,51.5,CAMPANHA_PILOTO_01
2026-08-05,00:22:35,0.405,51.5,CAMPANHA_PILOTO_01
2026-08-05,00:22:36,0.405,51.5,CAMPANHA_PILOTO_01
2026-08-05,00:22:37,0.405,51.5,CAMPANHA_PILOTO_01
2026-08-05,00:22:38,0.405,51.5,CAMPANHA_PILOTO_01
2026-08-05,00:22:39,0.405,51.4,CAMPANHA_PILOTO_01
2026-08-05,00:22:40,0.405,51.4,CAMPANHA_PILOTO_01
2026-08-05,00:22:41,0.405,51.4,CAMPANHA_PILOTO_01
2026-08-05,00:22:42,0.405,51.4,CAMPANHA_PILOTO_01
2026-08-05,00:22:43,0.405,51.4,CAMPANHA_PILOTO_01
2026-08-05,00:22:44,0.405,51.4,CAMPANHA_PILOTO_01
2026-08-05,00:22:45,0.405,51.4,CAMPANHA_PILOTO_01
2026-08-05,00:22:46,0.405,51.4,CAMPANHA_PILOTO_01
2026-08-05,00:22:47,0.404,51.4,CAMPANHA_PILOTO_01
2026-08-05,00:22:48,0.404,51.4,CAMPANHA_PILOTO_01
2026-08-05,00:22:49,0.404,51.4,CAMPANHA_PILOTO_01
2026-08-05,00:22:50,0.404,51.3,CAMPANHA_PILOTO_01
2026-08-05,00:22:51,0.404,51.3,CAMPANHA_PILOTO_01
2026-08-05,00:22:52,0.404,51.3,CAMPANHA_PILOTO_01
2026-08-05,00:22:53,0.404,51.3,CAMPANHA_PILOTO_01
2026-08-05,00:22:54,0.404,51.3,CAMPANHA_PILOTO_01
2026-08-05,00:22:55,0.404,51.3,CAMPANHA_PILOTO_01
2026-08-05,00:22:56,0.404,51.3,CAMPANHA_PILOTO_01
2026-08-05,00:22:57,0.404,51.3,CAMPANHA_PILOTO_01
2026-08-05,00:22:58,0.404,51.3,CAMPANHA_PILOTO_01
2026-08-05,00:22:59,0.404,51.2,CAMPANHA_PILOTO_01
2026-08-05,00:23:00,0.403,51.2,CAMPANHA_PILOTO_01
2026-08-05,00:23:01,0.403,51.2,CAMPANHA_PILOTO_01
2026-08-05,00:23:02,0.403,51.2,CAMPANHA_PILOTO_01
2026-08-05,00:23:03,0.403,51.2,CAMPANHA_PILOTO_01
2026-08-05,00:23:04,0.403,51.2,CAMPANHA_PILOTO_01
2026-08-05,00:23:05,0.403,51.2,CAMPANHA_PILOTO_01
2026-08-05,00:23:06,0.403,51.2,CAMPANHA_PILOTO_01
2026-08-05,00:23:07,0.403,51.2,CAMPANHA_PILOTO_01
2026-08-05,00:23:08,0.403,51.2,CAMPANHA_PILOTO_01
2026-08-05,00:23:09,0.403,51.2,CAMPANHA_PILOTO_01
2026-08-05,00:23:10,0.403,51.1,CAMPANHA_PILOTO_01
2026-08-05,00:23:11,0.403,51.1,CAMPANHA_PILOTO_01
2026-08-05,00:23:12,0.403,51.1,CAMPANHA_PILOTO_01
2026-08-05,00:23:13,0.402,51.1,CAMPANHA_PILOTO_01
2026-08-05,00:23:14,0.402,51.1,CAMPANHA_PILOTO_01
2026-08-05,00:23:15,0.402,51.1,CAMPANHA_PILOTO_01
2026-08-05,00:23:16,0.402,51.1,CAMPANHA_PILOTO_01
2026-08-05,00:23:17,0.402,51.1,CAMPANHA_PILOTO_01
2026-08-05,00:23:18,0.402,51.1,CAMPANHA_PILOTO_01
2026-08-05,00:23:19,0.402,51.1,CAMPANHA_PILOTO_01
2026-08-05,00:23:20,0.402,51.0,CAMPANHA_PILOTO_01
2026-08-05,00:23:21,0.402,51.0,CAMPANHA_PILOTO_01
2026-08-05,00:23:22,0.402,51.0,CAMPANHA_PILOTO_01
2026-08-05,00:23:23,0.402,51.0,CAMPANHA_PILOTO_01
2026-08-05,00:23:24,0.402,51.0,CAMPANHA_PILOTO_01
2026-08-05,00:23:25,0.402,51.0,CAMPANHA_PILOTO_01
2026-08-05,00:23:26,0.401,51.0,CAMPANHA_PILOTO_01
2026-08-05,00:23:27,0.401,51.0,CAMPANHA_PILOTO_01
2026-08-05,00:23:28,0.401,51.0,CAMPANHA_PILOTO_01
2026-08-05,00:23:29,0.401,51.0,CAMPANHA_PILOTO_01
2026-08-05,00:23:30,0.401,50.9,CAMPANHA_PILOTO_01
2026-08-05,00:23:31,0.401,50.9,CAMPANHA_PILOTO_01
2026-08-05,00:23:32,0.401,50.9,CAMPANHA_PILOTO_01
2026-08-05,00:23:33,0.401,50.9,CAMPANHA_PILOTO_01
2026-08-05,00:23:34,0.401,50.9,CAMPANHA_PILOTO_01
2026-08-05,00:23:35,0.401,50.9,CAMPANHA_PILOTO_01
2026-08-05,00:23:36,0.401,50.9,CAMPANHA_PILOTO_01
2026-08-05,00:23:37,0.401,50.9,CAMPANHA_PILOTO_01
2026-08-05,00:23:38,0.401,50.9,CAMPANHA_PILOTO_01
2026-08-05,00:23:39,0.4,50.9,CAMPANHA_PILOTO_01
2026-08-05,00:23:40,0.4,50.8,CAMPANHA_PILOTO_01
2026-08-05,00:23:41,0.4,50.8,CAMPANHA_PILOTO_01
2026-08-05,00:23:42,0.4,50.8,CAMPANHA_PILOTO_01
2026-08-05,00:23:43,0.4,50.8,CAMPANHA_PILOTO_01
2026-08-05,00:23:44,0.4,50.8,CAMPANHA_PILOTO_01
2026-08-05,00:23:45,0.4,50.8,CAMPANHA_PILOTO_01
2026-08-05,00:23:46,0.4,50.8,CAMPANHA_PILOTO_01
2026-08-05,00:23:47,0.4,50.8,CAMPANHA_PILOTO_01
2026-08-05,00:23:48,0.4,50.8,CAMPANHA_PILOTO_01
2026-08-05,00:23:49,0.4,50.8,CAMPANHA_PILOTO_01
2026-08-05,00:23:50,0.4,50.8,CAMPANHA_PILOTO_01
2026-08-05,00:23:51,0.4,50.7,CAMPANHA_PILOTO_01
2026-08-05,00:23:52,0.399,50.7,CAMPANHA_PILOTO_01
2026-08-05,00:23:53,0.399,50.7,CAMPANHA_PILOTO_01
2026-08-05,00:23:54,0.399,50.7,CAMPANHA_PILOTO_01
2026-08-05,00:23:55,0.399,50.7,CAMPANHA_PILOTO_01
2026-08-05,00:23:56,0.399,50.7,CAMPANHA_PILOTO_01
2026-08-05,00:23:57,0.399,50.7,CAMPANHA_PILOTO_01
2026-08-05,00:23:58,0.399,50.7,CAMPANHA_PILOTO_01
2026-08-05,00:23:59,0.399,50.7,CAMPANHA_PILOTO_01
2026-08-05,00:24:00,0.399,50.7,CAMPANHA_PILOTO_01
2026-08-05,00:24:01,0.399,50.6,CAMPANHA_PILOTO_01
2026-08-05,00:24:02,0.399,50.6,CAMPANHA_PILOTO_01
2026-08-05,00:24:03,0.399,50.6,CAMPANHA_PILOTO_01
2026-08-05,00:24:04,0.399,50.6,CAMPANHA_PILOTO_01
2026-08-05,00:24:05,0.398,50.6,CAMPANHA_PILOTO_01
2026-08-05,00:24:06,0.398,50.6,CAMPANHA_PILOTO_01
2026-08-05,00:24:07,0.398,50.6,CAMPANHA_PILOTO_01
2026-08-05,00:24:08,0.398,50.6,CAMPANHA_PILOTO_01
2026-08-05,00:24:09,0.398,50.6,CAMPANHA_PILOTO_01
2026-08-05,00:24:10,0.398,50.6,CAMPANHA_PILOTO_01
2026-08-05,00:24:11,0.398,50.6,CAMPANHA_PILOTO_01
2026-08-05,00:24:12,0.398,50.5,CAMPANHA_PILOTO_01
2026-08-05,00:24:13,0.398,50.5,CAMPANHA_PILOTO_01
2026-08-05,00:24:14,0.398,50.5,CAMPANHA_PILOTO_01
2026-08-05,00:24:15,0.398,50.5,CAMPANHA_PILOTO_01
2026-08-05,00:24:16,0.398,50.5,CAMPANHA_PILOTO_01
2026-08-05,00:24:17,0.398,50.5,CAMPANHA_PILOTO_01
2026-08-05,00:24:18,0.398,50.5,CAMPANHA_PILOTO_01
2026-08-05,00:24:19,0.397,50.5,CAMPANHA_PILOTO_01
2026-08-05,00:24:20,0.397,50.5,CAMPANHA_PILOTO_01
2026-08-05,00:24:21,0.397,50.5,CAMPANHA_PILOTO_01
2026-08-05,00:24:22,0.397,50.4,CAMPANHA_PILOTO_01
2026-08-05,00:24:23,0.397,50.4,CAMPANHA_PILOTO_01
2026-08-05,00:24:24,0.397,50.4,CAMPANHA_PILOTO_01
2026-08-05,00:24:25,0.397,50.4,CAMPANHA_PILOTO_01
2026-08-05,00:24:26,0.397,50.4,CAMPANHA_PILOTO_01
2026-08-05,00:24:27,0.397,50.4,CAMPANHA_PILOTO_01
2026-08-05,00:24:28,0.397,50.4,CAMPANHA_PILOTO_01
2026-08-05,00:24:29,0.397,50.4,CAMPANHA_PILOTO_01
2026-08-05,00:24:30,0.397,50.4,CAMPANHA_PILOTO_01
2026-08-05,00:24:31,0.397,50.4,CAMPANHA_PILOTO_01
2026-08-05,00:24:32,0.396,50.4,CAMPANHA_PILOTO_01
2026-08-05,00:24:33,0.396,50.3,CAMPANHA_PILOTO_01
2026-08-05,00:24:34,0.396,50.3,CAMPANHA_PILOTO_01
2026-08-05,00:24:35,0.396,50.3,CAMPANHA_PILOTO_01
2026-08-05,00:24:36,0.396,50.3,CAMPANHA_PILOTO_01
2026-08-05,00:24:37,0.396,50.3,CAMPANHA_PILOTO_01
2026-08-05,00:24:38,0.396,50.3,CAMPANHA_PILOTO_01
2026-08-05,00:24:39,0.396,50.3,CAMPANHA_PILOTO_01
2026-08-05,00:24:40,0.396,50.3,CAMPANHA_PILOTO_01
2026-08-05,00:24:41,0.396,50.3,CAMPANHA_PILOTO_01
2026-08-05,00:24:42,0.396,50.3,CAMPANHA_PILOTO_01
2026-08-05,00:24:43,0.396,50.2,CAMPANHA_PILOTO_01
2026-08-05,00:24:44,0.396,50.2,CAMPANHA_PILOTO_01
2026-08-05,00:24:45,0.395,50.2,CAMPANHA_PILOTO_01
2026-08-05,00:24:46,0.395,50.2,CAMPANHA_PILOTO_01
2026-08-05,00:24:47,0.395,50.2,CAMPANHA_PILOTO_01
2026-08-05,00:24:48,0.395,50.2,CAMPANHA_PILOTO_01
2026-08-05,00:24:49,0.395,50.2,CAMPANHA_PILOTO_01
2026-08-05,00:24:50,0.395,50.2,CAMPANHA_PILOTO_01
2026-08-05,00:24:51,0.395,50.2,CAMPANHA_PILOTO_01
2026-08-05,00:24:52,0.395,50.2,CAMPANHA_PILOTO_01
2026-08-05,00:24:53,0.395,50.2,CAMPANHA_PILOTO_01
2026-08-05,00:24:54,0.395,50.1,CAMPANHA_PILOTO_01
2026-08-05,00:24:55,0.395,50.1,CAMPANHA_PILOTO_01
2026-08-05,00:24:56,0.395,50.1,CAMPANHA_PILOTO_01
2026-08-05,00:24:57,0.395,50.1,CAMPANHA_PILOTO_01
2026-08-05,00:24:58,0.395,50.1,CAMPANHA_PILOTO_01
2026-08-05,00:24:59,0.394,50.1,CAMPANHA_PILOTO_01
2026-08-05,00:25:00,0.394,50.1,CAMPANHA_PILOTO_01
2026-08-05,00:25:01,0.394,50.1,CAMPANHA_PILOTO_01
2026-08-05,00:25:02,0.394,50.1,CAMPANHA_PILOTO_01
2026-08-05,00:25:03,0.394,50.1,CAMPANHA_PILOTO_01
2026-08-05,00:25:04,0.394,50.0,CAMPANHA_PILOTO_01
2026-08-05,00:25:05,0.394,50.0,CAMPANHA_PILOTO_01
2026-08-05,00:25:06,0.394,50.0,CAMPANHA_PILOTO_01
2026-08-05,00:25:07,0.394,50.0,CAMPANHA_PILOTO_01
2026-08-05,00:25:08,0.394,50.0,CAMPANHA_PILOTO_01
2026-08-05,00:25:09,0.394,50.0,CAMPANHA_PILOTO_01
2026-08-05,00:25:10,0.394,50.0,CAMPANHA_PILOTO_01
2026-08-05,00:25:11,0.394,50.0,CAMPANHA_PILOTO_01
2026-08-05,00:25:12,0.393,50.0,CAMPANHA_PILOTO_01
2026-08-05,00:25:13,0.393,50.0,CAMPANHA_PILOTO_01
2026-08-05,00:25:14,0.393,50.0,CAMPANHA_PILOTO_01
2026-08-05,00:25:15,0.393,49.9,CAMPANHA_PILOTO_01
2026-08-05,00:25:16,0.393,49.9,CAMPANHA_PILOTO_01
2026-08-05,00:25:17,0.393,49.9,CAMPANHA_PILOTO_01
2026-08-05,00:25:18,0.393,49.9,CAMPANHA_PILOTO_01
2026-08-05,00:25:19,0.393,49.9,CAMPANHA_PILOTO_01
2026-08-05,00:25:20,0.393,49.9,CAMPANHA_PILOTO_01
2026-08-05,00:25:21,0.393,49.9,CAMPANHA_PILOTO_01
2026-08-05,00:25:22,0.393,49.9,CAMPANHA_PILOTO_01
2026-08-05,00:25:23,0.393,49.9,CAMPANHA_PILOTO_01
2026-08-05,00:25:24,0.393,49.9,CAMPANHA_PILOTO_01
2026-08-05,00:25:25,0.393,49.9,CAMPANHA_PILOTO_01
2026-08-05,00:25:26,0.392,49.8,CAMPANHA_PILOTO_01
2026-08-05,00:25:27,0.392,49.8,CAMPANHA_PILOTO_01
2026-08-05,00:25:28,0.392,49.8,CAMPANHA_PILOTO_01
2026-08-05,00:25:29,0.392,49.8,CAMPANHA_PILOTO_01
2026-08-05,00:25:30,0.392,49.8,CAMPANHA_PILOTO_01
2026-08-05,00:25:31,0.392,49.8,CAMPANHA_PILOTO_01
2026-08-05,00:25:32,0.392,49.8,CAMPANHA_PILOTO_01
2026-08-05,00:25:33,0.392,49.8,CAMPANHA_PILOTO_01
2026-08-05,00:25:34,0.392,49.8,CAMPANHA_PILOTO_01
2026-08-05,00:25:35,0.392,49.8,CAMPANHA_PILOTO_01
2026-08-05,00:25:36,0.392,49.8,CAMPANHA_PILOTO_01
2026-08-05,00:25:37,0.392,49.7,CAMPANHA_PILOTO_01
2026-08-05,00:25:38,0.392,49.7,CAMPANHA_PILOTO_01
2026-08-05,00:25:39,0.392,49.7,CAMPANHA_PILOTO_01
2026-08-05,00:25:40,0.391,49.7,CAMPANHA_PILOTO_01
2026-08-05,00:25:41,0.391,49.7,CAMPANHA_PILOTO_01
2026-08-05,00:25:42,0.391,49.7,CAMPANHA_PILOTO_01
2026-08-05,00:25:43,0.391,49.7,CAMPANHA_PILOTO_01
2026-08-05,00:25:44,0.391,49.7,CAMPANHA_PILOTO_01
2026-08-05,00:25:45,0.391,49.7,CAMPANHA_PILOTO_01
2026-08-05,00:25:46,0.391,49.7,CAMPANHA_PILOTO_01
2026-08-05,00:25:47,0.391,49.6,CAMPANHA_PILOTO_01
2026-08-05,00:25:48,0.391,49.6,CAMPANHA_PILOTO_01
2026-08-05,00:25:49,0.391,49.6,CAMPANHA_PILOTO_01
2026-08-05,00:25:50,0.391,49.6,CAMPANHA_PILOTO_01
2026-08-05,00:25:51,0.391,49.6,CAMPANHA_PILOTO_01
2026-08-05,00:25:52,0.391,49.6,CAMPANHA_PILOTO_01
2026-08-05,00:25:53,0.39,49.6,CAMPANHA_PILOTO_01
2026-08-05,00:25:54,0.39,49.6,CAMPANHA_PILOTO_01
2026-08-05,00:25:55,0.39,49.6,CAMPANHA_PILOTO_01
2026-08-05,00:25:56,0.39,49.6,CAMPANHA_PILOTO_01
2026-08-05,00:25:57,0.39,49.6,CAMPANHA_PILOTO_01
2026-08-05,00:25:58,0.39,49.5,CAMPANHA_PILOTO_01
2026-08-05,00:25:59,0.39,49.5,CAMPANHA_PILOTO_01
2026-08-05,00:26:00,0.39,49.5,CAMPANHA_PILOTO_01
2026-08-05,00:26:01,0.39,49.5,CAMPANHA_PILOTO_01
2026-08-05,00:26:02,0.39,49.5,CAMPANHA_PILOTO_01
2026-08-05,00:26:03,0.39,49.5,CAMPANHA_PILOTO_01
2026-08-05,00:26:04,0.39,49.5,CAMPANHA_PILOTO_01
2026-08-05,00:26:05,0.39,49.5,CAMPANHA_PILOTO_01
2026-08-05,00:26:06,0.39,49.5,CAMPANHA_PILOTO_01
2026-08-05,00:26:07,0.389,49.5,CAMPANHA_PILOTO_01
2026-08-05,00:26:08,0.389,49.5,CAMPANHA_PILOTO_01
2026-08-05,00:26:09,0.389,49.4,CAMPANHA_PILOTO_01
2026-08-05,00:26:10,0.389,49.4,CAMPANHA_PILOTO_01
2026-08-05,00:26:11,0.389,49.4,CAMPANHA_PILOTO_01
2026-08-05,00:26:12,0.389,49.4,CAMPANHA_PILOTO_01
2026-08-05,00:26:13,0.389,49.4,CAMPANHA_PILOTO_01
2026-08-05,00:26:14,0.389,49.4,CAMPANHA_PILOTO_01
2026-08-05,00:26:15,0.389,49.4,CAMPANHA_PILOTO_01
2026-08-05,00:26:16,0.389,49.4,CAMPANHA_PILOTO_01
2026-08-05,00:26:17,0.389,49.4,CAMPANHA_PILOTO_01
2026-08-05,00:26:18,0.389,49.4,CAMPANHA_PILOTO_01
2026-08-05,00:26:19,0.389,49.4,CAMPANHA_PILOTO_01
2026-08-05,00:26:20,0.389,49.3,CAMPANHA_PILOTO_01
2026-08-05,00:26:21,0.388,49.3,CAMPANHA_PILOTO_01
2026-08-05,00:26:22,0.388,49.3,CAMPANHA_PILOTO_01
2026-08-05,00:26:23,0.388,49.3,CAMPANHA_PILOTO_01
2026-08-05,00:26:24,0.388,49.3,CAMPANHA_PILOTO_01
2026-08-05,00:26:25,0.388,49.3,CAMPANHA_PILOTO_01
2026-08-05,00:26:26,0.388,49.3,CAMPANHA_PILOTO_01
2026-08-05,00:26:27,0.388,49.3,CAMPANHA_PILOTO_01
2026-08-05,00:26:28,0.388,49.3,CAMPANHA_PILOTO_01
2026-08-05,00:26:29,0.388,49.3,CAMPANHA_PILOTO_01
2026-08-05,00:26:30,0.388,49.3,CAMPANHA_PILOTO_01
2026-08-05,00:26:31,0.388,49.2,CAMPANHA_PILOTO_01
2026-08-05,00:26:32,0.388,49.2,CAMPANHA_PILOTO_01
2026-08-05,00:26:33,0.388,49.2,CAMPANHA_PILOTO_01
2026-08-05,00:26:34,0.388,49.2,CAMPANHA_PILOTO_01
2026-08-05,00:26:35,0.387,49.2,CAMPANHA_PILOTO_01
2026-08-05,00:26:36,0.387,49.2,CAMPANHA_PILOTO_01
2026-08-05,00:26:37,0.387,49.2,CAMPANHA_PILOTO_01
2026-08-05,00:26:38,0.387,49.2,CAMPANHA_PILOTO_01
2026-08-05,00:26:39,0.387,49.2,CAMPANHA_PILOTO_01
2026-08-05,00:26:40,0.387,49.2,CAMPANHA_PILOTO_01
2026-08-05,00:26:41,0.387,49.2,CAMPANHA_PILOTO_01
2026-08-05,00:26:42,0.387,49.1,CAMPANHA_PILOTO_01
2026-08-05,00:26:43,0.387,49.1,CAMPANHA_PILOTO_01
2026-08-05,00:26:44,0.387,49.1,CAMPANHA_PILOTO_01
2026-08-05,00:26:45,0.387,49.1,CAMPANHA_PILOTO_01
2026-08-05,00:26:46,0.387,49.1,CAMPANHA_PILOTO_01
2026-08-05,00:26:47,0.387,49.1,CAMPANHA_PILOTO_01
2026-08-05,00:26:48,0.387,49.1,CAMPANHA_PILOTO_01
2026-08-05,00:26:49,0.386,49.1,CAMPANHA_PILOTO_01
2026-08-05,00:26:50,0.386,49.1,CAMPANHA_PILOTO_01
2026-08-05,00:26:51,0.386,49.1,CAMPANHA_PILOTO_01
2026-08-05,00:26:52,0.386,49.1,CAMPANHA_PILOTO_01
2026-08-05,00:26:53,0.386,49.0,CAMPANHA_PILOTO_01
2026-08-05,00:26:54,0.386,49.0,CAMPANHA_PILOTO_01
2026-08-05,00:26:55,0.386,49.0,CAMPANHA_PILOTO_01
2026-08-05,00:26:56,0.386,49.0,CAMPANHA_PILOTO_01
2026-08-05,00:26:57,0.386,49.0,CAMPANHA_PILOTO_01
2026-08-05,00:26:58,0.386,49.0,CAMPANHA_PILOTO_01
2026-08-05,00:26:59,0.386,49.0,CAMPANHA_PILOTO_01
2026-08-05,00:27:00,0.386,49.0,CAMPANHA_PILOTO_01
2026-08-05,00:27:01,0.386,49.0,CAMPANHA_PILOTO_01
2026-08-05,00:27:02,0.386,49.0,CAMPANHA_PILOTO_01
2026-08-05,00:27:03,0.385,49.0,CAMPANHA_PILOTO_01
2026-08-05,00:27:04,0.385,48.9,CAMPANHA_PILOTO_01
2026-08-05,00:27:05,0.385,48.9,CAMPANHA_PILOTO_01
2026-08-05,00:27:06,0.385,48.9,CAMPANHA_PILOTO_01
2026-08-05,00:27:07,0.385,48.9,CAMPANHA_PILOTO_01
2026-08-05,00:27:08,0.385,48.9,CAMPANHA_PILOTO_01
2026-08-05,00:27:09,0.385,48.9,CAMPANHA_PILOTO_01
2026-08-05,00:27:10,0.385,48.9,CAMPANHA_PILOTO_01
2026-08-05,00:27:11,0.385,48.9,CAMPANHA_PILOTO_01
2026-08-05,00:27:12,0.385,48.9,CAMPANHA_PILOTO_01
2026-08-05,00:27:13,0.385,48.9,CAMPANHA_PILOTO_01
2026-08-05,00:27:14,0.385,48.9,CAMPANHA_PILOTO_01
2026-08-05,00:27:15,0.385,48.8,CAMPANHA_PILOTO_01
2026-08-05,00:27:16,0.385,48.8,CAMPANHA_PILOTO_01
2026-08-05,00:27:17,0.384,48.8,CAMPANHA_PILOTO_01
2026-08-05,00:27:18,0.384,48.8,CAMPANHA_PILOTO_01
2026-08-05,00:27:19,0.384,48.8,CAMPANHA_PILOTO_01
2026-08-05,00:27:20,0.384,48.8,CAMPANHA_PILOTO_01
2026-08-05,00:27:21,0.384,48.8,CAMPANHA_PILOTO_01
2026-08-05,00:27:22,0.384,48.8,CAMPANHA_PILOTO_01
2026-08-05,00:27:23,0.384,48.8,CAMPANHA_PILOTO_01
2026-08-05,00:27:24,0.384,48.8,CAMPANHA_PILOTO_01
2026-08-05,00:27:25,0.384,48.8,CAMPANHA_PILOTO_01
2026-08-05,00:27:26,0.384,48.8,CAMPANHA_PILOTO_01
2026-08-05,00:27:27,0.384,48.7,CAMPANHA_PILOTO_01
2026-08-05,00:27:28,0.384,48.7,CAMPANHA_PILOTO_01
2026-08-05,00:27:29,0.384,48.7,CAMPANHA_PILOTO_01
2026-08-05,00:27:30,0.384,48.7,CAMPANHA_PILOTO_01
2026-08-05,00:27:31,0.384,48.7,CAMPANHA_PILOTO_01
2026-08-05,00:27:32,0.383,48.7,CAMPANHA_PILOTO_01
2026-08-05,00:27:33,0.383,48.7,CAMPANHA_PILOTO_01
2026-08-05,00:27:34,0.383,48.7,CAMPANHA_PILOTO_01
2026-08-05,00:27:35,0.383,48.7,CAMPANHA_PILOTO_01
2026-08-05,00:27:36,0.383,48.7,CAMPANHA_PILOTO_01
2026-08-05,00:27:37,0.383,48.7,CAMPANHA_PILOTO_01
2026-08-05,00:27:38,0.383,48.6,CAMPANHA_PILOTO_01
2026-08-05,00:27:39,0.383,48.6,CAMPANHA_PILOTO_01
2026-08-05,00:27:40,0.383,48.6,CAMPANHA_PILOTO_01
2026-08-05,00:27:41,0.383,48.6,CAMPANHA_PILOTO_01
2026-08-05,00:27:42,0.383,48.6,CAMPANHA_PILOTO_01
2026-08-05,00:27:43,0.383,48.6,CAMPANHA_PILOTO_01
2026-08-05,00:27:44,0.383,48.6,CAMPANHA_PILOTO_01
2026-08-05,00:27:45,0.383,48.6,CAMPANHA_PILOTO_01
2026-08-05,00:27:46,0.382,48.6,CAMPANHA_PILOTO_01
2026-08-05,00:27:47,0.382,48.6,CAMPANHA_PILOTO_01
2026-08-05,00:27:48,0.382,48.6,CAMPANHA_PILOTO_01
2026-08-05,00:27:49,0.382,48.5,CAMPANHA_PILOTO_01
2026-08-05,00:27:50,0.382,48.5,CAMPANHA_PILOTO_01
2026-08-05,00:27:51,0.382,48.5,CAMPANHA_PILOTO_01
2026-08-05,00:27:52,0.382,48.5,CAMPANHA_PILOTO_01
2026-08-05,00:27:53,0.382,48.5,CAMPANHA_PILOTO_01
2026-08-05,00:27:54,0.382,48.5,CAMPANHA_PILOTO_01
2026-08-05,00:27:55,0.382,48.5,CAMPANHA_PILOTO_01
2026-08-05,00:27:56,0.382,48.5,CAMPANHA_PILOTO_01
2026-08-05,00:27:57,0.382,48.5,CAMPANHA_PILOTO_01
2026-08-05,00:27:58,0.382,48.5,CAMPANHA_PILOTO_01
2026-08-05,00:27:59,0.382,48.5,CAMPANHA_PILOTO_01
2026-08-05,00:28:00,0.381,48.4,CAMPANHA_PILOTO_01
2026-08-05,00:28:01,0.381,48.4,CAMPANHA_PILOTO_01
2026-08-05,00:28:02,0.381,48.4,CAMPANHA_PILOTO_01
2026-08-05,00:28:03,0.381,48.4,CAMPANHA_PILOTO_01
2026-08-05,00:28:04,0.381,48.4,CAMPANHA_PILOTO_01
2026-08-05,00:28:05,0.381,48.4,CAMPANHA_PILOTO_01
2026-08-05,00:28:06,0.381,48.4,CAMPANHA_PILOTO_01
2026-08-05,00:28:07,0.381,48.4,CAMPANHA_PILOTO_01
2026-08-05,00:28:08,0.381,48.4,CAMPANHA_PILOTO_01
2026-08-05,00:28:09,0.381,48.4,CAMPANHA_PILOTO_01
2026-08-05,00:28:10,0.381,48.4,CAMPANHA_PILOTO_01
2026-08-05,00:28:11,0.381,48.4,CAMPANHA_PILOTO_01
2026-08-05,00:28:12,0.381,48.3,CAMPANHA_PILOTO_01
2026-08-05,00:28:13,0.381,48.3,CAMPANHA_PILOTO_01
2026-08-05,00:28:14,0.381,48.3,CAMPANHA_PILOTO_01
2026-08-05,00:28:15,0.38,48.3,CAMPANHA_PILOTO_01
2026-08-05,00:28:16,0.38,48.3,CAMPANHA_PILOTO_01
2026-08-05,00:28:17,0.38,48.3,CAMPANHA_PILOTO_01
2026-08-05,00:28:18,0.38,48.3,CAMPANHA_PILOTO_01
2026-08-05,00:28:19,0.38,48.3,CAMPANHA_PILOTO_01
2026-08-05,00:28:20,0.38,48.3,CAMPANHA_PILOTO_01
2026-08-05,00:28:21,0.38,48.3,CAMPANHA_PILOTO_01
2026-08-05,00:28:22,0.38,48.3,CAMPANHA_PILOTO_01
2026-08-05,00:28:23,0.38,48.2,CAMPANHA_PILOTO_01
2026-08-05,00:28:24,0.38,48.2,CAMPANHA_PILOTO_01
2026-08-05,00:28:25,0.38,48.2,CAMPANHA_PILOTO_01
2026-08-05,00:28:26,0.38,48.2,CAMPANHA_PILOTO_01
2026-08-05,00:28:27,0.38,48.2,CAMPANHA_PILOTO_01
2026-08-05,00:28:28,0.38,48.2,CAMPANHA_PILOTO_01
2026-08-05,00:28:29,0.379,48.2,CAMPANHA_PILOTO_01
2026-08-05,00:28:30,0.379,48.2,CAMPANHA_PILOTO_01
2026-08-05,00:28:31,0.379,48.2,CAMPANHA_PILOTO_01
2026-08-05,00:28:32,0.379,48.2,CAMPANHA_PILOTO_01
2026-08-05,00:28:33,0.379,48.2,CAMPANHA_PILOTO_01
2026-08-05,00:28:34,0.379,48.2,CAMPANHA_PILOTO_01
2026-08-05,00:28:35,0.379,48.1,CAMPANHA_PILOTO_01
2026-08-05,00:28:36,0.379,48.1,CAMPANHA_PILOTO_01
2026-08-05,00:28:37,0.379,48.1,CAMPANHA_PILOTO_01
2026-08-05,00:28:38,0.379,48.1,CAMPANHA_PILOTO_01
2026-08-05,00:28:39,0.379,48.1,CAMPANHA_PILOTO_01
2026-08-05,00:28:40,0.379,48.1,CAMPANHA_PILOTO_01
2026-08-05,00:28:41,0.379,48.1,CAMPANHA_PILOTO_01
2026-08-05,00:28:42,0.379,48.1,CAMPANHA_PILOTO_01
2026-08-05,00:28:43,0.379,48.1,CAMPANHA_PILOTO_01
2026-08-05,00:28:44,0.378,48.1,CAMPANHA_PILOTO_01
2026-08-05,00:28:45,0.378,48.1,CAMPANHA_PILOTO_01
2026-08-05,00:28:46,0.378,48.0,CAMPANHA_PILOTO_01
2026-08-05,00:28:47,0.378,48.0,CAMPANHA_PILOTO_01
2026-08-05,00:28:48,0.378,48.0,CAMPANHA_PILOTO_01
2026-08-05,00:28:49,0.378,48.0,CAMPANHA_PILOTO_01
2026-08-05,00:28:50,0.378,48.0,CAMPANHA_PILOTO_01
2026-08-05,00:28:51,0.378,48.0,CAMPANHA_PILOTO_01
2026-08-05,00:28:52,0.378,48.0,CAMPANHA_PILOTO_01
2026-08-05,00:28:53,0.378,48.0,CAMPANHA_PILOTO_01
2026-08-05,00:28:54,0.378,48.0,CAMPANHA_PILOTO_01
2026-08-05,00:28:55,0.378,48.0,CAMPANHA_PILOTO_01
2026-08-05,00:28:56,0.378,48.0,CAMPANHA_PILOTO_01
2026-08-05,00:28:57,0.378,48.0,CAMPANHA_PILOTO_01
2026-08-05,00:28:58,0.378,47.9,CAMPANHA_PILOTO_01
2026-08-05,00:28:59,0.377,47.9,CAMPANHA_PILOTO_01
2026-08-05,00:29:00,0.377,47.9,CAMPANHA_PILOTO_01
2026-08-05,00:29:01,0.377,47.9,CAMPANHA_PILOTO_01
2026-08-05,00:29:02,0.377,47.9,CAMPANHA_PILOTO_01
2026-08-05,00:29:03,0.377,47.9,CAMPANHA_PILOTO_01
2026-08-05,00:29:04,0.377,47.9,CAMPANHA_PILOTO_01
2026-08-05,00:29:05,0.377,47.9,CAMPANHA_PILOTO_01
2026-08-05,00:29:06,0.377,47.9,CAMPANHA_PILOTO_01
2026-08-05,00:29:07,0.377,47.9,CAMPANHA_PILOTO_01
2026-08-05,00:29:08,0.377,47.9,CAMPANHA_PILOTO_01
2026-08-05,00:29:09,0.377,47.8,CAMPANHA_PILOTO_01
2026-08-05,00:29:10,0.377,47.8,CAMPANHA_PILOTO_01
2026-08-05,00:29:11,0.377,47.8,CAMPANHA_PILOTO_01
2026-08-05,00:29:12,0.377,47.8,CAMPANHA_PILOTO_01
2026-08-05,00:29:13,0.376,47.8,CAMPANHA_PILOTO_01
2026-08-05,00:29:14,0.376,47.8,CAMPANHA_PILOTO_01
2026-08-05,00:29:15,0.376,47.8,CAMPANHA_PILOTO_01
2026-08-05,00:29:16,0.376,47.8,CAMPANHA_PILOTO_01
2026-08-05,00:29:17,0.376,47.8,CAMPANHA_PILOTO_01
2026-08-05,00:29:18,0.376,47.8,CAMPANHA_PILOTO_01
2026-08-05,00:29:19,0.376,47.8,CAMPANHA_PILOTO_01
2026-08-05,00:29:20,0.376,47.8,CAMPANHA_PILOTO_01
2026-08-05,00:29:21,0.376,47.7,CAMPANHA_PILOTO_01
2026-08-05,00:29:22,0.376,47.7,CAMPANHA_PILOTO_01
2026-08-05,00:29:23,0.376,47.7,CAMPANHA_PILOTO_01
2026-08-05,00:29:24,0.376,47.7,CAMPANHA_PILOTO_01
2026-08-05,00:29:25,0.376,47.7,CAMPANHA_PILOTO_01
2026-08-05,00:29:26,0.376,47.7,CAMPANHA_PILOTO_01
2026-08-05,00:29:27,0.376,47.7,CAMPANHA_PILOTO_01
2026-08-05,00:29:28,0.375,47.7,CAMPANHA_PILOTO_01
2026-08-05,00:29:29,0.375,47.7,CAMPANHA_PILOTO_01
2026-08-05,00:29:30,0.375,47.7,CAMPANHA_PILOTO_01
2026-08-05,00:29:31,0.375,47.7,CAMPANHA_PILOTO_01
2026-08-05,00:29:32,0.375,47.7,CAMPANHA_PILOTO_01
2026-08-05,00:29:33,0.375,47.6,CAMPANHA_PILOTO_01
2026-08-05,00:29:34,0.375,47.6,CAMPANHA_PILOTO_01
2026-08-05,00:29:35,0.375,47.6,CAMPANHA_PILOTO_01
2026-08-05,00:29:36,0.375,47.6,CAMPANHA_PILOTO_01
2026-08-05,00:29:37,0.375,47.6,CAMPANHA_PILOTO_01
2026-08-05,00:29:38,0.375,47.6,CAMPANHA_PILOTO_01
2026-08-05,00:29:39,0.375,47.6,CAMPANHA_PILOTO_01
2026-08-05,00:29:40,0.375,47.6,CAMPANHA_PILOTO_01
2026-08-05,00:29:41,0.375,47.6,CAMPANHA_PILOTO_01
2026-08-05,00:29:42,0.375,47.6,CAMPANHA_PILOTO_01
2026-08-05,00:29:43,0.374,47.6,CAMPANHA_PILOTO_01
2026-08-05,00:29:44,0.374,47.6,CAMPANHA_PILOTO_01
2026-08-05,00:29:45,0.374,47.5,CAMPANHA_PILOTO_01
2026-08-05,00:29:46,0.374,47.5,CAMPANHA_PILOTO_01
2026-08-05,00:29:47,0.374,47.5,CAMPANHA_PILOTO_01
2026-08-05,00:29:48,0.374,47.5,CAMPANHA_PILOTO_01
2026-08-05,00:29:49,0.374,47.5,CAMPANHA_PILOTO_01
2026-08-05,00:29:50,0.374,47.5,CAMPANHA_PILOTO_01
2026-08-05,00:29:51,0.374,47.5,CAMPANHA_PILOTO_01
2026-08-05,00:29:52,0.374,47.5,CAMPANHA_PILOTO_01
2026-08-05,00:29:53,0.374,47.5,CAMPANHA_PILOTO_01
2026-08-05,00:29:54,0.374,47.5,CAMPANHA_PILOTO_01
2026-08-05,00:29:55,0.374,47.5,CAMPANHA_PILOTO_01
2026-08-05,00:29:56,0.374,47.4,CAMPANHA_PILOTO_01
2026-08-05,00:29:57,0.374,47.4,CAMPANHA_PILOTO_01
2026-08-05,00:29:58,0.373,47.4,CAMPANHA_PILOTO_01
2026-08-05,00:29:59,0.373,47.4,CAMPANHA_PILOTO_01
2026-08-05,00:30:00,0.373,47.4,CAMPANHA_PILOTO_01
2026-08-05,00:30:01,0.373,47.4,CAMPANHA_PILOTO_01
2026-08-05,00:30:02,0.373,47.4,CAMPANHA_PILOTO_01
2026-08-05,00:30:03,0.373,47.4,CAMPANHA_PILOTO_01
2026-08-05,00:30:04,0.373,47.4,CAMPANHA_PILOTO_01
2026-08-05,00:30:05,0.373,47.4,CAMPANHA_PILOTO_01
2026-08-05,00:30:06,0.373,47.4,CAMPANHA_PILOTO_01
2026-08-05,00:30:07,0.373,47.4,CAMPANHA_PILOTO_01
2026-08-05,00:30:08,0.373,47.3,CAMPANHA_PILOTO_01
2026-08-05,00:30:09,0.373,47.3,CAMPANHA_PILOTO_01
2026-08-05,00:30:10,0.373,47.3,CAMPANHA_PILOTO_01
2026-08-05,00:30:11,0.373,47.3,CAMPANHA_PILOTO_01
2026-08-05,00:30:12,0.373,47.3,CAMPANHA_PILOTO_01
2026-08-05,00:30:13,0.372,47.3,CAMPANHA_PILOTO_01
2026-08-05,00:30:14,0.372,47.3,CAMPANHA_PILOTO_01
2026-08-05,00:30:15,0.372,47.3,CAMPANHA_PILOTO_01
2026-08-05,00:30:16,0.372,47.3,CAMPANHA_PILOTO_01
2026-08-05,00:30:17,0.372,47.3,CAMPANHA_PILOTO_01
2026-08-05,00:30:18,0.372,47.3,CAMPANHA_PILOTO_01
2026-08-05,00:30:19,0.372,47.3,CAMPANHA_PILOTO_01
2026-08-05,00:30:20,0.372,47.2,CAMPANHA_PILOTO_01
2026-08-05,00:30:21,0.372,47.2,CAMPANHA_PILOTO_01
2026-08-05,00:30:22,0.372,47.2,CAMPANHA_PILOTO_01
2026-08-05,00:30:23,0.372,47.2,CAMPANHA_PILOTO_01
2026-08-05,00:30:24,0.372,47.2,CAMPANHA_PILOTO_01
2026-08-05,00:30:25,0.372,47.2,CAMPANHA_PILOTO_01
2026-08-05,00:30:26,0.372,47.2,CAMPANHA_PILOTO_01
2026-08-05,00:30:27,0.372,47.2,CAMPANHA_PILOTO_01
2026-08-05,00:30:28,0.372,47.2,CAMPANHA_PILOTO_01
2026-08-05,00:30:29,0.371,47.2,CAMPANHA_PILOTO_01
2026-08-05,00:30:30,0.371,47.2,CAMPANHA_PILOTO_01
2026-08-05,00:30:31,0.371,47.2,CAMPANHA_PILOTO_01
2026-08-05,00:30:32,0.371,47.1,CAMPANHA_PILOTO_01
2026-08-05,00:30:33,0.371,47.1,CAMPANHA_PILOTO_01
2026-08-05,00:30:34,0.371,47.1,CAMPANHA_PILOTO_01
2026-08-05,00:30:35,0.371,47.1,CAMPANHA_PILOTO_01
2026-08-05,00:30:36,0.371,47.1,CAMPANHA_PILOTO_01
2026-08-05,00:30:37,0.371,47.1,CAMPANHA_PILOTO_01
2026-08-05,00:30:38,0.371,47.1,CAMPANHA_PILOTO_01
2026-08-05,00:30:39,0.371,47.1,CAMPANHA_PILOTO_01
2026-08-05,00:30:40,0.371,47.1,CAMPANHA_PILOTO_01
2026-08-05,00:30:41,0.371,47.1,CAMPANHA_PILOTO_01
2026-08-05,00:30:42,0.371,47.1,CAMPANHA_PILOTO_01
2026-08-05,00:30:43,0.371,47.1,CAMPANHA_PILOTO_01
2026-08-05,00:30:44,0.37,47.0,CAMPANHA_PILOTO_01
2026-08-05,00:30:45,0.37,47.0,CAMPANHA_PILOTO_01
2026-08-05,00:30:46,0.37,47.0,CAMPANHA_PILOTO_01
2026-08-05,00:30:47,0.37,47.0,CAMPANHA_PILOTO_01
2026-08-05,00:30:48,0.37,47.0,CAMPANHA_PILOTO_01
2026-08-05,00:30:49,0.37,47.0,CAMPANHA_PILOTO_01
2026-08-05,00:30:50,0.37,47.0,CAMPANHA_PILOTO_01
2026-08-05,00:30:51,0.37,47.0,CAMPANHA_PILOTO_01
2026-08-05,00:30:52,0.37,47.0,CAMPANHA_PILOTO_01
2026-08-05,00:30:53,0.37,47.0,CAMPANHA_PILOTO_01
2026-08-05,00:30:54,0.37,47.0,CAMPANHA_PILOTO_01
2026-08-05,00:30:55,0.37,47.0,CAMPANHA_PILOTO_01
2026-08-05,00:30:56,0.37,46.9,CAMPANHA_PILOTO_01
2026-08-05,00:30:57,0.37,46.9,CAMPANHA_PILOTO_01
2026-08-05,00:30:58,0.37,46.9,CAMPANHA_PILOTO_01
2026-08-05,00:30:59,0.369,46.9,CAMPANHA_PILOTO_01
2026-08-05,00:31:00,0.369,46.9,CAMPANHA_PILOTO_01
2026-08-05,00:31:01,0.369,46.9,CAMPANHA_PILOTO_01
2026-08-05,00:31:02,0.369,46.9,CAMPANHA_PILOTO_01
2026-08-05,00:31:03,0.369,46.9,CAMPANHA_PILOTO_01
2026-08-05,00:31:04,0.369,46.9,CAMPANHA_PILOTO_01
2026-08-05,00:31:05,0.369,46.9,CAMPANHA_PILOTO_01
2026-08-05,00:31:06,0.369,46.9,CAMPANHA_PILOTO_01
2026-08-05,00:31:07,0.369,46.9,CAMPANHA_PILOTO_01
2026-08-05,00:31:08,0.369,46.8,CAMPANHA_PILOTO_01
2026-08-05,00:31:09,0.369,46.8,CAMPANHA_PILOTO_01
2026-08-05,00:31:10,0.369,46.8,CAMPANHA_PILOTO_01
2026-08-05,00:31:11,0.369,46.8,CAMPANHA_PILOTO_01
2026-08-05,00:31:12,0.369,46.8,CAMPANHA_PILOTO_01
2026-08-05,00:31:13,0.369,46.8,CAMPANHA_PILOTO_01
2026-08-05,00:31:14,0.368,46.8,CAMPANHA_PILOTO_01
2026-08-05,00:31:15,0.368,46.8,CAMPANHA_PILOTO_01
2026-08-05,00:31:16,0.368,46.8,CAMPANHA_PILOTO_01
2026-08-05,00:31:17,0.368,46.8,CAMPANHA_PILOTO_01
2026-08-05,00:31:18,0.368,46.8,CAMPANHA_PILOTO_01
2026-08-05,00:31:19,0.368,46.8,CAMPANHA_PILOTO_01
2026-08-05,00:31:20,0.368,46.8,CAMPANHA_PILOTO_01
2026-08-05,00:31:21,0.368,46.7,CAMPANHA_PILOTO_01
2026-08-05,00:31:22,0.368,46.7,CAMPANHA_PILOTO_01
2026-08-05,00:31:23,0.368,46.7,CAMPANHA_PILOTO_01
2026-08-05,00:31:24,0.368,46.7,CAMPANHA_PILOTO_01
2026-08-05,00:31:25,0.368,46.7,CAMPANHA_PILOTO_01
2026-08-05,00:31:26,0.368,46.7,CAMPANHA_PILOTO_01
2026-08-05,00:31:27,0.368,46.7,CAMPANHA_PILOTO_01
2026-08-05,00:31:28,0.368,46.7,CAMPANHA_PILOTO_01
2026-08-05,00:31:29,0.368,46.7,CAMPANHA_PILOTO_01
2026-08-05,00:31:30,0.367,46.7,CAMPANHA_PILOTO_01
2026-08-05,00:31:31,0.367,46.7,CAMPANHA_PILOTO_01
2026-08-05,00:31:32,0.367,46.7,CAMPANHA_PILOTO_01
2026-08-05,00:31:33,0.367,46.6,CAMPANHA_PILOTO_01
2026-08-05,00:31:34,0.367,46.6,CAMPANHA_PILOTO_01
2026-08-05,00:31:35,0.367,46.6,CAMPANHA_PILOTO_01
2026-08-05,00:31:36,0.367,46.6,CAMPANHA_PILOTO_01
2026-08-05,00:31:37,0.367,46.6,CAMPANHA_PILOTO_01
2026-08-05,00:31:38,0.367,46.6,CAMPANHA_PILOTO_01
2026-08-05,00:31:39,0.367,46.6,CAMPANHA_PILOTO_01
2026-08-05,00:31:40,0.367,46.6,CAMPANHA_PILOTO_01
2026-08-05,00:31:41,0.367,46.6,CAMPANHA_PILOTO_01
2026-08-05,00:31:42,0.367,46.6,CAMPANHA_PILOTO_01
2026-08-05,00:31:43,0.367,46.6,CAMPANHA_PILOTO_01
2026-08-05,00:31:44,0.367,46.6,CAMPANHA_PILOTO_01
2026-08-05,00:31:45,0.366,46.5,CAMPANHA_PILOTO_01
2026-08-05,00:31:46,0.366,46.5,CAMPANHA_PILOTO_01
2026-08-05,00:31:47,0.366,46.5,CAMPANHA_PILOTO_01
2026-08-05,00:31:48,0.366,46.5,CAMPANHA_PILOTO_01
2026-08-05,00:31:49,0.366,46.5,CAMPANHA_PILOTO_01
2026-08-05,00:31:50,0.366,46.5,CAMPANHA_PILOTO_01
2026-08-05,00:31:51,0.366,46.5,CAMPANHA_PILOTO_01
2026-08-05,00:31:52,0.366,46.5,CAMPANHA_PILOTO_01
2026-08-05,00:31:53,0.366,46.5,CAMPANHA_PILOTO_01
2026-08-05,00:31:54,0.366,46.5,CAMPANHA_PILOTO_01
2026-08-05,00:31:55,0.366,46.5,CAMPANHA_PILOTO_01
2026-08-05,00:31:56,0.366,46.5,CAMPANHA_PILOTO_01
2026-08-05,00:31:57,0.366,46.4,CAMPANHA_PILOTO_01
2026-08-05,00:31:58,0.366,46.4,CAMPANHA_PILOTO_01
2026-08-05,00:31:59,0.366,46.4,CAMPANHA_PILOTO_01
2026-08-05,00:32:00,0.366,46.4,CAMPANHA_PILOTO_01
2026-08-05,00:32:01,0.365,46.4,CAMPANHA_PILOTO_01
2026-08-05,00:32:02,0.365,46.4,CAMPANHA_PILOTO_01
2026-08-05,00:32:03,0.365,46.4,CAMPANHA_PILOTO_01
2026-08-05,00:32:04,0.365,46.4,CAMPANHA_PILOTO_01
2026-08-05,00:32:05,0.365,46.4,CAMPANHA_PILOTO_01
2026-08-05,00:32:06,0.365,46.4,CAMPANHA_PILOTO_01
2026-08-05,00:32:07,0.365,46.4,CAMPANHA_PILOTO_01
2026-08-05,00:32:08,0.365,46.4,CAMPANHA_PILOTO_01
2026-08-05,00:32:09,0.365,46.4,CAMPANHA_PILOTO_01
2026-08-05,00:32:10,0.365,46.3,CAMPANHA_PILOTO_01
2026-08-05,00:32:11,0.365,46.3,CAMPANHA_PILOTO_01
2026-08-05,00:32:12,0.365,46.3,CAMPANHA_PILOTO_01
2026-08-05,00:32:13,0.365,46.3,CAMPANHA_PILOTO_01
2026-08-05,00:32:14,0.365,46.3,CAMPANHA_PILOTO_01
2026-08-05,00:32:15,0.365,46.3,CAMPANHA_PILOTO_01
2026-08-05,00:32:16,0.365,46.3,CAMPANHA_PILOTO_01
2026-08-05,00:32:17,0.364,46.3,CAMPANHA_PILOTO_01
2026-08-05,00:32:18,0.364,46.3,CAMPANHA_PILOTO_01
2026-08-05,00:32:19,0.364,46.3,CAMPANHA_PILOTO_01
2026-08-05,00:32:20,0.364,46.3,CAMPANHA_PILOTO_01
2026-08-05,00:32:21,0.364,46.3,CAMPANHA_PILOTO_01
2026-08-05,00:32:22,0.364,46.2,CAMPANHA_PILOTO_01
2026-08-05,00:32:23,0.364,46.2,CAMPANHA_PILOTO_01
2026-08-05,00:32:24,0.364,46.2,CAMPANHA_PILOTO_01
2026-08-05,00:32:25,0.364,46.2,CAMPANHA_PILOTO_01
2026-08-05,00:32:26,0.364,46.2,CAMPANHA_PILOTO_01
2026-08-05,00:32:27,0.364,46.2,CAMPANHA_PILOTO_01
2026-08-05,00:32:28,0.364,46.2,CAMPANHA_PILOTO_01
2026-08-05,00:32:29,0.364,46.2,CAMPANHA_PILOTO_01
2026-08-05,00:32:30,0.364,46.2,CAMPANHA_PILOTO_01
2026-08-05,00:32:31,0.364,46.2,CAMPANHA_PILOTO_01
2026-08-05,00:32:32,0.364,46.2,CAMPANHA_PILOTO_01
2026-08-05,00:32:33,0.363,46.2,CAMPANHA_PILOTO_01
2026-08-05,00:32:34,0.363,46.2,CAMPANHA_PILOTO_01
2026-08-05,00:32:35,0.363,46.1,CAMPANHA_PILOTO_01
2026-08-05,00:32:36,0.363,46.1,CAMPANHA_PILOTO_01
2026-08-05,00:32:37,0.363,46.1,CAMPANHA_PILOTO_01
2026-08-05,00:32:38,0.363,46.1,CAMPANHA_PILOTO_01
2026-08-05,00:32:39,0.363,46.1,CAMPANHA_PILOTO_01
2026-08-05,00:32:40,0.363,46.1,CAMPANHA_PILOTO_01
2026-08-05,00:32:41,0.363,46.1,CAMPANHA_PILOTO_01
2026-08-05,00:32:42,0.363,46.1,CAMPANHA_PILOTO_01
2026-08-05,00:32:43,0.363,46.1,CAMPANHA_PILOTO_01
2026-08-05,00:32:44,0.363,46.1,CAMPANHA_PILOTO_01
2026-08-05,00:32:45,0.363,46.1,CAMPANHA_PILOTO_01
2026-08-05,00:32:46,0.363,46.1,CAMPANHA_PILOTO_01
2026-08-05,00:32:47,0.363,46.0,CAMPANHA_PILOTO_01
2026-08-05,00:32:48,0.363,46.0,CAMPANHA_PILOTO_01
2026-08-05,00:32:49,0.362,46.0,CAMPANHA_PILOTO_01
2026-08-05,00:32:50,0.362,46.0,CAMPANHA_PILOTO_01
2026-08-05,00:32:51,0.362,46.0,CAMPANHA_PILOTO_01
2026-08-05,00:32:52,0.362,46.0,CAMPANHA_PILOTO_01
2026-08-05,00:32:53,0.362,46.0,CAMPANHA_PILOTO_01
2026-08-05,00:32:54,0.362,46.0,CAMPANHA_PILOTO_01
2026-08-05,00:32:55,0.362,46.0,CAMPANHA_PILOTO_01
2026-08-05,00:32:56,0.362,46.0,CAMPANHA_PILOTO_01
2026-08-05,00:32:57,0.362,46.0,CAMPANHA_PILOTO_01
2026-08-05,00:32:58,0.362,46.0,CAMPANHA_PILOTO_01
2026-08-05,00:32:59,0.362,46.0,CAMPANHA_PILOTO_01
2026-08-05,00:33:00,0.362,45.9,CAMPANHA_PILOTO_01
2026-08-05,00:33:01,0.362,45.9,CAMPANHA_PILOTO_01
2026-08-05,00:33:02,0.362,45.9,CAMPANHA_PILOTO_01
2026-08-05,00:33:03,0.362,45.9,CAMPANHA_PILOTO_01
2026-08-05,00:33:04,0.362,45.9,CAMPANHA_PILOTO_01
2026-08-05,00:33:05,0.361,45.9,CAMPANHA_PILOTO_01
2026-08-05,00:33:06,0.361,45.9,CAMPANHA_PILOTO_01
2026-08-05,00:33:07,0.361,45.9,CAMPANHA_PILOTO_01
2026-08-05,00:33:08,0.361,45.9,CAMPANHA_PILOTO_01
2026-08-05,00:33:09,0.361,45.9,CAMPANHA_PILOTO_01
2026-08-05,00:33:10,0.361,45.9,CAMPANHA_PILOTO_01
2026-08-05,00:33:11,0.361,45.9,CAMPANHA_PILOTO_01
2026-08-05,00:33:12,0.361,45.8,CAMPANHA_PILOTO_01
2026-08-05,00:33:13,0.361,45.8,CAMPANHA_PILOTO_01
2026-08-05,00:33:14,0.361,45.8,CAMPANHA_PILOTO_01
2026-08-05,00:33:15,0.361,45.8,CAMPANHA_PILOTO_01
2026-08-05,00:33:16,0.361,45.8,CAMPANHA_PILOTO_01
2026-08-05,00:33:17,0.361,45.8,CAMPANHA_PILOTO_01
2026-08-05,00:33:18,0.361,45.8,CAMPANHA_PILOTO_01
2026-08-05,00:33:19,0.361,45.8,CAMPANHA_PILOTO_01
2026-08-05,00:33:20,0.361,45.8,CAMPANHA_PILOTO_01
2026-08-05,00:33:21,0.36,45.8,CAMPANHA_PILOTO_01
2026-08-05,00:33:22,0.36,45.8,CAMPANHA_PILOTO_01
2026-08-05,00:33:23,0.36,45.8,CAMPANHA_PILOTO_01
2026-08-05,00:33:24,0.36,45.8,CAMPANHA_PILOTO_01
2026-08-05,00:33:25,0.36,45.7,CAMPANHA_PILOTO_01
2026-08-05,00:33:26,0.36,45.7,CAMPANHA_PILOTO_01
2026-08-05,00:33:27,0.36,45.7,CAMPANHA_PILOTO_01
2026-08-05,00:33:28,0.36,45.7,CAMPANHA_PILOTO_01
2026-08-05,00:33:29,0.36,45.7,CAMPANHA_PILOTO_01
2026-08-05,00:33:30,0.36,45.7,CAMPANHA_PILOTO_01
2026-08-05,00:33:31,0.36,45.7,CAMPANHA_PILOTO_01
2026-08-05,00:33:32,0.36,45.7,CAMPANHA_PILOTO_01
2026-08-05,00:33:33,0.36,45.7,CAMPANHA_PILOTO_01
2026-08-05,00:33:34,0.36,45.7,CAMPANHA_PILOTO_01
2026-08-05,00:33:35,0.36,45.7,CAMPANHA_PILOTO_01
2026-08-05,00:33:36,0.36,45.7,CAMPANHA_PILOTO_01
2026-08-05,00:33:37,0.359,45.7,CAMPANHA_PILOTO_01
2026-08-05,00:33:38,0.359,45.6,CAMPANHA_PILOTO_01
2026-08-05,00:33:39,0.359,45.6,CAMPANHA_PILOTO_01
2026-08-05,00:33:40,0.359,45.6,CAMPANHA_PILOTO_01
2026-08-05,00:33:41,0.359,45.6,CAMPANHA_PILOTO_01
2026-08-05,00:33:42,0.359,45.6,CAMPANHA_PILOTO_01
2026-08-05,00:33:43,0.359,45.6,CAMPANHA_PILOTO_01
2026-08-05,00:33:44,0.359,45.6,CAMPANHA_PILOTO_01
2026-08-05,00:33:45,0.359,45.6,CAMPANHA_PILOTO_01
2026-08-05,00:33:46,0.359,45.6,CAMPANHA_PILOTO_01
2026-08-05,00:33:47,0.359,45.6,CAMPANHA_PILOTO_01
2026-08-05,00:33:48,0.359,45.6,CAMPANHA_PILOTO_01
2026-08-05,00:33:49,0.359,45.6,CAMPANHA_PILOTO_01
2026-08-05,00:33:50,0.359,45.6,CAMPANHA_PILOTO_01
2026-08-05,00:33:51,0.359,45.5,CAMPANHA_PILOTO_01
2026-08-05,00:33:52,0.359,45.5,CAMPANHA_PILOTO_01
2026-08-05,00:33:53,0.358,45.5,CAMPANHA_PILOTO_01
2026-08-05,00:33:54,0.358,45.5,CAMPANHA_PILOTO_01
2026-08-05,00:33:55,0.358,45.5,CAMPANHA_PILOTO_01
2026-08-05,00:33:56,0.358,45.5,CAMPANHA_PILOTO_01
2026-08-05,00:33:57,0.358,45.5,CAMPANHA_PILOTO_01
2026-08-05,00:33:58,0.358,45.5,CAMPANHA_PILOTO_01
2026-08-05,00:33:59,0.358,45.5,CAMPANHA_PILOTO_01
2026-08-05,00:34:00,0.358,45.5,CAMPANHA_PILOTO_01
2026-08-05,00:34:01,0.358,45.5,CAMPANHA_PILOTO_01
2026-08-05,00:34:02,0.358,45.5,CAMPANHA_PILOTO_01
2026-08-05,00:34:03,0.358,45.5,CAMPANHA_PILOTO_01
2026-08-05,00:34:04,0.358,45.4,CAMPANHA_PILOTO_01
2026-08-05,00:34:05,0.358,45.4,CAMPANHA_PILOTO_01
2026-08-05,00:34:06,0.358,45.4,CAMPANHA_PILOTO_01
2026-08-05,00:34:07,0.358,45.4,CAMPANHA_PILOTO_01
2026-08-05,00:34:08,0.358,45.4,CAMPANHA_PILOTO_01
2026-08-05,00:34:09,0.358,45.4,CAMPANHA_PILOTO_01
2026-08-05,00:34:10,0.357,45.4,CAMPANHA_PILOTO_01
2026-08-05,00:34:11,0.357,45.4,CAMPANHA_PILOTO_01
2026-08-05,00:34:12,0.357,45.4,CAMPANHA_PILOTO_01
2026-08-05,00:34:13,0.357,45.4,CAMPANHA_PILOTO_01
2026-08-05,00:34:14,0.357,45.4,CAMPANHA_PILOTO_01
2026-08-05,00:34:15,0.357,45.4,CAMPANHA_PILOTO_01
2026-08-05,00:34:16,0.357,45.4,CAMPANHA_PILOTO_01
2026-08-05,00:34:17,0.357,45.3,CAMPANHA_PILOTO_01
2026-08-05,00:34:18,0.357,45.3,CAMPANHA_PILOTO_01
2026-08-05,00:34:19,0.357,45.3,CAMPANHA_PILOTO_01
2026-08-05,00:34:20,0.357,45.3,CAMPANHA_PILOTO_01
2026-08-05,00:34:21,0.357,45.3,CAMPANHA_PILOTO_01
2026-08-05,00:34:22,0.357,45.3,CAMPANHA_PILOTO_01
2026-08-05,00:34:23,0.357,45.3,CAMPANHA_PILOTO_01
2026-08-05,00:34:24,0.357,45.3,CAMPANHA_PILOTO_01
2026-08-05,00:34:25,0.357,45.3,CAMPANHA_PILOTO_01
2026-08-05,00:34:26,0.356,45.3,CAMPANHA_PILOTO_01
2026-08-05,00:34:27,0.356,45.3,CAMPANHA_PILOTO_01
2026-08-05,00:34:28,0.356,45.3,CAMPANHA_PILOTO_01
2026-08-05,00:34:29,0.356,45.3,CAMPANHA_PILOTO_01
2026-08-05,00:34:30,0.356,45.2,CAMPANHA_PILOTO_01
2026-08-05,00:34:31,0.356,45.2,CAMPANHA_PILOTO_01
2026-08-05,00:34:32,0.356,45.2,CAMPANHA_PILOTO_01
2026-08-05,00:34:33,0.356,45.2,CAMPANHA_PILOTO_01
2026-08-05,00:34:34,0.356,45.2,CAMPANHA_PILOTO_01
2026-08-05,00:34:35,0.356,45.2,CAMPANHA_PILOTO_01
2026-08-05,00:34:36,0.356,45.2,CAMPANHA_PILOTO_01
2026-08-05,00:34:37,0.356,45.2,CAMPANHA_PILOTO_01
2026-08-05,00:34:38,0.356,45.2,CAMPANHA_PILOTO_01
2026-08-05,00:34:39,0.356,45.2,CAMPANHA_PILOTO_01
2026-08-05,00:34:40,0.356,45.2,CAMPANHA_PILOTO_01
2026-08-05,00:34:41,0.356,45.2,CAMPANHA_PILOTO_01
2026-08-05,00:34:42,0.356,45.2,CAMPANHA_PILOTO_01
2026-08-05,00:34:43,0.355,45.1,CAMPANHA_PILOTO_01
2026-08-05,00:34:44,0.355,45.1,CAMPANHA_PILOTO_01
2026-08-05,00:34:45,0.355,45.1,CAMPANHA_PILOTO_01
2026-08-05,00:34:46,0.355,45.1,CAMPANHA_PILOTO_01
2026-08-05,00:34:47,0.355,45.1,CAMPANHA_PILOTO_01
2026-08-05,00:34:48,0.355,45.1,CAMPANHA_PILOTO_01
2026-08-05,00:34:49,0.355,45.1,CAMPANHA_PILOTO_01
2026-08-05,00:34:50,0.355,45.1,CAMPANHA_PILOTO_01
2026-08-05,00:34:51,0.355,45.1,CAMPANHA_PILOTO_01
2026-08-05,00:34:52,0.355,45.1,CAMPANHA_PILOTO_01
2026-08-05,00:34:53,0.355,45.1,CAMPANHA_PILOTO_01
2026-08-05,00:34:54,0.355,45.1,CAMPANHA_PILOTO_01
2026-08-05,00:34:55,0.355,45.1,CAMPANHA_PILOTO_01
2026-08-05,00:34:56,0.355,45.0,CAMPANHA_PILOTO_01
2026-08-05,00:34:57,0.355,45.0,CAMPANHA_PILOTO_01
2026-08-05,00:34:58,0.355,45.0,CAMPANHA_PILOTO_01
2026-08-05,00:34:59,0.355,45.0,CAMPANHA_PILOTO_01
2026-08-05,00:35:00,0.354,45.0,CAMPANHA_PILOTO_01
2026-08-05,00:35:01,0.354,45.0,CAMPANHA_PILOTO_01
2026-08-05,00:35:02,0.354,45.0,CAMPANHA_PILOTO_01
2026-08-05,00:35:03,0.354,45.0,CAMPANHA_PILOTO_01
2026-08-05,00:35:04,0.354,45.0,CAMPANHA_PILOTO_01
2026-08-05,00:35:05,0.354,45.0,CAMPANHA_PILOTO_01
2026-08-05,00:35:06,0.354,45.0,CAMPANHA_PILOTO_01
2026-08-05,00:35:07,0.354,45.0,CAMPANHA_PILOTO_01
2026-08-05,00:35:08,0.354,45.0,CAMPANHA_PILOTO_01
2026-08-05,00:35:09,0.354,44.9,CAMPANHA_PILOTO_01
2026-08-05,00:35:10,0.354,44.9,CAMPANHA_PILOTO_01
2026-08-05,00:35:11,0.354,44.9,CAMPANHA_PILOTO_01
2026-08-05,00:35:12,0.354,44.9,CAMPANHA_PILOTO_01
2026-08-05,00:35:13,0.354,44.9,CAMPANHA_PILOTO_01
2026-08-05,00:35:14,0.354,44.9,CAMPANHA_PILOTO_01
2026-08-05,00:35:15,0.354,44.9,CAMPANHA_PILOTO_01
2026-08-05,00:35:16,0.353,44.9,CAMPANHA_PILOTO_01
2026-08-05,00:35:17,0.353,44.9,CAMPANHA_PILOTO_01
2026-08-05,00:35:18,0.353,44.9,CAMPANHA_PILOTO_01
2026-08-05,00:35:19,0.353,44.9,CAMPANHA_PILOTO_01
2026-08-05,00:35:20,0.353,44.9,CAMPANHA_PILOTO_01
2026-08-05,00:35:21,0.353,44.9,CAMPANHA_PILOTO_01
2026-08-05,00:35:22,0.353,44.8,CAMPANHA_PILOTO_01
2026-08-05,00:35:23,0.353,44.8,CAMPANHA_PILOTO_01
2026-08-05,00:35:24,0.353,44.8,CAMPANHA_PILOTO_01
2026-08-05,00:35:25,0.353,44.8,CAMPANHA_PILOTO_01
2026-08-05,00:35:26,0.353,44.8,CAMPANHA_PILOTO_01
2026-08-05,00:35:27,0.353,44.8,CAMPANHA_PILOTO_01
2026-08-05,00:35:28,0.353,44.8,CAMPANHA_PILOTO_01
2026-08-05,00:35:29,0.353,44.8,CAMPANHA_PILOTO_01
2026-08-05,00:35:30,0.353,44.8,CAMPANHA_PILOTO_01
2026-08-05,00:35:31,0.353,44.8,CAMPANHA_PILOTO_01
2026-08-05,00:35:32,0.353,44.8,CAMPANHA_PILOTO_01
2026-08-05,00:35:33,0.352,44.8,CAMPANHA_PILOTO_01
2026-08-05,00:35:34,0.352,44.8,CAMPANHA_PILOTO_01
2026-08-05,00:35:35,0.352,44.8,CAMPANHA_PILOTO_01
2026-08-05,00:35:36,0.352,44.7,CAMPANHA_PILOTO_01
2026-08-05,00:35:37,0.352,44.7,CAMPANHA_PILOTO_01
2026-08-05,00:35:38,0.352,44.7,CAMPANHA_PILOTO_01
2026-08-05,00:35:39,0.352,44.7,CAMPANHA_PILOTO_01
2026-08-05,00:35:40,0.352,44.7,CAMPANHA_PILOTO_01
2026-08-05,00:35:41,0.352,44.7,CAMPANHA_PILOTO_01
2026-08-05,00:35:42,0.352,44.7,CAMPANHA_PILOTO_01
2026-08-05,00:35:43,0.352,44.7,CAMPANHA_PILOTO_01
2026-08-05,00:35:44,0.352,44.7,CAMPANHA_PILOTO_01
2026-08-05,00:35:45,0.352,44.7,CAMPANHA_PILOTO_01
2026-08-05,00:35:46,0.352,44.7,CAMPANHA_PILOTO_01
2026-08-05,00:35:47,0.352,44.7,CAMPANHA_PILOTO_01
2026-08-05,00:35:48,0.352,44.7,CAMPANHA_PILOTO_01
2026-08-05,00:35:49,0.352,44.6,CAMPANHA_PILOTO_01
2026-08-05,00:35:50,0.351,44.6,CAMPANHA_PILOTO_01
2026-08-05,00:35:51,0.351,44.6,CAMPANHA_PILOTO_01
2026-08-05,00:35:52,0.351,44.6,CAMPANHA_PILOTO_01
2026-08-05,00:35:53,0.351,44.6,CAMPANHA_PILOTO_01
2026-08-05,00:35:54,0.351,44.6,CAMPANHA_PILOTO_01
2026-08-05,00:35:55,0.351,44.6,CAMPANHA_PILOTO_01
2026-08-05,00:35:56,0.351,44.6,CAMPANHA_PILOTO_01
2026-08-05,00:35:57,0.351,44.6,CAMPANHA_PILOTO_01
2026-08-05,00:35:58,0.351,44.6,CAMPANHA_PILOTO_01
2026-08-05,00:35:59,0.351,44.6,CAMPANHA_PILOTO_01
2026-08-05,00:36:00,0.351,44.6,CAMPANHA_PILOTO_01
2026-08-05,00:36:01,0.351,44.6,CAMPANHA_PILOTO_01
2026-08-05,00:36:02,0.351,44.5,CAMPANHA_PILOTO_01
2026-08-05,00:36:03,0.351,44.5,CAMPANHA_PILOTO_01
2026-08-05,00:36:04,0.351,44.5,CAMPANHA_PILOTO_01
2026-08-05,00:36:05,0.351,44.5,CAMPANHA_PILOTO_01
2026-08-05,00:36:06,0.351,44.5,CAMPANHA_PILOTO_01
2026-08-05,00:36:07,0.35,44.5,CAMPANHA_PILOTO_01
2026-08-05,00:36:08,0.35,44.5,CAMPANHA_PILOTO_01
2026-08-05,00:36:09,0.35,44.5,CAMPANHA_PILOTO_01
2026-08-05,00:36:10,0.35,44.5,CAMPANHA_PILOTO_01
2026-08-05,00:36:11,0.35,44.5,CAMPANHA_PILOTO_01
2026-08-05,00:36:12,0.35,44.5,CAMPANHA_PILOTO_01
2026-08-05,00:36:13,0.35,44.5,CAMPANHA_PILOTO_01
2026-08-05,00:36:14,0.35,44.5,CAMPANHA_PILOTO_01
2026-08-05,00:36:15,0.35,44.5,CAMPANHA_PILOTO_01
2026-08-05,00:36:16,0.35,44.4,CAMPANHA_PILOTO_01
2026-08-05,00:36:17,0.35,44.4,CAMPANHA_PILOTO_01
2026-08-05,00:36:18,0.35,44.4,CAMPANHA_PILOTO_01
2026-08-05,00:36:19,0.35,44.4,CAMPANHA_PILOTO_01
2026-08-05,00:36:20,0.35,44.4,CAMPANHA_PILOTO_01
2026-08-05,00:36:21,0.35,44.4,CAMPANHA_PILOTO_01
2026-08-05,00:36:22,0.35,44.4,CAMPANHA_PILOTO_01
2026-08-05,00:36:23,0.35,44.4,CAMPANHA_PILOTO_01
2026-08-05,00:36:24,0.349,44.4,CAMPANHA_PILOTO_01
2026-08-05,00:36:25,0.349,44.4,CAMPANHA_PILOTO_01
2026-08-05,00:36:26,0.349,44.4,CAMPANHA_PILOTO_01
2026-08-05,00:36:27,0.349,44.4,CAMPANHA_PILOTO_01
2026-08-05,00:36:28,0.349,44.4,CAMPANHA_PILOTO_01
2026-08-05,00:36:29,0.349,44.3,CAMPANHA_PILOTO_01
2026-08-05,00:36:30,0.349,44.3,CAMPANHA_PILOTO_01
2026-08-05,00:36:31,0.349,44.3,CAMPANHA_PILOTO_01
2026-08-05,00:36:32,0.349,44.3,CAMPANHA_PILOTO_01
2026-08-05,00:36:33,0.349,44.3,CAMPANHA_PILOTO_01
2026-08-05,00:36:34,0.349,44.3,CAMPANHA_PILOTO_01
2026-08-05,00:36:35,0.349,44.3,CAMPANHA_PILOTO_01
2026-08-05,00:36:36,0.349,44.3,CAMPANHA_PILOTO_01
2026-08-05,00:36:37,0.349,44.3,CAMPANHA_PILOTO_01
2026-08-05,00:36:38,0.349,44.3,CAMPANHA_PILOTO_01
2026-08-05,00:36:39,0.349,44.3,CAMPANHA_PILOTO_01
2026-08-05,00:36:40,0.349,44.3,CAMPANHA_PILOTO_01
2026-08-05,00:36:41,0.349,44.3,CAMPANHA_PILOTO_01
2026-08-05,00:36:42,0.348,44.3,CAMPANHA_PILOTO_01
2026-08-05,00:36:43,0.348,44.2,CAMPANHA_PILOTO_01
2026-08-05,00:36:44,0.348,44.2,CAMPANHA_PILOTO_01
2026-08-05,00:36:45,0.348,44.2,CAMPANHA_PILOTO_01
2026-08-05,00:36:46,0.348,44.2,CAMPANHA_PILOTO_01
2026-08-05,00:36:47,0.348,44.2,CAMPANHA_PILOTO_01
2026-08-05,00:36:48,0.348,44.2,CAMPANHA_PILOTO_01
2026-08-05,00:36:49,0.348,44.2,CAMPANHA_PILOTO_01
2026-08-05,00:36:50,0.348,44.2,CAMPANHA_PILOTO_01
2026-08-05,00:36:51,0.348,44.2,CAMPANHA_PILOTO_01
2026-08-05,00:36:52,0.348,44.2,CAMPANHA_PILOTO_01
2026-08-05,00:36:53,0.348,44.2,CAMPANHA_PILOTO_01
2026-08-05,00:36:54,0.348,44.2,CAMPANHA_PILOTO_01
2026-08-05,00:36:55,0.348,44.2,CAMPANHA_PILOTO_01
2026-08-05,00:36:56,0.348,44.2,CAMPANHA_PILOTO_01
2026-08-05,00:36:57,0.348,44.1,CAMPANHA_PILOTO_01
2026-08-05,00:36:58,0.348,44.1,CAMPANHA_PILOTO_01
2026-08-05,00:36:59,0.347,44.1,CAMPANHA_PILOTO_01
2026-08-05,00:37:00,0.347,44.1,CAMPANHA_PILOTO_01
2026-08-05,00:37:01,0.347,44.1,CAMPANHA_PILOTO_01
2026-08-05,00:37:02,0.347,44.1,CAMPANHA_PILOTO_01
2026-08-05,00:37:03,0.347,44.1,CAMPANHA_PILOTO_01
2026-08-05,00:37:04,0.347,44.1,CAMPANHA_PILOTO_01
2026-08-05,00:37:05,0.347,44.1,CAMPANHA_PILOTO_01
2026-08-05,00:37:06,0.347,44.1,CAMPANHA_PILOTO_01
2026-08-05,00:37:07,0.347,44.1,CAMPANHA_PILOTO_01
2026-08-05,00:37:08,0.347,44.1,CAMPANHA_PILOTO_01
2026-08-05,00:37:09,0.347,44.1,CAMPANHA_PILOTO_01
2026-08-05,00:37:10,0.347,44.0,CAMPANHA_PILOTO_01
2026-08-05,00:37:11,0.347,44.0,CAMPANHA_PILOTO_01
2026-08-05,00:37:12,0.347,44.0,CAMPANHA_PILOTO_01
2026-08-05,00:37:13,0.347,44.0,CAMPANHA_PILOTO_01
2026-08-05,00:37:14,0.347,44.0,CAMPANHA_PILOTO_01
2026-08-05,00:37:15,0.347,44.0,CAMPANHA_PILOTO_01
2026-08-05,00:37:16,0.346,44.0,CAMPANHA_PILOTO_01
2026-08-05,00:37:17,0.346,44.0,CAMPANHA_PILOTO_01
2026-08-05,00:37:18,0.346,44.0,CAMPANHA_PILOTO_01
2026-08-05,00:37:19,0.346,44.0,CAMPANHA_PILOTO_01
2026-08-05,00:37:20,0.346,44.0,CAMPANHA_PILOTO_01
2026-08-05,00:37:21,0.346,44.0,CAMPANHA_PILOTO_01
2026-08-05,00:37:22,0.346,44.0,CAMPANHA_PILOTO_01
2026-08-05,00:37:23,0.346,44.0,CAMPANHA_PILOTO_01
2026-08-05,00:37:24,0.346,43.9,CAMPANHA_PILOTO_01
2026-08-05,00:37:25,0.346,43.9,CAMPANHA_PILOTO_01
2026-08-05,00:37:26,0.346,43.9,CAMPANHA_PILOTO_01
2026-08-05,00:37:27,0.346,43.9,CAMPANHA_PILOTO_01
2026-08-05,00:37:28,0.346,43.9,CAMPANHA_PILOTO_01
2026-08-05,00:37:29,0.346,43.9,CAMPANHA_PILOTO_01
2026-08-05,00:37:30,0.346,43.9,CAMPANHA_PILOTO_01
2026-08-05,00:37:31,0.346,43.9,CAMPANHA_PILOTO_01
2026-08-05,00:37:32,0.346,43.9,CAMPANHA_PILOTO_01
2026-08-05,00:37:33,0.346,43.9,CAMPANHA_PILOTO_01
2026-08-05,00:37:34,0.345,43.9,CAMPANHA_PILOTO_01
2026-08-05,00:37:35,0.345,43.9,CAMPANHA_PILOTO_01
2026-08-05,00:37:36,0.345,43.9,CAMPANHA_PILOTO_01
2026-08-05,00:37:37,0.345,43.9,CAMPANHA_PILOTO_01
2026-08-05,00:37:38,0.345,43.8,CAMPANHA_PILOTO_01
2026-08-05,00:37:39,0.345,43.8,CAMPANHA_PILOTO_01
2026-08-05,00:37:40,0.345,43.8,CAMPANHA_PILOTO_01
2026-08-05,00:37:41,0.345,43.8,CAMPANHA_PILOTO_01
2026-08-05,00:37:42,0.345,43.8,CAMPANHA_PILOTO_01
2026-08-05,00:37:43,0.345,43.8,CAMPANHA_PILOTO_01
2026-08-05,00:37:44,0.345,43.8,CAMPANHA_PILOTO_01
2026-08-05,00:37:45,0.345,43.8,CAMPANHA_PILOTO_01
2026-08-05,00:37:46,0.345,43.8,CAMPANHA_PILOTO_01
2026-08-05,00:37:47,0.345,43.8,CAMPANHA_PILOTO_01
2026-08-05,00:37:48,0.345,43.8,CAMPANHA_PILOTO_01
2026-08-05,00:37:49,0.345,43.8,CAMPANHA_PILOTO_01
2026-08-05,00:37:50,0.345,43.8,CAMPANHA_PILOTO_01
2026-08-05,00:37:51,0.344,43.8,CAMPANHA_PILOTO_01
2026-08-05,00:37:52,0.344,43.7,CAMPANHA_PILOTO_01
2026-08-05,00:37:53,0.344,43.7,CAMPANHA_PILOTO_01
2026-08-05,00:37:54,0.344,43.7,CAMPANHA_PILOTO_01
2026-08-05,00:37:55,0.344,43.7,CAMPANHA_PILOTO_01
2026-08-05,00:37:56,0.344,43.7,CAMPANHA_PILOTO_01
2026-08-05,00:37:57,0.344,43.7,CAMPANHA_PILOTO_01
2026-08-05,00:37:58,0.344,43.7,CAMPANHA_PILOTO_01
2026-08-05,00:37:59,0.344,43.7,CAMPANHA_PILOTO_01
2026-08-05,00:38:00,0.344,43.7,CAMPANHA_PILOTO_01
2026-08-05,00:38:01,0.344,43.7,CAMPANHA_PILOTO_01
2026-08-05,00:38:02,0.344,43.7,CAMPANHA_PILOTO_01
2026-08-05,00:38:03,0.344,43.7,CAMPANHA_PILOTO_01
2026-08-05,00:38:04,0.344,43.7,CAMPANHA_PILOTO_01
2026-08-05,00:38:05,0.344,43.7,CAMPANHA_PILOTO_01
2026-08-05,00:38:06,0.344,43.6,CAMPANHA_PILOTO_01
2026-08-05,00:38:07,0.344,43.6,CAMPANHA_PILOTO_01
2026-08-05,00:38:08,0.344,43.6,CAMPANHA_PILOTO_01
2026-08-05,00:38:09,0.343,43.6,CAMPANHA_PILOTO_01
2026-08-05,00:38:10,0.343,43.6,CAMPANHA_PILOTO_01
2026-08-05,00:38:11,0.343,43.6,CAMPANHA_PILOTO_01
2026-08-05,00:38:12,0.343,43.6,CAMPANHA_PILOTO_01
2026-08-05,00:38:13,0.343,43.6,CAMPANHA_PILOTO_01
2026-08-05,00:38:14,0.343,43.6,CAMPANHA_PILOTO_01
2026-08-05,00:38:15,0.343,43.6,CAMPANHA_PILOTO_01
2026-08-05,00:38:16,0.343,43.6,CAMPANHA_PILOTO_01
2026-08-05,00:38:17,0.343,43.6,CAMPANHA_PILOTO_01
2026-08-05,00:38:18,0.343,43.6,CAMPANHA_PILOTO_01
2026-08-05,00:38:19,0.343,43.6,CAMPANHA_PILOTO_01
2026-08-05,00:38:20,0.343,43.5,CAMPANHA_PILOTO_01
2026-08-05,00:38:21,0.343,43.5,CAMPANHA_PILOTO_01
2026-08-05,00:38:22,0.343,43.5,CAMPANHA_PILOTO_01
2026-08-05,00:38:23,0.343,43.5,CAMPANHA_PILOTO_01
2026-08-05,00:38:24,0.343,43.5,CAMPANHA_PILOTO_01
2026-08-05,00:38:25,0.343,43.5,CAMPANHA_PILOTO_01
2026-08-05,00:38:26,0.343,43.5,CAMPANHA_PILOTO_01
2026-08-05,00:38:27,0.342,43.5,CAMPANHA_PILOTO_01
2026-08-05,00:38:28,0.342,43.5,CAMPANHA_PILOTO_01
2026-08-05,00:38:29,0.342,43.5,CAMPANHA_PILOTO_01
2026-08-05,00:38:30,0.342,43.5,CAMPANHA_PILOTO_01
2026-08-05,00:38:31,0.342,43.5,CAMPANHA_PILOTO_01
2026-08-05,00:38:32,0.342,43.5,CAMPANHA_PILOTO_01
2026-08-05,00:38:33,0.342,43.5,CAMPANHA_PILOTO_01
2026-08-05,00:38:34,0.342,43.4,CAMPANHA_PILOTO_01
2026-08-05,00:38:35,0.342,43.4,CAMPANHA_PILOTO_01
2026-08-05,00:38:36,0.342,43.4,CAMPANHA_PILOTO_01
2026-08-05,00:38:37,0.342,43.4,CAMPANHA_PILOTO_01
2026-08-05,00:38:38,0.342,43.4,CAMPANHA_PILOTO_01
2026-08-05,00:38:39,0.342,43.4,CAMPANHA_PILOTO_01
2026-08-05,00:38:40,0.342,43.4,CAMPANHA_PILOTO_01
2026-08-05,00:38:41,0.342,43.4,CAMPANHA_PILOTO_01
2026-08-05,00:38:42,0.342,43.4,CAMPANHA_PILOTO_01
2026-08-05,00:38:43,0.342,43.4,CAMPANHA_PILOTO_01
2026-08-05,00:38:44,0.342,43.4,CAMPANHA_PILOTO_01
2026-08-05,00:38:45,0.341,43.4,CAMPANHA_PILOTO_01
2026-08-05,00:38:46,0.341,43.4,CAMPANHA_PILOTO_01
2026-08-05,00:38:47,0.341,43.4,CAMPANHA_PILOTO_01
2026-08-05,00:38:48,0.341,43.3,CAMPANHA_PILOTO_01
2026-08-05,00:38:49,0.341,43.3,CAMPANHA_PILOTO_01
2026-08-05,00:38:50,0.341,43.3,CAMPANHA_PILOTO_01
2026-08-05,00:38:51,0.341,43.3,CAMPANHA_PILOTO_01
2026-08-05,00:38:52,0.341,43.3,CAMPANHA_PILOTO_01
2026-08-05,00:38:53,0.341,43.3,CAMPANHA_PILOTO_01
2026-08-05,00:38:54,0.341,43.3,CAMPANHA_PILOTO_01
2026-08-05,00:38:55,0.341,43.3,CAMPANHA_PILOTO_01
2026-08-05,00:38:56,0.341,43.3,CAMPANHA_PILOTO_01
2026-08-05,00:38:57,0.341,43.3,CAMPANHA_PILOTO_01
2026-08-05,00:38:58,0.341,43.3,CAMPANHA_PILOTO_01
2026-08-05,00:38:59,0.341,43.3,CAMPANHA_PILOTO_01
2026-08-05,00:39:00,0.341,43.3,CAMPANHA_PILOTO_01
2026-08-05,00:39:01,0.341,43.3,CAMPANHA_PILOTO_01
2026-08-05,00:39:02,0.341,43.2,CAMPANHA_PILOTO_01
2026-08-05,00:39:03,0.34,43.2,CAMPANHA_PILOTO_01
2026-08-05,00:39:04,0.34,43.2,CAMPANHA_PILOTO_01
2026-08-05,00:39:05,0.34,43.2,CAMPANHA_PILOTO_01
2026-08-05,00:39:06,0.34,43.2,CAMPANHA_PILOTO_01
2026-08-05,00:39:07,0.34,43.2,CAMPANHA_PILOTO_01
2026-08-05,00:39:08,0.34,43.2,CAMPANHA_PILOTO_01
2026-08-05,00:39:09,0.34,43.2,CAMPANHA_PILOTO_01
2026-08-05,00:39:10,0.34,43.2,CAMPANHA_PILOTO_01
2026-08-05,00:39:11,0.34,43.2,CAMPANHA_PILOTO_01
2026-08-05,00:39:12,0.34,43.2,CAMPANHA_PILOTO_01
2026-08-05,00:39:13,0.34,43.2,CAMPANHA_PILOTO_01
2026-08-05,00:39:14,0.34,43.2,CAMPANHA_PILOTO_01
2026-08-05,00:39:15,0.34,43.2,CAMPANHA_PILOTO_01
2026-08-05,00:39:16,0.34,43.2,CAMPANHA_PILOTO_01
2026-08-05,00:39:17,0.34,43.1,CAMPANHA_PILOTO_01
2026-08-05,00:39:18,0.34,43.1,CAMPANHA_PILOTO_01
2026-08-05,00:39:19,0.34,43.1,CAMPANHA_PILOTO_01
2026-08-05,00:39:20,0.34,43.1,CAMPANHA_PILOTO_01
2026-08-05,00:39:21,0.339,43.1,CAMPANHA_PILOTO_01
2026-08-05,00:39:22,0.339,43.1,CAMPANHA_PILOTO_01
2026-08-05,00:39:23,0.339,43.1,CAMPANHA_PILOTO_01
2026-08-05,00:39:24,0.339,43.1,CAMPANHA_PILOTO_01
2026-08-05,00:39:25,0.339,43.1,CAMPANHA_PILOTO_01
2026-08-05,00:39:26,0.339,43.1,CAMPANHA_PILOTO_01
2026-08-05,00:39:27,0.339,43.1,CAMPANHA_PILOTO_01
2026-08-05,00:39:28,0.339,43.1,CAMPANHA_PILOTO_01
2026-08-05,00:39:29,0.339,43.1,CAMPANHA_PILOTO_01
2026-08-05,00:39:30,0.339,43.1,CAMPANHA_PILOTO_01
2026-08-05,00:39:31,0.339,43.0,CAMPANHA_PILOTO_01
2026-08-05,00:39:32,0.339,43.0,CAMPANHA_PILOTO_01
2026-08-05,00:39:33,0.339,43.0,CAMPANHA_PILOTO_01
2026-08-05,00:39:34,0.339,43.0,CAMPANHA_PILOTO_01
2026-08-05,00:39:35,0.339,43.0,CAMPANHA_PILOTO_01
2026-08-05,00:39:36,0.339,43.0,CAMPANHA_PILOTO_01
2026-08-05,00:39:37,0.339,43.0,CAMPANHA_PILOTO_01
2026-08-05,00:39:38,0.339,43.0,CAMPANHA_PILOTO_01
2026-08-05,00:39:39,0.339,43.0,CAMPANHA_PILOTO_01
2026-08-05,00:39:40,0.338,43.0,CAMPANHA_PILOTO_01
2026-08-05,00:39:41,0.338,43.0,CAMPANHA_PILOTO_01
2026-08-05,00:39:42,0.338,43.0,CAMPANHA_PILOTO_01
2026-08-05,00:39:43,0.338,43.0,CAMPANHA_PILOTO_01
2026-08-05,00:39:44,0.338,43.0,CAMPANHA_PILOTO_01
2026-08-05,00:39:45,0.338,42.9,CAMPANHA_PILOTO_01
2026-08-05,00:39:46,0.338,42.9,CAMPANHA_PILOTO_01
2026-08-05,00:39:47,0.338,42.9,CAMPANHA_PILOTO_01
2026-08-05,00:39:48,0.338,42.9,CAMPANHA_PILOTO_01
2026-08-05,00:39:49,0.338,42.9,CAMPANHA_PILOTO_01
2026-08-05,00:39:50,0.338,42.9,CAMPANHA_PILOTO_01
2026-08-05,00:39:51,0.338,42.9,CAMPANHA_PILOTO_01
2026-08-05,00:39:52,0.338,42.9,CAMPANHA_PILOTO_01
2026-08-05,00:39:53,0.338,42.9,CAMPANHA_PILOTO_01
2026-08-05,00:39:54,0.338,42.9,CAMPANHA_PILOTO_01
2026-08-05,00:39:55,0.338,42.9,CAMPANHA_PILOTO_01
2026-08-05,00:39:56,0.338,42.9,CAMPANHA_PILOTO_01
2026-08-05,00:39:57,0.338,42.9,CAMPANHA_PILOTO_01
2026-08-05,00:39:58,0.337,42.9,CAMPANHA_PILOTO_01
2026-08-05,00:39:59,0.337,42.9,CAMPANHA_PILOTO_01
2026-08-05,00:40:00,0.337,42.8,CAMPANHA_PILOTO_01
2026-08-05,00:40:01,0.337,42.8,CAMPANHA_PILOTO_01
2026-08-05,00:40:02,0.337,42.8,CAMPANHA_PILOTO_01
2026-08-05,00:40:03,0.337,42.8,CAMPANHA_PILOTO_01
2026-08-05,00:40:04,0.337,42.8,CAMPANHA_PILOTO_01
2026-08-05,00:40:05,0.337,42.8,CAMPANHA_PILOTO_01
2026-08-05,00:40:06,0.337,42.8,CAMPANHA_PILOTO_01
2026-08-05,00:40:07,0.337,42.8,CAMPANHA_PILOTO_01
2026-08-05,00:40:08,0.337,42.8,CAMPANHA_PILOTO_01
2026-08-05,00:40:09,0.337,42.8,CAMPANHA_PILOTO_01
2026-08-05,00:40:10,0.337,42.8,CAMPANHA_PILOTO_01
2026-08-05,00:40:11,0.337,42.8,CAMPANHA_PILOTO_01
2026-08-05,00:40:12,0.337,42.8,CAMPANHA_PILOTO_01
2026-08-05,00:40:13,0.337,42.8,CAMPANHA_PILOTO_01
2026-08-05,00:40:14,0.337,42.8,CAMPANHA_PILOTO_01
2026-08-05,00:40:15,0.337,42.7,CAMPANHA_PILOTO_01
2026-08-05,00:40:16,0.337,42.7,CAMPANHA_PILOTO_01
2026-08-05,00:40:17,0.336,42.7,CAMPANHA_PILOTO_01
2026-08-05,00:40:18,0.336,42.7,CAMPANHA_PILOTO_01
2026-08-05,00:40:19,0.336,42.7,CAMPANHA_PILOTO_01
2026-08-05,00:40:20,0.336,42.7,CAMPANHA_PILOTO_01
2026-08-05,00:40:21,0.336,42.7,CAMPANHA_PILOTO_01
2026-08-05,00:40:22,0.336,42.7,CAMPANHA_PILOTO_01
2026-08-05,00:40:23,0.336,42.7,CAMPANHA_PILOTO_01
2026-08-05,00:40:24,0.336,42.7,CAMPANHA_PILOTO_01
2026-08-05,00:40:25,0.336,42.7,CAMPANHA_PILOTO_01
2026-08-05,00:40:26,0.336,42.7,CAMPANHA_PILOTO_01
2026-08-05,00:40:27,0.336,42.7,CAMPANHA_PILOTO_01
2026-08-05,00:40:28,0.336,42.7,CAMPANHA_PILOTO_01
2026-08-05,00:40:29,0.336,42.6,CAMPANHA_PILOTO_01
2026-08-05,00:40:30,0.336,42.6,CAMPANHA_PILOTO_01
2026-08-05,00:40:31,0.336,42.6,CAMPANHA_PILOTO_01
2026-08-05,00:40:32,0.336,42.6,CAMPANHA_PILOTO_01
2026-08-05,00:40:33,0.336,42.6,CAMPANHA_PILOTO_01
2026-08-05,00:40:34,0.336,42.6,CAMPANHA_PILOTO_01
2026-08-05,00:40:35,0.335,42.6,CAMPANHA_PILOTO_01
2026-08-05,00:40:36,0.335,42.6,CAMPANHA_PILOTO_01
2026-08-05,00:40:37,0.335,42.6,CAMPANHA_PILOTO_01
2026-08-05,00:40:38,0.335,42.6,CAMPANHA_PILOTO_01
2026-08-05,00:40:39,0.335,42.6,CAMPANHA_PILOTO_01
2026-08-05,00:40:40,0.335,42.6,CAMPANHA_PILOTO_01
2026-08-05,00:40:41,0.335,42.6,CAMPANHA_PILOTO_01
2026-08-05,00:40:42,0.335,42.6,CAMPANHA_PILOTO_01
2026-08-05,00:40:43,0.335,42.6,CAMPANHA_PILOTO_01
2026-08-05,00:40:44,0.335,42.5,CAMPANHA_PILOTO_01
2026-08-05,00:40:45,0.335,42.5,CAMPANHA_PILOTO_01
2026-08-05,00:40:46,0.335,42.5,CAMPANHA_PILOTO_01
2026-08-05,00:40:47,0.335,42.5,CAMPANHA_PILOTO_01
2026-08-05,00:40:48,0.335,42.5,CAMPANHA_PILOTO_01
2026-08-05,00:40:49,0.335,42.5,CAMPANHA_PILOTO_01
2026-08-05,00:40:50,0.335,42.5,CAMPANHA_PILOTO_01
2026-08-05,00:40:51,0.335,42.5,CAMPANHA_PILOTO_01
2026-08-05,00:40:52,0.335,42.5,CAMPANHA_PILOTO_01
2026-08-05,00:40:53,0.335,42.5,CAMPANHA_PILOTO_01
2026-08-05,00:40:54,0.334,42.5,CAMPANHA_PILOTO_01
2026-08-05,00:40:55,0.334,42.5,CAMPANHA_PILOTO_01
2026-08-05,00:40:56,0.334,42.5,CAMPANHA_PILOTO_01
2026-08-05,00:40:57,0.334,42.5,CAMPANHA_PILOTO_01
2026-08-05,00:40:58,0.334,42.4,CAMPANHA_PILOTO_01
2026-08-05,00:40:59,0.334,42.4,CAMPANHA_PILOTO_01
2026-08-05,00:41:00,0.334,42.4,CAMPANHA_PILOTO_01
2026-08-05,00:41:01,0.334,42.4,CAMPANHA_PILOTO_01
2026-08-05,00:41:02,0.334,42.4,CAMPANHA_PILOTO_01
2026-08-05,00:41:03,0.334,42.4,CAMPANHA_PILOTO_01
2026-08-05,00:41:04,0.334,42.4,CAMPANHA_PILOTO_01
2026-08-05,00:41:05,0.334,42.4,CAMPANHA_PILOTO_01
2026-08-05,00:41:06,0.334,42.4,CAMPANHA_PILOTO_01
2026-08-05,00:41:07,0.334,42.4,CAMPANHA_PILOTO_01
2026-08-05,00:41:08,0.334,42.4,CAMPANHA_PILOTO_01
2026-08-05,00:41:09,0.334,42.4,CAMPANHA_PILOTO_01
2026-08-05,00:41:10,0.334,42.4,CAMPANHA_PILOTO_01
2026-08-05,00:41:11,0.334,42.4,CAMPANHA_PILOTO_01
2026-08-05,00:41:12,0.334,42.4,CAMPANHA_PILOTO_01
2026-08-05,00:41:13,0.333,42.3,CAMPANHA_PILOTO_01
2026-08-05,00:41:14,0.333,42.3,CAMPANHA_PILOTO_01
2026-08-05,00:41:15,0.333,42.3,CAMPANHA_PILOTO_01
2026-08-05,00:41:16,0.333,42.3,CAMPANHA_PILOTO_01
2026-08-05,00:41:17,0.333,42.3,CAMPANHA_PILOTO_01
2026-08-05,00:41:18,0.333,42.3,CAMPANHA_PILOTO_01
2026-08-05,00:41:19,0.333,42.3,CAMPANHA_PILOTO_01
2026-08-05,00:41:20,0.333,42.3,CAMPANHA_PILOTO_01
2026-08-05,00:41:21,0.333,42.3,CAMPANHA_PILOTO_01
2026-08-05,00:41:22,0.333,42.3,CAMPANHA_PILOTO_01
2026-08-05,00:41:23,0.333,42.3,CAMPANHA_PILOTO_01
2026-08-05,00:41:24,0.333,42.3,CAMPANHA_PILOTO_01
2026-08-05,00:41:25,0.333,42.3,CAMPANHA_PILOTO_01
2026-08-05,00:41:26,0.333,42.3,CAMPANHA_PILOTO_01
2026-08-05,00:41:27,0.333,42.3,CAMPANHA_PILOTO_01
2026-08-05,00:41:28,0.333,42.2,CAMPANHA_PILOTO_01
2026-08-05,00:41:29,0.333,42.2,CAMPANHA_PILOTO_01
2026-08-05,00:41:30,0.333,42.2,CAMPANHA_PILOTO_01
2026-08-05,00:41:31,0.333,42.2,CAMPANHA_PILOTO_01
2026-08-05,00:41:32,0.332,42.2,CAMPANHA_PILOTO_01
2026-08-05,00:41:33,0.332,42.2,CAMPANHA_PILOTO_01
2026-08-05,00:41:34,0.332,42.2,CAMPANHA_PILOTO_01
2026-08-05,00:41:35,0.332,42.2,CAMPANHA_PILOTO_01
2026-08-05,00:41:36,0.332,42.2,CAMPANHA_PILOTO_01
2026-08-05,00:41:37,0.332,42.2,CAMPANHA_PILOTO_01
2026-08-05,00:41:38,0.332,42.2,CAMPANHA_PILOTO_01
2026-08-05,00:41:39,0.332,42.2,CAMPANHA_PILOTO_01
2026-08-05,00:41:40,0.332,42.2,CAMPANHA_PILOTO_01
2026-08-05,00:41:41,0.332,42.2,CAMPANHA_PILOTO_01
2026-08-05,00:41:42,0.332,42.2,CAMPANHA_PILOTO_01
2026-08-05,00:41:43,0.332,42.1,CAMPANHA_PILOTO_01
2026-08-05,00:41:44,0.332,42.1,CAMPANHA_PILOTO_01
2026-08-05,00:41:45,0.332,42.1,CAMPANHA_PILOTO_01
2026-08-05,00:41:46,0.332,42.1,CAMPANHA_PILOTO_01
2026-08-05,00:41:47,0.332,42.1,CAMPANHA_PILOTO_01
2026-08-05,00:41:48,0.332,42.1,CAMPANHA_PILOTO_01
2026-08-05,00:41:49,0.332,42.1,CAMPANHA_PILOTO_01
2026-08-05,00:41:50,0.332,42.1,CAMPANHA_PILOTO_01
2026-08-05,00:41:51,0.331,42.1,CAMPANHA_PILOTO_01
2026-08-05,00:41:52,0.331,42.1,CAMPANHA_PILOTO_01
2026-08-05,00:41:53,0.331,42.1,CAMPANHA_PILOTO_01
2026-08-05,00:41:54,0.331,42.1,CAMPANHA_PILOTO_01
2026-08-05,00:41:55,0.331,42.1,CAMPANHA_PILOTO_01
2026-08-05,00:41:56,0.331,42.1,CAMPANHA_PILOTO_01
2026-08-05,00:41:57,0.331,42.1,CAMPANHA_PILOTO_01
2026-08-05,00:41:58,0.331,42.0,CAMPANHA_PILOTO_01
2026-08-05,00:41:59,0.331,42.0,CAMPANHA_PILOTO_01
2026-08-05,00:42:00,0.331,42.0,CAMPANHA_PILOTO_01
2026-08-05,00:42:01,0.331,42.0,CAMPANHA_PILOTO_01
2026-08-05,00:42:02,0.331,42.0,CAMPANHA_PILOTO_01
2026-08-05,00:42:03,0.331,42.0,CAMPANHA_PILOTO_01
2026-08-05,00:42:04,0.331,42.0,CAMPANHA_PILOTO_01
2026-08-05,00:42:05,0.331,42.0,CAMPANHA_PILOTO_01
2026-08-05,00:42:06,0.331,42.0,CAMPANHA_PILOTO_01
2026-08-05,00:42:07,0.331,42.0,CAMPANHA_PILOTO_01
2026-08-05,00:42:08,0.331,42.0,CAMPANHA_PILOTO_01
2026-08-05,00:42:09,0.331,42.0,CAMPANHA_PILOTO_01
2026-08-05,00:42:10,0.33,42.0,CAMPANHA_PILOTO_01
2026-08-05,00:42:11,0.33,42.0,CAMPANHA_PILOTO_01
2026-08-05,00:42:12,0.33,42.0,CAMPANHA_PILOTO_01
2026-08-05,00:42:13,0.33,41.9,CAMPANHA_PILOTO_01
2026-08-05,00:42:14,0.33,41.9,CAMPANHA_PILOTO_01
2026-08-05,00:42:15,0.33,41.9,CAMPANHA_PILOTO_01
2026-08-05,00:42:16,0.33,41.9,CAMPANHA_PILOTO_01
2026-08-05,00:42:17,0.33,41.9,CAMPANHA_PILOTO_01
2026-08-05,00:42:18,0.33,41.9,CAMPANHA_PILOTO_01
2026-08-05,00:42:19,0.33,41.9,CAMPANHA_PILOTO_01
2026-08-05,00:42:20,0.33,41.9,CAMPANHA_PILOTO_01
2026-08-05,00:42:21,0.33,41.9,CAMPANHA_PILOTO_01
2026-08-05,00:42:22,0.33,41.9,CAMPANHA_PILOTO_01
2026-08-05,00:42:23,0.33,41.9,CAMPANHA_PILOTO_01
2026-08-05,00:42:24,0.33,41.9,CAMPANHA_PILOTO_01
2026-08-05,00:42:25,0.33,41.9,CAMPANHA_PILOTO_01
2026-08-05,00:42:26,0.33,41.9,CAMPANHA_PILOTO_01
2026-08-05,00:42:27,0.33,41.9,CAMPANHA_PILOTO_01
2026-08-05,00:42:28,0.33,41.9,CAMPANHA_PILOTO_01
2026-08-05,00:42:29,0.329,41.8,CAMPANHA_PILOTO_01
2026-08-05,00:42:30,0.329,41.8,CAMPANHA_PILOTO_01
2026-08-05,00:42:31,0.329,41.8,CAMPANHA_PILOTO_01
2026-08-05,00:42:32,0.329,41.8,CAMPANHA_PILOTO_01
2026-08-05,00:42:33,0.329,41.8,CAMPANHA_PILOTO_01
2026-08-05,00:42:34,0.329,41.8,CAMPANHA_PILOTO_01
2026-08-05,00:42:35,0.329,41.8,CAMPANHA_PILOTO_01
2026-08-05,00:42:36,0.329,41.8,CAMPANHA_PILOTO_01
2026-08-05,00:42:37,0.329,41.8,CAMPANHA_PILOTO_01
2026-08-05,00:42:38,0.329,41.8,CAMPANHA_PILOTO_01
2026-08-05,00:42:39,0.329,41.8,CAMPANHA_PILOTO_01
2026-08-05,00:42:40,0.329,41.8,CAMPANHA_PILOTO_01
2026-08-05,00:42:41,0.329,41.8,CAMPANHA_PILOTO_01
2026-08-05,00:42:42,0.329,41.8,CAMPANHA_PILOTO_01
2026-08-05,00:42:43,0.329,41.8,CAMPANHA_PILOTO_01
2026-08-05,00:42:44,0.329,41.7,CAMPANHA_PILOTO_01
2026-08-05,00:42:45,0.329,41.7,CAMPANHA_PILOTO_01
2026-08-05,00:42:46,0.329,41.7,CAMPANHA_PILOTO_01
2026-08-05,00:42:47,0.329,41.7,CAMPANHA_PILOTO_01
2026-08-05,00:42:48,0.328,41.7,CAMPANHA_PILOTO_01
2026-08-05,00:42:49,0.328,41.7,CAMPANHA_PILOTO_01
2026-08-05,00:42:50,0.328,41.7,CAMPANHA_PILOTO_01
2026-08-05,00:42:51,0.328,41.7,CAMPANHA_PILOTO_01
2026-08-05,00:42:52,0.328,41.7,CAMPANHA_PILOTO_01
2026-08-05,00:42:53,0.328,41.7,CAMPANHA_PILOTO_01
2026-08-05,00:42:54,0.328,41.7,CAMPANHA_PILOTO_01
2026-08-05,00:42:55,0.328,41.7,CAMPANHA_PILOTO_01
2026-08-05,00:42:56,0.328,41.7,CAMPANHA_PILOTO_01
2026-08-05,00:42:57,0.328,41.7,CAMPANHA_PILOTO_01
2026-08-05,00:42:58,0.328,41.7,CAMPANHA_PILOTO_01
2026-08-05,00:42:59,0.328,41.6,CAMPANHA_PILOTO_01
2026-08-05,00:43:00,0.328,41.6,CAMPANHA_PILOTO_01
2026-08-05,00:43:01,0.328,41.6,CAMPANHA_PILOTO_01
2026-08-05,00:43:02,0.328,41.6,CAMPANHA_PILOTO_01
2026-08-05,00:43:03,0.328,41.6,CAMPANHA_PILOTO_01
2026-08-05,00:43:04,0.328,41.6,CAMPANHA_PILOTO_01
2026-08-05,00:43:05,0.328,41.6,CAMPANHA_PILOTO_01
2026-08-05,00:43:06,0.328,41.6,CAMPANHA_PILOTO_01
2026-08-05,00:43:07,0.328,41.6,CAMPANHA_PILOTO_01
2026-08-05,00:43:08,0.327,41.6,CAMPANHA_PILOTO_01
2026-08-05,00:43:09,0.327,41.6,CAMPANHA_PILOTO_01
2026-08-05,00:43:10,0.327,41.6,CAMPANHA_PILOTO_01
2026-08-05,00:43:11,0.327,41.6,CAMPANHA_PILOTO_01
2026-08-05,00:43:12,0.327,41.6,CAMPANHA_PILOTO_01
2026-08-05,00:43:13,0.327,41.6,CAMPANHA_PILOTO_01
2026-08-05,00:43:14,0.327,41.6,CAMPANHA_PILOTO_01
2026-08-05,00:43:15,0.327,41.5,CAMPANHA_PILOTO_01
2026-08-05,00:43:16,0.327,41.5,CAMPANHA_PILOTO_01
2026-08-05,00:43:17,0.327,41.5,CAMPANHA_PILOTO_01
2026-08-05,00:43:18,0.327,41.5,CAMPANHA_PILOTO_01
2026-08-05,00:43:19,0.327,41.5,CAMPANHA_PILOTO_01
2026-08-05,00:43:20,0.327,41.5,CAMPANHA_PILOTO_01
2026-08-05,00:43:21,0.327,41.5,CAMPANHA_PILOTO_01
2026-08-05,00:43:22,0.327,41.5,CAMPANHA_PILOTO_01
2026-08-05,00:43:23,0.327,41.5,CAMPANHA_PILOTO_01
2026-08-05,00:43:24,0.327,41.5,CAMPANHA_PILOTO_01
2026-08-05,00:43:25,0.327,41.5,CAMPANHA_PILOTO_01
2026-08-05,00:43:26,0.327,41.5,CAMPANHA_PILOTO_01
2026-08-05,00:43:27,0.327,41.5,CAMPANHA_PILOTO_01
2026-08-05,00:43:28,0.326,41.5,CAMPANHA_PILOTO_01
2026-08-05,00:43:29,0.326,41.5,CAMPANHA_PILOTO_01
2026-08-05,00:43:30,0.326,41.4,CAMPANHA_PILOTO_01
2026-08-05,00:43:31,0.326,41.4,CAMPANHA_PILOTO_01
2026-08-05,00:43:32,0.326,41.4,CAMPANHA_PILOTO_01
2026-08-05,00:43:33,0.326,41.4,CAMPANHA_PILOTO_01
2026-08-05,00:43:34,0.326,41.4,CAMPANHA_PILOTO_01
2026-08-05,00:43:35,0.326,41.4,CAMPANHA_PILOTO_01
2026-08-05,00:43:36,0.326,41.4,CAMPANHA_PILOTO_01
2026-08-05,00:43:37,0.326,41.4,CAMPANHA_PILOTO_01
2026-08-05,00:43:38,0.326,41.4,CAMPANHA_PILOTO_01
2026-08-05,00:43:39,0.326,41.4,CAMPANHA_PILOTO_01
2026-08-05,00:43:40,0.326,41.4,CAMPANHA_PILOTO_01
2026-08-05,00:43:41,0.326,41.4,CAMPANHA_PILOTO_01
2026-08-05,00:43:42,0.326,41.4,CAMPANHA_PILOTO_01
2026-08-05,00:43:43,0.326,41.4,CAMPANHA_PILOTO_01
2026-08-05,00:43:44,0.326,41.4,CAMPANHA_PILOTO_01
2026-08-05,00:43:45,0.326,41.4,CAMPANHA_PILOTO_01
2026-08-05,00:43:46,0.326,41.3,CAMPANHA_PILOTO_01
2026-08-05,00:43:47,0.326,41.3,CAMPANHA_PILOTO_01
2026-08-05,00:43:48,0.325,41.3,CAMPANHA_PILOTO_01
2026-08-05,00:43:49,0.325,41.3,CAMPANHA_PILOTO_01
2026-08-05,00:43:50,0.325,41.3,CAMPANHA_PILOTO_01
2026-08-05,00:43:51,0.325,41.3,CAMPANHA_PILOTO_01
2026-08-05,00:43:52,0.325,41.3,CAMPANHA_PILOTO_01
2026-08-05,00:43:53,0.325,41.3,CAMPANHA_PILOTO_01
2026-08-05,00:43:54,0.325,41.3,CAMPANHA_PILOTO_01
2026-08-05,00:43:55,0.325,41.3,CAMPANHA_PILOTO_01
2026-08-05,00:43:56,0.325,41.3,CAMPANHA_PILOTO_01
2026-08-05,00:43:57,0.325,41.3,CAMPANHA_PILOTO_01
2026-08-05,00:43:58,0.325,41.3,CAMPANHA_PILOTO_01
2026-08-05,00:43:59,0.325,41.3,CAMPANHA_PILOTO_01
2026-08-05,00:44:00,0.325,41.3,CAMPANHA_PILOTO_01
2026-08-05,00:44:01,0.325,41.2,CAMPANHA_PILOTO_01
2026-08-05,00:44:02,0.325,41.2,CAMPANHA_PILOTO_01
2026-08-05,00:44:03,0.325,41.2,CAMPANHA_PILOTO_01
2026-08-05,00:44:04,0.325,41.2,CAMPANHA_PILOTO_01
2026-08-05,00:44:05,0.325,41.2,CAMPANHA_PILOTO_01
2026-08-05,00:44:06,0.325,41.2,CAMPANHA_PILOTO_01
2026-08-05,00:44:07,0.324,41.2,CAMPANHA_PILOTO_01
2026-08-05,00:44:08,0.324,41.2,CAMPANHA_PILOTO_01
2026-08-05,00:44:09,0.324,41.2,CAMPANHA_PILOTO_01
2026-08-05,00:44:10,0.324,41.2,CAMPANHA_PILOTO_01
2026-08-05,00:44:11,0.324,41.2,CAMPANHA_PILOTO_01
2026-08-05,00:44:12,0.324,41.2,CAMPANHA_PILOTO_01
2026-08-05,00:44:13,0.324,41.2,CAMPANHA_PILOTO_01
2026-08-05,00:44:14,0.324,41.2,CAMPANHA_PILOTO_01
2026-08-05,00:44:15,0.324,41.2,CAMPANHA_PILOTO_01
2026-08-05,00:44:16,0.324,41.2,CAMPANHA_PILOTO_01
2026-08-05,00:44:17,0.324,41.1,CAMPANHA_PILOTO_01
2026-08-05,00:44:18,0.324,41.1,CAMPANHA_PILOTO_01
2026-08-05,00:44:19,0.324,41.1,CAMPANHA_PILOTO_01
2026-08-05,00:44:20,0.324,41.1,CAMPANHA_PILOTO_01
2026-08-05,00:44:21,0.324,41.1,CAMPANHA_PILOTO_01
2026-08-05,00:44:22,0.324,41.1,CAMPANHA_PILOTO_01
2026-08-05,00:44:23,0.324,41.1,CAMPANHA_PILOTO_01
2026-08-05,00:44:24,0.324,41.1,CAMPANHA_PILOTO_01
2026-08-05,00:44:25,0.324,41.1,CAMPANHA_PILOTO_01
2026-08-05,00:44:26,0.324,41.1,CAMPANHA_PILOTO_01
2026-08-05,00:44:27,0.323,41.1,CAMPANHA_PILOTO_01
2026-08-05,00:44:28,0.323,41.1,CAMPANHA_PILOTO_01
2026-08-05,00:44:29,0.323,41.1,CAMPANHA_PILOTO_01
2026-08-05,00:44:30,0.323,41.1,CAMPANHA_PILOTO_01
2026-08-05,00:44:31,0.323,41.1,CAMPANHA_PILOTO_01
2026-08-05,00:44:32,0.323,41.1,CAMPANHA_PILOTO_01
2026-08-05,00:44:33,0.323,41.0,CAMPANHA_PILOTO_01
2026-08-05,00:44:34,0.323,41.0,CAMPANHA_PILOTO_01
2026-08-05,00:44:35,0.323,41.0,CAMPANHA_PILOTO_01
2026-08-05,00:44:36,0.323,41.0,CAMPANHA_PILOTO_01
2026-08-05,00:44:37,0.323,41.0,CAMPANHA_PILOTO_01
2026-08-05,00:44:38,0.323,41.0,CAMPANHA_PILOTO_01
2026-08-05,00:44:39,0.323,41.0,CAMPANHA_PILOTO_01
2026-08-05,00:44:40,0.323,41.0,CAMPANHA_PILOTO_01
2026-08-05,00:44:41,0.323,41.0,CAMPANHA_PILOTO_01
2026-08-05,00:44:42,0.323,41.0,CAMPANHA_PILOTO_01
2026-08-05,00:44:43,0.323,41.0,CAMPANHA_PILOTO_01
2026-08-05,00:44:44,0.323,41.0,CAMPANHA_PILOTO_01
2026-08-05,00:44:45,0.323,41.0,CAMPANHA_PILOTO_01
2026-08-05,00:44:46,0.323,41.0,CAMPANHA_PILOTO_01
2026-08-05,00:44:47,0.322,41.0,CAMPANHA_PILOTO_01
2026-08-05,00:44:48,0.322,41.0,CAMPANHA_PILOTO_01
2026-08-05,00:44:49,0.322,40.9,CAMPANHA_PILOTO_01
2026-08-05,00:44:50,0.322,40.9,CAMPANHA_PILOTO_01
2026-08-05,00:44:51,0.322,40.9,CAMPANHA_PILOTO_01
2026-08-05,00:44:52,0.322,40.9,CAMPANHA_PILOTO_01
2026-08-05,00:44:53,0.322,40.9,CAMPANHA_PILOTO_01
2026-08-05,00:44:54,0.322,40.9,CAMPANHA_PILOTO_01
2026-08-05,00:44:55,0.322,40.9,CAMPANHA_PILOTO_01
2026-08-05,00:44:56,0.322,40.9,CAMPANHA_PILOTO_01
2026-08-05,00:44:57,0.322,40.9,CAMPANHA_PILOTO_01
2026-08-05,00:44:58,0.322,40.9,CAMPANHA_PILOTO_01
2026-08-05,00:44:59,0.322,40.9,CAMPANHA_PILOTO_01
2026-08-05,00:45:00,0.322,40.9,CAMPANHA_PILOTO_01
2026-08-05,00:45:01,0.322,40.9,CAMPANHA_PILOTO_01
2026-08-05,00:45:02,0.322,40.9,CAMPANHA_PILOTO_01
2026-08-05,00:45:03,0.322,40.9,CAMPANHA_PILOTO_01
2026-08-05,00:45:04,0.322,40.9,CAMPANHA_PILOTO_01
2026-08-05,00:45:05,0.322,40.8,CAMPANHA_PILOTO_01
2026-08-05,00:45:06,0.322,40.8,CAMPANHA_PILOTO_01
2026-08-05,00:45:07,0.322,40.8,CAMPANHA_PILOTO_01
2026-08-05,00:45:08,0.321,40.8,CAMPANHA_PILOTO_01
2026-08-05,00:45:09,0.321,40.8,CAMPANHA_PILOTO_01
2026-08-05,00:45:10,0.321,40.8,CAMPANHA_PILOTO_01
2026-08-05,00:45:11,0.321,40.8,CAMPANHA_PILOTO_01
2026-08-05,00:45:12,0.321,40.8,CAMPANHA_PILOTO_01
2026-08-05,00:45:13,0.321,40.8,CAMPANHA_PILOTO_01
2026-08-05,00:45:14,0.321,40.8,CAMPANHA_PILOTO_01
2026-08-05,00:45:15,0.321,40.8,CAMPANHA_PILOTO_01
2026-08-05,00:45:16,0.321,40.8,CAMPANHA_PILOTO_01
2026-08-05,00:45:17,0.321,40.8,CAMPANHA_PILOTO_01
2026-08-05,00:45:18,0.321,40.8,CAMPANHA_PILOTO_01
2026-08-05,00:45:19,0.321,40.8,CAMPANHA_PILOTO_01
2026-08-05,00:45:20,0.321,40.8,CAMPANHA_PILOTO_01
2026-08-05,00:45:21,0.321,40.7,CAMPANHA_PILOTO_01
2026-08-05,00:45:22,0.321,40.7,CAMPANHA_PILOTO_01
2026-08-05,00:45:23,0.321,40.7,CAMPANHA_PILOTO_01
2026-08-05,00:45:24,0.321,40.7,CAMPANHA_PILOTO_01
2026-08-05,00:45:25,0.321,40.7,CAMPANHA_PILOTO_01
2026-08-05,00:45:26,0.321,40.7,CAMPANHA_PILOTO_01
2026-08-05,00:45:27,0.321,40.7,CAMPANHA_PILOTO_01
2026-08-05,00:45:28,0.32,40.7,CAMPANHA_PILOTO_01
2026-08-05,00:45:29,0.32,40.7,CAMPANHA_PILOTO_01
2026-08-05,00:45:30,0.32,40.7,CAMPANHA_PILOTO_01
2026-08-05,00:45:31,0.32,40.7,CAMPANHA_PILOTO_01
2026-08-05,00:45:32,0.32,40.7,CAMPANHA_PILOTO_01
2026-08-05,00:45:33,0.32,40.7,CAMPANHA_PILOTO_01
2026-08-05,00:45:34,0.32,40.7,CAMPANHA_PILOTO_01
2026-08-05,00:45:35,0.32,40.7,CAMPANHA_PILOTO_01
2026-08-05,00:45:36,0.32,40.7,CAMPANHA_PILOTO_01
2026-08-05,00:45:37,0.32,40.6,CAMPANHA_PILOTO_01
2026-08-05,00:45:38,0.32,40.6,CAMPANHA_PILOTO_01
2026-08-05,00:45:39,0.32,40.6,CAMPANHA_PILOTO_01
2026-08-05,00:45:40,0.32,40.6,CAMPANHA_PILOTO_01
2026-08-05,00:45:41,0.32,40.6,CAMPANHA_PILOTO_01
2026-08-05,00:45:42,0.32,40.6,CAMPANHA_PILOTO_01
2026-08-05,00:45:43,0.32,40.6,CAMPANHA_PILOTO_01
2026-08-05,00:45:44,0.32,40.6,CAMPANHA_PILOTO_01
2026-08-05,00:45:45,0.32,40.6,CAMPANHA_PILOTO_01
2026-08-05,00:45:46,0.32,40.6,CAMPANHA_PILOTO_01
2026-08-05,00:45:47,0.32,40.6,CAMPANHA_PILOTO_01
2026-08-05,00:45:48,0.32,40.6,CAMPANHA_PILOTO_01
2026-08-05,00:45:49,0.319,40.6,CAMPANHA_PILOTO_01
2026-08-05,00:45:50,0.319,40.6,CAMPANHA_PILOTO_01
2026-08-05,00:45:51,0.319,40.6,CAMPANHA_PILOTO_01
2026-08-05,00:45:52,0.319,40.6,CAMPANHA_PILOTO_01
2026-08-05,00:45:53,0.319,40.5,CAMPANHA_PILOTO_01
2026-08-05,00:45:54,0.319,40.5,CAMPANHA_PILOTO_01
2026-08-05,00:45:55,0.319,40.5,CAMPANHA_PILOTO_01
2026-08-05,00:45:56,0.319,40.5,CAMPANHA_PILOTO_01
2026-08-05,00:45:57,0.319,40.5,CAMPANHA_PILOTO_01
2026-08-05,00:45:58,0.319,40.5,CAMPANHA_PILOTO_01
2026-08-05,00:45:59,0.319,40.5,CAMPANHA_PILOTO_01
2026-08-05,00:46:00,0.319,40.5,CAMPANHA_PILOTO_01
2026-08-05,00:46:01,0.319,40.5,CAMPANHA_PILOTO_01
2026-08-05,00:46:02,0.319,40.5,CAMPANHA_PILOTO_01
2026-08-05,00:46:03,0.319,40.5,CAMPANHA_PILOTO_01
2026-08-05,00:46:04,0.319,40.5,CAMPANHA_PILOTO_01
2026-08-05,00:46:05,0.319,40.5,CAMPANHA_PILOTO_01
2026-08-05,00:46:06,0.319,40.5,CAMPANHA_PILOTO_01
2026-08-05,00:46:07,0.319,40.5,CAMPANHA_PILOTO_01
2026-08-05,00:46:08,0.319,40.5,CAMPANHA_PILOTO_01
2026-08-05,00:46:09,0.318,40.4,CAMPANHA_PILOTO_01
2026-08-05,00:46:10,0.318,40.4,CAMPANHA_PILOTO_01
2026-08-05,00:46:11,0.318,40.4,CAMPANHA_PILOTO_01
2026-08-05,00:46:12,0.318,40.4,CAMPANHA_PILOTO_01
2026-08-05,00:46:13,0.318,40.4,CAMPANHA_PILOTO_01
2026-08-05,00:46:14,0.318,40.4,CAMPANHA_PILOTO_01
2026-08-05,00:46:15,0.318,40.4,CAMPANHA_PILOTO_01
2026-08-05,00:46:16,0.318,40.4,CAMPANHA_PILOTO_01
2026-08-05,00:46:17,0.318,40.4,CAMPANHA_PILOTO_01
2026-08-05,00:46:18,0.318,40.4,CAMPANHA_PILOTO_01
2026-08-05,00:46:19,0.318,40.4,CAMPANHA_PILOTO_01
2026-08-05,00:46:20,0.318,40.4,CAMPANHA_PILOTO_01
2026-08-05,00:46:21,0.318,40.4,CAMPANHA_PILOTO_01
2026-08-05,00:46:22,0.318,40.4,CAMPANHA_PILOTO_01
2026-08-05,00:46:23,0.318,40.4,CAMPANHA_PILOTO_01
2026-08-05,00:46:24,0.318,40.4,CAMPANHA_PILOTO_01
2026-08-05,00:46:25,0.318,40.4,CAMPANHA_PILOTO_01
2026-08-05,00:46:26,0.318,40.3,CAMPANHA_PILOTO_01
2026-08-05,00:46:27,0.318,40.3,CAMPANHA_PILOTO_01
2026-08-05,00:46:28,0.318,40.3,CAMPANHA_PILOTO_01
2026-08-05,00:46:29,0.318,40.3,CAMPANHA_PILOTO_01
2026-08-05,00:46:30,0.317,40.3,CAMPANHA_PILOTO_01
2026-08-05,00:46:31,0.317,40.3,CAMPANHA_PILOTO_01
2026-08-05,00:46:32,0.317,40.3,CAMPANHA_PILOTO_01
2026-08-05,00:46:33,0.317,40.3,CAMPANHA_PILOTO_01
2026-08-05,00:46:34,0.317,40.3,CAMPANHA_PILOTO_01
2026-08-05,00:46:35,0.317,40.3,CAMPANHA_PILOTO_01
2026-08-05,00:46:36,0.317,40.3,CAMPANHA_PILOTO_01
2026-08-05,00:46:37,0.317,40.3,CAMPANHA_PILOTO_01
2026-08-05,00:46:38,0.317,40.3,CAMPANHA_PILOTO_01
2026-08-05,00:46:39,0.317,40.3,CAMPANHA_PILOTO_01
2026-08-05,00:46:40,0.317,40.3,CAMPANHA_PILOTO_01
2026-08-05,00:46:41,0.317,40.3,CAMPANHA_PILOTO_01
2026-08-05,00:46:42,0.317,40.2,CAMPANHA_PILOTO_01
2026-08-05,00:46:43,0.317,40.2,CAMPANHA_PILOTO_01
2026-08-05,00:46:44,0.317,40.2,CAMPANHA_PILOTO_01
2026-08-05,00:46:45,0.317,40.2,CAMPANHA_PILOTO_01
2026-08-05,00:46:46,0.317,40.2,CAMPANHA_PILOTO_01
2026-08-05,00:46:47,0.317,40.2,CAMPANHA_PILOTO_01
2026-08-05,00:46:48,0.317,40.2,CAMPANHA_PILOTO_01
2026-08-05,00:46:49,0.317,40.2,CAMPANHA_PILOTO_01
2026-08-05,00:46:50,0.317,40.2,CAMPANHA_PILOTO_01
2026-08-05,00:46:51,0.316,40.2,CAMPANHA_PILOTO_01
2026-08-05,00:46:52,0.316,40.2,CAMPANHA_PILOTO_01
2026-08-05,00:46:53,0.316,40.2,CAMPANHA_PILOTO_01
2026-08-05,00:46:54,0.316,40.2,CAMPANHA_PILOTO_01
2026-08-05,00:46:55,0.316,40.2,CAMPANHA_PILOTO_01
2026-08-05,00:46:56,0.316,40.2,CAMPANHA_PILOTO_01
2026-08-05,00:46:57,0.316,40.2,CAMPANHA_PILOTO_01
2026-08-05,00:46:58,0.316,40.2,CAMPANHA_PILOTO_01
2026-08-05,00:46:59,0.316,40.1,CAMPANHA_PILOTO_01
2026-08-05,00:47:00,0.316,40.1,CAMPANHA_PILOTO_01
2026-08-05,00:47:01,0.316,40.1,CAMPANHA_PILOTO_01
2026-08-05,00:47:02,0.316,40.1,CAMPANHA_PILOTO_01
2026-08-05,00:47:03,0.316,40.1,CAMPANHA_PILOTO_01
2026-08-05,00:47:04,0.316,40.1,CAMPANHA_PILOTO_01
2026-08-05,00:47:05,0.316,40.1,CAMPANHA_PILOTO_01
2026-08-05,00:47:06,0.316,40.1,CAMPANHA_PILOTO_01
2026-08-05,00:47:07,0.316,40.1,CAMPANHA_PILOTO_01
2026-08-05,00:47:08,0.316,40.1,CAMPANHA_PILOTO_01
2026-08-05,00:47:09,0.316,40.1,CAMPANHA_PILOTO_01
2026-08-05,00:47:10,0.316,40.1,CAMPANHA_PILOTO_01
2026-08-05,00:47:11,0.316,40.1,CAMPANHA_PILOTO_01
2026-08-05,00:47:12,0.315,40.1,CAMPANHA_PILOTO_01
2026-08-05,00:47:13,0.315,40.1,CAMPANHA_PILOTO_01
2026-08-05,00:47:14,0.315,40.1,CAMPANHA_PILOTO_01
2026-08-05,00:47:15,0.315,40.0,CAMPANHA_PILOTO_01
2026-08-05,00:47:16,0.315,40.0,CAMPANHA_PILOTO_01
2026-08-05,00:47:17,0.315,40.0,CAMPANHA_PILOTO_01
2026-08-05,00:47:18,0.315,40.0,CAMPANHA_PILOTO_01
2026-08-05,00:47:19,0.315,40.0,CAMPANHA_PILOTO_01
2026-08-05,00:47:20,0.315,40.0,CAMPANHA_PILOTO_01
2026-08-05,00:47:21,0.315,40.0,CAMPANHA_PILOTO_01
2026-08-05,00:47:22,0.315,40.0,CAMPANHA_PILOTO_01
2026-08-05,00:47:23,0.315,40.0,CAMPANHA_PILOTO_01
2026-08-05,00:47:24,0.315,40.0,CAMPANHA_PILOTO_01
2026-08-05,00:47:25,0.315,40.0,CAMPANHA_PILOTO_01
2026-08-05,00:47:26,0.315,40.0,CAMPANHA_PILOTO_01
2026-08-05,00:47:27,0.315,40.0,CAMPANHA_PILOTO_01
2026-08-05,00:47:28,0.315,40.0,CAMPANHA_PILOTO_01
2026-08-05,00:47:29,0.315,40.0,CAMPANHA_PILOTO_01
2026-08-05,00:47:30,0.315,40.0,CAMPANHA_PILOTO_01
2026-08-05,00:47:31,0.315,40.0,CAMPANHA_PILOTO_01
2026-08-05,00:47:32,0.315,39.9,CAMPANHA_PILOTO_01
2026-08-05,00:47:33,0.314,39.9,CAMPANHA_PILOTO_01
2026-08-05,00:47:34,0.314,39.9,CAMPANHA_PILOTO_01
2026-08-05,00:47:35,0.314,39.9,CAMPANHA_PILOTO_01
2026-08-05,00:47:36,0.314,39.9,CAMPANHA_PILOTO_01
2026-08-05,00:47:37,0.314,39.9,CAMPANHA_PILOTO_01
2026-08-05,00:47:38,0.314,39.9,CAMPANHA_PILOTO_01
2026-08-05,00:47:39,0.314,39.9,CAMPANHA_PILOTO_01
2026-08-05,00:47:40,0.314,39.9,CAMPANHA_PILOTO_01
2026-08-05,00:47:41,0.314,39.9,CAMPANHA_PILOTO_01
2026-08-05,00:47:42,0.314,39.9,CAMPANHA_PILOTO_01
2026-08-05,00:47:43,0.314,39.9,CAMPANHA_PILOTO_01
2026-08-05,00:47:44,0.314,39.9,CAMPANHA_PILOTO_01
2026-08-05,00:47:45,0.314,39.9,CAMPANHA_PILOTO_01
2026-08-05,00:47:46,0.314,39.9,CAMPANHA_PILOTO_01
2026-08-05,00:47:47,0.314,39.9,CAMPANHA_PILOTO_01
2026-08-05,00:47:48,0.314,39.8,CAMPANHA_PILOTO_01
2026-08-05,00:47:49,0.314,39.8,CAMPANHA_PILOTO_01
2026-08-05,00:47:50,0.314,39.8,CAMPANHA_PILOTO_01
2026-08-05,00:47:51,0.314,39.8,CAMPANHA_PILOTO_01
2026-08-05,00:47:52,0.314,39.8,CAMPANHA_PILOTO_01
2026-08-05,00:47:53,0.314,39.8,CAMPANHA_PILOTO_01
2026-08-05,00:47:54,0.314,39.8,CAMPANHA_PILOTO_01
2026-08-05,00:47:55,0.313,39.8,CAMPANHA_PILOTO_01
2026-08-05,00:47:56,0.313,39.8,CAMPANHA_PILOTO_01
2026-08-05,00:47:57,0.313,39.8,CAMPANHA_PILOTO_01
2026-08-05,00:47:58,0.313,39.8,CAMPANHA_PILOTO_01
2026-08-05,00:47:59,0.313,39.8,CAMPANHA_PILOTO_01
2026-08-05,00:48:00,0.313,39.8,CAMPANHA_PILOTO_01
2026-08-05,00:48:01,0.313,39.8,CAMPANHA_PILOTO_01
2026-08-05,00:48:02,0.313,39.8,CAMPANHA_PILOTO_01
2026-08-05,00:48:03,0.313,39.8,CAMPANHA_PILOTO_01
2026-08-05,00:48:04,0.313,39.8,CAMPANHA_PILOTO_01
2026-08-05,00:48:05,0.313,39.7,CAMPANHA_PILOTO_01
2026-08-05,00:48:06,0.313,39.7,CAMPANHA_PILOTO_01
2026-08-05,00:48:07,0.313,39.7,CAMPANHA_PILOTO_01
2026-08-05,00:48:08,0.313,39.7,CAMPANHA_PILOTO_01
2026-08-05,00:48:09,0.313,39.7,CAMPANHA_PILOTO_01
2026-08-05,00:48:10,0.313,39.7,CAMPANHA_PILOTO_01
2026-08-05,00:48:11,0.313,39.7,CAMPANHA_PILOTO_01
2026-08-05,00:48:12,0.313,39.7,CAMPANHA_PILOTO_01
2026-08-05,00:48:13,0.313,39.7,CAMPANHA_PILOTO_01
2026-08-05,00:48:14,0.313,39.7,CAMPANHA_PILOTO_01
2026-08-05,00:48:15,0.313,39.7,CAMPANHA_PILOTO_01
2026-08-05,00:48:16,0.312,39.7,CAMPANHA_PILOTO_01
2026-08-05,00:48:17,0.312,39.7,CAMPANHA_PILOTO_01
2026-08-05,00:48:18,0.312,39.7,CAMPANHA_PILOTO_01
2026-08-05,00:48:19,0.312,39.7,CAMPANHA_PILOTO_01
2026-08-05,00:48:20,0.312,39.7,CAMPANHA_PILOTO_01
2026-08-05,00:48:21,0.312,39.7,CAMPANHA_PILOTO_01
2026-08-05,00:48:22,0.312,39.6,CAMPANHA_PILOTO_01
2026-08-05,00:48:23,0.312,39.6,CAMPANHA_PILOTO_01
2026-08-05,00:48:24,0.312,39.6,CAMPANHA_PILOTO_01
2026-08-05,00:48:25,0.312,39.6,CAMPANHA_PILOTO_01
2026-08-05,00:48:26,0.312,39.6,CAMPANHA_PILOTO_01
2026-08-05,00:48:27,0.312,39.6,CAMPANHA_PILOTO_01
2026-08-05,00:48:28,0.312,39.6,CAMPANHA_PILOTO_01
2026-08-05,00:48:29,0.312,39.6,CAMPANHA_PILOTO_01
2026-08-05,00:48:30,0.312,39.6,CAMPANHA_PILOTO_01
2026-08-05,00:48:31,0.312,39.6,CAMPANHA_PILOTO_01
2026-08-05,00:48:32,0.312,39.6,CAMPANHA_PILOTO_01
2026-08-05,00:48:33,0.312,39.6,CAMPANHA_PILOTO_01
2026-08-05,00:48:34,0.312,39.6,CAMPANHA_PILOTO_01
2026-08-05,00:48:35,0.312,39.6,CAMPANHA_PILOTO_01
2026-08-05,00:48:36,0.312,39.6,CAMPANHA_PILOTO_01
2026-08-05,00:48:37,0.312,39.6,CAMPANHA_PILOTO_01
2026-08-05,00:48:38,0.311,39.6,CAMPANHA_PILOTO_01
2026-08-05,00:48:39,0.311,39.5,CAMPANHA_PILOTO_01
2026-08-05,00:48:40,0.311,39.5,CAMPANHA_PILOTO_01
2026-08-05,00:48:41,0.311,39.5,CAMPANHA_PILOTO_01
2026-08-05,00:48:42,0.311,39.5,CAMPANHA_PILOTO_01
2026-08-05,00:48:43,0.311,39.5,CAMPANHA_PILOTO_01
2026-08-05,00:48:44,0.311,39.5,CAMPANHA_PILOTO_01
2026-08-05,00:48:45,0.311,39.5,CAMPANHA_PILOTO_01
2026-08-05,00:48:46,0.311,39.5,CAMPANHA_PILOTO_01
2026-08-05,00:48:47,0.311,39.5,CAMPANHA_PILOTO_01
2026-08-05,00:48:48,0.311,39.5,CAMPANHA_PILOTO_01
2026-08-05,00:48:49,0.311,39.5,CAMPANHA_PILOTO_01
2026-08-05,00:48:50,0.311,39.5,CAMPANHA_PILOTO_01
2026-08-05,00:48:51,0.311,39.5,CAMPANHA_PILOTO_01
2026-08-05,00:48:52,0.311,39.5,CAMPANHA_PILOTO_01
2026-08-05,00:48:53,0.311,39.5,CAMPANHA_PILOTO_01
2026-08-05,00:48:54,0.311,39.5,CAMPANHA_PILOTO_01
2026-08-05,00:48:55,0.311,39.5,CAMPANHA_PILOTO_01
2026-08-05,00:48:56,0.311,39.4,CAMPANHA_PILOTO_01
2026-08-05,00:48:57,0.311,39.4,CAMPANHA_PILOTO_01
2026-08-05,00:48:58,0.311,39.4,CAMPANHA_PILOTO_01
2026-08-05,00:48:59,0.31,39.4,CAMPANHA_PILOTO_01
2026-08-05,00:49:00,0.31,39.4,CAMPANHA_PILOTO_01
2026-08-05,00:49:01,0.31,39.4,CAMPANHA_PILOTO_01
2026-08-05,00:49:02,0.31,39.4,CAMPANHA_PILOTO_01
2026-08-05,00:49:03,0.31,39.4,CAMPANHA_PILOTO_01
2026-08-05,00:49:04,0.31,39.4,CAMPANHA_PILOTO_01
2026-08-05,00:49:05,0.31,39.4,CAMPANHA_PILOTO_01
2026-08-05,00:49:06,0.31,39.4,CAMPANHA_PILOTO_01
2026-08-05,00:49:07,0.31,39.4,CAMPANHA_PILOTO_01
2026-08-05,00:49:08,0.31,39.4,CAMPANHA_PILOTO_01
2026-08-05,00:49:09,0.31,39.4,CAMPANHA_PILOTO_01
2026-08-05,00:49:10,0.31,39.4,CAMPANHA_PILOTO_01
2026-08-05,00:49:11,0.31,39.4,CAMPANHA_PILOTO_01
2026-08-05,00:49:12,0.31,39.4,CAMPANHA_PILOTO_01
2026-08-05,00:49:13,0.31,39.4,CAMPANHA_PILOTO_01
2026-08-05,00:49:14,0.31,39.3,CAMPANHA_PILOTO_01
2026-08-05,00:49:15,0.31,39.3,CAMPANHA_PILOTO_01
2026-08-05,00:49:16,0.31,39.3,CAMPANHA_PILOTO_01
2026-08-05,00:49:17,0.31,39.3,CAMPANHA_PILOTO_01
2026-08-05,00:49:18,0.31,39.3,CAMPANHA_PILOTO_01
2026-08-05,00:49:19,0.31,39.3,CAMPANHA_PILOTO_01
2026-08-05,00:49:20,0.31,39.3,CAMPANHA_PILOTO_01
2026-08-05,00:49:21,0.309,39.3,CAMPANHA_PILOTO_01
2026-08-05,00:49:22,0.309,39.3,CAMPANHA_PILOTO_01
2026-08-05,00:49:23,0.309,39.3,CAMPANHA_PILOTO_01
2026-08-05,00:49:24,0.309,39.3,CAMPANHA_PILOTO_01
2026-08-05,00:49:25,0.309,39.3,CAMPANHA_PILOTO_01
2026-08-05,00:49:26,0.309,39.3,CAMPANHA_PILOTO_01
2026-08-05,00:49:27,0.309,39.3,CAMPANHA_PILOTO_01
2026-08-05,00:49:28,0.309,39.3,CAMPANHA_PILOTO_01
2026-08-05,00:49:29,0.309,39.3,CAMPANHA_PILOTO_01
2026-08-05,00:49:30,0.309,39.3,CAMPANHA_PILOTO_01
2026-08-05,00:49:31,0.309,39.2,CAMPANHA_PILOTO_01
2026-08-05,00:49:32,0.309,39.2,CAMPANHA_PILOTO_01
2026-08-05,00:49:33,0.309,39.2,CAMPANHA_PILOTO_01
2026-08-05,00:49:34,0.309,39.2,CAMPANHA_PILOTO_01
2026-08-05,00:49:35,0.309,39.2,CAMPANHA_PILOTO_01
2026-08-05,00:49:36,0.309,39.2,CAMPANHA_PILOTO_01
2026-08-05,00:49:37,0.309,39.2,CAMPANHA_PILOTO_01
2026-08-05,00:49:38,0.309,39.2,CAMPANHA_PILOTO_01
2026-08-05,00:49:39,0.309,39.2,CAMPANHA_PILOTO_01
2026-08-05,00:49:40,0.309,39.2,CAMPANHA_PILOTO_01
2026-08-05,00:49:41,0.309,39.2,CAMPANHA_PILOTO_01
2026-08-05,00:49:42,0.309,39.2,CAMPANHA_PILOTO_01
2026-08-05,00:49:43,0.308,39.2,CAMPANHA_PILOTO_01
2026-08-05,00:49:44,0.308,39.2,CAMPANHA_PILOTO_01
2026-08-05,00:49:45,0.308,39.2,CAMPANHA_PILOTO_01
2026-08-05,00:49:46,0.308,39.2,CAMPANHA_PILOTO_01
2026-08-05,00:49:47,0.308,39.2,CAMPANHA_PILOTO_01
2026-08-05,00:49:48,0.308,39.1,CAMPANHA_PILOTO_01
2026-08-05,00:49:49,0.308,39.1,CAMPANHA_PILOTO_01
2026-08-05,00:49:50,0.308,39.1,CAMPANHA_PILOTO_01
2026-08-05,00:49:51,0.308,39.1,CAMPANHA_PILOTO_01
2026-08-05,00:49:52,0.308,39.1,CAMPANHA_PILOTO_01
2026-08-05,00:49:53,0.308,39.1,CAMPANHA_PILOTO_01
2026-08-05,00:49:54,0.308,39.1,CAMPANHA_PILOTO_01
2026-08-05,00:49:55,0.308,39.1,CAMPANHA_PILOTO_01
2026-08-05,00:49:56,0.308,39.1,CAMPANHA_PILOTO_01
2026-08-05,00:49:57,0.308,39.1,CAMPANHA_PILOTO_01
2026-08-05,00:49:58,0.308,39.1,CAMPANHA_PILOTO_01
2026-08-05,00:49:59,0.308,39.1,CAMPANHA_PILOTO_01
2026-08-05,00:50:00,0.308,39.1,CAMPANHA_PILOTO_01
2026-08-05,00:50:01,0.308,39.1,CAMPANHA_PILOTO_01
2026-08-05,00:50:02,0.308,39.1,CAMPANHA_PILOTO_01
2026-08-05,00:50:03,0.308,39.1,CAMPANHA_PILOTO_01
2026-08-05,00:50:04,0.308,39.1,CAMPANHA_PILOTO_01
2026-08-05,00:50:05,0.307,39.1,CAMPANHA_PILOTO_01
2026-08-05,00:50:06,0.307,39.0,CAMPANHA_PILOTO_01
2026-08-05,00:50:07,0.307,39.0,CAMPANHA_PILOTO_01
2026-08-05,00:50:08,0.307,39.0,CAMPANHA_PILOTO_01
2026-08-05,00:50:09,0.307,39.0,CAMPANHA_PILOTO_01
2026-08-05,00:50:10,0.307,39.0,CAMPANHA_PILOTO_01
2026-08-05,00:50:11,0.307,39.0,CAMPANHA_PILOTO_01
2026-08-05,00:50:12,0.307,39.0,CAMPANHA_PILOTO_01
2026-08-05,00:50:13,0.307,39.0,CAMPANHA_PILOTO_01
2026-08-05,00:50:14,0.307,39.0,CAMPANHA_PILOTO_01
2026-08-05,00:50:15,0.307,39.0,CAMPANHA_PILOTO_01
2026-08-05,00:50:16,0.307,39.0,CAMPANHA_PILOTO_01
2026-08-05,00:50:17,0.307,39.0,CAMPANHA_PILOTO_01
2026-08-05,00:50:18,0.307,39.0,CAMPANHA_PILOTO_01
2026-08-05,00:50:19,0.307,39.0,CAMPANHA_PILOTO_01
2026-08-05,00:50:20,0.307,39.0,CAMPANHA_PILOTO_01
2026-08-05,00:50:21,0.307,39.0,CAMPANHA_PILOTO_01
2026-08-05,00:50:22,0.307,39.0,CAMPANHA_PILOTO_01
2026-08-05,00:50:23,0.307,38.9,CAMPANHA_PILOTO_01
2026-08-05,00:50:24,0.307,38.9,CAMPANHA_PILOTO_01
2026-08-05,00:50:25,0.307,38.9,CAMPANHA_PILOTO_01
2026-08-05,00:50:26,0.307,38.9,CAMPANHA_PILOTO_01
2026-08-05,00:50:27,0.306,38.9,CAMPANHA_PILOTO_01
2026-08-05,00:50:28,0.306,38.9,CAMPANHA_PILOTO_01
2026-08-05,00:50:29,0.306,38.9,CAMPANHA_PILOTO_01
2026-08-05,00:50:30,0.306,38.9,CAMPANHA_PILOTO_01
2026-08-05,00:50:31,0.306,38.9,CAMPANHA_PILOTO_01
2026-08-05,00:50:32,0.306,38.9,CAMPANHA_PILOTO_01
2026-08-05,00:50:33,0.306,38.9,CAMPANHA_PILOTO_01
2026-08-05,00:50:34,0.306,38.9,CAMPANHA_PILOTO_01
2026-08-05,00:50:35,0.306,38.9,CAMPANHA_PILOTO_01
2026-08-05,00:50:36,0.306,38.9,CAMPANHA_PILOTO_01
2026-08-05,00:50:37,0.306,38.9,CAMPANHA_PILOTO_01
2026-08-05,00:50:38,0.306,38.9,CAMPANHA_PILOTO_01
2026-08-05,00:50:39,0.306,38.9,CAMPANHA_PILOTO_01
2026-08-05,00:50:40,0.306,38.9,CAMPANHA_PILOTO_01
2026-08-05,00:50:41,0.306,38.8,CAMPANHA_PILOTO_01
2026-08-05,00:50:42,0.306,38.8,CAMPANHA_PILOTO_01
2026-08-05,00:50:43,0.306,38.8,CAMPANHA_PILOTO_01
2026-08-05,00:50:44,0.306,38.8,CAMPANHA_PILOTO_01
2026-08-05,00:50:45,0.306,38.8,CAMPANHA_PILOTO_01
2026-08-05,00:50:46,0.306,38.8,CAMPANHA_PILOTO_01
2026-08-05,00:50:47,0.306,38.8,CAMPANHA_PILOTO_01
2026-08-05,00:50:48,0.306,38.8,CAMPANHA_PILOTO_01
2026-08-05,00:50:49,0.306,38.8,CAMPANHA_PILOTO_01
2026-08-05,00:50:50,0.305,38.8,CAMPANHA_PILOTO_01
2026-08-05,00:50:51,0.305,38.8,CAMPANHA_PILOTO_01
2026-08-05,00:50:52,0.305,38.8,CAMPANHA_PILOTO_01
2026-08-05,00:50:53,0.305,38.8,CAMPANHA_PILOTO_01
2026-08-05,00:50:54,0.305,38.8,CAMPANHA_PILOTO_01
2026-08-05,00:50:55,0.305,38.8,CAMPANHA_PILOTO_01
2026-08-05,00:50:56,0.305,38.8,CAMPANHA_PILOTO_01
2026-08-05,00:50:57,0.305,38.8,CAMPANHA_PILOTO_01
2026-08-05,00:50:58,0.305,38.8,CAMPANHA_PILOTO_01
2026-08-05,00:50:59,0.305,38.7,CAMPANHA_PILOTO_01
2026-08-05,00:51:00,0.305,38.7,CAMPANHA_PILOTO_01
2026-08-05,00:51:01,0.305,38.7,CAMPANHA_PILOTO_01
2026-08-05,00:51:02,0.305,38.7,CAMPANHA_PILOTO_01
2026-08-05,00:51:03,0.305,38.7,CAMPANHA_PILOTO_01
2026-08-05,00:51:04,0.305,38.7,CAMPANHA_PILOTO_01
2026-08-05,00:51:05,0.305,38.7,CAMPANHA_PILOTO_01
2026-08-05,00:51:06,0.305,38.7,CAMPANHA_PILOTO_01
2026-08-05,00:51:07,0.305,38.7,CAMPANHA_PILOTO_01
2026-08-05,00:51:08,0.305,38.7,CAMPANHA_PILOTO_01
2026-08-05,00:51:09,0.305,38.7,CAMPANHA_PILOTO_01
2026-08-05,00:51:10,0.305,38.7,CAMPANHA_PILOTO_01
2026-08-05,00:51:11,0.305,38.7,CAMPANHA_PILOTO_01
2026-08-05,00:51:12,0.304,38.7,CAMPANHA_PILOTO_01
2026-08-05,00:51:13,0.304,38.7,CAMPANHA_PILOTO_01
2026-08-05,00:51:14,0.304,38.7,CAMPANHA_PILOTO_01
2026-08-05,00:51:15,0.304,38.7,CAMPANHA_PILOTO_01
2026-08-05,00:51:16,0.304,38.6,CAMPANHA_PILOTO_01
2026-08-05,00:51:17,0.304,38.6,CAMPANHA_PILOTO_01
2026-08-05,00:51:18,0.304,38.6,CAMPANHA_PILOTO_01
2026-08-05,00:51:19,0.304,38.6,CAMPANHA_PILOTO_01
2026-08-05,00:51:20,0.304,38.6,CAMPANHA_PILOTO_01
2026-08-05,00:51:21,0.304,38.6,CAMPANHA_PILOTO_01
2026-08-05,00:51:22,0.304,38.6,CAMPANHA_PILOTO_01
2026-08-05,00:51:23,0.304,38.6,CAMPANHA_PILOTO_01
2026-08-05,00:51:24,0.304,38.6,CAMPANHA_PILOTO_01
2026-08-05,00:51:25,0.304,38.6,CAMPANHA_PILOTO_01
2026-08-05,00:51:26,0.304,38.6,CAMPANHA_PILOTO_01
2026-08-05,00:51:27,0.304,38.6,CAMPANHA_PILOTO_01
2026-08-05,00:51:28,0.304,38.6,CAMPANHA_PILOTO_01
2026-08-05,00:51:29,0.304,38.6,CAMPANHA_PILOTO_01
2026-08-05,00:51:30,0.304,38.6,CAMPANHA_PILOTO_01
2026-08-05,00:51:31,0.304,38.6,CAMPANHA_PILOTO_01
2026-08-05,00:51:32,0.304,38.6,CAMPANHA_PILOTO_01
2026-08-05,00:51:33,0.304,38.6,CAMPANHA_PILOTO_01
2026-08-05,00:51:34,0.304,38.5,CAMPANHA_PILOTO_01
2026-08-05,00:51:35,0.303,38.5,CAMPANHA_PILOTO_01
2026-08-05,00:51:36,0.303,38.5,CAMPANHA_PILOTO_01
2026-08-05,00:51:37,0.303,38.5,CAMPANHA_PILOTO_01
2026-08-05,00:51:38,0.303,38.5,CAMPANHA_PILOTO_01
2026-08-05,00:51:39,0.303,38.5,CAMPANHA_PILOTO_01
2026-08-05,00:51:40,0.303,38.5,CAMPANHA_PILOTO_01
2026-08-05,00:51:41,0.303,38.5,CAMPANHA_PILOTO_01
2026-08-05,00:51:42,0.303,38.5,CAMPANHA_PILOTO_01
2026-08-05,00:51:43,0.303,38.5,CAMPANHA_PILOTO_01
2026-08-05,00:51:44,0.303,38.5,CAMPANHA_PILOTO_01
2026-08-05,00:51:45,0.303,38.5,CAMPANHA_PILOTO_01
2026-08-05,00:51:46,0.303,38.5,CAMPANHA_PILOTO_01
2026-08-05,00:51:47,0.303,38.5,CAMPANHA_PILOTO_01
2026-08-05,00:51:48,0.303,38.5,CAMPANHA_PILOTO_01
2026-08-05,00:51:49,0.303,38.5,CAMPANHA_PILOTO_01
2026-08-05,00:51:50,0.303,38.5,CAMPANHA_PILOTO_01
2026-08-05,00:51:51,0.303,38.5,CAMPANHA_PILOTO_01
2026-08-05,00:51:52,0.303,38.4,CAMPANHA_PILOTO_01
2026-08-05,00:51:53,0.303,38.4,CAMPANHA_PILOTO_01
2026-08-05,00:51:54,0.303,38.4,CAMPANHA_PILOTO_01
2026-08-05,00:51:55,0.303,38.4,CAMPANHA_PILOTO_01
2026-08-05,00:51:56,0.303,38.4,CAMPANHA_PILOTO_01
2026-08-05,00:51:57,0.303,38.4,CAMPANHA_PILOTO_01
2026-08-05,00:51:58,0.302,38.4,CAMPANHA_PILOTO_01
2026-08-05,00:51:59,0.302,38.4,CAMPANHA_PILOTO_01
2026-08-05,00:52:00,0.302,38.4,CAMPANHA_PILOTO_01
2026-08-05,00:52:01,0.302,38.4,CAMPANHA_PILOTO_01
2026-08-05,00:52:02,0.302,38.4,CAMPANHA_PILOTO_01
2026-08-05,00:52:03,0.302,38.4,CAMPANHA_PILOTO_01
2026-08-05,00:52:04,0.302,38.4,CAMPANHA_PILOTO_01
2026-08-05,00:52:05,0.302,38.4,CAMPANHA_PILOTO_01
2026-08-05,00:52:06,0.302,38.4,CAMPANHA_PILOTO_01
2026-08-05,00:52:07,0.302,38.4,CAMPANHA_PILOTO_01
2026-08-05,00:52:08,0.302,38.4,CAMPANHA_PILOTO_01
2026-08-05,00:52:09,0.302,38.4,CAMPANHA_PILOTO_01
2026-08-05,00:52:10,0.302,38.3,CAMPANHA_PILOTO_01
2026-08-05,00:52:11,0.302,38.3,CAMPANHA_PILOTO_01
2026-08-05,00:52:12,0.302,38.3,CAMPANHA_PILOTO_01
2026-08-05,00:52:13,0.302,38.3,CAMPANHA_PILOTO_01
2026-08-05,00:52:14,0.302,38.3,CAMPANHA_PILOTO_01
2026-08-05,00:52:15,0.302,38.3,CAMPANHA_PILOTO_01
2026-08-05,00:52:16,0.302,38.3,CAMPANHA_PILOTO_01
2026-08-05,00:52:17,0.302,38.3,CAMPANHA_PILOTO_01
2026-08-05,00:52:18,0.302,38.3,CAMPANHA_PILOTO_01
2026-08-05,00:52:19,0.302,38.3,CAMPANHA_PILOTO_01
2026-08-05,00:52:20,0.302,38.3,CAMPANHA_PILOTO_01
2026-08-05,00:52:21,0.301,38.3,CAMPANHA_PILOTO_01
2026-08-05,00:52:22,0.301,38.3,CAMPANHA_PILOTO_01
2026-08-05,00:52:23,0.301,38.3,CAMPANHA_PILOTO_01
2026-08-05,00:52:24,0.301,38.3,CAMPANHA_PILOTO_01
2026-08-05,00:52:25,0.301,38.3,CAMPANHA_PILOTO_01
2026-08-05,00:52:26,0.301,38.3,CAMPANHA_PILOTO_01
2026-08-05,00:52:27,0.301,38.3,CAMPANHA_PILOTO_01
2026-08-05,00:52:28,0.301,38.2,CAMPANHA_PILOTO_01
2026-08-05,00:52:29,0.301,38.2,CAMPANHA_PILOTO_01
2026-08-05,00:52:30,0.301,38.2,CAMPANHA_PILOTO_01
2026-08-05,00:52:31,0.301,38.2,CAMPANHA_PILOTO_01
2026-08-05,00:52:32,0.301,38.2,CAMPANHA_PILOTO_01
2026-08-05,00:52:33,0.301,38.2,CAMPANHA_PILOTO_01
2026-08-05,00:52:34,0.301,38.2,CAMPANHA_PILOTO_01
2026-08-05,00:52:35,0.301,38.2,CAMPANHA_PILOTO_01
2026-08-05,00:52:36,0.301,38.2,CAMPANHA_PILOTO_01
2026-08-05,00:52:37,0.301,38.2,CAMPANHA_PILOTO_01
2026-08-05,00:52:38,0.301,38.2,CAMPANHA_PILOTO_01
2026-08-05,00:52:39,0.301,38.2,CAMPANHA_PILOTO_01
2026-08-05,00:52:40,0.301,38.2,CAMPANHA_PILOTO_01
2026-08-05,00:52:41,0.301,38.2,CAMPANHA_PILOTO_01
2026-08-05,00:52:42,0.301,38.2,CAMPANHA_PILOTO_01
2026-08-05,00:52:43,0.301,38.2,CAMPANHA_PILOTO_01
2026-08-05,00:52:44,0.3,38.2,CAMPANHA_PILOTO_01
2026-08-05,00:52:45,0.3,38.2,CAMPANHA_PILOTO_01
2026-08-05,00:52:46,0.3,38.2,CAMPANHA_PILOTO_01
2026-08-05,00:52:47,0.3,38.1,CAMPANHA_PILOTO_01
2026-08-05,00:52:48,0.3,38.1,CAMPANHA_PILOTO_01
2026-08-05,00:52:49,0.3,38.1,CAMPANHA_PILOTO_01
2026-08-05,00:52:50,0.3,38.1,CAMPANHA_PILOTO_01
2026-08-05,00:52:51,0.3,38.1,CAMPANHA_PILOTO_01
2026-08-05,00:52:52,0.3,38.1,CAMPANHA_PILOTO_01
2026-08-05,00:52:53,0.3,38.1,CAMPANHA_PILOTO_01
2026-08-05,00:52:54,0.3,38.1,CAMPANHA_PILOTO_01
2026-08-05,00:52:55,0.3,38.1,CAMPANHA_PILOTO_01
2026-08-05,00:52:56,0.3,38.1,CAMPANHA_PILOTO_01
2026-08-05,00:52:57,0.3,38.1,CAMPANHA_PILOTO_01
2026-08-05,00:52:58,0.3,38.1,CAMPANHA_PILOTO_01
2026-08-05,00:52:59,0.3,38.1,CAMPANHA_PILOTO_01
2026-08-05,00:53:00,0.3,38.1,CAMPANHA_PILOTO_01
2026-08-05,00:53:01,0.3,38.1,CAMPANHA_PILOTO_01
2026-08-05,00:53:02,0.3,38.1,CAMPANHA_PILOTO_01
2026-08-05,00:53:03,0.3,38.1,CAMPANHA_PILOTO_01
2026-08-05,00:53:04,0.3,38.1,CAMPANHA_PILOTO_01
2026-08-05,00:53:05,0.3,38.0,CAMPANHA_PILOTO_01
2026-08-05,00:53:06,0.3,38.0,CAMPANHA_PILOTO_01
2026-08-05,00:53:07,0.3,38.0,CAMPANHA_PILOTO_01
2026-08-05,00:53:08,0.299,38.0,CAMPANHA_PILOTO_01
2026-08-05,00:53:09,0.299,38.0,CAMPANHA_PILOTO_01
2026-08-05,00:53:10,0.299,38.0,CAMPANHA_PILOTO_01
2026-08-05,00:53:11,0.299,38.0,CAMPANHA_PILOTO_01
2026-08-05,00:53:12,0.299,38.0,CAMPANHA_PILOTO_01
2026-08-05,00:53:13,0.299,38.0,CAMPANHA_PILOTO_01
2026-08-05,00:53:14,0.299,38.0,CAMPANHA_PILOTO_01
2026-08-05,00:53:15,0.299,38.0,CAMPANHA_PILOTO_01
2026-08-05,00:53:16,0.299,38.0,CAMPANHA_PILOTO_01
2026-08-05,00:53:17,0.299,38.0,CAMPANHA_PILOTO_01
2026-08-05,00:53:18,0.299,38.0,CAMPANHA_PILOTO_01
2026-08-05,00:53:19,0.299,38.0,CAMPANHA_PILOTO_01
2026-08-05,00:53:20,0.299,38.0,CAMPANHA_PILOTO_01
2026-08-05,00:53:21,0.299,38.0,CAMPANHA_PILOTO_01
2026-08-05,00:53:22,0.299,38.0,CAMPANHA_PILOTO_01
2026-08-05,00:53:23,0.299,38.0,CAMPANHA_PILOTO_01
2026-08-05,00:53:24,0.299,37.9,CAMPANHA_PILOTO_01
2026-08-05,00:53:25,0.299,37.9,CAMPANHA_PILOTO_01
2026-08-05,00:53:26,0.299,37.9,CAMPANHA_PILOTO_01
2026-08-05,00:53:27,0.299,37.9,CAMPANHA_PILOTO_01
2026-08-05,00:53:28,0.299,37.9,CAMPANHA_PILOTO_01
2026-08-05,00:53:29,0.299,37.9,CAMPANHA_PILOTO_01
2026-08-05,00:53:30,0.299,37.9,CAMPANHA_PILOTO_01
2026-08-05,00:53:31,0.298,37.9,CAMPANHA_PILOTO_01
2026-08-05,00:53:32,0.298,37.9,CAMPANHA_PILOTO_01
2026-08-05,00:53:33,0.298,37.9,CAMPANHA_PILOTO_01
2026-08-05,00:53:34,0.298,37.9,CAMPANHA_PILOTO_01
2026-08-05,00:53:35,0.298,37.9,CAMPANHA_PILOTO_01
2026-08-05,00:53:36,0.298,37.9,CAMPANHA_PILOTO_01
2026-08-05,00:53:37,0.298,37.9,CAMPANHA_PILOTO_01
2026-08-05,00:53:38,0.298,37.9,CAMPANHA_PILOTO_01
2026-08-05,00:53:39,0.298,37.9,CAMPANHA_PILOTO_01
2026-08-05,00:53:40,0.298,37.9,CAMPANHA_PILOTO_01
2026-08-05,00:53:41,0.298,37.9,CAMPANHA_PILOTO_01
2026-08-05,00:53:42,0.298,37.8,CAMPANHA_PILOTO_01
2026-08-05,00:53:43,0.298,37.8,CAMPANHA_PILOTO_01
2026-08-05,00:53:44,0.298,37.8,CAMPANHA_PILOTO_01
2026-08-05,00:53:45,0.298,37.8,CAMPANHA_PILOTO_01
2026-08-05,00:53:46,0.298,37.8,CAMPANHA_PILOTO_01
2026-08-05,00:53:47,0.298,37.8,CAMPANHA_PILOTO_01
2026-08-05,00:53:48,0.298,37.8,CAMPANHA_PILOTO_01
2026-08-05,00:53:49,0.298,37.8,CAMPANHA_PILOTO_01
2026-08-05,00:53:50,0.298,37.8,CAMPANHA_PILOTO_01
2026-08-05,00:53:51,0.298,37.8,CAMPANHA_PILOTO_01
2026-08-05,00:53:52,0.298,37.8,CAMPANHA_PILOTO_01
2026-08-05,00:53:53,0.298,37.8,CAMPANHA_PILOTO_01
2026-08-05,00:53:54,0.298,37.8,CAMPANHA_PILOTO_01
2026-08-05,00:53:55,0.297,37.8,CAMPANHA_PILOTO_01
2026-08-05,00:53:56,0.297,37.8,CAMPANHA_PILOTO_01
2026-08-05,00:53:57,0.297,37.8,CAMPANHA_PILOTO_01
2026-08-05,00:53:58,0.297,37.8,CAMPANHA_PILOTO_01
2026-08-05,00:53:59,0.297,37.8,CAMPANHA_PILOTO_01
2026-08-05,00:54:00,0.297,37.8,CAMPANHA_PILOTO_01
2026-08-05,00:54:01,0.297,37.7,CAMPANHA_PILOTO_01
2026-08-05,00:54:02,0.297,37.7,CAMPANHA_PILOTO_01
2026-08-05,00:54:03,0.297,37.7,CAMPANHA_PILOTO_01
2026-08-05,00:54:04,0.297,37.7,CAMPANHA_PILOTO_01
2026-08-05,00:54:05,0.297,37.7,CAMPANHA_PILOTO_01
2026-08-05,00:54:06,0.297,37.7,CAMPANHA_PILOTO_01
2026-08-05,00:54:07,0.297,37.7,CAMPANHA_PILOTO_01
2026-08-05,00:54:08,0.297,37.7,CAMPANHA_PILOTO_01
2026-08-05,00:54:09,0.297,37.7,CAMPANHA_PILOTO_01
2026-08-05,00:54:10,0.297,37.7,CAMPANHA_PILOTO_01
2026-08-05,00:54:11,0.297,37.7,CAMPANHA_PILOTO_01
2026-08-05,00:54:12,0.297,37.7,CAMPANHA_PILOTO_01
2026-08-05,00:54:13,0.297,37.7,CAMPANHA_PILOTO_01
2026-08-05,00:54:14,0.297,37.7,CAMPANHA_PILOTO_01
2026-08-05,00:54:15,0.297,37.7,CAMPANHA_PILOTO_01
2026-08-05,00:54:16,0.297,37.7,CAMPANHA_PILOTO_01
2026-08-05,00:54:17,0.297,37.7,CAMPANHA_PILOTO_01
2026-08-05,00:54:18,0.297,37.7,CAMPANHA_PILOTO_01
2026-08-05,00:54:19,0.296,37.6,CAMPANHA_PILOTO_01
2026-08-05,00:54:20,0.296,37.6,CAMPANHA_PILOTO_01
2026-08-05,00:54:21,0.296,37.6,CAMPANHA_PILOTO_01
2026-08-05,00:54:22,0.296,37.6,CAMPANHA_PILOTO_01
2026-08-05,00:54:23,0.296,37.6,CAMPANHA_PILOTO_01
2026-08-05,00:54:24,0.296,37.6,CAMPANHA_PILOTO_01
2026-08-05,00:54:25,0.296,37.6,CAMPANHA_PILOTO_01
2026-08-05,00:54:26,0.296,37.6,CAMPANHA_PILOTO_01
2026-08-05,00:54:27,0.296,37.6,CAMPANHA_PILOTO_01
2026-08-05,00:54:28,0.296,37.6,CAMPANHA_PILOTO_01
2026-08-05,00:54:29,0.296,37.6,CAMPANHA_PILOTO_01
2026-08-05,00:54:30,0.296,37.6,CAMPANHA_PILOTO_01
2026-08-05,00:54:31,0.296,37.6,CAMPANHA_PILOTO_01
2026-08-05,00:54:32,0.296,37.6,CAMPANHA_PILOTO_01
2026-08-05,00:54:33,0.296,37.6,CAMPANHA_PILOTO_01
2026-08-05,00:54:34,0.296,37.6,CAMPANHA_PILOTO_01
2026-08-05,00:54:35,0.296,37.6,CAMPANHA_PILOTO_01
2026-08-05,00:54:36,0.296,37.6,CAMPANHA_PILOTO_01
2026-08-05,00:54:37,0.296,37.6,CAMPANHA_PILOTO_01
2026-08-05,00:54:38,0.296,37.5,CAMPANHA_PILOTO_01
2026-08-05,00:54:39,0.296,37.5,CAMPANHA_PILOTO_01
2026-08-05,00:54:40,0.296,37.5,CAMPANHA_PILOTO_01
2026-08-05,00:54:41,0.296,37.5,CAMPANHA_PILOTO_01
2026-08-05,00:54:42,0.296,37.5,CAMPANHA_PILOTO_01
2026-08-05,00:54:43,0.295,37.5,CAMPANHA_PILOTO_01
2026-08-05,00:54:44,0.295,37.5,CAMPANHA_PILOTO_01
2026-08-05,00:54:45,0.295,37.5,CAMPANHA_PILOTO_01
2026-08-05,00:54:46,0.295,37.5,CAMPANHA_PILOTO_01
2026-08-05,00:54:47,0.295,37.5,CAMPANHA_PILOTO_01
2026-08-05,00:54:48,0.295,37.5,CAMPANHA_PILOTO_01
2026-08-05,00:54:49,0.295,37.5,CAMPANHA_PILOTO_01
2026-08-05,00:54:50,0.295,37.5,CAMPANHA_PILOTO_01
2026-08-05,00:54:51,0.295,37.5,CAMPANHA_PILOTO_01
2026-08-05,00:54:52,0.295,37.5,CAMPANHA_PILOTO_01
2026-08-05,00:54:53,0.295,37.5,CAMPANHA_PILOTO_01
2026-08-05,00:54:54,0.295,37.5,CAMPANHA_PILOTO_01
2026-08-05,00:54:55,0.295,37.5,CAMPANHA_PILOTO_01
2026-08-05,00:54:56,0.295,37.5,CAMPANHA_PILOTO_01
2026-08-05,00:54:57,0.295,37.4,CAMPANHA_PILOTO_01
2026-08-05,00:54:58,0.295,37.4,CAMPANHA_PILOTO_01
2026-08-05,00:54:59,0.295,37.4,CAMPANHA_PILOTO_01
2026-08-05,00:55:00,0.295,37.4,CAMPANHA_PILOTO_01
2026-08-05,00:55:01,0.295,37.4,CAMPANHA_PILOTO_01
2026-08-05,00:55:02,0.295,37.4,CAMPANHA_PILOTO_01
2026-08-05,00:55:03,0.295,37.4,CAMPANHA_PILOTO_01
2026-08-05,00:55:04,0.295,37.4,CAMPANHA_PILOTO_01
2026-08-05,00:55:05,0.295,37.4,CAMPANHA_PILOTO_01
2026-08-05,00:55:06,0.295,37.4,CAMPANHA_PILOTO_01
2026-08-05,00:55:07,0.294,37.4,CAMPANHA_PILOTO_01
2026-08-05,00:55:08,0.294,37.4,CAMPANHA_PILOTO_01
2026-08-05,00:55:09,0.294,37.4,CAMPANHA_PILOTO_01
2026-08-05,00:55:10,0.294,37.4,CAMPANHA_PILOTO_01
2026-08-05,00:55:11,0.294,37.4,CAMPANHA_PILOTO_01
2026-08-05,00:55:12,0.294,37.4,CAMPANHA_PILOTO_01
2026-08-05,00:55:13,0.294,37.4,CAMPANHA_PILOTO_01
2026-08-05,00:55:14,0.294,37.4,CAMPANHA_PILOTO_01
2026-08-05,00:55:15,0.294,37.4,CAMPANHA_PILOTO_01
2026-08-05,00:55:16,0.294,37.4,CAMPANHA_PILOTO_01
2026-08-05,00:55:17,0.294,37.3,CAMPANHA_PILOTO_01
2026-08-05,00:55:18,0.294,37.3,CAMPANHA_PILOTO_01
2026-08-05,00:55:19,0.294,37.3,CAMPANHA_PILOTO_01
2026-08-05,00:55:20,0.294,37.3,CAMPANHA_PILOTO_01
2026-08-05,00:55:21,0.294,37.3,CAMPANHA_PILOTO_01
2026-08-05,00:55:22,0.294,37.3,CAMPANHA_PILOTO_01
2026-08-05,00:55:23,0.294,37.3,CAMPANHA_PILOTO_01
2026-08-05,00:55:24,0.294,37.3,CAMPANHA_PILOTO_01
2026-08-05,00:55:25,0.294,37.3,CAMPANHA_PILOTO_01
2026-08-05,00:55:26,0.294,37.3,CAMPANHA_PILOTO_01
2026-08-05,00:55:27,0.294,37.3,CAMPANHA_PILOTO_01
2026-08-05,00:55:28,0.294,37.3,CAMPANHA_PILOTO_01
2026-08-05,00:55:29,0.294,37.3,CAMPANHA_PILOTO_01
2026-08-05,00:55:30,0.294,37.3,CAMPANHA_PILOTO_01
2026-08-05,00:55:31,0.293,37.3,CAMPANHA_PILOTO_01
2026-08-05,00:55:32,0.293,37.3,CAMPANHA_PILOTO_01
2026-08-05,00:55:33,0.293,37.3,CAMPANHA_PILOTO_01
2026-08-05,00:55:34,0.293,37.3,CAMPANHA_PILOTO_01
2026-08-05,00:55:35,0.293,37.3,CAMPANHA_PILOTO_01
2026-08-05,00:55:36,0.293,37.2,CAMPANHA_PILOTO_01
2026-08-05,00:55:37,0.293,37.2,CAMPANHA_PILOTO_01
2026-08-05,00:55:38,0.293,37.2,CAMPANHA_PILOTO_01
2026-08-05,00:55:39,0.293,37.2,CAMPANHA_PILOTO_01
2026-08-05,00:55:40,0.293,37.2,CAMPANHA_PILOTO_01
2026-08-05,00:55:41,0.293,37.2,CAMPANHA_PILOTO_01
2026-08-05,00:55:42,0.293,37.2,CAMPANHA_PILOTO_01
2026-08-05,00:55:43,0.293,37.2,CAMPANHA_PILOTO_01
2026-08-05,00:55:44,0.293,37.2,CAMPANHA_PILOTO_01
2026-08-05,00:55:45,0.293,37.2,CAMPANHA_PILOTO_01
2026-08-05,00:55:46,0.293,37.2,CAMPANHA_PILOTO_01
2026-08-05,00:55:47,0.293,37.2,CAMPANHA_PILOTO_01
2026-08-05,00:55:48,0.293,37.2,CAMPANHA_PILOTO_01
2026-08-05,00:55:49,0.293,37.2,CAMPANHA_PILOTO_01
2026-08-05,00:55:50,0.293,37.2,CAMPANHA_PILOTO_01
2026-08-05,00:55:51,0.293,37.2,CAMPANHA_PILOTO_01
2026-08-05,00:55:52,0.293,37.2,CAMPANHA_PILOTO_01
2026-08-05,00:55:53,0.293,37.2,CAMPANHA_PILOTO_01
2026-08-05,00:55:54,0.293,37.2,CAMPANHA_PILOTO_01
2026-08-05,00:55:55,0.292,37.1,CAMPANHA_PILOTO_01
2026-08-05,00:55:56,0.292,37.1,CAMPANHA_PILOTO_01
2026-08-05,00:55:57,0.292,37.1,CAMPANHA_PILOTO_01
2026-08-05,00:55:58,0.292,37.1,CAMPANHA_PILOTO_01
2026-08-05,00:55:59,0.292,37.1,CAMPANHA_PILOTO_01
2026-08-05,00:56:00,0.292,37.1,CAMPANHA_PILOTO_01
2026-08-05,00:56:01,0.292,37.1,CAMPANHA_PILOTO_01
2026-08-05,00:56:02,0.292,37.1,CAMPANHA_PILOTO_01
2026-08-05,00:56:03,0.292,37.1,CAMPANHA_PILOTO_01
2026-08-05,00:56:04,0.292,37.1,CAMPANHA_PILOTO_01
2026-08-05,00:56:05,0.292,37.1,CAMPANHA_PILOTO_01
2026-08-05,00:56:06,0.292,37.1,CAMPANHA_PILOTO_01
2026-08-05,00:56:07,0.292,37.1,CAMPANHA_PILOTO_01
2026-08-05,00:56:08,0.292,37.1,CAMPANHA_PILOTO_01
2026-08-05,00:56:09,0.292,37.1,CAMPANHA_PILOTO_01
2026-08-05,00:56:10,0.292,37.1,CAMPANHA_PILOTO_01
2026-08-05,00:56:11,0.292,37.1,CAMPANHA_PILOTO_01
2026-08-05,00:56:12,0.292,37.1,CAMPANHA_PILOTO_01
2026-08-05,00:56:13,0.292,37.1,CAMPANHA_PILOTO_01
2026-08-05,00:56:14,0.292,37.0,CAMPANHA_PILOTO_01
2026-08-05,00:56:15,0.292,37.0,CAMPANHA_PILOTO_01
2026-08-05,00:56:16,0.292,37.0,CAMPANHA_PILOTO_01
2026-08-05,00:56:17,0.292,37.0,CAMPANHA_PILOTO_01
2026-08-05,00:56:18,0.292,37.0,CAMPANHA_PILOTO_01
2026-08-05,00:56:19,0.292,37.0,CAMPANHA_PILOTO_01
2026-08-05,00:56:20,0.291,37.0,CAMPANHA_PILOTO_01
2026-08-05,00:56:21,0.291,37.0,CAMPANHA_PILOTO_01
2026-08-05,00:56:22,0.291,37.0,CAMPANHA_PILOTO_01
2026-08-05,00:56:23,0.291,37.0,CAMPANHA_PILOTO_01
2026-08-05,00:56:24,0.291,37.0,CAMPANHA_PILOTO_01
2026-08-05,00:56:25,0.291,37.0,CAMPANHA_PILOTO_01
2026-08-05,00:56:26,0.291,37.0,CAMPANHA_PILOTO_01
2026-08-05,00:56:27,0.291,37.0,CAMPANHA_PILOTO_01
2026-08-05,00:56:28,0.291,37.0,CAMPANHA_PILOTO_01
2026-08-05,00:56:29,0.291,37.0,CAMPANHA_PILOTO_01
2026-08-05,00:56:30,0.291,37.0,CAMPANHA_PILOTO_01
2026-08-05,00:56:31,0.291,37.0,CAMPANHA_PILOTO_01
2026-08-05,00:56:32,0.291,37.0,CAMPANHA_PILOTO_01
2026-08-05,00:56:33,0.291,37.0,CAMPANHA_PILOTO_01
2026-08-05,00:56:34,0.291,36.9,CAMPANHA_PILOTO_01
2026-08-05,00:56:35,0.291,36.9,CAMPANHA_PILOTO_01
2026-08-05,00:56:36,0.291,36.9,CAMPANHA_PILOTO_01
2026-08-05,00:56:37,0.291,36.9,CAMPANHA_PILOTO_01
2026-08-05,00:56:38,0.291,36.9,CAMPANHA_PILOTO_01
2026-08-05,00:56:39,0.291,36.9,CAMPANHA_PILOTO_01
2026-08-05,00:56:40,0.291,36.9,CAMPANHA_PILOTO_01
2026-08-05,00:56:41,0.291,36.9,CAMPANHA_PILOTO_01
2026-08-05,00:56:42,0.291,36.9,CAMPANHA_PILOTO_01
2026-08-05,00:56:43,0.291,36.9,CAMPANHA_PILOTO_01
2026-08-05,00:56:44,0.291,36.9,CAMPANHA_PILOTO_01
2026-08-05,00:56:45,0.29,36.9,CAMPANHA_PILOTO_01
2026-08-05,00:56:46,0.29,36.9,CAMPANHA_PILOTO_01
2026-08-05,00:56:47,0.29,36.9,CAMPANHA_PILOTO_01
2026-08-05,00:56:48,0.29,36.9,CAMPANHA_PILOTO_01
2026-08-05,00:56:49,0.29,36.9,CAMPANHA_PILOTO_01
2026-08-05,00:56:50,0.29,36.9,CAMPANHA_PILOTO_01
2026-08-05,00:56:51,0.29,36.9,CAMPANHA_PILOTO_01
2026-08-05,00:56:52,0.29,36.9,CAMPANHA_PILOTO_01
2026-08-05,00:56:53,0.29,36.8,CAMPANHA_PILOTO_01
2026-08-05,00:56:54,0.29,36.8,CAMPANHA_PILOTO_01
2026-08-05,00:56:55,0.29,36.8,CAMPANHA_PILOTO_01
2026-08-05,00:56:56,0.29,36.8,CAMPANHA_PILOTO_01
2026-08-05,00:56:57,0.29,36.8,CAMPANHA_PILOTO_01
2026-08-05,00:56:58,0.29,36.8,CAMPANHA_PILOTO_01
2026-08-05,00:56:59,0.29,36.8,CAMPANHA_PILOTO_01
2026-08-05,00:57:00,0.29,36.8,CAMPANHA_PILOTO_01
2026-08-05,00:57:01,0.29,36.8,CAMPANHA_PILOTO_01
2026-08-05,00:57:02,0.29,36.8,CAMPANHA_PILOTO_01
2026-08-05,00:57:03,0.29,36.8,CAMPANHA_PILOTO_01
2026-08-05,00:57:04,0.29,36.8,CAMPANHA_PILOTO_01
2026-08-05,00:57:05,0.29,36.8,CAMPANHA_PILOTO_01
2026-08-05,00:57:06,0.29,36.8,CAMPANHA_PILOTO_01
2026-08-05,00:57:07,0.29,36.8,CAMPANHA_PILOTO_01
2026-08-05,00:57:08,0.29,36.8,CAMPANHA_PILOTO_01
2026-08-05,00:57:09,0.29,36.8,CAMPANHA_PILOTO_01
2026-08-05,00:57:10,0.289,36.8,CAMPANHA_PILOTO_01
2026-08-05,00:57:11,0.289,36.8,CAMPANHA_PILOTO_01
2026-08-05,00:57:12,0.289,36.8,CAMPANHA_PILOTO_01
2026-08-05,00:57:13,0.289,36.7,CAMPANHA_PILOTO_01
2026-08-05,00:57:14,0.289,36.7,CAMPANHA_PILOTO_01
2026-08-05,00:57:15,0.289,36.7,CAMPANHA_PILOTO_01
2026-08-05,00:57:16,0.289,36.7,CAMPANHA_PILOTO_01
2026-08-05,00:57:17,0.289,36.7,CAMPANHA_PILOTO_01
2026-08-05,00:57:18,0.289,36.7,CAMPANHA_PILOTO_01
2026-08-05,00:57:19,0.289,36.7,CAMPANHA_PILOTO_01
2026-08-05,00:57:20,0.289,36.7,CAMPANHA_PILOTO_01
2026-08-05,00:57:21,0.289,36.7,CAMPANHA_PILOTO_01
2026-08-05,00:57:22,0.289,36.7,CAMPANHA_PILOTO_01
2026-08-05,00:57:23,0.289,36.7,CAMPANHA_PILOTO_01
2026-08-05,00:57:24,0.289,36.7,CAMPANHA_PILOTO_01
2026-08-05,00:57:25,0.289,36.7,CAMPANHA_PILOTO_01
2026-08-05,00:57:26,0.289,36.7,CAMPANHA_PILOTO_01
2026-08-05,00:57:27,0.289,36.7,CAMPANHA_PILOTO_01
2026-08-05,00:57:28,0.289,36.7,CAMPANHA_PILOTO_01
2026-08-05,00:57:29,0.289,36.7,CAMPANHA_PILOTO_01
2026-08-05,00:57:30,0.289,36.7,CAMPANHA_PILOTO_01
2026-08-05,00:57:31,0.289,36.7,CAMPANHA_PILOTO_01
2026-08-05,00:57:32,0.289,36.7,CAMPANHA_PILOTO_01
2026-08-05,00:57:33,0.289,36.6,CAMPANHA_PILOTO_01
2026-08-05,00:57:34,0.289,36.6,CAMPANHA_PILOTO_01
2026-08-05,00:57:35,0.288,36.6,CAMPANHA_PILOTO_01
2026-08-05,00:57:36,0.288,36.6,CAMPANHA_PILOTO_01
2026-08-05,00:57:37,0.288,36.6,CAMPANHA_PILOTO_01
2026-08-05,00:57:38,0.288,36.6,CAMPANHA_PILOTO_01
2026-08-05,00:57:39,0.288,36.6,CAMPANHA_PILOTO_01
2026-08-05,00:57:40,0.288,36.6,CAMPANHA_PILOTO_01
2026-08-05,00:57:41,0.288,36.6,CAMPANHA_PILOTO_01
2026-08-05,00:57:42,0.288,36.6,CAMPANHA_PILOTO_01
2026-08-05,00:57:43,0.288,36.6,CAMPANHA_PILOTO_01
2026-08-05,00:57:44,0.288,36.6,CAMPANHA_PILOTO_01
2026-08-05,00:57:45,0.288,36.6,CAMPANHA_PILOTO_01
2026-08-05,00:57:46,0.288,36.6,CAMPANHA_PILOTO_01
2026-08-05,00:57:47,0.288,36.6,CAMPANHA_PILOTO_01
2026-08-05,00:57:48,0.288,36.6,CAMPANHA_PILOTO_01
2026-08-05,00:57:49,0.288,36.6,CAMPANHA_PILOTO_01
2026-08-05,00:57:50,0.288,36.6,CAMPANHA_PILOTO_01
2026-08-05,00:57:51,0.288,36.6,CAMPANHA_PILOTO_01
2026-08-05,00:57:52,0.288,36.6,CAMPANHA_PILOTO_01
2026-08-05,00:57:53,0.288,36.5,CAMPANHA_PILOTO_01
2026-08-05,00:57:54,0.288,36.5,CAMPANHA_PILOTO_01
2026-08-05,00:57:55,0.288,36.5,CAMPANHA_PILOTO_01
2026-08-05,00:57:56,0.288,36.5,CAMPANHA_PILOTO_01
2026-08-05,00:57:57,0.288,36.5,CAMPANHA_PILOTO_01
2026-08-05,00:57:58,0.288,36.5,CAMPANHA_PILOTO_01
2026-08-05,00:57:59,0.288,36.5,CAMPANHA_PILOTO_01
2026-08-05,00:58:00,0.287,36.5,CAMPANHA_PILOTO_01
2026-08-05,00:58:01,0.287,36.5,CAMPANHA_PILOTO_01
2026-08-05,00:58:02,0.287,36.5,CAMPANHA_PILOTO_01
2026-08-05,00:58:03,0.287,36.5,CAMPANHA_PILOTO_01
2026-08-05,00:58:04,0.287,36.5,CAMPANHA_PILOTO_01
2026-08-05,00:58:05,0.287,36.5,CAMPANHA_PILOTO_01
2026-08-05,00:58:06,0.287,36.5,CAMPANHA_PILOTO_01
2026-08-05,00:58:07,0.287,36.5,CAMPANHA_PILOTO_01
2026-08-05,00:58:08,0.287,36.5,CAMPANHA_PILOTO_01
2026-08-05,00:58:09,0.287,36.5,CAMPANHA_PILOTO_01
2026-08-05,00:58:10,0.287,36.5,CAMPANHA_PILOTO_01
2026-08-05,00:58:11,0.287,36.5,CAMPANHA_PILOTO_01
2026-08-05,00:58:12,0.287,36.5,CAMPANHA_PILOTO_01
2026-08-05,00:58:13,0.287,36.4,CAMPANHA_PILOTO_01
2026-08-05,00:58:14,0.287,36.4,CAMPANHA_PILOTO_01
2026-08-05,00:58:15,0.287,36.4,CAMPANHA_PILOTO_01
2026-08-05,00:58:16,0.287,36.4,CAMPANHA_PILOTO_01
2026-08-05,00:58:17,0.287,36.4,CAMPANHA_PILOTO_01
2026-08-05,00:58:18,0.287,36.4,CAMPANHA_PILOTO_01
2026-08-05,00:58:19,0.287,36.4,CAMPANHA_PILOTO_01
2026-08-05,00:58:20,0.287,36.4,CAMPANHA_PILOTO_01
2026-08-05,00:58:21,0.287,36.4,CAMPANHA_PILOTO_01
2026-08-05,00:58:22,0.287,36.4,CAMPANHA_PILOTO_01
2026-08-05,00:58:23,0.287,36.4,CAMPANHA_PILOTO_01
2026-08-05,00:58:24,0.287,36.4,CAMPANHA_PILOTO_01
2026-08-05,00:58:25,0.287,36.4,CAMPANHA_PILOTO_01
2026-08-05,00:58:26,0.286,36.4,CAMPANHA_PILOTO_01
2026-08-05,00:58:27,0.286,36.4,CAMPANHA_PILOTO_01
2026-08-05,00:58:28,0.286,36.4,CAMPANHA_PILOTO_01
2026-08-05,00:58:29,0.286,36.4,CAMPANHA_PILOTO_01
2026-08-05,00:58:30,0.286,36.4,CAMPANHA_PILOTO_01
2026-08-05,00:58:31,0.286,36.4,CAMPANHA_PILOTO_01
2026-08-05,00:58:32,0.286,36.4,CAMPANHA_PILOTO_01
2026-08-05,00:58:33,0.286,36.3,CAMPANHA_PILOTO_01
2026-08-05,00:58:34,0.286,36.3,CAMPANHA_PILOTO_01
2026-08-05,00:58:35,0.286,36.3,CAMPANHA_PILOTO_01
2026-08-05,00:58:36,0.286,36.3,CAMPANHA_PILOTO_01
2026-08-05,00:58:37,0.286,36.3,CAMPANHA_PILOTO_01
2026-08-05,00:58:38,0.286,36.3,CAMPANHA_PILOTO_01
2026-08-05,00:58:39,0.286,36.3,CAMPANHA_PILOTO_01
2026-08-05,00:58:40,0.286,36.3,CAMPANHA_PILOTO_01
2026-08-05,00:58:41,0.286,36.3,CAMPANHA_PILOTO_01
2026-08-05,00:58:42,0.286,36.3,CAMPANHA_PILOTO_01
2026-08-05,00:58:43,0.286,36.3,CAMPANHA_PILOTO_01
2026-08-05,00:58:44,0.286,36.3,CAMPANHA_PILOTO_01
2026-08-05,00:58:45,0.286,36.3,CAMPANHA_PILOTO_01
2026-08-05,00:58:46,0.286,36.3,CAMPANHA_PILOTO_01
2026-08-05,00:58:47,0.286,36.3,CAMPANHA_PILOTO_01
2026-08-05,00:58:48,0.286,36.3,CAMPANHA_PILOTO_01
2026-08-05,00:58:49,0.286,36.3,CAMPANHA_PILOTO_01
2026-08-05,00:58:50,0.286,36.3,CAMPANHA_PILOTO_01
2026-08-05,00:58:51,0.286,36.3,CAMPANHA_PILOTO_01
2026-08-05,00:58:52,0.285,36.3,CAMPANHA_PILOTO_01
2026-08-05,00:58:53,0.285,36.2,CAMPANHA_PILOTO_01
2026-08-05,00:58:54,0.285,36.2,CAMPANHA_PILOTO_01
2026-08-05,00:58:55,0.285,36.2,CAMPANHA_PILOTO_01
2026-08-05,00:58:56,0.285,36.2,CAMPANHA_PILOTO_01
2026-08-05,00:58:57,0.285,36.2,CAMPANHA_PILOTO_01
2026-08-05,00:58:58,0.285,36.2,CAMPANHA_PILOTO_01
2026-08-05,00:58:59,0.285,36.2,CAMPANHA_PILOTO_01
2026-08-05,00:59:00,0.285,36.2,CAMPANHA_PILOTO_01
2026-08-05,00:59:01,0.285,36.2,CAMPANHA_PILOTO_01
2026-08-05,00:59:02,0.285,36.2,CAMPANHA_PILOTO_01
2026-08-05,00:59:03,0.285,36.2,CAMPANHA_PILOTO_01
2026-08-05,00:59:04,0.285,36.2,CAMPANHA_PILOTO_01
2026-08-05,00:59:05,0.285,36.2,CAMPANHA_PILOTO_01
2026-08-05,00:59:06,0.285,36.2,CAMPANHA_PILOTO_01
2026-08-05,00:59:07,0.285,36.2,CAMPANHA_PILOTO_01
2026-08-05,00:59:08,0.285,36.2,CAMPANHA_PILOTO_01
2026-08-05,00:59:09,0.285,36.2,CAMPANHA_PILOTO_01
2026-08-05,00:59:10,0.285,36.2,CAMPANHA_PILOTO_01
2026-08-05,00:59:11,0.285,36.2,CAMPANHA_PILOTO_01
2026-08-05,00:59:12,0.285,36.2,CAMPANHA_PILOTO_01
2026-08-05,00:59:13,0.285,36.2,CAMPANHA_PILOTO_01
2026-08-05,00:59:14,0.285,36.1,CAMPANHA_PILOTO_01
2026-08-05,00:59:15,0.285,36.1,CAMPANHA_PILOTO_01
2026-08-05,00:59:16,0.285,36.1,CAMPANHA_PILOTO_01
2026-08-05,00:59:17,0.284,36.1,CAMPANHA_PILOTO_01
2026-08-05,00:59:18,0.284,36.1,CAMPANHA_PILOTO_01
2026-08-05,00:59:19,0.284,36.1,CAMPANHA_PILOTO_01
2026-08-05,00:59:20,0.284,36.1,CAMPANHA_PILOTO_01
2026-08-05,00:59:21,0.284,36.1,CAMPANHA_PILOTO_01
2026-08-05,00:59:22,0.284,36.1,CAMPANHA_PILOTO_01
2026-08-05,00:59:23,0.284,36.1,CAMPANHA_PILOTO_01
2026-08-05,00:59:24,0.284,36.1,CAMPANHA_PILOTO_01
2026-08-05,00:59:25,0.284,36.1,CAMPANHA_PILOTO_01
2026-08-05,00:59:26,0.284,36.1,CAMPANHA_PILOTO_01
2026-08-05,00:59:27,0.284,36.1,CAMPANHA_PILOTO_01
2026-08-05,00:59:28,0.284,36.1,CAMPANHA_PILOTO_01
2026-08-05,00:59:29,0.284,36.1,CAMPANHA_PILOTO_01
2026-08-05,00:59:30,0.284,36.1,CAMPANHA_PILOTO_01
2026-08-05,00:59:31,0.284,36.1,CAMPANHA_PILOTO_01
2026-08-05,00:59:32,0.284,36.1,CAMPANHA_PILOTO_01
2026-08-05,00:59:33,0.284,36.1,CAMPANHA_PILOTO_01
2026-08-05,00:59:34,0.284,36.0,CAMPANHA_PILOTO_01
2026-08-05,00:59:35,0.284,36.0,CAMPANHA_PILOTO_01
2026-08-05,00:59:36,0.284,36.0,CAMPANHA_PILOTO_01
2026-08-05,00:59:37,0.284,36.0,CAMPANHA_PILOTO_01
2026-08-05,00:59:38,0.284,36.0,CAMPANHA_PILOTO_01
2026-08-05,00:59:39,0.284,36.0,CAMPANHA_PILOTO_01
2026-08-05,00:59:40,0.284,36.0,CAMPANHA_PILOTO_01
2026-08-05,00:59:41,0.284,36.0,CAMPANHA_PILOTO_01
2026-08-05,00:59:42,0.284,36.0,CAMPANHA_PILOTO_01
2026-08-05,00:59:43,0.283,36.0,CAMPANHA_PILOTO_01
2026-08-05,00:59:44,0.283,36.0,CAMPANHA_PILOTO_01
2026-08-05,00:59:45,0.283,36.0,CAMPANHA_PILOTO_01
2026-08-05,00:59:46,0.283,36.0,CAMPANHA_PILOTO_01
2026-08-05,00:59:47,0.283,36.0,CAMPANHA_PILOTO_01
2026-08-05,00:59:48,0.283,36.0,CAMPANHA_PILOTO_01
2026-08-05,00:59:49,0.283,36.0,CAMPANHA_PILOTO_01
2026-08-05,00:59:50,0.283,36.0,CAMPANHA_PILOTO_01
2026-08-05,00:59:51,0.283,36.0,CAMPANHA_PILOTO_01
2026-08-05,00:59:52,0.283,36.0,CAMPANHA_PILOTO_01
2026-08-05,00:59:53,0.283,36.0,CAMPANHA_PILOTO_01
2026-08-05,00:59:54,0.283,36.0,CAMPANHA_PILOTO_01
2026-08-05,00:59:55,0.283,35.9,CAMPANHA_PILOTO_01
2026-08-05,00:59:56,0.283,35.9,CAMPANHA_PILOTO_01
2026-08-05,00:59:57,0.283,35.9,CAMPANHA_PILOTO_01
2026-08-05,00:59:58,0.283,35.9,CAMPANHA_PILOTO_01
2026-08-05,00:59:59,0.283,35.9,CAMPANHA_PILOTO_01
2026-08-05,01:00:00,0.283,35.9,CAMPANHA_PILOTO_01
2026-08-05,01:00:01,0.283,35.9,CAMPANHA_PILOTO_01
2026-08-05,01:00:02,0.283,35.9,CAMPANHA_PILOTO_01
2026-08-05,01:00:03,0.283,35.9,CAMPANHA_PILOTO_01
2026-08-05,01:00:04,0.283,35.9,CAMPANHA_PILOTO_01
2026-08-05,01:00:05,0.283,35.9,CAMPANHA_PILOTO_01
2026-08-05,01:00:06,0.283,35.9,CAMPANHA_PILOTO_01
2026-08-05,01:00:07,0.283,35.9,CAMPANHA_PILOTO_01
2026-08-05,01:00:08,0.283,35.9,CAMPANHA_PILOTO_01
2026-08-05,01:00:09,0.282,35.9,CAMPANHA_PILOTO_01
2026-08-05,01:00:10,0.282,35.9,CAMPANHA_PILOTO_01
2026-08-05,01:00:11,0.282,35.9,CAMPANHA_PILOTO_01
2026-08-05,01:00:12,0.282,35.9,CAMPANHA_PILOTO_01
2026-08-05,01:00:13,0.282,35.9,CAMPANHA_PILOTO_01
2026-08-05,01:00:14,0.282,35.9,CAMPANHA_PILOTO_01
2026-08-05,01:00:15,0.282,35.8,CAMPANHA_PILOTO_01
2026-08-05,01:00:16,0.282,35.8,CAMPANHA_PILOTO_01
2026-08-05,01:00:17,0.282,35.8,CAMPANHA_PILOTO_01
2026-08-05,01:00:18,0.282,35.8,CAMPANHA_PILOTO_01
2026-08-05,01:00:19,0.282,35.8,CAMPANHA_PILOTO_01
2026-08-05,01:00:20,0.282,35.8,CAMPANHA_PILOTO_01
2026-08-05,01:00:21,0.282,35.8,CAMPANHA_PILOTO_01
2026-08-05,01:00:22,0.282,35.8,CAMPANHA_PILOTO_01
2026-08-05,01:00:23,0.282,35.8,CAMPANHA_PILOTO_01
2026-08-05,01:00:24,0.282,35.8,CAMPANHA_PILOTO_01
2026-08-05,01:00:25,0.282,35.8,CAMPANHA_PILOTO_01
2026-08-05,01:00:26,0.282,35.8,CAMPANHA_PILOTO_01
2026-08-05,01:00:27,0.282,35.8,CAMPANHA_PILOTO_01
2026-08-05,01:00:28,0.282,35.8,CAMPANHA_PILOTO_01
2026-08-05,01:00:29,0.282,35.8,CAMPANHA_PILOTO_01
2026-08-05,01:00:30,0.282,35.8,CAMPANHA_PILOTO_01
2026-08-05,01:00:31,0.282,35.8,CAMPANHA_PILOTO_01
2026-08-05,01:00:32,0.282,35.8,CAMPANHA_PILOTO_01
2026-08-05,01:00:33,0.282,35.8,CAMPANHA_PILOTO_01
2026-08-05,01:00:34,0.282,35.8,CAMPANHA_PILOTO_01
2026-08-05,01:00:35,0.282,35.8,CAMPANHA_PILOTO_01
2026-08-05,01:00:36,0.281,35.7,CAMPANHA_PILOTO_01
2026-08-05,01:00:37,0.281,35.7,CAMPANHA_PILOTO_01
2026-08-05,01:00:38,0.281,35.7,CAMPANHA_PILOTO_01
2026-08-05,01:00:39,0.281,35.7,CAMPANHA_PILOTO_01
2026-08-05,01:00:40,0.281,35.7,CAMPANHA_PILOTO_01
2026-08-05,01:00:41,0.281,35.7,CAMPANHA_PILOTO_01
2026-08-05,01:00:42,0.281,35.7,CAMPANHA_PILOTO_01
2026-08-05,01:00:43,0.281,35.7,CAMPANHA_PILOTO_01
2026-08-05,01:00:44,0.281,35.7,CAMPANHA_PILOTO_01
2026-08-05,01:00:45,0.281,35.7,CAMPANHA_PILOTO_01
2026-08-05,01:00:46,0.281,35.7,CAMPANHA_PILOTO_01
2026-08-05,01:00:47,0.281,35.7,CAMPANHA_PILOTO_01
2026-08-05,01:00:48,0.281,35.7,CAMPANHA_PILOTO_01
2026-08-05,01:00:49,0.281,35.7,CAMPANHA_PILOTO_01
2026-08-05,01:00:50,0.281,35.7,CAMPANHA_PILOTO_01
2026-08-05,01:00:51,0.281,35.7,CAMPANHA_PILOTO_01
2026-08-05,01:00:52,0.281,35.7,CAMPANHA_PILOTO_01
2026-08-05,01:00:53,0.281,35.7,CAMPANHA_PILOTO_01
2026-08-05,01:00:54,0.281,35.7,CAMPANHA_PILOTO_01
2026-08-05,01:00:55,0.281,35.7,CAMPANHA_PILOTO_01
2026-08-05,01:00:56,0.281,35.7,CAMPANHA_PILOTO_01
2026-08-05,01:00:57,0.281,35.6,CAMPANHA_PILOTO_01
2026-08-05,01:00:58,0.281,35.6,CAMPANHA_PILOTO_01
2026-08-05,01:00:59,0.281,35.6,CAMPANHA_PILOTO_01
2026-08-05,01:01:00,0.281,35.6,CAMPANHA_PILOTO_01
2026-08-05,01:01:01,0.281,35.6,CAMPANHA_PILOTO_01
2026-08-05,01:01:02,0.281,35.6,CAMPANHA_PILOTO_01
2026-08-05,01:01:03,0.28,35.6,CAMPANHA_PILOTO_01
2026-08-05,01:01:04,0.28,35.6,CAMPANHA_PILOTO_01
2026-08-05,01:01:05,0.28,35.6,CAMPANHA_PILOTO_01
2026-08-05,01:01:06,0.28,35.6,CAMPANHA_PILOTO_01
2026-08-05,01:01:07,0.28,35.6,CAMPANHA_PILOTO_01
2026-08-05,01:01:08,0.28,35.6,CAMPANHA_PILOTO_01
2026-08-05,01:01:09,0.28,35.6,CAMPANHA_PILOTO_01
2026-08-05,01:01:10,0.28,35.6,CAMPANHA_PILOTO_01
2026-08-05,01:01:11,0.28,35.6,CAMPANHA_PILOTO_01
2026-08-05,01:01:12,0.28,35.6,CAMPANHA_PILOTO_01
2026-08-05,01:01:13,0.28,35.6,CAMPANHA_PILOTO_01
2026-08-05,01:01:14,0.28,35.6,CAMPANHA_PILOTO_01
2026-08-05,01:01:15,0.28,35.6,CAMPANHA_PILOTO_01
2026-08-05,01:01:16,0.28,35.6,CAMPANHA_PILOTO_01
2026-08-05,01:01:17,0.28,35.6,CAMPANHA_PILOTO_01
2026-08-05,01:01:18,0.28,35.5,CAMPANHA_PILOTO_01
2026-08-05,01:01:19,0.28,35.5,CAMPANHA_PILOTO_01
2026-08-05,01:01:20,0.28,35.5,CAMPANHA_PILOTO_01
2026-08-05,01:01:21,0.28,35.5,CAMPANHA_PILOTO_01
2026-08-05,01:01:22,0.28,35.5,CAMPANHA_PILOTO_01
2026-08-05,01:01:23,0.28,35.5,CAMPANHA_PILOTO_01
2026-08-05,01:01:24,0.28,35.5,CAMPANHA_PILOTO_01
2026-08-05,01:01:25,0.28,35.5,CAMPANHA_PILOTO_01
2026-08-05,01:01:26,0.28,35.5,CAMPANHA_PILOTO_01
2026-08-05,01:01:27,0.28,35.5,CAMPANHA_PILOTO_01
2026-08-05,01:01:28,0.28,35.5,CAMPANHA_PILOTO_01
2026-08-05,01:01:29,0.279,35.5,CAMPANHA_PILOTO_01
2026-08-05,01:01:30,0.279,35.5,CAMPANHA_PILOTO_01
2026-08-05,01:01:31,0.279,35.5,CAMPANHA_PILOTO_01
2026-08-05,01:01:32,0.279,35.5,CAMPANHA_PILOTO_01
2026-08-05,01:01:33,0.279,35.5,CAMPANHA_PILOTO_01
2026-08-05,01:01:34,0.279,35.5,CAMPANHA_PILOTO_01
2026-08-05,01:01:35,0.279,35.5,CAMPANHA_PILOTO_01
2026-08-05,01:01:36,0.279,35.5,CAMPANHA_PILOTO_01
2026-08-05,01:01:37,0.279,35.5,CAMPANHA_PILOTO_01
2026-08-05,01:01:38,0.279,35.5,CAMPANHA_PILOTO_01
2026-08-05,01:01:39,0.279,35.4,CAMPANHA_PILOTO_01
2026-08-05,01:01:40,0.279,35.4,CAMPANHA_PILOTO_01
2026-08-05,01:01:41,0.279,35.4,CAMPANHA_PILOTO_01
2026-08-05,01:01:42,0.279,35.4,CAMPANHA_PILOTO_01
2026-08-05,01:01:43,0.279,35.4,CAMPANHA_PILOTO_01
2026-08-05,01:01:44,0.279,35.4,CAMPANHA_PILOTO_01
2026-08-05,01:01:45,0.279,35.4,CAMPANHA_PILOTO_01
2026-08-05,01:01:46,0.279,35.4,CAMPANHA_PILOTO_01
2026-08-05,01:01:47,0.279,35.4,CAMPANHA_PILOTO_01
2026-08-05,01:01:48,0.279,35.4,CAMPANHA_PILOTO_01
2026-08-05,01:01:49,0.279,35.4,CAMPANHA_PILOTO_01
2026-08-05,01:01:50,0.279,35.4,CAMPANHA_PILOTO_01
2026-08-05,01:01:51,0.279,35.4,CAMPANHA_PILOTO_01
2026-08-05,01:01:52,0.279,35.4,CAMPANHA_PILOTO_01
2026-08-05,01:01:53,0.279,35.4,CAMPANHA_PILOTO_01
2026-08-05,01:01:54,0.279,35.4,CAMPANHA_PILOTO_01
2026-08-05,01:01:55,0.279,35.4,CAMPANHA_PILOTO_01
2026-08-05,01:01:56,0.278,35.4,CAMPANHA_PILOTO_01
2026-08-05,01:01:57,0.278,35.4,CAMPANHA_PILOTO_01
2026-08-05,01:01:58,0.278,35.4,CAMPANHA_PILOTO_01
2026-08-05,01:01:59,0.278,35.4,CAMPANHA_PILOTO_01
2026-08-05,01:02:00,0.278,35.4,CAMPANHA_PILOTO_01
2026-08-05,01:02:01,0.278,35.3,CAMPANHA_PILOTO_01
2026-08-05,01:02:02,0.278,35.3,CAMPANHA_PILOTO_01
2026-08-05,01:02:03,0.278,35.3,CAMPANHA_PILOTO_01
2026-08-05,01:02:04,0.278,35.3,CAMPANHA_PILOTO_01
2026-08-05,01:02:05,0.278,35.3,CAMPANHA_PILOTO_01
2026-08-05,01:02:06,0.278,35.3,CAMPANHA_PILOTO_01
2026-08-05,01:02:07,0.278,35.3,CAMPANHA_PILOTO_01
2026-08-05,01:02:08,0.278,35.3,CAMPANHA_PILOTO_01
2026-08-05,01:02:09,0.278,35.3,CAMPANHA_PILOTO_01
2026-08-05,01:02:10,0.278,35.3,CAMPANHA_PILOTO_01
2026-08-05,01:02:11,0.278,35.3,CAMPANHA_PILOTO_01
2026-08-05,01:02:12,0.278,35.3,CAMPANHA_PILOTO_01
2026-08-05,01:02:13,0.278,35.3,CAMPANHA_PILOTO_01
2026-08-05,01:02:14,0.278,35.3,CAMPANHA_PILOTO_01
2026-08-05,01:02:15,0.278,35.3,CAMPANHA_PILOTO_01
2026-08-05,01:02:16,0.278,35.3,CAMPANHA_PILOTO_01
2026-08-05,01:02:17,0.278,35.3,CAMPANHA_PILOTO_01
2026-08-05,01:02:18,0.278,35.3,CAMPANHA_PILOTO_01
2026-08-05,01:02:19,0.278,35.3,CAMPANHA_PILOTO_01
2026-08-05,01:02:20,0.278,35.3,CAMPANHA_PILOTO_01
2026-08-05,01:02:21,0.278,35.3,CAMPANHA_PILOTO_01
2026-08-05,01:02:22,0.278,35.2,CAMPANHA_PILOTO_01
2026-08-05,01:02:23,0.278,35.2,CAMPANHA_PILOTO_01
2026-08-05,01:02:24,0.277,35.2,CAMPANHA_PILOTO_01
2026-08-05,01:02:25,0.277,35.2,CAMPANHA_PILOTO_01
2026-08-05,01:02:26,0.277,35.2,CAMPANHA_PILOTO_01
2026-08-05,01:02:27,0.277,35.2,CAMPANHA_PILOTO_01
2026-08-05,01:02:28,0.277,35.2,CAMPANHA_PILOTO_01
2026-08-05,01:02:29,0.277,35.2,CAMPANHA_PILOTO_01
2026-08-05,01:02:30,0.277,35.2,CAMPANHA_PILOTO_01
2026-08-05,01:02:31,0.277,35.2,CAMPANHA_PILOTO_01
2026-08-05,01:02:32,0.277,35.2,CAMPANHA_PILOTO_01
2026-08-05,01:02:33,0.277,35.2,CAMPANHA_PILOTO_01
2026-08-05,01:02:34,0.277,35.2,CAMPANHA_PILOTO_01
2026-08-05,01:02:35,0.277,35.2,CAMPANHA_PILOTO_01
2026-08-05,01:02:36,0.277,35.2,CAMPANHA_PILOTO_01
2026-08-05,01:02:37,0.277,35.2,CAMPANHA_PILOTO_01
2026-08-05,01:02:38,0.277,35.2,CAMPANHA_PILOTO_01
2026-08-05,01:02:39,0.277,35.2,CAMPANHA_PILOTO_01
2026-08-05,01:02:40,0.277,35.2,CAMPANHA_PILOTO_01
2026-08-05,01:02:41,0.277,35.2,CAMPANHA_PILOTO_01
2026-08-05,01:02:42,0.277,35.2,CAMPANHA_PILOTO_01
2026-08-05,01:02:43,0.277,35.2,CAMPANHA_PILOTO_01
2026-08-05,01:02:44,0.277,35.1,CAMPANHA_PILOTO_01
2026-08-05,01:02:45,0.277,35.1,CAMPANHA_PILOTO_01
2026-08-05,01:02:46,0.277,35.1,CAMPANHA_PILOTO_01
2026-08-05,01:02:47,0.277,35.1,CAMPANHA_PILOTO_01
2026-08-05,01:02:48,0.277,35.1,CAMPANHA_PILOTO_01
2026-08-05,01:02:49,0.277,35.1,CAMPANHA_PILOTO_01
2026-08-05,01:02:50,0.277,35.1,CAMPANHA_PILOTO_01
2026-08-05,01:02:51,0.276,35.1,CAMPANHA_PILOTO_01
2026-08-05,01:02:52,0.276,35.1,CAMPANHA_PILOTO_01
2026-08-05,01:02:53,0.276,35.1,CAMPANHA_PILOTO_01
2026-08-05,01:02:54,0.276,35.1,CAMPANHA_PILOTO_01
2026-08-05,01:02:55,0.276,35.1,CAMPANHA_PILOTO_01
2026-08-05,01:02:56,0.276,35.1,CAMPANHA_PILOTO_01
2026-08-05,01:02:57,0.276,35.1,CAMPANHA_PILOTO_01
2026-08-05,01:02:58,0.276,35.1,CAMPANHA_PILOTO_01
2026-08-05,01:02:59,0.276,35.1,CAMPANHA_PILOTO_01
2026-08-05,01:03:00,0.276,35.1,CAMPANHA_PILOTO_01
2026-08-05,01:03:01,0.276,35.1,CAMPANHA_PILOTO_01
2026-08-05,01:03:02,0.276,35.1,CAMPANHA_PILOTO_01
2026-08-05,01:03:03,0.276,35.1,CAMPANHA_PILOTO_01
2026-08-05,01:03:04,0.276,35.1,CAMPANHA_PILOTO_01
2026-08-05,01:03:05,0.276,35.0,CAMPANHA_PILOTO_01
2026-08-05,01:03:06,0.276,35.0,CAMPANHA_PILOTO_01
2026-08-05,01:03:07,0.276,35.0,CAMPANHA_PILOTO_01
2026-08-05,01:03:08,0.276,35.0,CAMPANHA_PILOTO_01
2026-08-05,01:03:09,0.276,35.0,CAMPANHA_PILOTO_01
2026-08-05,01:03:10,0.276,35.0,CAMPANHA_PILOTO_01
2026-08-05,01:03:11,0.276,35.0,CAMPANHA_PILOTO_01
2026-08-05,01:03:12,0.276,35.0,CAMPANHA_PILOTO_01
2026-08-05,01:03:13,0.276,35.0,CAMPANHA_PILOTO_01
2026-08-05,01:03:14,0.276,35.0,CAMPANHA_PILOTO_01
2026-08-05,01:03:15,0.276,35.0,CAMPANHA_PILOTO_01
2026-08-05,01:03:16,0.276,35.0,CAMPANHA_PILOTO_01
2026-08-05,01:03:17,0.276,35.0,CAMPANHA_PILOTO_01
2026-08-05,01:03:18,0.276,35.0,CAMPANHA_PILOTO_01
2026-08-05,01:03:19,0.275,35.0,CAMPANHA_PILOTO_01
2026-08-05,01:03:20,0.275,35.0,CAMPANHA_PILOTO_01
2026-08-05,01:03:21,0.275,35.0,CAMPANHA_PILOTO_01
2026-08-05,01:03:22,0.275,35.0,CAMPANHA_PILOTO_01
2026-08-05,01:03:23,0.275,35.0,CAMPANHA_PILOTO_01
2026-08-05,01:03:24,0.275,35.0,CAMPANHA_PILOTO_01
2026-08-05,01:03:25,0.275,35.0,CAMPANHA_PILOTO_01
2026-08-05,01:03:26,0.275,35.0,CAMPANHA_PILOTO_01
2026-08-05,01:03:27,0.275,34.9,CAMPANHA_PILOTO_01
2026-08-05,01:03:28,0.275,34.9,CAMPANHA_PILOTO_01
2026-08-05,01:03:29,0.275,34.9,CAMPANHA_PILOTO_01
2026-08-05,01:03:30,0.275,34.9,CAMPANHA_PILOTO_01
2026-08-05,01:03:31,0.275,34.9,CAMPANHA_PILOTO_01
2026-08-05,01:03:32,0.275,34.9,CAMPANHA_PILOTO_01
2026-08-05,01:03:33,0.275,34.9,CAMPANHA_PILOTO_01
2026-08-05,01:03:34,0.275,34.9,CAMPANHA_PILOTO_01
2026-08-05,01:03:35,0.275,34.9,CAMPANHA_PILOTO_01
2026-08-05,01:03:36,0.275,34.9,CAMPANHA_PILOTO_01
2026-08-05,01:03:37,0.275,34.9,CAMPANHA_PILOTO_01
2026-08-05,01:03:38,0.275,34.9,CAMPANHA_PILOTO_01
2026-08-05,01:03:39,0.275,34.9,CAMPANHA_PILOTO_01
2026-08-05,01:03:40,0.275,34.9,CAMPANHA_PILOTO_01
2026-08-05,01:03:41,0.275,34.9,CAMPANHA_PILOTO_01
2026-08-05,01:03:42,0.275,34.9,CAMPANHA_PILOTO_01
2026-08-05,01:03:43,0.275,34.9,CAMPANHA_PILOTO_01
2026-08-05,01:03:44,0.275,34.9,CAMPANHA_PILOTO_01
2026-08-05,01:03:45,0.275,34.9,CAMPANHA_PILOTO_01
2026-08-05,01:03:46,0.274,34.9,CAMPANHA_PILOTO_01
2026-08-05,01:03:47,0.274,34.9,CAMPANHA_PILOTO_01
2026-08-05,01:03:48,0.274,34.9,CAMPANHA_PILOTO_01
2026-08-05,01:03:49,0.274,34.8,CAMPANHA_PILOTO_01
2026-08-05,01:03:50,0.274,34.8,CAMPANHA_PILOTO_01
2026-08-05,01:03:51,0.274,34.8,CAMPANHA_PILOTO_01
2026-08-05,01:03:52,0.274,34.8,CAMPANHA_PILOTO_01
2026-08-05,01:03:53,0.274,34.8,CAMPANHA_PILOTO_01
2026-08-05,01:03:54,0.274,34.8,CAMPANHA_PILOTO_01
2026-08-05,01:03:55,0.274,34.8,CAMPANHA_PILOTO_01
2026-08-05,01:03:56,0.274,34.8,CAMPANHA_PILOTO_01
2026-08-05,01:03:57,0.274,34.8,CAMPANHA_PILOTO_01
2026-08-05,01:03:58,0.274,34.8,CAMPANHA_PILOTO_01
2026-08-05,01:03:59,0.274,34.8,CAMPANHA_PILOTO_01
2026-08-05,01:04:00,0.274,34.8,CAMPANHA_PILOTO_01
2026-08-05,01:04:01,0.274,34.8,CAMPANHA_PILOTO_01
2026-08-05,01:04:02,0.274,34.8,CAMPANHA_PILOTO_01
2026-08-05,01:04:03,0.274,34.8,CAMPANHA_PILOTO_01
2026-08-05,01:04:04,0.274,34.8,CAMPANHA_PILOTO_01
2026-08-05,01:04:05,0.274,34.8,CAMPANHA_PILOTO_01
2026-08-05,01:04:06,0.274,34.8,CAMPANHA_PILOTO_01
2026-08-05,01:04:07,0.274,34.8,CAMPANHA_PILOTO_01
2026-08-05,01:04:08,0.274,34.8,CAMPANHA_PILOTO_01
2026-08-05,01:04:09,0.274,34.8,CAMPANHA_PILOTO_01
2026-08-05,01:04:10,0.274,34.8,CAMPANHA_PILOTO_01
2026-08-05,01:04:11,0.274,34.7,CAMPANHA_PILOTO_01
2026-08-05,01:04:12,0.274,34.7,CAMPANHA_PILOTO_01
2026-08-05,01:04:13,0.274,34.7,CAMPANHA_PILOTO_01
2026-08-05,01:04:14,0.273,34.7,CAMPANHA_PILOTO_01
2026-08-05,01:04:15,0.273,34.7,CAMPANHA_PILOTO_01
2026-08-05,01:04:16,0.273,34.7,CAMPANHA_PILOTO_01
2026-08-05,01:04:17,0.273,34.7,CAMPANHA_PILOTO_01
2026-08-05,01:04:18,0.273,34.7,CAMPANHA_PILOTO_01
2026-08-05,01:04:19,0.273,34.7,CAMPANHA_PILOTO_01
2026-08-05,01:04:20,0.273,34.7,CAMPANHA_PILOTO_01
2026-08-05,01:04:21,0.273,34.7,CAMPANHA_PILOTO_01
2026-08-05,01:04:22,0.273,34.7,CAMPANHA_PILOTO_01
2026-08-05,01:04:23,0.273,34.7,CAMPANHA_PILOTO_01
2026-08-05,01:04:24,0.273,34.7,CAMPANHA_PILOTO_01
2026-08-05,01:04:25,0.273,34.7,CAMPANHA_PILOTO_01
2026-08-05,01:04:26,0.273,34.7,CAMPANHA_PILOTO_01
2026-08-05,01:04:27,0.273,34.7,CAMPANHA_PILOTO_01
2026-08-05,01:04:28,0.273,34.7,CAMPANHA_PILOTO_01
2026-08-05,01:04:29,0.273,34.7,CAMPANHA_PILOTO_01
2026-08-05,01:04:30,0.273,34.7,CAMPANHA_PILOTO_01
2026-08-05,01:04:31,0.273,34.7,CAMPANHA_PILOTO_01
2026-08-05,01:04:32,0.273,34.7,CAMPANHA_PILOTO_01
2026-08-05,01:04:33,0.273,34.6,CAMPANHA_PILOTO_01
2026-08-05,01:04:34,0.273,34.6,CAMPANHA_PILOTO_01
2026-08-05,01:04:35,0.273,34.6,CAMPANHA_PILOTO_01
2026-08-05,01:04:36,0.273,34.6,CAMPANHA_PILOTO_01
2026-08-05,01:04:37,0.273,34.6,CAMPANHA_PILOTO_01
2026-08-05,01:04:38,0.273,34.6,CAMPANHA_PILOTO_01
2026-08-05,01:04:39,0.273,34.6,CAMPANHA_PILOTO_01
2026-08-05,01:04:40,0.273,34.6,CAMPANHA_PILOTO_01
2026-08-05,01:04:41,0.273,34.6,CAMPANHA_PILOTO_01
2026-08-05,01:04:42,0.272,34.6,CAMPANHA_PILOTO_01
2026-08-05,01:04:43,0.272,34.6,CAMPANHA_PILOTO_01
2026-08-05,01:04:44,0.272,34.6,CAMPANHA_PILOTO_01
2026-08-05,01:04:45,0.272,34.6,CAMPANHA_PILOTO_01
2026-08-05,01:04:46,0.272,34.6,CAMPANHA_PILOTO_01
2026-08-05,01:04:47,0.272,34.6,CAMPANHA_PILOTO_01
2026-08-05,01:04:48,0.272,34.6,CAMPANHA_PILOTO_01
2026-08-05,01:04:49,0.272,34.6,CAMPANHA_PILOTO_01
2026-08-05,01:04:50,0.272,34.6,CAMPANHA_PILOTO_01
2026-08-05,01:04:51,0.272,34.6,CAMPANHA_PILOTO_01
2026-08-05,01:04:52,0.272,34.6,CAMPANHA_PILOTO_01
2026-08-05,01:04:53,0.272,34.6,CAMPANHA_PILOTO_01
2026-08-05,01:04:54,0.272,34.6,CAMPANHA_PILOTO_01
2026-08-05,01:04:55,0.272,34.5,CAMPANHA_PILOTO_01
2026-08-05,01:04:56,0.272,34.5,CAMPANHA_PILOTO_01
2026-08-05,01:04:57,0.272,34.5,CAMPANHA_PILOTO_01
2026-08-05,01:04:58,0.272,34.5,CAMPANHA_PILOTO_01
2026-08-05,01:04:59,0.272,34.5,CAMPANHA_PILOTO_01
2026-08-05,01:05:00,0.272,34.5,CAMPANHA_PILOTO_01
2026-08-05,01:05:01,0.272,34.5,CAMPANHA_PILOTO_01
2026-08-05,01:05:02,0.272,34.5,CAMPANHA_PILOTO_01
2026-08-05,01:05:03,0.272,34.5,CAMPANHA_PILOTO_01
2026-08-05,01:05:04,0.272,34.5,CAMPANHA_PILOTO_01
2026-08-05,01:05:05,0.272,34.5,CAMPANHA_PILOTO_01
2026-08-05,01:05:06,0.272,34.5,CAMPANHA_PILOTO_01
2026-08-05,01:05:07,0.272,34.5,CAMPANHA_PILOTO_01
2026-08-05,01:05:08,0.272,34.5,CAMPANHA_PILOTO_01
2026-08-05,01:05:09,0.272,34.5,CAMPANHA_PILOTO_01
2026-08-05,01:05:10,0.272,34.5,CAMPANHA_PILOTO_01
2026-08-05,01:05:11,0.271,34.5,CAMPANHA_PILOTO_01
2026-08-05,01:05:12,0.271,34.5,CAMPANHA_PILOTO_01
2026-08-05,01:05:13,0.271,34.5,CAMPANHA_PILOTO_01
2026-08-05,01:05:14,0.271,34.5,CAMPANHA_PILOTO_01
2026-08-05,01:05:15,0.271,34.5,CAMPANHA_PILOTO_01
2026-08-05,01:05:16,0.271,34.5,CAMPANHA_PILOTO_01
2026-08-05,01:05:17,0.271,34.5,CAMPANHA_PILOTO_01
2026-08-05,01:05:18,0.271,34.4,CAMPANHA_PILOTO_01
2026-08-05,01:05:19,0.271,34.4,CAMPANHA_PILOTO_01
2026-08-05,01:05:20,0.271,34.4,CAMPANHA_PILOTO_01
2026-08-05,01:05:21,0.271,34.4,CAMPANHA_PILOTO_01
2026-08-05,01:05:22,0.271,34.4,CAMPANHA_PILOTO_01
2026-08-05,01:05:23,0.271,34.4,CAMPANHA_PILOTO_01
2026-08-05,01:05:24,0.271,34.4,CAMPANHA_PILOTO_01
2026-08-05,01:05:25,0.271,34.4,CAMPANHA_PILOTO_01
2026-08-05,01:05:26,0.271,34.4,CAMPANHA_PILOTO_01
2026-08-05,01:05:27,0.271,34.4,CAMPANHA_PILOTO_01
2026-08-05,01:05:28,0.271,34.4,CAMPANHA_PILOTO_01
2026-08-05,01:05:29,0.271,34.4,CAMPANHA_PILOTO_01
2026-08-05,01:05:30,0.271,34.4,CAMPANHA_PILOTO_01
2026-08-05,01:05:31,0.271,34.4,CAMPANHA_PILOTO_01
2026-08-05,01:05:32,0.271,34.4,CAMPANHA_PILOTO_01
2026-08-05,01:05:33,0.271,34.4,CAMPANHA_PILOTO_01
2026-08-05,01:05:34,0.271,34.4,CAMPANHA_PILOTO_01
2026-08-05,01:05:35,0.271,34.4,CAMPANHA_PILOTO_01
2026-08-05,01:05:36,0.271,34.4,CAMPANHA_PILOTO_01
2026-08-05,01:05:37,0.271,34.4,CAMPANHA_PILOTO_01
2026-08-05,01:05:38,0.271,34.4,CAMPANHA_PILOTO_01
2026-08-05,01:05:39,0.27,34.4,CAMPANHA_PILOTO_01
2026-08-05,01:05:40,0.27,34.3,CAMPANHA_PILOTO_01
2026-08-05,01:05:41,0.27,34.3,CAMPANHA_PILOTO_01
2026-08-05,01:05:42,0.27,34.3,CAMPANHA_PILOTO_01
2026-08-05,01:05:43,0.27,34.3,CAMPANHA_PILOTO_01
2026-08-05,01:05:44,0.27,34.3,CAMPANHA_PILOTO_01
2026-08-05,01:05:45,0.27,34.3,CAMPANHA_PILOTO_01
2026-08-05,01:05:46,0.27,34.3,CAMPANHA_PILOTO_01
2026-08-05,01:05:47,0.27,34.3,CAMPANHA_PILOTO_01
2026-08-05,01:05:48,0.27,34.3,CAMPANHA_PILOTO_01
2026-08-05,01:05:49,0.27,34.3,CAMPANHA_PILOTO_01
2026-08-05,01:05:50,0.27,34.3,CAMPANHA_PILOTO_01
2026-08-05,01:05:51,0.27,34.3,CAMPANHA_PILOTO_01
2026-08-05,01:05:52,0.27,34.3,CAMPANHA_PILOTO_01
2026-08-05,01:05:53,0.27,34.3,CAMPANHA_PILOTO_01
2026-08-05,01:05:54,0.27,34.3,CAMPANHA_PILOTO_01
2026-08-05,01:05:55,0.27,34.3,CAMPANHA_PILOTO_01
2026-08-05,01:05:56,0.27,34.3,CAMPANHA_PILOTO_01
2026-08-05,01:05:57,0.27,34.3,CAMPANHA_PILOTO_01
2026-08-05,01:05:58,0.27,34.3,CAMPANHA_PILOTO_01
2026-08-05,01:05:59,0.27,34.3,CAMPANHA_PILOTO_01
2026-08-05,01:06:00,0.27,34.3,CAMPANHA_PILOTO_01
2026-08-05,01:06:01,0.27,34.3,CAMPANHA_PILOTO_01
2026-08-05,01:06:02,0.27,34.3,CAMPANHA_PILOTO_01
2026-08-05,01:06:03,0.27,34.2,CAMPANHA_PILOTO_01
2026-08-05,01:06:04,0.27,34.2,CAMPANHA_PILOTO_01
2026-08-05,01:06:05,0.27,34.2,CAMPANHA_PILOTO_01
2026-08-05,01:06:06,0.27,34.2,CAMPANHA_PILOTO_01
2026-08-05,01:06:07,0.27,34.2,CAMPANHA_PILOTO_01
2026-08-05,01:06:08,0.269,34.2,CAMPANHA_PILOTO_01
2026-08-05,01:06:09,0.269,34.2,CAMPANHA_PILOTO_01
2026-08-05,01:06:10,0.269,34.2,CAMPANHA_PILOTO_01
2026-08-05,01:06:11,0.269,34.2,CAMPANHA_PILOTO_01
2026-08-05,01:06:12,0.269,34.2,CAMPANHA_PILOTO_01
2026-08-05,01:06:13,0.269,34.2,CAMPANHA_PILOTO_01
2026-08-05,01:06:14,0.269,34.2,CAMPANHA_PILOTO_01
2026-08-05,01:06:15,0.269,34.2,CAMPANHA_PILOTO_01
2026-08-05,01:06:16,0.269,34.2,CAMPANHA_PILOTO_01
2026-08-05,01:06:17,0.269,34.2,CAMPANHA_PILOTO_01
2026-08-05,01:06:18,0.269,34.2,CAMPANHA_PILOTO_01
2026-08-05,01:06:19,0.269,34.2,CAMPANHA_PILOTO_01
2026-08-05,01:06:20,0.269,34.2,CAMPANHA_PILOTO_01
2026-08-05,01:06:21,0.269,34.2,CAMPANHA_PILOTO_01
2026-08-05,01:06:22,0.269,34.2,CAMPANHA_PILOTO_01
2026-08-05,01:06:23,0.269,34.2,CAMPANHA_PILOTO_01
2026-08-05,01:06:24,0.269,34.2,CAMPANHA_PILOTO_01
2026-08-05,01:06:25,0.269,34.2,CAMPANHA_PILOTO_01
2026-08-05,01:06:26,0.269,34.1,CAMPANHA_PILOTO_01
2026-08-05,01:06:27,0.269,34.1,CAMPANHA_PILOTO_01
2026-08-05,01:06:28,0.269,34.1,CAMPANHA_PILOTO_01
2026-08-05,01:06:29,0.269,34.1,CAMPANHA_PILOTO_01
2026-08-05,01:06:30,0.269,34.1,CAMPANHA_PILOTO_01
2026-08-05,01:06:31,0.269,34.1,CAMPANHA_PILOTO_01
2026-08-05,01:06:32,0.269,34.1,CAMPANHA_PILOTO_01
2026-08-05,01:06:33,0.269,34.1,CAMPANHA_PILOTO_01
2026-08-05,01:06:34,0.269,34.1,CAMPANHA_PILOTO_01
2026-08-05,01:06:35,0.269,34.1,CAMPANHA_PILOTO_01
2026-08-05,01:06:36,0.269,34.1,CAMPANHA_PILOTO_01
2026-08-05,01:06:37,0.268,34.1,CAMPANHA_PILOTO_01
2026-08-05,01:06:38,0.268,34.1,CAMPANHA_PILOTO_01
2026-08-05,01:06:39,0.268,34.1,CAMPANHA_PILOTO_01
2026-08-05,01:06:40,0.268,34.1,CAMPANHA_PILOTO_01
2026-08-05,01:06:41,0.268,34.1,CAMPANHA_PILOTO_01
2026-08-05,01:06:42,0.268,34.1,CAMPANHA_PILOTO_01
2026-08-05,01:06:43,0.268,34.1,CAMPANHA_PILOTO_01
2026-08-05,01:06:44,0.268,34.1,CAMPANHA_PILOTO_01
2026-08-05,01:06:45,0.268,34.1,CAMPANHA_PILOTO_01
2026-08-05,01:06:46,0.268,34.1,CAMPANHA_PILOTO_01
2026-08-05,01:06:47,0.268,34.1,CAMPANHA_PILOTO_01
2026-08-05,01:06:48,0.268,34.1,CAMPANHA_PILOTO_01
2026-08-05,01:06:49,0.268,34.0,CAMPANHA_PILOTO_01
2026-08-05,01:06:50,0.268,34.0,CAMPANHA_PILOTO_01
2026-08-05,01:06:51,0.268,34.0,CAMPANHA_PILOTO_01
2026-08-05,01:06:52,0.268,34.0,CAMPANHA_PILOTO_01
2026-08-05,01:06:53,0.268,34.0,CAMPANHA_PILOTO_01
2026-08-05,01:06:54,0.268,34.0,CAMPANHA_PILOTO_01
2026-08-05,01:06:55,0.268,34.0,CAMPANHA_PILOTO_01
2026-08-05,01:06:56,0.268,34.0,CAMPANHA_PILOTO_01
2026-08-05,01:06:57,0.268,34.0,CAMPANHA_PILOTO_01
2026-08-05,01:06:58,0.268,34.0,CAMPANHA_PILOTO_01
2026-08-05,01:06:59,0.268,34.0,CAMPANHA_PILOTO_01
2026-08-05,01:07:00,0.268,34.0,CAMPANHA_PILOTO_01
2026-08-05,01:07:01,0.268,34.0,CAMPANHA_PILOTO_01
2026-08-05,01:07:02,0.268,34.0,CAMPANHA_PILOTO_01
2026-08-05,01:07:03,0.268,34.0,CAMPANHA_PILOTO_01
2026-08-05,01:07:04,0.268,34.0,CAMPANHA_PILOTO_01
2026-08-05,01:07:05,0.268,34.0,CAMPANHA_PILOTO_01
2026-08-05,01:07:06,0.268,34.0,CAMPANHA_PILOTO_01
2026-08-05,01:07:07,0.267,34.0,CAMPANHA_PILOTO_01
2026-08-05,01:07:08,0.267,34.0,CAMPANHA_PILOTO_01
2026-08-05,01:07:09,0.267,34.0,CAMPANHA_PILOTO_01
2026-08-05,01:07:10,0.267,34.0,CAMPANHA_PILOTO_01
2026-08-05,01:07:11,0.267,34.0,CAMPANHA_PILOTO_01
2026-08-05,01:07:12,0.267,33.9,CAMPANHA_PILOTO_01
2026-08-05,01:07:13,0.267,33.9,CAMPANHA_PILOTO_01
2026-08-05,01:07:14,0.267,33.9,CAMPANHA_PILOTO_01
2026-08-05,01:07:15,0.267,33.9,CAMPANHA_PILOTO_01
2026-08-05,01:07:16,0.267,33.9,CAMPANHA_PILOTO_01
2026-08-05,01:07:17,0.267,33.9,CAMPANHA_PILOTO_01
2026-08-05,01:07:18,0.267,33.9,CAMPANHA_PILOTO_01
2026-08-05,01:07:19,0.267,33.9,CAMPANHA_PILOTO_01
2026-08-05,01:07:20,0.267,33.9,CAMPANHA_PILOTO_01
2026-08-05,01:07:21,0.267,33.9,CAMPANHA_PILOTO_01
2026-08-05,01:07:22,0.267,33.9,CAMPANHA_PILOTO_01
2026-08-05,01:07:23,0.267,33.9,CAMPANHA_PILOTO_01
2026-08-05,01:07:24,0.267,33.9,CAMPANHA_PILOTO_01
2026-08-05,01:07:25,0.267,33.9,CAMPANHA_PILOTO_01
2026-08-05,01:07:26,0.267,33.9,CAMPANHA_PILOTO_01
2026-08-05,01:07:27,0.267,33.9,CAMPANHA_PILOTO_01
2026-08-05,01:07:28,0.267,33.9,CAMPANHA_PILOTO_01
2026-08-05,01:07:29,0.267,33.9,CAMPANHA_PILOTO_01
2026-08-05,01:07:30,0.267,33.9,CAMPANHA_PILOTO_01
2026-08-05,01:07:31,0.267,33.9,CAMPANHA_PILOTO_01
2026-08-05,01:07:32,0.267,33.9,CAMPANHA_PILOTO_01
2026-08-05,01:07:33,0.267,33.9,CAMPANHA_PILOTO_01
2026-08-05,01:07:34,0.267,33.9,CAMPANHA_PILOTO_01
2026-08-05,01:07:35,0.267,33.8,CAMPANHA_PILOTO_01
2026-08-05,01:07:36,0.266,33.8,CAMPANHA_PILOTO_01
2026-08-05,01:07:37,0.266,33.8,CAMPANHA_PILOTO_01
2026-08-05,01:07:38,0.266,33.8,CAMPANHA_PILOTO_01
2026-08-05,01:07:39,0.266,33.8,CAMPANHA_PILOTO_01
2026-08-05,01:07:40,0.266,33.8,CAMPANHA_PILOTO_01
2026-08-05,01:07:41,0.266,33.8,CAMPANHA_PILOTO_01
2026-08-05,01:07:42,0.266,33.8,CAMPANHA_PILOTO_01
2026-08-05,01:07:43,0.266,33.8,CAMPANHA_PILOTO_01
2026-08-05,01:07:44,0.266,33.8,CAMPANHA_PILOTO_01
2026-08-05,01:07:45,0.266,33.8,CAMPANHA_PILOTO_01
2026-08-05,01:07:46,0.266,33.8,CAMPANHA_PILOTO_01
2026-08-05,01:07:47,0.266,33.8,CAMPANHA_PILOTO_01
2026-08-05,01:07:48,0.266,33.8,CAMPANHA_PILOTO_01
2026-08-05,01:07:49,0.266,33.8,CAMPANHA_PILOTO_01
2026-08-05,01:07:50,0.266,33.8,CAMPANHA_PILOTO_01
2026-08-05,01:07:51,0.266,33.8,CAMPANHA_PILOTO_01
2026-08-05,01:07:52,0.266,33.8,CAMPANHA_PILOTO_01
2026-08-05,01:07:53,0.266,33.8,CAMPANHA_PILOTO_01
2026-08-05,01:07:54,0.266,33.8,CAMPANHA_PILOTO_01
2026-08-05,01:07:55,0.266,33.8,CAMPANHA_PILOTO_01
2026-08-05,01:07:56,0.266,33.8,CAMPANHA_PILOTO_01
2026-08-05,01:07:57,0.266,33.8,CAMPANHA_PILOTO_01
2026-08-05,01:07:58,0.266,33.7,CAMPANHA_PILOTO_01
2026-08-05,01:07:59,0.266,33.7,CAMPANHA_PILOTO_01
2026-08-05,01:08:00,0.266,33.7,CAMPANHA_PILOTO_01
2026-08-05,01:08:01,0.266,33.7,CAMPANHA_PILOTO_01
2026-08-05,01:08:02,0.266,33.7,CAMPANHA_PILOTO_01
2026-08-05,01:08:03,0.266,33.7,CAMPANHA_PILOTO_01
2026-08-05,01:08:04,0.266,33.7,CAMPANHA_PILOTO_01
2026-08-05,01:08:05,0.266,33.7,CAMPANHA_PILOTO_01
2026-08-05,01:08:06,0.265,33.7,CAMPANHA_PILOTO_01
2026-08-05,01:08:07,0.265,33.7,CAMPANHA_PILOTO_01
2026-08-05,01:08:08,0.265,33.7,CAMPANHA_PILOTO_01
2026-08-05,01:08:09,0.265,33.7,CAMPANHA_PILOTO_01
2026-08-05,01:08:10,0.265,33.7,CAMPANHA_PILOTO_01
2026-08-05,01:08:11,0.265,33.7,CAMPANHA_PILOTO_01
2026-08-05,01:08:12,0.265,33.7,CAMPANHA_PILOTO_01
2026-08-05,01:08:13,0.265,33.7,CAMPANHA_PILOTO_01
2026-08-05,01:08:14,0.265,33.7,CAMPANHA_PILOTO_01
2026-08-05,01:08:15,0.265,33.7,CAMPANHA_PILOTO_01
2026-08-05,01:08:16,0.265,33.7,CAMPANHA_PILOTO_01
2026-08-05,01:08:17,0.265,33.7,CAMPANHA_PILOTO_01
2026-08-05,01:08:18,0.265,33.7,CAMPANHA_PILOTO_01
2026-08-05,01:08:19,0.265,33.7,CAMPANHA_PILOTO_01
2026-08-05,01:08:20,0.265,33.7,CAMPANHA_PILOTO_01
2026-08-05,01:08:21,0.265,33.7,CAMPANHA_PILOTO_01
2026-08-05,01:08:22,0.265,33.6,CAMPANHA_PILOTO_01
2026-08-05,01:08:23,0.265,33.6,CAMPANHA_PILOTO_01
2026-08-05,01:08:24,0.265,33.6,CAMPANHA_PILOTO_01
2026-08-05,01:08:25,0.265,33.6,CAMPANHA_PILOTO_01
2026-08-05,01:08:26,0.265,33.6,CAMPANHA_PILOTO_01
2026-08-05,01:08:27,0.265,33.6,CAMPANHA_PILOTO_01
2026-08-05,01:08:28,0.265,33.6,CAMPANHA_PILOTO_01
2026-08-05,01:08:29,0.265,33.6,CAMPANHA_PILOTO_01
2026-08-05,01:08:30,0.265,33.6,CAMPANHA_PILOTO_01
2026-08-05,01:08:31,0.265,33.6,CAMPANHA_PILOTO_01
2026-08-05,01:08:32,0.265,33.6,CAMPANHA_PILOTO_01
2026-08-05,01:08:33,0.265,33.6,CAMPANHA_PILOTO_01
2026-08-05,01:08:34,0.265,33.6,CAMPANHA_PILOTO_01
2026-08-05,01:08:35,0.265,33.6,CAMPANHA_PILOTO_01
2026-08-05,01:08:36,0.264,33.6,CAMPANHA_PILOTO_01
2026-08-05,01:08:37,0.264,33.6,CAMPANHA_PILOTO_01
2026-08-05,01:08:38,0.264,33.6,CAMPANHA_PILOTO_01
2026-08-05,01:08:39,0.264,33.6,CAMPANHA_PILOTO_01
2026-08-05,01:08:40,0.264,33.6,CAMPANHA_PILOTO_01
2026-08-05,01:08:41,0.264,33.6,CAMPANHA_PILOTO_01
2026-08-05,01:08:42,0.264,33.6,CAMPANHA_PILOTO_01
2026-08-05,01:08:43,0.264,33.6,CAMPANHA_PILOTO_01
2026-08-05,01:08:44,0.264,33.6,CAMPANHA_PILOTO_01
2026-08-05,01:08:45,0.264,33.5,CAMPANHA_PILOTO_01
2026-08-05,01:08:46,0.264,33.5,CAMPANHA_PILOTO_01
2026-08-05,01:08:47,0.264,33.5,CAMPANHA_PILOTO_01
2026-08-05,01:08:48,0.264,33.5,CAMPANHA_PILOTO_01
2026-08-05,01:08:49,0.264,33.5,CAMPANHA_PILOTO_01
2026-08-05,01:08:50,0.264,33.5,CAMPANHA_PILOTO_01
2026-08-05,01:08:51,0.264,33.5,CAMPANHA_PILOTO_01
2026-08-05,01:08:52,0.264,33.5,CAMPANHA_PILOTO_01
2026-08-05,01:08:53,0.264,33.5,CAMPANHA_PILOTO_01
2026-08-05,01:08:54,0.264,33.5,CAMPANHA_PILOTO_01
2026-08-05,01:08:55,0.264,33.5,CAMPANHA_PILOTO_01
2026-08-05,01:08:56,0.264,33.5,CAMPANHA_PILOTO_01
2026-08-05,01:08:57,0.264,33.5,CAMPANHA_PILOTO_01
2026-08-05,01:08:58,0.264,33.5,CAMPANHA_PILOTO_01
2026-08-05,01:08:59,0.264,33.5,CAMPANHA_PILOTO_01
2026-08-05,01:09:00,0.264,33.5,CAMPANHA_PILOTO_01
2026-08-05,01:09:01,0.264,33.5,CAMPANHA_PILOTO_01
2026-08-05,01:09:02,0.264,33.5,CAMPANHA_PILOTO_01
2026-08-05,01:09:03,0.264,33.5,CAMPANHA_PILOTO_01
2026-08-05,01:09:04,0.264,33.5,CAMPANHA_PILOTO_01
2026-08-05,01:09:05,0.264,33.5,CAMPANHA_PILOTO_01
2026-08-05,01:09:06,0.263,33.5,CAMPANHA_PILOTO_01
2026-08-05,01:09:07,0.263,33.5,CAMPANHA_PILOTO_01
2026-08-05,01:09:08,0.263,33.5,CAMPANHA_PILOTO_01
2026-08-05,01:09:09,0.263,33.4,CAMPANHA_PILOTO_01
2026-08-05,01:09:10,0.263,33.4,CAMPANHA_PILOTO_01
2026-08-05,01:09:11,0.263,33.4,CAMPANHA_PILOTO_01
2026-08-05,01:09:12,0.263,33.4,CAMPANHA_PILOTO_01
2026-08-05,01:09:13,0.263,33.4,CAMPANHA_PILOTO_01
2026-08-05,01:09:14,0.263,33.4,CAMPANHA_PILOTO_01
2026-08-05,01:09:15,0.263,33.4,CAMPANHA_PILOTO_01
2026-08-05,01:09:16,0.263,33.4,CAMPANHA_PILOTO_01
2026-08-05,01:09:17,0.263,33.4,CAMPANHA_PILOTO_01
2026-08-05,01:09:18,0.263,33.4,CAMPANHA_PILOTO_01
2026-08-05,01:09:19,0.263,33.4,CAMPANHA_PILOTO_01
2026-08-05,01:09:20,0.263,33.4,CAMPANHA_PILOTO_01
2026-08-05,01:09:21,0.263,33.4,CAMPANHA_PILOTO_01
2026-08-05,01:09:22,0.263,33.4,CAMPANHA_PILOTO_01
2026-08-05,01:09:23,0.263,33.4,CAMPANHA_PILOTO_01
2026-08-05,01:09:24,0.263,33.4,CAMPANHA_PILOTO_01
2026-08-05,01:09:25,0.263,33.4,CAMPANHA_PILOTO_01
2026-08-05,01:09:26,0.263,33.4,CAMPANHA_PILOTO_01
2026-08-05,01:09:27,0.263,33.4,CAMPANHA_PILOTO_01
2026-08-05,01:09:28,0.263,33.4,CAMPANHA_PILOTO_01
2026-08-05,01:09:29,0.263,33.4,CAMPANHA_PILOTO_01
2026-08-05,01:09:30,0.263,33.4,CAMPANHA_PILOTO_01
2026-08-05,01:09:31,0.263,33.4,CAMPANHA_PILOTO_01
2026-08-05,01:09:32,0.263,33.4,CAMPANHA_PILOTO_01
2026-08-05,01:09:33,0.263,33.3,CAMPANHA_PILOTO_01
2026-08-05,01:09:34,0.263,33.3,CAMPANHA_PILOTO_01
2026-08-05,01:09:35,0.263,33.3,CAMPANHA_PILOTO_01
2026-08-05,01:09:36,0.262,33.3,CAMPANHA_PILOTO_01
2026-08-05,01:09:37,0.262,33.3,CAMPANHA_PILOTO_01
2026-08-05,01:09:38,0.262,33.3,CAMPANHA_PILOTO_01
2026-08-05,01:09:39,0.262,33.3,CAMPANHA_PILOTO_01
2026-08-05,01:09:40,0.262,33.3,CAMPANHA_PILOTO_01
2026-08-05,01:09:41,0.262,33.3,CAMPANHA_PILOTO_01
2026-08-05,01:09:42,0.262,33.3,CAMPANHA_PILOTO_01
2026-08-05,01:09:43,0.262,33.3,CAMPANHA_PILOTO_01
2026-08-05,01:09:44,0.262,33.3,CAMPANHA_PILOTO_01
2026-08-05,01:09:45,0.262,33.3,CAMPANHA_PILOTO_01
2026-08-05,01:09:46,0.262,33.3,CAMPANHA_PILOTO_01
2026-08-05,01:09:47,0.262,33.3,CAMPANHA_PILOTO_01
2026-08-05,01:09:48,0.262,33.3,CAMPANHA_PILOTO_01
2026-08-05,01:09:49,0.262,33.3,CAMPANHA_PILOTO_01
2026-08-05,01:09:50,0.262,33.3,CAMPANHA_PILOTO_01
2026-08-05,01:09:51,0.262,33.3,CAMPANHA_PILOTO_01
2026-08-05,01:09:52,0.262,33.3,CAMPANHA_PILOTO_01
2026-08-05,01:09:53,0.262,33.3,CAMPANHA_PILOTO_01
2026-08-05,01:09:54,0.262,33.3,CAMPANHA_PILOTO_01
2026-08-05,01:09:55,0.262,33.3,CAMPANHA_PILOTO_01
2026-08-05,01:09:56,0.262,33.3,CAMPANHA_PILOTO_01
2026-08-05,01:09:57,0.262,33.2,CAMPANHA_PILOTO_01
2026-08-05,01:09:58,0.262,33.2,CAMPANHA_PILOTO_01
2026-08-05,01:09:59,0.262,33.2,CAMPANHA_PILOTO_01
2026-08-05,01:10:00,0.262,33.2,CAMPANHA_PILOTO_01
2026-08-05,01:10:01,0.262,33.2,CAMPANHA_PILOTO_01
2026-08-05,01:10:02,0.262,33.2,CAMPANHA_PILOTO_01
2026-08-05,01:10:03,0.262,33.2,CAMPANHA_PILOTO_01
2026-08-05,01:10:04,0.262,33.2,CAMPANHA_PILOTO_01
2026-08-05,01:10:05,0.262,33.2,CAMPANHA_PILOTO_01
2026-08-05,01:10:06,0.262,33.2,CAMPANHA_PILOTO_01
2026-08-05,01:10:07,0.261,33.2,CAMPANHA_PILOTO_01
2026-08-05,01:10:08,0.261,33.2,CAMPANHA_PILOTO_01
2026-08-05,01:10:09,0.261,33.2,CAMPANHA_PILOTO_01
2026-08-05,01:10:10,0.261,33.2,CAMPANHA_PILOTO_01
2026-08-05,01:10:11,0.261,33.2,CAMPANHA_PILOTO_01
2026-08-05,01:10:12,0.261,33.2,CAMPANHA_PILOTO_01
2026-08-05,01:10:13,0.261,33.2,CAMPANHA_PILOTO_01
2026-08-05,01:10:14,0.261,33.2,CAMPANHA_PILOTO_01
2026-08-05,01:10:15,0.261,33.2,CAMPANHA_PILOTO_01
2026-08-05,01:10:16,0.261,33.2,CAMPANHA_PILOTO_01
2026-08-05,01:10:17,0.261,33.2,CAMPANHA_PILOTO_01
2026-08-05,01:10:18,0.261,33.2,CAMPANHA_PILOTO_01
2026-08-05,01:10:19,0.261,33.2,CAMPANHA_PILOTO_01
2026-08-05,01:10:20,0.261,33.2,CAMPANHA_PILOTO_01
2026-08-05,01:10:21,0.261,33.1,CAMPANHA_PILOTO_01
2026-08-05,01:10:22,0.261,33.1,CAMPANHA_PILOTO_01
2026-08-05,01:10:23,0.261,33.1,CAMPANHA_PILOTO_01
2026-08-05,01:10:24,0.261,33.1,CAMPANHA_PILOTO_01
2026-08-05,01:10:25,0.261,33.1,CAMPANHA_PILOTO_01
2026-08-05,01:10:26,0.261,33.1,CAMPANHA_PILOTO_01
2026-08-05,01:10:27,0.261,33.1,CAMPANHA_PILOTO_01
2026-08-05,01:10:28,0.261,33.1,CAMPANHA_PILOTO_01
2026-08-05,01:10:29,0.261,33.1,CAMPANHA_PILOTO_01
2026-08-05,01:10:30,0.261,33.1,CAMPANHA_PILOTO_01
2026-08-05,01:10:31,0.261,33.1,CAMPANHA_PILOTO_01
2026-08-05,01:10:32,0.261,33.1,CAMPANHA_PILOTO_01
2026-08-05,01:10:33,0.261,33.1,CAMPANHA_PILOTO_01
2026-08-05,01:10:34,0.261,33.1,CAMPANHA_PILOTO_01
2026-08-05,01:10:35,0.261,33.1,CAMPANHA_PILOTO_01
2026-08-05,01:10:36,0.261,33.1,CAMPANHA_PILOTO_01
2026-08-05,01:10:37,0.26,33.1,CAMPANHA_PILOTO_01
2026-08-05,01:10:38,0.26,33.1,CAMPANHA_PILOTO_01
2026-08-05,01:10:39,0.26,33.1,CAMPANHA_PILOTO_01
2026-08-05,01:10:40,0.26,33.1,CAMPANHA_PILOTO_01
2026-08-05,01:10:41,0.26,33.1,CAMPANHA_PILOTO_01
2026-08-05,01:10:42,0.26,33.1,CAMPANHA_PILOTO_01
2026-08-05,01:10:43,0.26,33.1,CAMPANHA_PILOTO_01
2026-08-05,01:10:44,0.26,33.1,CAMPANHA_PILOTO_01
2026-08-05,01:10:45,0.26,33.1,CAMPANHA_PILOTO_01
2026-08-05,01:10:46,0.26,33.0,CAMPANHA_PILOTO_01
2026-08-05,01:10:47,0.26,33.0,CAMPANHA_PILOTO_01
2026-08-05,01:10:48,0.26,33.0,CAMPANHA_PILOTO_01
2026-08-05,01:10:49,0.26,33.0,CAMPANHA_PILOTO_01
2026-08-05,01:10:50,0.26,33.0,CAMPANHA_PILOTO_01
2026-08-05,01:10:51,0.26,33.0,CAMPANHA_PILOTO_01
2026-08-05,01:10:52,0.26,33.0,CAMPANHA_PILOTO_01
2026-08-05,01:10:53,0.26,33.0,CAMPANHA_PILOTO_01
2026-08-05,01:10:54,0.26,33.0,CAMPANHA_PILOTO_01
2026-08-05,01:10:55,0.26,33.0,CAMPANHA_PILOTO_01
2026-08-05,01:10:56,0.26,33.0,CAMPANHA_PILOTO_01
2026-08-05,01:10:57,0.26,33.0,CAMPANHA_PILOTO_01
2026-08-05,01:10:58,0.26,33.0,CAMPANHA_PILOTO_01
2026-08-05,01:10:59,0.26,33.0,CAMPANHA_PILOTO_01
2026-08-05,01:11:00,0.26,33.0,CAMPANHA_PILOTO_01
2026-08-05,01:11:01,0.26,33.0,CAMPANHA_PILOTO_01
2026-08-05,01:11:02,0.26,33.0,CAMPANHA_PILOTO_01
2026-08-05,01:11:03,0.26,33.0,CAMPANHA_PILOTO_01
2026-08-05,01:11:04,0.26,33.0,CAMPANHA_PILOTO_01
2026-08-05,01:11:05,0.26,33.0,CAMPANHA_PILOTO_01
2026-08-05,01:11:06,0.26,33.0,CAMPANHA_PILOTO_01
2026-08-05,01:11:07,0.26,33.0,CAMPANHA_PILOTO_01
2026-08-05,01:11:08,0.26,33.0,CAMPANHA_PILOTO_01
2026-08-05,01:11:09,0.259,33.0,CAMPANHA_PILOTO_01
2026-08-05,01:11:10,0.259,32.9,CAMPANHA_PILOTO_01
2026-08-05,01:11:11,0.259,32.9,CAMPANHA_PILOTO_01
2026-08-05,01:11:12,0.259,32.9,CAMPANHA_PILOTO_01
2026-08-05,01:11:13,0.259,32.9,CAMPANHA_PILOTO_01
2026-08-05,01:11:14,0.259,32.9,CAMPANHA_PILOTO_01
2026-08-05,01:11:15,0.259,32.9,CAMPANHA_PILOTO_01
2026-08-05,01:11:16,0.259,32.9,CAMPANHA_PILOTO_01
2026-08-05,01:11:17,0.259,32.9,CAMPANHA_PILOTO_01
2026-08-05,01:11:18,0.259,32.9,CAMPANHA_PILOTO_01
2026-08-05,01:11:19,0.259,32.9,CAMPANHA_PILOTO_01
2026-08-05,01:11:20,0.259,32.9,CAMPANHA_PILOTO_01
2026-08-05,01:11:21,0.259,32.9,CAMPANHA_PILOTO_01
2026-08-05,01:11:22,0.259,32.9,CAMPANHA_PILOTO_01
2026-08-05,01:11:23,0.259,32.9,CAMPANHA_PILOTO_01
2026-08-05,01:11:24,0.259,32.9,CAMPANHA_PILOTO_01
2026-08-05,01:11:25,0.259,32.9,CAMPANHA_PILOTO_01
2026-08-05,01:11:26,0.259,32.9,CAMPANHA_PILOTO_01
2026-08-05,01:11:27,0.259,32.9,CAMPANHA_PILOTO_01
2026-08-05,01:11:28,0.259,32.9,CAMPANHA_PILOTO_01
2026-08-05,01:11:29,0.259,32.9,CAMPANHA_PILOTO_01
2026-08-05,01:11:30,0.259,32.9,CAMPANHA_PILOTO_01
2026-08-05,01:11:31,0.259,32.9,CAMPANHA_PILOTO_01
2026-08-05,01:11:32,0.259,32.9,CAMPANHA_PILOTO_01
2026-08-05,01:11:33,0.259,32.9,CAMPANHA_PILOTO_01
2026-08-05,01:11:34,0.259,32.9,CAMPANHA_PILOTO_01
2026-08-05,01:11:35,0.259,32.8,CAMPANHA_PILOTO_01
2026-08-05,01:11:36,0.259,32.8,CAMPANHA_PILOTO_01
2026-08-05,01:11:37,0.259,32.8,CAMPANHA_PILOTO_01
2026-08-05,01:11:38,0.259,32.8,CAMPANHA_PILOTO_01
2026-08-05,01:11:39,0.259,32.8,CAMPANHA_PILOTO_01
2026-08-05,01:11:40,0.258,32.8,CAMPANHA_PILOTO_01
2026-08-05,01:11:41,0.258,32.8,CAMPANHA_PILOTO_01
2026-08-05,01:11:42,0.258,32.8,CAMPANHA_PILOTO_01
2026-08-05,01:11:43,0.258,32.8,CAMPANHA_PILOTO_01
2026-08-05,01:11:44,0.258,32.8,CAMPANHA_PILOTO_01
2026-08-05,01:11:45,0.258,32.8,CAMPANHA_PILOTO_01
2026-08-05,01:11:46,0.258,32.8,CAMPANHA_PILOTO_01
2026-08-05,01:11:47,0.258,32.8,CAMPANHA_PILOTO_01
2026-08-05,01:11:48,0.258,32.8,CAMPANHA_PILOTO_01
2026-08-05,01:11:49,0.258,32.8,CAMPANHA_PILOTO_01
2026-08-05,01:11:50,0.258,32.8,CAMPANHA_PILOTO_01
2026-08-05,01:11:51,0.258,32.8,CAMPANHA_PILOTO_01
2026-08-05,01:11:52,0.258,32.8,CAMPANHA_PILOTO_01
2026-08-05,01:11:53,0.258,32.8,CAMPANHA_PILOTO_01
2026-08-05,01:11:54,0.258,32.8,CAMPANHA_PILOTO_01
2026-08-05,01:11:55,0.258,32.8,CAMPANHA_PILOTO_01
2026-08-05,01:11:56,0.258,32.8,CAMPANHA_PILOTO_01
2026-08-05,01:11:57,0.258,32.8,CAMPANHA_PILOTO_01
2026-08-05,01:11:58,0.258,32.8,CAMPANHA_PILOTO_01
2026-08-05,01:11:59,0.258,32.8,CAMPANHA_PILOTO_01
2026-08-05,01:12:00,0.258,32.7,CAMPANHA_PILOTO_01
2026-08-05,01:12:01,0.258,32.7,CAMPANHA_PILOTO_01
2026-08-05,01:12:02,0.258,32.7,CAMPANHA_PILOTO_01
2026-08-05,01:12:03,0.258,32.7,CAMPANHA_PILOTO_01
2026-08-05,01:12:04,0.258,32.7,CAMPANHA_PILOTO_01
2026-08-05,01:12:05,0.258,32.7,CAMPANHA_PILOTO_01
2026-08-05,01:12:06,0.258,32.7,CAMPANHA_PILOTO_01
2026-08-05,01:12:07,0.258,32.7,CAMPANHA_PILOTO_01
2026-08-05,01:12:08,0.258,32.7,CAMPANHA_PILOTO_01
2026-08-05,01:12:09,0.258,32.7,CAMPANHA_PILOTO_01
2026-08-05,01:12:10,0.258,32.7,CAMPANHA_PILOTO_01
2026-08-05,01:12:11,0.257,32.7,CAMPANHA_PILOTO_01
2026-08-05,01:12:12,0.257,32.7,CAMPANHA_PILOTO_01
2026-08-05,01:12:13,0.257,32.7,CAMPANHA_PILOTO_01
2026-08-05,01:12:14,0.257,32.7,CAMPANHA_PILOTO_01
2026-08-05,01:12:15,0.257,32.7,CAMPANHA_PILOTO_01
2026-08-05,01:12:16,0.257,32.7,CAMPANHA_PILOTO_01
2026-08-05,01:12:17,0.257,32.7,CAMPANHA_PILOTO_01
2026-08-05,01:12:18,0.257,32.7,CAMPANHA_PILOTO_01
2026-08-05,01:12:19,0.257,32.7,CAMPANHA_PILOTO_01
2026-08-05,01:12:20,0.257,32.7,CAMPANHA_PILOTO_01
2026-08-05,01:12:21,0.257,32.7,CAMPANHA_PILOTO_01
2026-08-05,01:12:22,0.257,32.7,CAMPANHA_PILOTO_01
2026-08-05,01:12:23,0.257,32.7,CAMPANHA_PILOTO_01
2026-08-05,01:12:24,0.257,32.7,CAMPANHA_PILOTO_01
2026-08-05,01:12:25,0.257,32.6,CAMPANHA_PILOTO_01
2026-08-05,01:12:26,0.257,32.6,CAMPANHA_PILOTO_01
2026-08-05,01:12:27,0.257,32.6,CAMPANHA_PILOTO_01
2026-08-05,01:12:28,0.257,32.6,CAMPANHA_PILOTO_01
2026-08-05,01:12:29,0.257,32.6,CAMPANHA_PILOTO_01
2026-08-05,01:12:30,0.257,32.6,CAMPANHA_PILOTO_01
2026-08-05,01:12:31,0.257,32.6,CAMPANHA_PILOTO_01
2026-08-05,01:12:32,0.257,32.6,CAMPANHA_PILOTO_01
2026-08-05,01:12:33,0.257,32.6,CAMPANHA_PILOTO_01
2026-08-05,01:12:34,0.257,32.6,CAMPANHA_PILOTO_01
2026-08-05,01:12:35,0.257,32.6,CAMPANHA_PILOTO_01
2026-08-05,01:12:36,0.257,32.6,CAMPANHA_PILOTO_01
2026-08-05,01:12:37,0.257,32.6,CAMPANHA_PILOTO_01
2026-08-05,01:12:38,0.257,32.6,CAMPANHA_PILOTO_01
2026-08-05,01:12:39,0.257,32.6,CAMPANHA_PILOTO_01
2026-08-05,01:12:40,0.257,32.6,CAMPANHA_PILOTO_01
2026-08-05,01:12:41,0.257,32.6,CAMPANHA_PILOTO_01
2026-08-05,01:12:42,0.257,32.6,CAMPANHA_PILOTO_01
2026-08-05,01:12:43,0.256,32.6,CAMPANHA_PILOTO_01
2026-08-05,01:12:44,0.256,32.6,CAMPANHA_PILOTO_01
2026-08-05,01:12:45,0.256,32.6,CAMPANHA_PILOTO_01
2026-08-05,01:12:46,0.256,32.6,CAMPANHA_PILOTO_01
2026-08-05,01:12:47,0.256,32.6,CAMPANHA_PILOTO_01
2026-08-05,01:12:48,0.256,32.6,CAMPANHA_PILOTO_01
2026-08-05,01:12:49,0.256,32.6,CAMPANHA_PILOTO_01
2026-08-05,01:12:50,0.256,32.5,CAMPANHA_PILOTO_01
2026-08-05,01:12:51,0.256,32.5,CAMPANHA_PILOTO_01
2026-08-05,01:12:52,0.256,32.5,CAMPANHA_PILOTO_01
2026-08-05,01:12:53,0.256,32.5,CAMPANHA_PILOTO_01
2026-08-05,01:12:54,0.256,32.5,CAMPANHA_PILOTO_01
2026-08-05,01:12:55,0.256,32.5,CAMPANHA_PILOTO_01
2026-08-05,01:12:56,0.256,32.5,CAMPANHA_PILOTO_01
2026-08-05,01:12:57,0.256,32.5,CAMPANHA_PILOTO_01
2026-08-05,01:12:58,0.256,32.5,CAMPANHA_PILOTO_01
2026-08-05,01:12:59,0.256,32.5,CAMPANHA_PILOTO_01
2026-08-05,01:13:00,0.256,32.5,CAMPANHA_PILOTO_01
2026-08-05,01:13:01,0.256,32.5,CAMPANHA_PILOTO_01
2026-08-05,01:13:02,0.256,32.5,CAMPANHA_PILOTO_01
2026-08-05,01:13:03,0.256,32.5,CAMPANHA_PILOTO_01
2026-08-05,01:13:04,0.256,32.5,CAMPANHA_PILOTO_01
2026-08-05,01:13:05,0.256,32.5,CAMPANHA_PILOTO_01
2026-08-05,01:13:06,0.256,32.5,CAMPANHA_PILOTO_01
2026-08-05,01:13:07,0.256,32.5,CAMPANHA_PILOTO_01
2026-08-05,01:13:08,0.256,32.5,CAMPANHA_PILOTO_01
2026-08-05,01:13:09,0.256,32.5,CAMPANHA_PILOTO_01
2026-08-05,01:13:10,0.256,32.5,CAMPANHA_PILOTO_01
2026-08-05,01:13:11,0.256,32.5,CAMPANHA_PILOTO_01
2026-08-05,01:13:12,0.256,32.5,CAMPANHA_PILOTO_01
2026-08-05,01:13:13,0.256,32.5,CAMPANHA_PILOTO_01
2026-08-05,01:13:14,0.256,32.5,CAMPANHA_PILOTO_01
2026-08-05,01:13:15,0.255,32.4,CAMPANHA_PILOTO_01
2026-08-05,01:13:16,0.255,32.4,CAMPANHA_PILOTO_01
2026-08-05,01:13:17,0.255,32.4,CAMPANHA_PILOTO_01
2026-08-05,01:13:18,0.255,32.4,CAMPANHA_PILOTO_01
2026-08-05,01:13:19,0.255,32.4,CAMPANHA_PILOTO_01
2026-08-05,01:13:20,0.255,32.4,CAMPANHA_PILOTO_01
2026-08-05,01:13:21,0.255,32.4,CAMPANHA_PILOTO_01
2026-08-05,01:13:22,0.255,32.4,CAMPANHA_PILOTO_01
2026-08-05,01:13:23,0.255,32.4,CAMPANHA_PILOTO_01
2026-08-05,01:13:24,0.255,32.4,CAMPANHA_PILOTO_01
2026-08-05,01:13:25,0.255,32.4,CAMPANHA_PILOTO_01
2026-08-05,01:13:26,0.255,32.4,CAMPANHA_PILOTO_01
2026-08-05,01:13:27,0.255,32.4,CAMPANHA_PILOTO_01
2026-08-05,01:13:28,0.255,32.4,CAMPANHA_PILOTO_01
2026-08-05,01:13:29,0.255,32.4,CAMPANHA_PILOTO_01
2026-08-05,01:13:30,0.255,32.4,CAMPANHA_PILOTO_01
2026-08-05,01:13:31,0.255,32.4,CAMPANHA_PILOTO_01
2026-08-05,01:13:32,0.255,32.4,CAMPANHA_PILOTO_01
2026-08-05,01:13:33,0.255,32.4,CAMPANHA_PILOTO_01
2026-08-05,01:13:34,0.255,32.4,CAMPANHA_PILOTO_01
2026-08-05,01:13:35,0.255,32.4,CAMPANHA_PILOTO_01
2026-08-05,01:13:36,0.255,32.4,CAMPANHA_PILOTO_01
2026-08-05,01:13:37,0.255,32.4,CAMPANHA_PILOTO_01
2026-08-05,01:13:38,0.255,32.4,CAMPANHA_PILOTO_01
2026-08-05,01:13:39,0.255,32.4,CAMPANHA_PILOTO_01
2026-08-05,01:13:40,0.255,32.3,CAMPANHA_PILOTO_01
2026-08-05,01:13:41,0.255,32.3,CAMPANHA_PILOTO_01
2026-08-05,01:13:42,0.255,32.3,CAMPANHA_PILOTO_01
2026-08-05,01:13:43,0.255,32.3,CAMPANHA_PILOTO_01
2026-08-05,01:13:44,0.255,32.3,CAMPANHA_PILOTO_01
2026-08-05,01:13:45,0.255,32.3,CAMPANHA_PILOTO_01
2026-08-05,01:13:46,0.255,32.3,CAMPANHA_PILOTO_01
2026-08-05,01:13:47,0.255,32.3,CAMPANHA_PILOTO_01
2026-08-05,01:13:48,0.254,32.3,CAMPANHA_PILOTO_01
2026-08-05,01:13:49,0.254,32.3,CAMPANHA_PILOTO_01
2026-08-05,01:13:50,0.254,32.3,CAMPANHA_PILOTO_01
2026-08-05,01:13:51,0.254,32.3,CAMPANHA_PILOTO_01
2026-08-05,01:13:52,0.254,32.3,CAMPANHA_PILOTO_01
2026-08-05,01:13:53,0.254,32.3,CAMPANHA_PILOTO_01
2026-08-05,01:13:54,0.254,32.3,CAMPANHA_PILOTO_01
2026-08-05,01:13:55,0.254,32.3,CAMPANHA_PILOTO_01
2026-08-05,01:13:56,0.254,32.3,CAMPANHA_PILOTO_01
2026-08-05,01:13:57,0.254,32.3,CAMPANHA_PILOTO_01
2026-08-05,01:13:58,0.254,32.3,CAMPANHA_PILOTO_01
2026-08-05,01:13:59,0.254,32.3,CAMPANHA_PILOTO_01
2026-08-05,01:14:00,0.254,32.3,CAMPANHA_PILOTO_01
2026-08-05,01:14:01,0.254,32.3,CAMPANHA_PILOTO_01
2026-08-05,01:14:02,0.254,32.3,CAMPANHA_PILOTO_01
2026-08-05,01:14:03,0.254,32.3,CAMPANHA_PILOTO_01
2026-08-05,01:14:04,0.254,32.3,CAMPANHA_PILOTO_01
2026-08-05,01:14:05,0.254,32.3,CAMPANHA_PILOTO_01
2026-08-05,01:14:06,0.254,32.2,CAMPANHA_PILOTO_01
2026-08-05,01:14:07,0.254,32.2,CAMPANHA_PILOTO_01
2026-08-05,01:14:08,0.254,32.2,CAMPANHA_PILOTO_01
2026-08-05,01:14:09,0.254,32.2,CAMPANHA_PILOTO_01
2026-08-05,01:14:10,0.254,32.2,CAMPANHA_PILOTO_01
2026-08-05,01:14:11,0.254,32.2,CAMPANHA_PILOTO_01
2026-08-05,01:14:12,0.254,32.2,CAMPANHA_PILOTO_01
2026-08-05,01:14:13,0.254,32.2,CAMPANHA_PILOTO_01
2026-08-05,01:14:14,0.254,32.2,CAMPANHA_PILOTO_01
2026-08-05,01:14:15,0.254,32.2,CAMPANHA_PILOTO_01
2026-08-05,01:14:16,0.254,32.2,CAMPANHA_PILOTO_01
2026-08-05,01:14:17,0.254,32.2,CAMPANHA_PILOTO_01
2026-08-05,01:14:18,0.254,32.2,CAMPANHA_PILOTO_01
2026-08-05,01:14:19,0.254,32.2,CAMPANHA_PILOTO_01
2026-08-05,01:14:20,0.253,32.2,CAMPANHA_PILOTO_01
2026-08-05,01:14:21,0.253,32.2,CAMPANHA_PILOTO_01
2026-08-05,01:14:22,0.253,32.2,CAMPANHA_PILOTO_01
2026-08-05,01:14:23,0.253,32.2,CAMPANHA_PILOTO_01
2026-08-05,01:14:24,0.253,32.2,CAMPANHA_PILOTO_01
2026-08-05,01:14:25,0.253,32.2,CAMPANHA_PILOTO_01
2026-08-05,01:14:26,0.253,32.2,CAMPANHA_PILOTO_01
2026-08-05,01:14:27,0.253,32.2,CAMPANHA_PILOTO_01
2026-08-05,01:14:28,0.253,32.2,CAMPANHA_PILOTO_01
2026-08-05,01:14:29,0.253,32.2,CAMPANHA_PILOTO_01
2026-08-05,01:14:30,0.253,32.2,CAMPANHA_PILOTO_01
2026-08-05,01:14:31,0.253,32.2,CAMPANHA_PILOTO_01
2026-08-05,01:14:32,0.253,32.1,CAMPANHA_PILOTO_01
2026-08-05,01:14:33,0.253,32.1,CAMPANHA_PILOTO_01
2026-08-05,01:14:34,0.253,32.1,CAMPANHA_PILOTO_01
2026-08-05,01:14:35,0.253,32.1,CAMPANHA_PILOTO_01
2026-08-05,01:14:36,0.253,32.1,CAMPANHA_PILOTO_01
2026-08-05,01:14:37,0.253,32.1,CAMPANHA_PILOTO_01
2026-08-05,01:14:38,0.253,32.1,CAMPANHA_PILOTO_01
2026-08-05,01:14:39,0.253,32.1,CAMPANHA_PILOTO_01
2026-08-05,01:14:40,0.253,32.1,CAMPANHA_PILOTO_01
2026-08-05,01:14:41,0.253,32.1,CAMPANHA_PILOTO_01
2026-08-05,01:14:42,0.253,32.1,CAMPANHA_PILOTO_01
2026-08-05,01:14:43,0.253,32.1,CAMPANHA_PILOTO_01
2026-08-05,01:14:44,0.253,32.1,CAMPANHA_PILOTO_01
2026-08-05,01:14:45,0.253,32.1,CAMPANHA_PILOTO_01
2026-08-05,01:14:46,0.253,32.1,CAMPANHA_PILOTO_01
2026-08-05,01:14:47,0.253,32.1,CAMPANHA_PILOTO_01
2026-08-05,01:14:48,0.253,32.1,CAMPANHA_PILOTO_01
2026-08-05,01:14:49,0.253,32.1,CAMPANHA_PILOTO_01
2026-08-05,01:14:50,0.253,32.1,CAMPANHA_PILOTO_01
2026-08-05,01:14:51,0.253,32.1,CAMPANHA_PILOTO_01
2026-08-05,01:14:52,0.253,32.1,CAMPANHA_PILOTO_01
2026-08-05,01:14:53,0.252,32.1,CAMPANHA_PILOTO_01
2026-08-05,01:14:54,0.252,32.1,CAMPANHA_PILOTO_01
2026-08-05,01:14:55,0.252,32.1,CAMPANHA_PILOTO_01
2026-08-05,01:14:56,0.252,32.1,CAMPANHA_PILOTO_01
2026-08-05,01:14:57,0.252,32.0,CAMPANHA_PILOTO_01
2026-08-05,01:14:58,0.252,32.0,CAMPANHA_PILOTO_01
2026-08-05,01:14:59,0.252,32.0,CAMPANHA_PILOTO_01
2026-08-05,01:15:00,0.252,32.0,CAMPANHA_PILOTO_01
2026-08-05,01:15:01,0.252,32.0,CAMPANHA_PILOTO_01
2026-08-05,01:15:02,0.252,32.0,CAMPANHA_PILOTO_01
2026-08-05,01:15:03,0.252,32.0,CAMPANHA_PILOTO_01
2026-08-05,01:15:04,0.252,32.0,CAMPANHA_PILOTO_01
2026-08-05,01:15:05,0.252,32.0,CAMPANHA_PILOTO_01
2026-08-05,01:15:06,0.252,32.0,CAMPANHA_PILOTO_01
2026-08-05,01:15:07,0.252,32.0,CAMPANHA_PILOTO_01
2026-08-05,01:15:08,0.252,32.0,CAMPANHA_PILOTO_01
2026-08-05,01:15:09,0.252,32.0,CAMPANHA_PILOTO_01
2026-08-05,01:15:10,0.252,32.0,CAMPANHA_PILOTO_01
2026-08-05,01:15:11,0.252,32.0,CAMPANHA_PILOTO_01
2026-08-05,01:15:12,0.252,32.0,CAMPANHA_PILOTO_01
2026-08-05,01:15:13,0.252,32.0,CAMPANHA_PILOTO_01
2026-08-05,01:15:14,0.252,32.0,CAMPANHA_PILOTO_01
2026-08-05,01:15:15,0.252,32.0,CAMPANHA_PILOTO_01
2026-08-05,01:15:16,0.252,32.0,CAMPANHA_PILOTO_01
2026-08-05,01:15:17,0.252,32.0,CAMPANHA_PILOTO_01
2026-08-05,01:15:18,0.252,32.0,CAMPANHA_PILOTO_01
2026-08-05,01:15:19,0.252,32.0,CAMPANHA_PILOTO_01
2026-08-05,01:15:20,0.252,32.0,CAMPANHA_PILOTO_01
2026-08-05,01:15:21,0.252,32.0,CAMPANHA_PILOTO_01
2026-08-05,01:15:22,0.252,32.0,CAMPANHA_PILOTO_01
2026-08-05,01:15:23,0.252,32.0,CAMPANHA_PILOTO_01
2026-08-05,01:15:24,0.252,31.9,CAMPANHA_PILOTO_01
2026-08-05,01:15:25,0.252,31.9,CAMPANHA_PILOTO_01
2026-08-05,01:15:26,0.251,31.9,CAMPANHA_PILOTO_01
2026-08-05,01:15:27,0.251,31.9,CAMPANHA_PILOTO_01
2026-08-05,01:15:28,0.251,31.9,CAMPANHA_PILOTO_01
2026-08-05,01:15:29,0.251,31.9,CAMPANHA_PILOTO_01
2026-08-05,01:15:30,0.251,31.9,CAMPANHA_PILOTO_01
2026-08-05,01:15:31,0.251,31.9,CAMPANHA_PILOTO_01
2026-08-05,01:15:32,0.251,31.9,CAMPANHA_PILOTO_01
2026-08-05,01:15:33,0.251,31.9,CAMPANHA_PILOTO_01
2026-08-05,01:15:34,0.251,31.9,CAMPANHA_PILOTO_01
2026-08-05,01:15:35,0.251,31.9,CAMPANHA_PILOTO_01
2026-08-05,01:15:36,0.251,31.9,CAMPANHA_PILOTO_01
2026-08-05,01:15:37,0.251,31.9,CAMPANHA_PILOTO_01
2026-08-05,01:15:38,0.251,31.9,CAMPANHA_PILOTO_01
2026-08-05,01:15:39,0.251,31.9,CAMPANHA_PILOTO_01
2026-08-05,01:15:40,0.251,31.9,CAMPANHA_PILOTO_01
2026-08-05,01:15:41,0.251,31.9,CAMPANHA_PILOTO_01
2026-08-05,01:15:42,0.251,31.9,CAMPANHA_PILOTO_01
2026-08-05,01:15:43,0.251,31.9,CAMPANHA_PILOTO_01
2026-08-05,01:15:44,0.251,31.9,CAMPANHA_PILOTO_01
2026-08-05,01:15:45,0.251,31.9,CAMPANHA_PILOTO_01
2026-08-05,01:15:46,0.251,31.9,CAMPANHA_PILOTO_01
2026-08-05,01:15:47,0.251,31.9,CAMPANHA_PILOTO_01
2026-08-05,01:15:48,0.251,31.9,CAMPANHA_PILOTO_01
2026-08-05,01:15:49,0.251,31.9,CAMPANHA_PILOTO_01
2026-08-05,01:15:50,0.251,31.8,CAMPANHA_PILOTO_01
2026-08-05,01:15:51,0.251,31.8,CAMPANHA_PILOTO_01
2026-08-05,01:15:52,0.251,31.8,CAMPANHA_PILOTO_01
2026-08-05,01:15:53,0.251,31.8,CAMPANHA_PILOTO_01
2026-08-05,01:15:54,0.251,31.8,CAMPANHA_PILOTO_01
2026-08-05,01:15:55,0.251,31.8,CAMPANHA_PILOTO_01
2026-08-05,01:15:56,0.251,31.8,CAMPANHA_PILOTO_01
2026-08-05,01:15:57,0.251,31.8,CAMPANHA_PILOTO_01
2026-08-05,01:15:58,0.251,31.8,CAMPANHA_PILOTO_01
2026-08-05,01:15:59,0.25,31.8,CAMPANHA_PILOTO_01
2026-08-05,01:16:00,0.25,31.8,CAMPANHA_PILOTO_01
2026-08-05,01:16:01,0.25,31.8,CAMPANHA_PILOTO_01
2026-08-05,01:16:02,0.25,31.8,CAMPANHA_PILOTO_01
2026-08-05,01:16:03,0.25,31.8,CAMPANHA_PILOTO_01
2026-08-05,01:16:04,0.25,31.8,CAMPANHA_PILOTO_01
2026-08-05,01:16:05,0.25,31.8,CAMPANHA_PILOTO_01
2026-08-05,01:16:06,0.25,31.8,CAMPANHA_PILOTO_01
2026-08-05,01:16:07,0.25,31.8,CAMPANHA_PILOTO_01
2026-08-05,01:16:08,0.25,31.8,CAMPANHA_PILOTO_01
2026-08-05,01:16:09,0.25,31.8,CAMPANHA_PILOTO_01
2026-08-05,01:16:10,0.25,31.8,CAMPANHA_PILOTO_01
2026-08-05,01:16:11,0.25,31.8,CAMPANHA_PILOTO_01
2026-08-05,01:16:12,0.25,31.8,CAMPANHA_PILOTO_01
2026-08-05,01:16:13,0.25,31.8,CAMPANHA_PILOTO_01
2026-08-05,01:16:14,0.25,31.8,CAMPANHA_PILOTO_01
2026-08-05,01:16:15,0.25,31.8,CAMPANHA_PILOTO_01
2026-08-05,01:16:16,0.25,31.7,CAMPANHA_PILOTO_01
2026-08-05,01:16:17,0.25,31.7,CAMPANHA_PILOTO_01
2026-08-05,01:16:18,0.25,31.7,CAMPANHA_PILOTO_01
2026-08-05,01:16:19,0.25,31.7,CAMPANHA_PILOTO_01
2026-08-05,01:16:20,0.25,31.7,CAMPANHA_PILOTO_01
2026-08-05,01:16:21,0.25,31.7,CAMPANHA_PILOTO_01
2026-08-05,01:16:22,0.25,31.7,CAMPANHA_PILOTO_01
2026-08-05,01:16:23,0.25,31.7,CAMPANHA_PILOTO_01
2026-08-05,01:16:24,0.25,31.7,CAMPANHA_PILOTO_01
2026-08-05,01:16:25,0.25,31.7,CAMPANHA_PILOTO_01
2026-08-05,01:16:26,0.25,31.7,CAMPANHA_PILOTO_01
2026-08-05,01:16:27,0.25,31.7,CAMPANHA_PILOTO_01
2026-08-05,01:16:28,0.25,31.7,CAMPANHA_PILOTO_01
2026-08-05,01:16:29,0.25,31.7,CAMPANHA_PILOTO_01
2026-08-05,01:16:30,0.25,31.7,CAMPANHA_PILOTO_01
2026-08-05,01:16:31,0.25,31.7,CAMPANHA_PILOTO_01
2026-08-05,01:16:32,0.25,31.7,CAMPANHA_PILOTO_01
2026-08-05,01:16:33,0.249,31.7,CAMPANHA_PILOTO_01
2026-08-05,01:16:34,0.249,31.7,CAMPANHA_PILOTO_01
2026-08-05,01:16:35,0.249,31.7,CAMPANHA_PILOTO_01
2026-08-05,01:16:36,0.249,31.7,CAMPANHA_PILOTO_01
2026-08-05,01:16:37,0.249,31.7,CAMPANHA_PILOTO_01
2026-08-05,01:16:38,0.249,31.7,CAMPANHA_PILOTO_01
2026-08-05,01:16:39,0.249,31.7,CAMPANHA_PILOTO_01
2026-08-05,01:16:40,0.249,31.7,CAMPANHA_PILOTO_01
2026-08-05,01:16:41,0.249,31.7,CAMPANHA_PILOTO_01
2026-08-05,01:16:42,0.249,31.7,CAMPANHA_PILOTO_01
2026-08-05,01:16:43,0.249,31.6,CAMPANHA_PILOTO_01
2026-08-05,01:16:44,0.249,31.6,CAMPANHA_PILOTO_01
2026-08-05,01:16:45,0.249,31.6,CAMPANHA_PILOTO_01
2026-08-05,01:16:46,0.249,31.6,CAMPANHA_PILOTO_01
2026-08-05,01:16:47,0.249,31.6,CAMPANHA_PILOTO_01
2026-08-05,01:16:48,0.249,31.6,CAMPANHA_PILOTO_01
2026-08-05,01:16:49,0.249,31.6,CAMPANHA_PILOTO_01
2026-08-05,01:16:50,0.249,31.6,CAMPANHA_PILOTO_01
2026-08-05,01:16:51,0.249,31.6,CAMPANHA_PILOTO_01
2026-08-05,01:16:52,0.249,31.6,CAMPANHA_PILOTO_01
2026-08-05,01:16:53,0.249,31.6,CAMPANHA_PILOTO_01
2026-08-05,01:16:54,0.249,31.6,CAMPANHA_PILOTO_01
2026-08-05,01:16:55,0.249,31.6,CAMPANHA_PILOTO_01
2026-08-05,01:16:56,0.249,31.6,CAMPANHA_PILOTO_01
2026-08-05,01:16:57,0.249,31.6,CAMPANHA_PILOTO_01
2026-08-05,01:16:58,0.249,31.6,CAMPANHA_PILOTO_01
2026-08-05,01:16:59,0.249,31.6,CAMPANHA_PILOTO_01
2026-08-05,01:17:00,0.249,31.6,CAMPANHA_PILOTO_01
2026-08-05,01:17:01,0.249,31.6,CAMPANHA_PILOTO_01
2026-08-05,01:17:02,0.249,31.6,CAMPANHA_PILOTO_01
2026-08-05,01:17:03,0.249,31.6,CAMPANHA_PILOTO_01
2026-08-05,01:17:04,0.249,31.6,CAMPANHA_PILOTO_01
2026-08-05,01:17:05,0.249,31.6,CAMPANHA_PILOTO_01
2026-08-05,01:17:06,0.249,31.6,CAMPANHA_PILOTO_01
2026-08-05,01:17:07,0.248,31.6,CAMPANHA_PILOTO_01
2026-08-05,01:17:08,0.248,31.6,CAMPANHA_PILOTO_01
2026-08-05,01:17:09,0.248,31.5,CAMPANHA_PILOTO_01
2026-08-05,01:17:10,0.248,31.5,CAMPANHA_PILOTO_01
2026-08-05,01:17:11,0.248,31.5,CAMPANHA_PILOTO_01
2026-08-05,01:17:12,0.248,31.5,CAMPANHA_PILOTO_01
2026-08-05,01:17:13,0.248,31.5,CAMPANHA_PILOTO_01
2026-08-05,01:17:14,0.248,31.5,CAMPANHA_PILOTO_01
2026-08-05,01:17:15,0.248,31.5,CAMPANHA_PILOTO_01
2026-08-05,01:17:16,0.248,31.5,CAMPANHA_PILOTO_01
2026-08-05,01:17:17,0.248,31.5,CAMPANHA_PILOTO_01
2026-08-05,01:17:18,0.248,31.5,CAMPANHA_PILOTO_01
2026-08-05,01:17:19,0.248,31.5,CAMPANHA_PILOTO_01
2026-08-05,01:17:20,0.248,31.5,CAMPANHA_PILOTO_01
2026-08-05,01:17:21,0.248,31.5,CAMPANHA_PILOTO_01
2026-08-05,01:17:22,0.248,31.5,CAMPANHA_PILOTO_01
2026-08-05,01:17:23,0.248,31.5,CAMPANHA_PILOTO_01
2026-08-05,01:17:24,0.248,31.5,CAMPANHA_PILOTO_01
2026-08-05,01:17:25,0.248,31.5,CAMPANHA_PILOTO_01
2026-08-05,01:17:26,0.248,31.5,CAMPANHA_PILOTO_01
2026-08-05,01:17:27,0.248,31.5,CAMPANHA_PILOTO_01
2026-08-05,01:17:28,0.248,31.5,CAMPANHA_PILOTO_01
2026-08-05,01:17:29,0.248,31.5,CAMPANHA_PILOTO_01
2026-08-05,01:17:30,0.248,31.5,CAMPANHA_PILOTO_01
2026-08-05,01:17:31,0.248,31.5,CAMPANHA_PILOTO_01
2026-08-05,01:17:32,0.248,31.5,CAMPANHA_PILOTO_01
2026-08-05,01:17:33,0.248,31.5,CAMPANHA_PILOTO_01
2026-08-05,01:17:34,0.248,31.5,CAMPANHA_PILOTO_01
2026-08-05,01:17:35,0.248,31.5,CAMPANHA_PILOTO_01
2026-08-05,01:17:36,0.248,31.4,CAMPANHA_PILOTO_01
2026-08-05,01:17:37,0.248,31.4,CAMPANHA_PILOTO_01
2026-08-05,01:17:38,0.248,31.4,CAMPANHA_PILOTO_01
2026-08-05,01:17:39,0.248,31.4,CAMPANHA_PILOTO_01
2026-08-05,01:17:40,0.248,31.4,CAMPANHA_PILOTO_01
2026-08-05,01:17:41,0.247,31.4,CAMPANHA_PILOTO_01
2026-08-05,01:17:42,0.247,31.4,CAMPANHA_PILOTO_01
2026-08-05,01:17:43,0.247,31.4,CAMPANHA_PILOTO_01
2026-08-05,01:17:44,0.247,31.4,CAMPANHA_PILOTO_01
2026-08-05,01:17:45,0.247,31.4,CAMPANHA_PILOTO_01
2026-08-05,01:17:46,0.247,31.4,CAMPANHA_PILOTO_01
2026-08-05,01:17:47,0.247,31.4,CAMPANHA_PILOTO_01
2026-08-05,01:17:48,0.247,31.4,CAMPANHA_PILOTO_01
2026-08-05,01:17:49,0.247,31.4,CAMPANHA_PILOTO_01
2026-08-05,01:17:50,0.247,31.4,CAMPANHA_PILOTO_01
2026-08-05,01:17:51,0.247,31.4,CAMPANHA_PILOTO_01
2026-08-05,01:17:52,0.247,31.4,CAMPANHA_PILOTO_01
2026-08-05,01:17:53,0.247,31.4,CAMPANHA_PILOTO_01
2026-08-05,01:17:54,0.247,31.4,CAMPANHA_PILOTO_01
2026-08-05,01:17:55,0.247,31.4,CAMPANHA_PILOTO_01
2026-08-05,01:17:56,0.247,31.4,CAMPANHA_PILOTO_01
2026-08-05,01:17:57,0.247,31.4,CAMPANHA_PILOTO_01
2026-08-05,01:17:58,0.247,31.4,CAMPANHA_PILOTO_01
2026-08-05,01:17:59,0.247,31.4,CAMPANHA_PILOTO_01
2026-08-05,01:18:00,0.247,31.4,CAMPANHA_PILOTO_01
2026-08-05,01:18:01,0.247,31.4,CAMPANHA_PILOTO_01
2026-08-05,01:18:02,0.247,31.4,CAMPANHA_PILOTO_01
2026-08-05,01:18:03,0.247,31.3,CAMPANHA_PILOTO_01
2026-08-05,01:18:04,0.247,31.3,CAMPANHA_PILOTO_01
2026-08-05,01:18:05,0.247,31.3,CAMPANHA_PILOTO_01
2026-08-05,01:18:06,0.247,31.3,CAMPANHA_PILOTO_01
2026-08-05,01:18:07,0.247,31.3,CAMPANHA_PILOTO_01
2026-08-05,01:18:08,0.247,31.3,CAMPANHA_PILOTO_01
2026-08-05,01:18:09,0.247,31.3,CAMPANHA_PILOTO_01
2026-08-05,01:18:10,0.247,31.3,CAMPANHA_PILOTO_01
2026-08-05,01:18:11,0.247,31.3,CAMPANHA_PILOTO_01
2026-08-05,01:18:12,0.247,31.3,CAMPANHA_PILOTO_01
2026-08-05,01:18:13,0.247,31.3,CAMPANHA_PILOTO_01
2026-08-05,01:18:14,0.247,31.3,CAMPANHA_PILOTO_01
2026-08-05,01:18:15,0.246,31.3,CAMPANHA_PILOTO_01
2026-08-05,01:18:16,0.246,31.3,CAMPANHA_PILOTO_01
2026-08-05,01:18:17,0.246,31.3,CAMPANHA_PILOTO_01
2026-08-05,01:18:18,0.246,31.3,CAMPANHA_PILOTO_01
2026-08-05,01:18:19,0.246,31.3,CAMPANHA_PILOTO_01
2026-08-05,01:18:20,0.246,31.3,CAMPANHA_PILOTO_01
2026-08-05,01:18:21,0.246,31.3,CAMPANHA_PILOTO_01
2026-08-05,01:18:22,0.246,31.3,CAMPANHA_PILOTO_01
2026-08-05,01:18:23,0.246,31.3,CAMPANHA_PILOTO_01
2026-08-05,01:18:24,0.246,31.3,CAMPANHA_PILOTO_01
2026-08-05,01:18:25,0.246,31.3,CAMPANHA_PILOTO_01
2026-08-05,01:18:26,0.246,31.3,CAMPANHA_PILOTO_01
2026-08-05,01:18:27,0.246,31.3,CAMPANHA_PILOTO_01
2026-08-05,01:18:28,0.246,31.3,CAMPANHA_PILOTO_01
2026-08-05,01:18:29,0.246,31.3,CAMPANHA_PILOTO_01
2026-08-05,01:18:30,0.246,31.3,CAMPANHA_PILOTO_01
2026-08-05,01:18:31,0.246,31.2,CAMPANHA_PILOTO_01
2026-08-05,01:18:32,0.246,31.2,CAMPANHA_PILOTO_01
2026-08-05,01:18:33,0.246,31.2,CAMPANHA_PILOTO_01
2026-08-05,01:18:34,0.246,31.2,CAMPANHA_PILOTO_01
2026-08-05,01:18:35,0.246,31.2,CAMPANHA_PILOTO_01
2026-08-05,01:18:36,0.246,31.2,CAMPANHA_PILOTO_01
2026-08-05,01:18:37,0.246,31.2,CAMPANHA_PILOTO_01
2026-08-05,01:18:38,0.246,31.2,CAMPANHA_PILOTO_01
2026-08-05,01:18:39,0.246,31.2,CAMPANHA_PILOTO_01
2026-08-05,01:18:40,0.246,31.2,CAMPANHA_PILOTO_01
2026-08-05,01:18:41,0.246,31.2,CAMPANHA_PILOTO_01
2026-08-05,01:18:42,0.246,31.2,CAMPANHA_PILOTO_01
2026-08-05,01:18:43,0.246,31.2,CAMPANHA_PILOTO_01
2026-08-05,01:18:44,0.246,31.2,CAMPANHA_PILOTO_01
2026-08-05,01:18:45,0.246,31.2,CAMPANHA_PILOTO_01
2026-08-05,01:18:46,0.246,31.2,CAMPANHA_PILOTO_01
2026-08-05,01:18:47,0.246,31.2,CAMPANHA_PILOTO_01
2026-08-05,01:18:48,0.246,31.2,CAMPANHA_PILOTO_01
2026-08-05,01:18:49,0.246,31.2,CAMPANHA_PILOTO_01
2026-08-05,01:18:50,0.245,31.2,CAMPANHA_PILOTO_01
2026-08-05,01:18:51,0.245,31.2,CAMPANHA_PILOTO_01
2026-08-05,01:18:52,0.245,31.2,CAMPANHA_PILOTO_01
2026-08-05,01:18:53,0.245,31.2,CAMPANHA_PILOTO_01
2026-08-05,01:18:54,0.245,31.2,CAMPANHA_PILOTO_01
2026-08-05,01:18:55,0.245,31.2,CAMPANHA_PILOTO_01
2026-08-05,01:18:56,0.245,31.2,CAMPANHA_PILOTO_01
2026-08-05,01:18:57,0.245,31.2,CAMPANHA_PILOTO_01
2026-08-05,01:18:58,0.245,31.1,CAMPANHA_PILOTO_01
2026-08-05,01:18:59,0.245,31.1,CAMPANHA_PILOTO_01
2026-08-05,01:19:00,0.245,31.1,CAMPANHA_PILOTO_01
2026-08-05,01:19:01,0.245,31.1,CAMPANHA_PILOTO_01
2026-08-05,01:19:02,0.245,31.1,CAMPANHA_PILOTO_01
2026-08-05,01:19:03,0.245,31.1,CAMPANHA_PILOTO_01
2026-08-05,01:19:04,0.245,31.1,CAMPANHA_PILOTO_01
2026-08-05,01:19:05,0.245,31.1,CAMPANHA_PILOTO_01
2026-08-05,01:19:06,0.245,31.1,CAMPANHA_PILOTO_01
2026-08-05,01:19:07,0.245,31.1,CAMPANHA_PILOTO_01
2026-08-05,01:19:08,0.245,31.1,CAMPANHA_PILOTO_01
2026-08-05,01:19:09,0.245,31.1,CAMPANHA_PILOTO_01
2026-08-05,01:19:10,0.245,31.1,CAMPANHA_PILOTO_01
2026-08-05,01:19:11,0.245,31.1,CAMPANHA_PILOTO_01
2026-08-05,01:19:12,0.245,31.1,CAMPANHA_PILOTO_01
2026-08-05,01:19:13,0.245,31.1,CAMPANHA_PILOTO_01
2026-08-05,01:19:14,0.245,31.1,CAMPANHA_PILOTO_01
2026-08-05,01:19:15,0.245,31.1,CAMPANHA_PILOTO_01
2026-08-05,01:19:16,0.245,31.1,CAMPANHA_PILOTO_01
2026-08-05,01:19:17,0.245,31.1,CAMPANHA_PILOTO_01
2026-08-05,01:19:18,0.245,31.1,CAMPANHA_PILOTO_01
2026-08-05,01:19:19,0.245,31.1,CAMPANHA_PILOTO_01
2026-08-05,01:19:20,0.245,31.1,CAMPANHA_PILOTO_01
2026-08-05,01:19:21,0.245,31.1,CAMPANHA_PILOTO_01
2026-08-05,01:19:22,0.245,31.1,CAMPANHA_PILOTO_01
2026-08-05,01:19:23,0.245,31.1,CAMPANHA_PILOTO_01
2026-08-05,01:19:24,0.245,31.1,CAMPANHA_PILOTO_01
2026-08-05,01:19:25,0.244,31.0,CAMPANHA_PILOTO_01
2026-08-05,01:19:26,0.244,31.0,CAMPANHA_PILOTO_01
2026-08-05,01:19:27,0.244,31.0,CAMPANHA_PILOTO_01
2026-08-05,01:19:28,0.244,31.0,CAMPANHA_PILOTO_01
2026-08-05,01:19:29,0.244,31.0,CAMPANHA_PILOTO_01
2026-08-05,01:19:30,0.244,31.0,CAMPANHA_PILOTO_01
2026-08-05,01:19:31,0.244,31.0,CAMPANHA_PILOTO_01
2026-08-05,01:19:32,0.244,31.0,CAMPANHA_PILOTO_01
2026-08-05,01:19:33,0.244,31.0,CAMPANHA_PILOTO_01
2026-08-05,01:19:34,0.244,31.0,CAMPANHA_PILOTO_01
2026-08-05,01:19:35,0.244,31.0,CAMPANHA_PILOTO_01
2026-08-05,01:19:36,0.244,31.0,CAMPANHA_PILOTO_01
2026-08-05,01:19:37,0.244,31.0,CAMPANHA_PILOTO_01
2026-08-05,01:19:38,0.244,31.0,CAMPANHA_PILOTO_01
2026-08-05,01:19:39,0.244,31.0,CAMPANHA_PILOTO_01
2026-08-05,01:19:40,0.244,31.0,CAMPANHA_PILOTO_01
2026-08-05,01:19:41,0.244,31.0,CAMPANHA_PILOTO_01
2026-08-05,01:19:42,0.244,31.0,CAMPANHA_PILOTO_01
2026-08-05,01:19:43,0.244,31.0,CAMPANHA_PILOTO_01
2026-08-05,01:19:44,0.244,31.0,CAMPANHA_PILOTO_01
2026-08-05,01:19:45,0.244,31.0,CAMPANHA_PILOTO_01
2026-08-05,01:19:46,0.244,31.0,CAMPANHA_PILOTO_01
2026-08-05,01:19:47,0.244,31.0,CAMPANHA_PILOTO_01
2026-08-05,01:19:48,0.244,31.0,CAMPANHA_PILOTO_01
2026-08-05,01:19:49,0.244,31.0,CAMPANHA_PILOTO_01
2026-08-05,01:19:50,0.244,31.0,CAMPANHA_PILOTO_01
2026-08-05,01:19:51,0.244,31.0,CAMPANHA_PILOTO_01
2026-08-05,01:19:52,0.244,31.0,CAMPANHA_PILOTO_01
2026-08-05,01:19:53,0.244,30.9,CAMPANHA_PILOTO_01
2026-08-05,01:19:54,0.244,30.9,CAMPANHA_PILOTO_01
2026-08-05,01:19:55,0.244,30.9,CAMPANHA_PILOTO_01
2026-08-05,01:19:56,0.244,30.9,CAMPANHA_PILOTO_01
2026-08-05,01:19:57,0.244,30.9,CAMPANHA_PILOTO_01
2026-08-05,01:19:58,0.244,30.9,CAMPANHA_PILOTO_01
2026-08-05,01:19:59,0.244,30.9,CAMPANHA_PILOTO_01
2026-08-05,01:20:00,0.243,30.9,CAMPANHA_PILOTO_01
2026-08-05,01:20:01,0.243,30.9,CAMPANHA_PILOTO_01
2026-08-05,01:20:02,0.243,30.9,CAMPANHA_PILOTO_01
2026-08-05,01:20:03,0.243,30.9,CAMPANHA_PILOTO_01
2026-08-05,01:20:04,0.243,30.9,CAMPANHA_PILOTO_01
2026-08-05,01:20:05,0.243,30.9,CAMPANHA_PILOTO_01
2026-08-05,01:20:06,0.243,30.9,CAMPANHA_PILOTO_01
2026-08-05,01:20:07,0.243,30.9,CAMPANHA_PILOTO_01
2026-08-05,01:20:08,0.243,30.9,CAMPANHA_PILOTO_01
2026-08-05,01:20:09,0.243,30.9,CAMPANHA_PILOTO_01
2026-08-05,01:20:10,0.243,30.9,CAMPANHA_PILOTO_01
2026-08-05,01:20:11,0.243,30.9,CAMPANHA_PILOTO_01
2026-08-05,01:20:12,0.243,30.9,CAMPANHA_PILOTO_01
2026-08-05,01:20:13,0.243,30.9,CAMPANHA_PILOTO_01
2026-08-05,01:20:14,0.243,30.9,CAMPANHA_PILOTO_01
2026-08-05,01:20:15,0.243,30.9,CAMPANHA_PILOTO_01
2026-08-05,01:20:16,0.243,30.9,CAMPANHA_PILOTO_01
2026-08-05,01:20:17,0.243,30.9,CAMPANHA_PILOTO_01
2026-08-05,01:20:18,0.243,30.9,CAMPANHA_PILOTO_01
2026-08-05,01:20:19,0.243,30.9,CAMPANHA_PILOTO_01
2026-08-05,01:20:20,0.243,30.9,CAMPANHA_PILOTO_01
2026-08-05,01:20:21,0.243,30.8,CAMPANHA_PILOTO_01
2026-08-05,01:20:22,0.243,30.8,CAMPANHA_PILOTO_01
2026-08-05,01:20:23,0.243,30.8,CAMPANHA_PILOTO_01
2026-08-05,01:20:24,0.243,30.8,CAMPANHA_PILOTO_01
2026-08-05,01:20:25,0.243,30.8,CAMPANHA_PILOTO_01
2026-08-05,01:20:26,0.243,30.8,CAMPANHA_PILOTO_01
2026-08-05,01:20:27,0.243,30.8,CAMPANHA_PILOTO_01
2026-08-05,01:20:28,0.243,30.8,CAMPANHA_PILOTO_01
2026-08-05,01:20:29,0.243,30.8,CAMPANHA_PILOTO_01
2026-08-05,01:20:30,0.243,30.8,CAMPANHA_PILOTO_01
2026-08-05,01:20:31,0.243,30.8,CAMPANHA_PILOTO_01
2026-08-05,01:20:32,0.243,30.8,CAMPANHA_PILOTO_01
2026-08-05,01:20:33,0.243,30.8,CAMPANHA_PILOTO_01
2026-08-05,01:20:34,0.243,30.8,CAMPANHA_PILOTO_01
2026-08-05,01:20:35,0.243,30.8,CAMPANHA_PILOTO_01
2026-08-05,01:20:36,0.242,30.8,CAMPANHA_PILOTO_01
2026-08-05,01:20:37,0.242,30.8,CAMPANHA_PILOTO_01
2026-08-05,01:20:38,0.242,30.8,CAMPANHA_PILOTO_01
2026-08-05,01:20:39,0.242,30.8,CAMPANHA_PILOTO_01
2026-08-05,01:20:40,0.242,30.8,CAMPANHA_PILOTO_01
2026-08-05,01:20:41,0.242,30.8,CAMPANHA_PILOTO_01
2026-08-05,01:20:42,0.242,30.8,CAMPANHA_PILOTO_01
2026-08-05,01:20:43,0.242,30.8,CAMPANHA_PILOTO_01
2026-08-05,01:20:44,0.242,30.8,CAMPANHA_PILOTO_01
2026-08-05,01:20:45,0.242,30.8,CAMPANHA_PILOTO_01
2026-08-05,01:20:46,0.242,30.8,CAMPANHA_PILOTO_01
2026-08-05,01:20:47,0.242,30.8,CAMPANHA_PILOTO_01
2026-08-05,01:20:48,0.242,30.8,CAMPANHA_PILOTO_01
2026-08-05,01:20:49,0.242,30.7,CAMPANHA_PILOTO_01
2026-08-05,01:20:50,0.242,30.7,CAMPANHA_PILOTO_01
2026-08-05,01:20:51,0.242,30.7,CAMPANHA_PILOTO_01
2026-08-05,01:20:52,0.242,30.7,CAMPANHA_PILOTO_01
2026-08-05,01:20:53,0.242,30.7,CAMPANHA_PILOTO_01
2026-08-05,01:20:54,0.242,30.7,CAMPANHA_PILOTO_01
2026-08-05,01:20:55,0.242,30.7,CAMPANHA_PILOTO_01
2026-08-05,01:20:56,0.242,30.7,CAMPANHA_PILOTO_01
2026-08-05,01:20:57,0.242,30.7,CAMPANHA_PILOTO_01
2026-08-05,01:20:58,0.242,30.7,CAMPANHA_PILOTO_01
2026-08-05,01:20:59,0.242,30.7,CAMPANHA_PILOTO_01
2026-08-05,01:21:00,0.242,30.7,CAMPANHA_PILOTO_01
2026-08-05,01:21:01,0.242,30.7,CAMPANHA_PILOTO_01
2026-08-05,01:21:02,0.242,30.7,CAMPANHA_PILOTO_01
2026-08-05,01:21:03,0.242,30.7,CAMPANHA_PILOTO_01
2026-08-05,01:21:04,0.242,30.7,CAMPANHA_PILOTO_01
2026-08-05,01:21:05,0.242,30.7,CAMPANHA_PILOTO_01
2026-08-05,01:21:06,0.242,30.7,CAMPANHA_PILOTO_01
2026-08-05,01:21:07,0.242,30.7,CAMPANHA_PILOTO_01
2026-08-05,01:21:08,0.242,30.7,CAMPANHA_PILOTO_01
2026-08-05,01:21:09,0.242,30.7,CAMPANHA_PILOTO_01
2026-08-05,01:21:10,0.242,30.7,CAMPANHA_PILOTO_01
2026-08-05,01:21:11,0.242,30.7,CAMPANHA_PILOTO_01
2026-08-05,01:21:12,0.241,30.7,CAMPANHA_PILOTO_01
2026-08-05,01:21:13,0.241,30.7,CAMPANHA_PILOTO_01
2026-08-05,01:21:14,0.241,30.7,CAMPANHA_PILOTO_01
2026-08-05,01:21:15,0.241,30.7,CAMPANHA_PILOTO_01
2026-08-05,01:21:16,0.241,30.7,CAMPANHA_PILOTO_01
2026-08-05,01:21:17,0.241,30.6,CAMPANHA_PILOTO_01
2026-08-05,01:21:18,0.241,30.6,CAMPANHA_PILOTO_01
2026-08-05,01:21:19,0.241,30.6,CAMPANHA_PILOTO_01
2026-08-05,01:21:20,0.241,30.6,CAMPANHA_PILOTO_01
2026-08-05,01:21:21,0.241,30.6,CAMPANHA_PILOTO_01
2026-08-05,01:21:22,0.241,30.6,CAMPANHA_PILOTO_01
2026-08-05,01:21:23,0.241,30.6,CAMPANHA_PILOTO_01
2026-08-05,01:21:24,0.241,30.6,CAMPANHA_PILOTO_01
2026-08-05,01:21:25,0.241,30.6,CAMPANHA_PILOTO_01
2026-08-05,01:21:26,0.241,30.6,CAMPANHA_PILOTO_01
2026-08-05,01:21:27,0.241,30.6,CAMPANHA_PILOTO_01
2026-08-05,01:21:28,0.241,30.6,CAMPANHA_PILOTO_01
2026-08-05,01:21:29,0.241,30.6,CAMPANHA_PILOTO_01
2026-08-05,01:21:30,0.241,30.6,CAMPANHA_PILOTO_01
2026-08-05,01:21:31,0.241,30.6,CAMPANHA_PILOTO_01
2026-08-05,01:21:32,0.241,30.6,CAMPANHA_PILOTO_01
2026-08-05,01:21:33,0.241,30.6,CAMPANHA_PILOTO_01
2026-08-05,01:21:34,0.241,30.6,CAMPANHA_PILOTO_01
2026-08-05,01:21:35,0.241,30.6,CAMPANHA_PILOTO_01
2026-08-05,01:21:36,0.241,30.6,CAMPANHA_PILOTO_01
2026-08-05,01:21:37,0.241,30.6,CAMPANHA_PILOTO_01
2026-08-05,01:21:38,0.241,30.6,CAMPANHA_PILOTO_01
2026-08-05,01:21:39,0.241,30.6,CAMPANHA_PILOTO_01
2026-08-05,01:21:40,0.241,30.6,CAMPANHA_PILOTO_01
2026-08-05,01:21:41,0.241,30.6,CAMPANHA_PILOTO_01
2026-08-05,01:21:42,0.241,30.6,CAMPANHA_PILOTO_01
2026-08-05,01:21:43,0.241,30.6,CAMPANHA_PILOTO_01
2026-08-05,01:21:44,0.241,30.6,CAMPANHA_PILOTO_01
2026-08-05,01:21:45,0.241,30.6,CAMPANHA_PILOTO_01
2026-08-05,01:21:46,0.241,30.5,CAMPANHA_PILOTO_01
2026-08-05,01:21:47,0.241,30.5,CAMPANHA_PILOTO_01
2026-08-05,01:21:48,0.24,30.5,CAMPANHA_PILOTO_01
2026-08-05,01:21:49,0.24,30.5,CAMPANHA_PILOTO_01
2026-08-05,01:21:50,0.24,30.5,CAMPANHA_PILOTO_01
2026-08-05,01:21:51,0.24,30.5,CAMPANHA_PILOTO_01
2026-08-05,01:21:52,0.24,30.5,CAMPANHA_PILOTO_01
2026-08-05,01:21:53,0.24,30.5,CAMPANHA_PILOTO_01
2026-08-05,01:21:54,0.24,30.5,CAMPANHA_PILOTO_01
2026-08-05,01:21:55,0.24,30.5,CAMPANHA_PILOTO_01
2026-08-05,01:21:56,0.24,30.5,CAMPANHA_PILOTO_01
2026-08-05,01:21:57,0.24,30.5,CAMPANHA_PILOTO_01
2026-08-05,01:21:58,0.24,30.5,CAMPANHA_PILOTO_01
2026-08-05,01:21:59,0.24,30.5,CAMPANHA_PILOTO_01
2026-08-05,01:22:00,0.24,30.5,CAMPANHA_PILOTO_01
2026-08-05,01:22:01,0.24,30.5,CAMPANHA_PILOTO_01
2026-08-05,01:22:02,0.24,30.5,CAMPANHA_PILOTO_01
2026-08-05,01:22:03,0.24,30.5,CAMPANHA_PILOTO_01
2026-08-05,01:22:04,0.24,30.5,CAMPANHA_PILOTO_01
2026-08-05,01:22:05,0.24,30.5,CAMPANHA_PILOTO_01
2026-08-05,01:22:06,0.24,30.5,CAMPANHA_PILOTO_01
2026-08-05,01:22:07,0.24,30.5,CAMPANHA_PILOTO_01
2026-08-05,01:22:08,0.24,30.5,CAMPANHA_PILOTO_01
2026-08-05,01:22:09,0.24,30.5,CAMPANHA_PILOTO_01
2026-08-05,01:22:10,0.24,30.5,CAMPANHA_PILOTO_01
2026-08-05,01:22:11,0.24,30.5,CAMPANHA_PILOTO_01
2026-08-05,01:22:12,0.24,30.5,CAMPANHA_PILOTO_01
2026-08-05,01:22:13,0.24,30.5,CAMPANHA_PILOTO_01
2026-08-05,01:22:14,0.24,30.5,CAMPANHA_PILOTO_01
2026-08-05,01:22:15,0.24,30.4,CAMPANHA_PILOTO_01
2026-08-05,01:22:16,0.24,30.4,CAMPANHA_PILOTO_01
2026-08-05,01:22:17,0.24,30.4,CAMPANHA_PILOTO_01
2026-08-05,01:22:18,0.24,30.4,CAMPANHA_PILOTO_01
2026-08-05,01:22:19,0.24,30.4,CAMPANHA_PILOTO_01
2026-08-05,01:22:20,0.24,30.4,CAMPANHA_PILOTO_01
2026-08-05,01:22:21,0.24,30.4,CAMPANHA_PILOTO_01
2026-08-05,01:22:22,0.24,30.4,CAMPANHA_PILOTO_01
2026-08-05,01:22:23,0.24,30.4,CAMPANHA_PILOTO_01
2026-08-05,01:22:24,0.239,30.4,CAMPANHA_PILOTO_01
2026-08-05,01:22:25,0.239,30.4,CAMPANHA_PILOTO_01
2026-08-05,01:22:26,0.239,30.4,CAMPANHA_PILOTO_01
2026-08-05,01:22:27,0.239,30.4,CAMPANHA_PILOTO_01
2026-08-05,01:22:28,0.239,30.4,CAMPANHA_PILOTO_01
2026-08-05,01:22:29,0.239,30.4,CAMPANHA_PILOTO_01
2026-08-05,01:22:30,0.239,30.4,CAMPANHA_PILOTO_01
2026-08-05,01:22:31,0.239,30.4,CAMPANHA_PILOTO_01
2026-08-05,01:22:32,0.239,30.4,CAMPANHA_PILOTO_01
2026-08-05,01:22:33,0.239,30.4,CAMPANHA_PILOTO_01
2026-08-05,01:22:34,0.239,30.4,CAMPANHA_PILOTO_01
2026-08-05,01:22:35,0.239,30.4,CAMPANHA_PILOTO_01
2026-08-05,01:22:36,0.239,30.4,CAMPANHA_PILOTO_01
2026-08-05,01:22:37,0.239,30.4,CAMPANHA_PILOTO_01
2026-08-05,01:22:38,0.239,30.4,CAMPANHA_PILOTO_01
2026-08-05,01:22:39,0.239,30.4,CAMPANHA_PILOTO_01
2026-08-05,01:22:40,0.239,30.4,CAMPANHA_PILOTO_01
2026-08-05,01:22:41,0.239,30.4,CAMPANHA_PILOTO_01
2026-08-05,01:22:42,0.239,30.4,CAMPANHA_PILOTO_01
2026-08-05,01:22:43,0.239,30.4,CAMPANHA_PILOTO_01
2026-08-05,01:22:44,0.239,30.3,CAMPANHA_PILOTO_01
2026-08-05,01:22:45,0.239,30.3,CAMPANHA_PILOTO_01
2026-08-05,01:22:46,0.239,30.3,CAMPANHA_PILOTO_01
2026-08-05,01:22:47,0.239,30.3,CAMPANHA_PILOTO_01
2026-08-05,01:22:48,0.239,30.3,CAMPANHA_PILOTO_01
2026-08-05,01:22:49,0.239,30.3,CAMPANHA_PILOTO_01
2026-08-05,01:22:50,0.239,30.3,CAMPANHA_PILOTO_01
2026-08-05,01:22:51,0.239,30.3,CAMPANHA_PILOTO_01
2026-08-05,01:22:52,0.239,30.3,CAMPANHA_PILOTO_01
2026-08-05,01:22:53,0.239,30.3,CAMPANHA_PILOTO_01
2026-08-05,01:22:54,0.239,30.3,CAMPANHA_PILOTO_01
2026-08-05,01:22:55,0.239,30.3,CAMPANHA_PILOTO_01
2026-08-05,01:22:56,0.239,30.3,CAMPANHA_PILOTO_01
2026-08-05,01:22:57,0.239,30.3,CAMPANHA_PILOTO_01
2026-08-05,01:22:58,0.239,30.3,CAMPANHA_PILOTO_01
2026-08-05,01:22:59,0.239,30.3,CAMPANHA_PILOTO_01
2026-08-05,01:23:00,0.239,30.3,CAMPANHA_PILOTO_01
2026-08-05,01:23:01,0.238,30.3,CAMPANHA_PILOTO_01
2026-08-05,01:23:02,0.238,30.3,CAMPANHA_PILOTO_01
2026-08-05,01:23:03,0.238,30.3,CAMPANHA_PILOTO_01
2026-08-05,01:23:04,0.238,30.3,CAMPANHA_PILOTO_01
2026-08-05,06:43:11,0.238,30.3,CAMPANHA_PILOTO_01
2026-08-05,06:43:12,0.075,9.5,CAMPANHA_PILOTO_01
2026-08-05,06:43:13,0.075,9.5,CAMPANHA_PILOTO_01
2026-08-05,06:43:14,0.075,9.5,CAMPANHA_PILOTO_01
2026-08-05,06:43:15,0.075,9.5,CAMPANHA_PILOTO_01
2026-08-05,06:43:16,0.075,9.5,CAMPANHA_PILOTO_01
2026-08-05,06:43:17,0.075,9.5,CAMPANHA_PILOTO_01
2026-08-05,06:43:18,0.075,9.5,CAMPANHA_PILOTO_01
2026-08-05,06:43:19,0.075,9.5,CAMPANHA_PILOTO_01
2026-08-05,06:43:20,0.075,9.5,CAMPANHA_PILOTO_01
2026-08-05,06:43:21,0.075,9.5,CAMPANHA_PILOTO_01
2026-08-05,06:43:22,0.075,9.5,CAMPANHA_PILOTO_01
2026-08-05,06:43:23,0.075,9.5,CAMPANHA_PILOTO_01
2026-08-05,06:43:24,0.075,9.5,CAMPANHA_PILOTO_01
2026-08-05,06:43:25,0.075,9.5,CAMPANHA_PILOTO_01
2026-08-05,06:43:26,0.075,9.5,CAMPANHA_PILOTO_01
2026-08-05,06:43:27,0.075,9.5,CAMPANHA_PILOTO_01
2026-08-05,06:43:28,0.075,9.5,CAMPANHA_PILOTO_01
2026-08-05,06:43:29,0.075,9.5,CAMPANHA_PILOTO_01
2026-08-05,06:43:30,0.075,9.5,CAMPANHA_PILOTO_01
2026-08-05,06:43:31,0.075,9.5,CAMPANHA_PILOTO_01
2026-08-05,06:43:32,0.075,9.5,CAMPANHA_PILOTO_01
2026-08-05,06:43:33,0.075,9.5,CAMPANHA_PILOTO_01
2026-08-05,06:43:34,0.075,9.5,CAMPANHA_PILOTO_01
2026-08-05,06:43:35,0.075,9.5,CAMPANHA_PILOTO_01
2026-08-05,06:43:36,0.075,9.5,CAMPANHA_PILOTO_01
2026-08-05,06:43:37,0.075,9.5,CAMPANHA_PILOTO_01
2026-08-05,06:43:38,0.075,9.5,CAMPANHA_PILOTO_01
2026-08-05,06:43:39,0.075,9.5,CAMPANHA_PILOTO_01
2026-08-05,06:43:40,0.075,9.5,CAMPANHA_PILOTO_01
2026-08-05,06:43:41,0.075,9.5,CAMPANHA_PILOTO_01
2026-08-05,06:43:42,0.075,9.5,CAMPANHA_PILOTO_01
2026-08-05,06:43:43,0.075,9.5,CAMPANHA_PILOTO_01
2026-08-05,06:43:44,0.075,9.5,CAMPANHA_PILOTO_01
2026-08-05,06:43:45,0.075,9.5,CAMPANHA_PILOTO_01
2026-08-05,06:43:46,0.075,9.5,CAMPANHA_PILOTO_01
2026-08-05,06:43:47,0.075,9.5,CAMPANHA_PILOTO_01
2026-08-05,06:43:48,0.075,9.5,CAMPANHA_PILOTO_01
2026-08-05,06:43:49,0.075,9.5,CAMPANHA_PILOTO_01
2026-08-05,06:43:50,0.075,9.5,CAMPANHA_PILOTO_01
2026-08-05,06:43:51,0.075,9.5,CAMPANHA_PILOTO_01
2026-08-05,06:43:52,0.075,9.5,CAMPANHA_PILOTO_01
2026-08-05,06:43:53,0.075,9.5,CAMPANHA_PILOTO_01
2026-08-05,06:43:54,0.075,9.5,CAMPANHA_PILOTO_01
2026-08-05,06:43:55,0.075,9.5,CAMPANHA_PILOTO_01
2026-08-05,06:43:56,0.075,9.5,CAMPANHA_PILOTO_01
2026-08-05,06:43:57,0.075,9.5,CAMPANHA_PILOTO_01
2026-08-05,06:43:58,0.075,9.5,CAMPANHA_PILOTO_01
2026-08-05,06:43:59,0.075,9.5,CAMPANHA_PILOTO_01
2026-08-05,06:44:00,0.075,9.5,CAMPANHA_PILOTO_01
2026-08-05,06:44:01,0.075,9.5,CAMPANHA_PILOTO_01
2026-08-05,06:44:02,0.075,9.5,CAMPANHA_PILOTO_01
2026-08-05,06:44:03,0.075,9.5,CAMPANHA_PILOTO_01
2026-08-05,06:44:04,0.075,9.5,CAMPANHA_PILOTO_01
2026-08-05,06:44:05,0.075,9.5,CAMPANHA_PILOTO_01
2026-08-05,06:44:06,0.075,9.5,CAMPANHA_PILOTO_01
2026-08-05,06:44:07,0.075,9.5,CAMPANHA_PILOTO_01
2026-08-05,06:44:08,0.075,9.5,CAMPANHA_PILOTO_01
2026-08-05,06:44:09,0.075,9.5,CAMPANHA_PILOTO_01
2026-08-05,06:44:10,0.075,9.5,CAMPANHA_PILOTO_01
2026-08-05,06:44:11,0.075,9.5,CAMPANHA_PILOTO_01
2026-08-05,06:44:12,0.075,9.5,CAMPANHA_PILOTO_01
2026-08-05,06:44:13,0.075,9.5,CAMPANHA_PILOTO_01
2026-08-05,06:44:14,0.075,9.5,CAMPANHA_PILOTO_01
2026-08-05,06:44:15,0.075,9.5,CAMPANHA_PILOTO_01
2026-08-05,06:44:16,0.075,9.5,CAMPANHA_PILOTO_01
2026-08-05,06:44:17,0.075,9.5,CAMPANHA_PILOTO_01
2026-08-05,06:44:18,0.075,9.5,CAMPANHA_PILOTO_01
2026-08-05,06:44:19,0.075,9.5,CAMPANHA_PILOTO_01
2026-08-05,06:44:20,0.075,9.5,CAMPANHA_PILOTO_01
2026-08-05,06:44:21,0.075,9.5,CAMPANHA_PILOTO_01
2026-08-05,06:44:22,0.075,9.5,CAMPANHA_PILOTO_01
2026-08-05,06:44:23,0.075,9.5,CAMPANHA_PILOTO_01
2026-08-05,06:44:24,0.075,9.5,CAMPANHA_PILOTO_01
2026-08-05,06:44:25,0.075,9.5,CAMPANHA_PILOTO_01
2026-08-05,06:44:26,0.075,9.5,CAMPANHA_PILOTO_01
2026-08-05,06:44:27,0.075,9.5,CAMPANHA_PILOTO_01
2026-08-05,06:44:28,0.075,9.5,CAMPANHA_PILOTO_01
2026-08-05,06:44:29,0.075,9.5,CAMPANHA_PILOTO_01
2026-08-05,06:44:30,0.075,9.5,CAMPANHA_PILOTO_01
2026-08-05,06:44:31,0.075,9.5,CAMPANHA_PILOTO_01
2026-08-05,06:44:32,0.075,9.5,CAMPANHA_PILOTO_01
2026-08-05,06:44:33,0.075,9.5,CAMPANHA_PILOTO_01
2026-08-05,06:44:34,0.075,9.5,CAMPANHA_PILOTO_01
2026-08-05,06:44:35,0.075,9.5,CAMPANHA_PILOTO_01
2026-08-05,06:44:36,0.075,9.5,CAMPANHA_PILOTO_01
2026-08-05,06:44:37,0.075,9.5,CAMPANHA_PILOTO_01
2026-08-05,06:44:38,0.075,9.5,CAMPANHA_PILOTO_01
2026-08-05,06:44:39,0.075,9.5,CAMPANHA_PILOTO_01
2026-08-05,06:44:40,0.075,9.5,CAMPANHA_PILOTO_01
2026-08-05,06:44:41,0.075,9.5,CAMPANHA_PILOTO_01
2026-08-05,06:44:42,0.075,9.5,CAMPANHA_PILOTO_01
2026-08-05,06:44:43,0.075,9.5,CAMPANHA_PILOTO_01
2026-08-05,06:44:44,0.075,9.5,CAMPANHA_PILOTO_01
2026-08-05,06:44:45,0.075,9.5,CAMPANHA_PILOTO_01
2026-08-05,06:44:46,0.075,9.5,CAMPANHA_PILOTO_01
2026-08-05,06:44:47,0.075,9.5,CAMPANHA_PILOTO_01
2026-08-05,06:44:48,0.075,9.5,CAMPANHA_PILOTO_01
2026-08-05,06:44:49,0.075,9.5,CAMPANHA_PILOTO_01
2026-08-05,06:44:50,0.075,9.5,CAMPANHA_PILOTO_01
2026-08-05,06:44:51,0.075,9.5,CAMPANHA_PILOTO_01
2026-08-05,06:44:52,0.075,9.5,CAMPANHA_PILOTO_01
2026-08-05,06:44:53,0.075,9.5,CAMPANHA_PILOTO_01
2026-08-05,06:44:54,0.075,9.5,CAMPANHA_PILOTO_01
2026-08-05,06:44:55,0.075,9.5,CAMPANHA_PILOTO_01
2026-08-05,06:44:56,0.075,9.5,CAMPANHA_PILOTO_01
2026-08-05,06:44:57,0.075,9.5,CAMPANHA_PILOTO_01
2026-08-05,06:44:58,0.075,9.5,CAMPANHA_PILOTO_01
2026-08-05,06:44:59,0.075,9.5,CAMPANHA_PILOTO_01
2026-08-05,06:45:00,0.075,9.5,CAMPANHA_PILOTO_01
2026-08-05,06:45:01,0.075,9.5,CAMPANHA_PILOTO_01
2026-08-05,06:45:02,0.075,9.5,CAMPANHA_PILOTO_01
2026-08-05,06:45:03,0.075,9.5,CAMPANHA_PILOTO_01
2026-08-05,06:45:04,0.075,9.5,CAMPANHA_PILOTO_01
2026-08-05,06:45:05,0.075,9.5,CAMPANHA_PILOTO_01
2026-08-05,06:45:06,0.075,9.5,CAMPANHA_PILOTO_01
2026-08-05,06:45:07,0.075,9.5,CAMPANHA_PILOTO_01
2026-08-05,06:45:08,0.075,9.5,CAMPANHA_PILOTO_01
2026-08-05,06:45:09,0.075,9.5,CAMPANHA_PILOTO_01
2026-08-05,06:45:10,0.075,9.5,CAMPANHA_PILOTO_01
2026-08-05,06:45:11,0.075,9.5,CAMPANHA_PILOTO_01
2026-08-05,06:45:12,0.075,9.5,CAMPANHA_PILOTO_01
2026-08-05,06:45:13,0.075,9.5,CAMPANHA_PILOTO_01
2026-08-05,06:45:14,0.075,9.5,CAMPANHA_PILOTO_01
2026-08-05,06:45:15,0.075,9.5,CAMPANHA_PILOTO_01
2026-08-05,06:45:16,0.075,9.5,CAMPANHA_PILOTO_01
2026-08-05,06:45:17,0.075,9.5,CAMPANHA_PILOTO_01
2026-08-05,06:45:18,0.075,9.5,CAMPANHA_PILOTO_01
2026-08-05,06:45:19,0.075,9.5,CAMPANHA_PILOTO_01
2026-08-05,06:45:20,0.075,9.5,CAMPANHA_PILOTO_01
2026-08-05,06:45:21,0.075,9.5,CAMPANHA_PILOTO_01
2026-08-05,06:45:22,0.075,9.5,CAMPANHA_PILOTO_01
2026-08-05,06:45:23,0.075,9.5,CAMPANHA_PILOTO_01
2026-08-05,06:45:24,0.075,9.5,CAMPANHA_PILOTO_01
2026-08-05,06:45:25,0.075,9.5,CAMPANHA_PILOTO_01
2026-08-05,06:45:26,0.075,9.5,CAMPANHA_PILOTO_01
2026-08-05,06:45:27,0.075,9.5,CAMPANHA_PILOTO_01
2026-08-05,06:45:28,0.075,9.5,CAMPANHA_PILOTO_01
2026-08-05,06:45:29,0.075,9.5,CAMPANHA_PILOTO_01
2026-08-05,06:45:30,0.075,9.5,CAMPANHA_PILOTO_01
2026-08-05,06:45:31,0.075,9.5,CAMPANHA_PILOTO_01
2026-08-05,06:45:32,0.075,9.5,CAMPANHA_PILOTO_01
2026-08-05,06:45:33,0.075,9.5,CAMPANHA_PILOTO_01
2026-08-05,06:45:34,0.075,9.5,CAMPANHA_PILOTO_01
2026-08-05,06:45:35,0.075,9.5,CAMPANHA_PILOTO_01
2026-08-05,06:45:36,0.075,9.5,CAMPANHA_PILOTO_01
2026-08-05,06:45:37,0.075,9.5,CAMPANHA_PILOTO_01
2026-08-05,06:45:38,0.075,9.5,CAMPANHA_PILOTO_01
2026-08-05,06:45:39,0.075,9.5,CAMPANHA_PILOTO_01
2026-08-05,06:45:40,0.075,9.5,CAMPANHA_PILOTO_01
2026-08-05,06:45:41,0.075,9.5,CAMPANHA_PILOTO_01
2026-08-05,06:45:42,0.075,9.5,CAMPANHA_PILOTO_01
2026-08-05,06:45:43,0.075,9.5,CAMPANHA_PILOTO_01
2026-08-05,06:45:44,0.075,9.5,CAMPANHA_PILOTO_01
2026-08-05,06:45:45,0.075,9.5,CAMPANHA_PILOTO_01
2026-08-05,06:45:46,0.075,9.5,CAMPANHA_PILOTO_01
2026-08-05,06:45:47,0.075,9.5,CAMPANHA_PILOTO_01
2026-08-05,06:45:48,0.075,9.5,CAMPANHA_PILOTO_01
2026-08-05,06:45:49,0.075,9.5,CAMPANHA_PILOTO_01
2026-08-05,06:45:50,0.075,9.5,CAMPANHA_PILOTO_01
2026-08-05,06:45:51,0.075,9.5,CAMPANHA_PILOTO_01
2026-08-05,06:45:52,0.075,9.5,CAMPANHA_PILOTO_01
2026-08-05,06:45:53,0.075,9.5,CAMPANHA_PILOTO_01
2026-08-05,06:45:54,0.075,9.5,CAMPANHA_PILOTO_01
2026-08-05,06:45:55,0.075,9.5,CAMPANHA_PILOTO_01
2026-08-05,06:45:56,0.075,9.5,CAMPANHA_PILOTO_01
2026-08-05,06:45:57,0.075,9.5,CAMPANHA_PILOTO_01
2026-08-05,06:45:58,0.075,9.5,CAMPANHA_PILOTO_01
2026-08-05,06:45:59,0.075,9.5,CAMPANHA_PILOTO_01
2026-08-05,06:46:00,0.075,9.5,CAMPANHA_PILOTO_01
2026-08-05,06:46:01,0.075,9.5,CAMPANHA_PILOTO_01
2026-08-05,06:46:02,0.075,9.5,CAMPANHA_PILOTO_01
2026-08-05,06:46:03,0.075,9.5,CAMPANHA_PILOTO_01
2026-08-05,06:46:04,0.075,9.5,CAMPANHA_PILOTO_01
2026-08-05,06:46:05,0.075,9.5,CAMPANHA_PILOTO_01
2026-08-05,06:46:06,0.075,9.5,CAMPANHA_PILOTO_01
2026-08-05,06:46:07,0.074,9.5,CAMPANHA_PILOTO_01
2026-08-05,06:46:08,0.074,9.5,CAMPANHA_PILOTO_01
2026-08-05,06:46:09,0.074,9.5,CAMPANHA_PILOTO_01
2026-08-05,06:46:10,0.074,9.5,CAMPANHA_PILOTO_01
2026-08-05,06:46:11,0.074,9.5,CAMPANHA_PILOTO_01
2026-08-05,06:46:12,0.074,9.5,CAMPANHA_PILOTO_01
2026-08-05,06:46:13,0.074,9.5,CAMPANHA_PILOTO_01
2026-08-05,06:46:14,0.074,9.5,CAMPANHA_PILOTO_01
2026-08-05,06:46:15,0.074,9.5,CAMPANHA_PILOTO_01
2026-08-05,06:46:16,0.074,9.5,CAMPANHA_PILOTO_01
2026-08-05,06:46:17,0.074,9.5,CAMPANHA_PILOTO_01
2026-08-05,06:46:18,0.074,9.5,CAMPANHA_PILOTO_01
2026-08-05,06:46:19,0.074,9.5,CAMPANHA_PILOTO_01
2026-08-05,06:46:20,0.074,9.5,CAMPANHA_PILOTO_01
2026-08-05,06:46:21,0.074,9.5,CAMPANHA_PILOTO_01
2026-08-05,06:46:22,0.074,9.5,CAMPANHA_PILOTO_01
2026-08-05,06:46:23,0.074,9.5,CAMPANHA_PILOTO_01
2026-08-05,06:46:24,0.074,9.5,CAMPANHA_PILOTO_01
2026-08-05,06:46:25,0.074,9.5,CAMPANHA_PILOTO_01
2026-08-05,06:46:26,0.074,9.5,CAMPANHA_PILOTO_01
2026-08-05,06:46:27,0.074,9.5,CAMPANHA_PILOTO_01
2026-08-05,06:46:28,0.074,9.5,CAMPANHA_PILOTO_01
2026-08-05,06:46:29,0.074,9.5,CAMPANHA_PILOTO_01
2026-08-05,06:46:30,0.074,9.5,CAMPANHA_PILOTO_01
2026-08-05,06:46:31,0.074,9.5,CAMPANHA_PILOTO_01
2026-08-05,06:46:32,0.074,9.5,CAMPANHA_PILOTO_01
2026-08-05,06:46:33,0.074,9.5,CAMPANHA_PILOTO_01
2026-08-05,06:46:34,0.074,9.5,CAMPANHA_PILOTO_01
2026-08-05,06:46:35,0.074,9.5,CAMPANHA_PILOTO_01
2026-08-05,06:46:36,0.074,9.5,CAMPANHA_PILOTO_01
2026-08-05,06:46:37,0.074,9.5,CAMPANHA_PILOTO_01
2026-08-05,06:46:38,0.074,9.5,CAMPANHA_PILOTO_01
2026-08-05,06:46:39,0.074,9.5,CAMPANHA_PILOTO_01
2026-08-05,06:46:40,0.074,9.5,CAMPANHA_PILOTO_01
2026-08-05,06:46:41,0.074,9.4,CAMPANHA_PILOTO_01
2026-08-05,06:46:42,0.074,9.4,CAMPANHA_PILOTO_01
2026-08-05,06:46:43,0.074,9.4,CAMPANHA_PILOTO_01
2026-08-05,06:46:44,0.074,9.4,CAMPANHA_PILOTO_01
2026-08-05,06:46:45,0.074,9.4,CAMPANHA_PILOTO_01
2026-08-05,06:46:46,0.074,9.4,CAMPANHA_PILOTO_01
2026-08-05,06:46:47,0.074,9.4,CAMPANHA_PILOTO_01
2026-08-05,06:46:48,0.074,9.4,CAMPANHA_PILOTO_01
2026-08-05,06:46:49,0.074,9.4,CAMPANHA_PILOTO_01
2026-08-05,06:46:50,0.074,9.4,CAMPANHA_PILOTO_01
2026-08-05,06:46:51,0.074,9.4,CAMPANHA_PILOTO_01
2026-08-05,06:46:52,0.074,9.4,CAMPANHA_PILOTO_01
2026-08-05,06:46:53,0.074,9.4,CAMPANHA_PILOTO_01
2026-08-05,06:46:54,0.074,9.4,CAMPANHA_PILOTO_01
2026-08-05,06:46:55,0.074,9.4,CAMPANHA_PILOTO_01
2026-08-05,06:46:56,0.074,9.4,CAMPANHA_PILOTO_01
2026-08-05,06:46:57,0.074,9.4,CAMPANHA_PILOTO_01
2026-08-05,06:46:58,0.074,9.4,CAMPANHA_PILOTO_01
2026-08-05,06:46:59,0.074,9.4,CAMPANHA_PILOTO_01
2026-08-05,06:47:00,0.074,9.4,CAMPANHA_PILOTO_01
2026-08-05,06:47:01,0.074,9.4,CAMPANHA_PILOTO_01
2026-08-05,06:47:02,0.074,9.4,CAMPANHA_PILOTO_01
2026-08-05,06:47:03,0.074,9.4,CAMPANHA_PILOTO_01
2026-08-05,06:47:04,0.074,9.4,CAMPANHA_PILOTO_01
2026-08-05,06:47:05,0.074,9.4,CAMPANHA_PILOTO_01
2026-08-05,06:47:06,0.074,9.4,CAMPANHA_PILOTO_01
2026-08-05,06:47:07,0.074,9.4,CAMPANHA_PILOTO_01
2026-08-05,06:47:08,0.074,9.4,CAMPANHA_PILOTO_01
2026-08-05,06:47:09,0.074,9.4,CAMPANHA_PILOTO_01
2026-08-05,06:47:10,0.074,9.4,CAMPANHA_PILOTO_01
2026-08-05,06:47:11,0.074,9.4,CAMPANHA_PILOTO_01
2026-08-05,06:47:12,0.074,9.4,CAMPANHA_PILOTO_01
2026-08-05,06:47:13,0.074,9.4,CAMPANHA_PILOTO_01
2026-08-05,06:47:14,0.074,9.4,CAMPANHA_PILOTO_01
2026-08-05,06:47:15,0.074,9.4,CAMPANHA_PILOTO_01
2026-08-05,06:47:16,0.074,9.4,CAMPANHA_PILOTO_01
2026-08-05,06:47:17,0.074,9.4,CAMPANHA_PILOTO_01
2026-08-05,06:47:18,0.074,9.4,CAMPANHA_PILOTO_01
2026-08-05,06:47:19,0.074,9.4,CAMPANHA_PILOTO_01
2026-08-05,06:47:20,0.074,9.4,CAMPANHA_PILOTO_01
2026-08-05,06:47:21,0.074,9.4,CAMPANHA_PILOTO_01
2026-08-05,06:47:22,0.074,9.4,CAMPANHA_PILOTO_01
2026-08-05,06:47:23,0.074,9.4,CAMPANHA_PILOTO_01
2026-08-05,06:47:24,0.074,9.4,CAMPANHA_PILOTO_01
2026-08-05,06:47:25,0.074,9.4,CAMPANHA_PILOTO_01
2026-08-05,06:47:26,0.074,9.4,CAMPANHA_PILOTO_01
2026-08-05,06:47:27,0.074,9.4,CAMPANHA_PILOTO_01
2026-08-05,06:47:28,0.074,9.4,CAMPANHA_PILOTO_01
2026-08-05,06:47:29,0.074,9.4,CAMPANHA_PILOTO_01
2026-08-05,06:47:30,0.074,9.4,CAMPANHA_PILOTO_01
2026-08-05,06:47:31,0.074,9.4,CAMPANHA_PILOTO_01
2026-08-05,06:47:32,0.074,9.4,CAMPANHA_PILOTO_01
2026-08-05,06:47:33,0.074,9.4,CAMPANHA_PILOTO_01
2026-08-05,06:47:34,0.074,9.4,CAMPANHA_PILOTO_01
2026-08-05,06:47:35,0.074,9.4,CAMPANHA_PILOTO_01
2026-08-05,06:47:36,0.074,9.4,CAMPANHA_PILOTO_01
2026-08-05,06:47:37,0.074,9.4,CAMPANHA_PILOTO_01
2026-08-05,06:47:38,0.074,9.4,CAMPANHA_PILOTO_01
2026-08-05,06:47:39,0.074,9.4,CAMPANHA_PILOTO_01
2026-08-05,06:47:40,0.074,9.4,CAMPANHA_PILOTO_01
2026-08-05,06:47:41,0.074,9.4,CAMPANHA_PILOTO_01
2026-08-05,06:47:42,0.074,9.4,CAMPANHA_PILOTO_01
2026-08-05,06:47:43,0.074,9.4,CAMPANHA_PILOTO_01
2026-08-05,06:47:44,0.074,9.4,CAMPANHA_PILOTO_01
2026-08-05,06:47:45,0.074,9.4,CAMPANHA_PILOTO_01
2026-08-05,06:47:46,0.074,9.4,CAMPANHA_PILOTO_01
2026-08-05,06:47:47,0.074,9.4,CAMPANHA_PILOTO_01
2026-08-05,06:47:48,0.074,9.4,CAMPANHA_PILOTO_01
2026-08-05,06:47:49,0.074,9.4,CAMPANHA_PILOTO_01
2026-08-05,06:47:50,0.074,9.4,CAMPANHA_PILOTO_01
2026-08-05,06:47:51,0.074,9.4,CAMPANHA_PILOTO_01
2026-08-05,06:47:52,0.074,9.4,CAMPANHA_PILOTO_01
2026-08-05,06:47:53,0.074,9.4,CAMPANHA_PILOTO_01
2026-08-05,06:47:54,0.074,9.4,CAMPANHA_PILOTO_01
2026-08-05,06:47:55,0.074,9.4,CAMPANHA_PILOTO_01
2026-08-05,06:47:56,0.074,9.4,CAMPANHA_PILOTO_01
2026-08-05,06:47:57,0.074,9.4,CAMPANHA_PILOTO_01
2026-08-05,06:47:58,0.074,9.4,CAMPANHA_PILOTO_01
2026-08-05,06:47:59,0.074,9.4,CAMPANHA_PILOTO_01
2026-08-05,06:48:00,0.074,9.4,CAMPANHA_PILOTO_01
2026-08-05,06:48:01,0.074,9.4,CAMPANHA_PILOTO_01
2026-08-05,06:48:02,0.074,9.4,CAMPANHA_PILOTO_01
2026-08-05,06:48:03,0.074,9.4,CAMPANHA_PILOTO_01
2026-08-05,06:48:04,0.074,9.4,CAMPANHA_PILOTO_01
2026-08-05,06:48:05,0.074,9.4,CAMPANHA_PILOTO_01
2026-08-05,06:48:06,0.074,9.4,CAMPANHA_PILOTO_01
2026-08-05,06:48:07,0.074,9.4,CAMPANHA_PILOTO_01
2026-08-05,06:48:08,0.074,9.4,CAMPANHA_PILOTO_01
2026-08-05,06:48:09,0.074,9.4,CAMPANHA_PILOTO_01
2026-08-05,06:48:10,0.074,9.4,CAMPANHA_PILOTO_01
2026-08-05,06:48:11,0.074,9.4,CAMPANHA_PILOTO_01
2026-08-05,06:48:12,0.074,9.4,CAMPANHA_PILOTO_01
2026-08-05,06:48:13,0.074,9.4,CAMPANHA_PILOTO_01
2026-08-05,06:48:14,0.074,9.4,CAMPANHA_PILOTO_01
2026-08-05,06:48:15,0.074,9.4,CAMPANHA_PILOTO_01
2026-08-05,06:48:16,0.074,9.4,CAMPANHA_PILOTO_01
2026-08-05,06:48:17,0.074,9.4,CAMPANHA_PILOTO_01
2026-08-05,06:48:18,0.074,9.4,CAMPANHA_PILOTO_01
2026-08-05,06:48:19,0.074,9.4,CAMPANHA_PILOTO_01
2026-08-05,06:48:20,0.074,9.4,CAMPANHA_PILOTO_01
2026-08-05,06:48:21,0.074,9.4,CAMPANHA_PILOTO_01
2026-08-05,06:48:22,0.074,9.4,CAMPANHA_PILOTO_01
2026-08-05,06:48:23,0.074,9.4,CAMPANHA_PILOTO_01
2026-08-05,06:48:24,0.074,9.4,CAMPANHA_PILOTO_01
2026-08-05,06:48:25,0.074,9.4,CAMPANHA_PILOTO_01
2026-08-05,06:48:26,0.074,9.4,CAMPANHA_PILOTO_01
2026-08-05,06:48:27,0.074,9.4,CAMPANHA_PILOTO_01
2026-08-05,06:48:28,0.074,9.4,CAMPANHA_PILOTO_01
2026-08-05,06:48:29,0.074,9.4,CAMPANHA_PILOTO_01
2026-08-05,06:48:30,0.074,9.4,CAMPANHA_PILOTO_01
2026-08-05,06:48:31,0.074,9.4,CAMPANHA_PILOTO_01
2026-08-05,06:48:32,0.074,9.4,CAMPANHA_PILOTO_01
2026-08-05,06:48:33,0.074,9.4,CAMPANHA_PILOTO_01
2026-08-05,06:48:34,0.074,9.4,CAMPANHA_PILOTO_01
2026-08-05,06:48:35,0.074,9.4,CAMPANHA_PILOTO_01
2026-08-05,06:48:36,0.074,9.4,CAMPANHA_PILOTO_01
2026-08-05,06:48:37,0.074,9.4,CAMPANHA_PILOTO_01
2026-08-05,06:48:38,0.074,9.4,CAMPANHA_PILOTO_01
2026-08-05,06:48:39,0.074,9.4,CAMPANHA_PILOTO_01
2026-08-05,06:48:40,0.074,9.4,CAMPANHA_PILOTO_01
2026-08-05,06:48:41,0.074,9.4,CAMPANHA_PILOTO_01
2026-08-05,06:48:42,0.074,9.4,CAMPANHA_PILOTO_01
2026-08-05,06:48:43,0.074,9.4,CAMPANHA_PILOTO_01
2026-08-05,06:48:44,0.074,9.4,CAMPANHA_PILOTO_01
2026-08-05,06:48:45,0.074,9.4,CAMPANHA_PILOTO_01
2026-08-05,06:48:46,0.074,9.4,CAMPANHA_PILOTO_01
2026-08-05,06:48:47,0.074,9.4,CAMPANHA_PILOTO_01
2026-08-05,06:48:48,0.074,9.4,CAMPANHA_PILOTO_01
2026-08-05,06:48:49,0.074,9.4,CAMPANHA_PILOTO_01
2026-08-05,06:48:50,0.074,9.4,CAMPANHA_PILOTO_01
2026-08-05,06:48:51,0.074,9.4,CAMPANHA_PILOTO_01
2026-08-05,06:48:52,0.074,9.4,CAMPANHA_PILOTO_01
2026-08-05,06:48:53,0.074,9.4,CAMPANHA_PILOTO_01
2026-08-05,06:48:54,0.074,9.4,CAMPANHA_PILOTO_01
2026-08-05,06:48:55,0.074,9.4,CAMPANHA_PILOTO_01
2026-08-05,06:48:56,0.074,9.4,CAMPANHA_PILOTO_01
2026-08-05,06:48:57,0.074,9.4,CAMPANHA_PILOTO_01
2026-08-05,06:48:58,0.074,9.4,CAMPANHA_PILOTO_01
2026-08-05,06:48:59,0.074,9.4,CAMPANHA_PILOTO_01
2026-08-05,06:49:00,0.074,9.4,CAMPANHA_PILOTO_01
2026-08-05,06:49:01,0.074,9.4,CAMPANHA_PILOTO_01
2026-08-05,06:49:02,0.074,9.4,CAMPANHA_PILOTO_01
2026-08-05,06:49:03,0.074,9.4,CAMPANHA_PILOTO_01
2026-08-05,06:49:04,0.074,9.4,CAMPANHA_PILOTO_01
2026-08-05,06:49:05,0.074,9.4,CAMPANHA_PILOTO_01
2026-08-05,06:49:06,0.074,9.4,CAMPANHA_PILOTO_01
2026-08-05,06:49:07,0.074,9.4,CAMPANHA_PILOTO_01
2026-08-05,06:49:08,0.074,9.4,CAMPANHA_PILOTO_01
2026-08-05,06:49:09,0.074,9.4,CAMPANHA_PILOTO_01
2026-08-05,06:49:10,0.074,9.4,CAMPANHA_PILOTO_01
2026-08-05,06:49:11,0.074,9.4,CAMPANHA_PILOTO_01
2026-08-05,06:49:12,0.074,9.4,CAMPANHA_PILOTO_01
2026-08-05,06:49:13,0.074,9.4,CAMPANHA_PILOTO_01
2026-08-05,06:49:14,0.074,9.4,CAMPANHA_PILOTO_01
2026-08-05,06:49:15,0.074,9.4,CAMPANHA_PILOTO_01
2026-08-05,06:49:16,0.074,9.4,CAMPANHA_PILOTO_01
2026-08-05,06:49:17,0.074,9.4,CAMPANHA_PILOTO_01
2026-08-05,06:49:18,0.074,9.4,CAMPANHA_PILOTO_01
2026-08-05,06:49:19,0.074,9.4,CAMPANHA_PILOTO_01
2026-08-05,06:49:20,0.074,9.4,CAMPANHA_PILOTO_01
2026-08-05,06:49:21,0.074,9.4,CAMPANHA_PILOTO_01
2026-08-05,06:49:22,0.074,9.4,CAMPANHA_PILOTO_01
2026-08-05,06:49:23,0.074,9.4,CAMPANHA_PILOTO_01
2026-08-05,06:49:24,0.074,9.4,CAMPANHA_PILOTO_01
2026-08-05,06:49:25,0.074,9.4,CAMPANHA_PILOTO_01
2026-08-05,06:49:26,0.074,9.4,CAMPANHA_PILOTO_01
2026-08-05,06:49:27,0.074,9.4,CAMPANHA_PILOTO_01
2026-08-05,06:49:28,0.074,9.4,CAMPANHA_PILOTO_01
2026-08-05,06:49:29,0.074,9.4,CAMPANHA_PILOTO_01
2026-08-05,06:49:30,0.074,9.4,CAMPANHA_PILOTO_01
2026-08-05,06:49:31,0.074,9.4,CAMPANHA_PILOTO_01
2026-08-05,06:49:32,0.074,9.4,CAMPANHA_PILOTO_01
2026-08-05,06:49:33,0.074,9.4,CAMPANHA_PILOTO_01
2026-08-05,06:49:34,0.074,9.4,CAMPANHA_PILOTO_01
2026-08-05,06:49:35,0.074,9.4,CAMPANHA_PILOTO_01
2026-08-05,06:49:36,0.074,9.4,CAMPANHA_PILOTO_01
2026-08-05,06:49:37,0.074,9.4,CAMPANHA_PILOTO_01
2026-08-05,06:49:38,0.074,9.4,CAMPANHA_PILOTO_01
2026-08-05,06:49:39,0.074,9.4,CAMPANHA_PILOTO_01
2026-08-05,06:49:40,0.074,9.4,CAMPANHA_PILOTO_01
2026-08-05,06:49:41,0.074,9.4,CAMPANHA_PILOTO_01
2026-08-05,06:49:42,0.074,9.4,CAMPANHA_PILOTO_01
2026-08-05,06:49:43,0.074,9.4,CAMPANHA_PILOTO_01
2026-08-05,06:49:44,0.074,9.4,CAMPANHA_PILOTO_01
2026-08-05,06:49:45,0.074,9.4,CAMPANHA_PILOTO_01
2026-08-05,06:49:46,0.074,9.4,CAMPANHA_PILOTO_01
2026-08-05,06:49:47,0.074,9.4,CAMPANHA_PILOTO_01
2026-08-05,06:49:48,0.074,9.4,CAMPANHA_PILOTO_01
2026-08-05,06:49:49,0.074,9.4,CAMPANHA_PILOTO_01
2026-08-05,06:49:50,0.074,9.4,CAMPANHA_PILOTO_01
2026-08-05,06:49:51,0.074,9.4,CAMPANHA_PILOTO_01
2026-08-05,06:49:52,0.074,9.4,CAMPANHA_PILOTO_01
2026-08-05,06:49:53,0.074,9.4,CAMPANHA_PILOTO_01
2026-08-05,06:49:54,0.074,9.4,CAMPANHA_PILOTO_01
2026-08-05,06:49:55,0.074,9.4,CAMPANHA_PILOTO_01
2026-08-05,06:49:56,0.074,9.4,CAMPANHA_PILOTO_01
2026-08-05,06:49:57,0.074,9.4,CAMPANHA_PILOTO_01
2026-08-05,06:49:58,0.074,9.4,CAMPANHA_PILOTO_01
2026-08-05,06:49:59,0.074,9.4,CAMPANHA_PILOTO_01
2026-08-05,06:50:00,0.074,9.4,CAMPANHA_PILOTO_01
2026-08-05,06:50:01,0.074,9.4,CAMPANHA_PILOTO_01
2026-08-05,06:50:02,0.074,9.4,CAMPANHA_PILOTO_01
2026-08-05,06:50:03,0.074,9.4,CAMPANHA_PILOTO_01
2026-08-05,06:50:04,0.074,9.4,CAMPANHA_PILOTO_01
2026-08-05,06:50:05,0.074,9.4,CAMPANHA_PILOTO_01
2026-08-05,06:50:06,0.074,9.4,CAMPANHA_PILOTO_01
2026-08-05,06:50:07,0.074,9.4,CAMPANHA_PILOTO_01
2026-08-05,06:50:08,0.074,9.4,CAMPANHA_PILOTO_01
2026-08-05,06:50:09,0.074,9.4,CAMPANHA_PILOTO_01
2026-08-05,06:50:10,0.074,9.4,CAMPANHA_PILOTO_01
2026-08-05,06:50:11,0.074,9.4,CAMPANHA_PILOTO_01
2026-08-05,06:50:12,0.074,9.4,CAMPANHA_PILOTO_01
2026-08-05,06:50:13,0.074,9.4,CAMPANHA_PILOTO_01
2026-08-05,06:50:14,0.074,9.4,CAMPANHA_PILOTO_01
2026-08-05,06:50:15,0.074,9.4,CAMPANHA_PILOTO_01
2026-08-05,06:50:16,0.074,9.4,CAMPANHA_PILOTO_01
2026-08-05,06:50:17,0.074,9.4,CAMPANHA_PILOTO_01
2026-08-05,06:50:18,0.074,9.4,CAMPANHA_PILOTO_01
2026-08-05,06:50:19,0.074,9.4,CAMPANHA_PILOTO_01
2026-08-05,06:50:20,0.074,9.4,CAMPANHA_PILOTO_01
2026-08-05,06:50:21,0.074,9.4,CAMPANHA_PILOTO_01
2026-08-05,06:50:22,0.074,9.4,CAMPANHA_PILOTO_01
2026-08-05,06:50:23,0.074,9.4,CAMPANHA_PILOTO_01
2026-08-05,06:50:24,0.074,9.4,CAMPANHA_PILOTO_01
2026-08-05,06:50:25,0.074,9.4,CAMPANHA_PILOTO_01
2026-08-05,06:50:26,0.074,9.4,CAMPANHA_PILOTO_01
2026-08-05,06:50:27,0.074,9.4,CAMPANHA_PILOTO_01
2026-08-05,06:50:28,0.074,9.4,CAMPANHA_PILOTO_01
2026-08-05,06:50:29,0.074,9.4,CAMPANHA_PILOTO_01
2026-08-05,06:50:30,0.074,9.4,CAMPANHA_PILOTO_01
2026-08-05,06:50:31,0.074,9.4,CAMPANHA_PILOTO_01
2026-08-05,06:50:32,0.074,9.4,CAMPANHA_PILOTO_01
2026-08-05,06:50:33,0.074,9.4,CAMPANHA_PILOTO_01
2026-08-05,06:50:34,0.074,9.4,CAMPANHA_PILOTO_01
2026-08-05,06:50:35,0.074,9.4,CAMPANHA_PILOTO_01
2026-08-05,06:50:36,0.074,9.4,CAMPANHA_PILOTO_01
2026-08-05,06:50:37,0.074,9.4,CAMPANHA_PILOTO_01
2026-08-05,06:50:38,0.074,9.4,CAMPANHA_PILOTO_01
2026-08-05,06:50:39,0.074,9.4,CAMPANHA_PILOTO_01
2026-08-05,06:50:40,0.074,9.4,CAMPANHA_PILOTO_01
2026-08-05,06:50:41,0.074,9.4,CAMPANHA_PILOTO_01
2026-08-05,06:50:42,0.074,9.4,CAMPANHA_PILOTO_01
2026-08-05,06:50:43,0.074,9.4,CAMPANHA_PILOTO_01
2026-08-05,06:50:44,0.074,9.4,CAMPANHA_PILOTO_01
2026-08-05,06:50:45,0.074,9.4,CAMPANHA_PILOTO_01
2026-08-05,06:50:46,0.074,9.4,CAMPANHA_PILOTO_01
2026-08-05,06:50:47,0.074,9.4,CAMPANHA_PILOTO_01
2026-08-05,06:50:48,0.074,9.4,CAMPANHA_PILOTO_01
2026-08-05,06:50:49,0.074,9.4,CAMPANHA_PILOTO_01
2026-08-05,06:50:50,0.074,9.4,CAMPANHA_PILOTO_01
2026-08-05,06:50:51,0.074,9.4,CAMPANHA_PILOTO_01
2026-08-05,06:50:52,0.074,9.4,CAMPANHA_PILOTO_01
2026-08-05,06:50:53,0.074,9.4,CAMPANHA_PILOTO_01
2026-08-05,06:50:54,0.074,9.4,CAMPANHA_PILOTO_01
2026-08-05,06:50:55,0.074,9.4,CAMPANHA_PILOTO_01
2026-08-05,06:50:56,0.074,9.4,CAMPANHA_PILOTO_01
2026-08-05,06:50:57,0.074,9.4,CAMPANHA_PILOTO_01
2026-08-05,06:50:58,0.074,9.4,CAMPANHA_PILOTO_01
2026-08-05,06:50:59,0.074,9.4,CAMPANHA_PILOTO_01
2026-08-05,06:51:00,0.074,9.4,CAMPANHA_PILOTO_01
2026-08-05,06:51:01,0.074,9.4,CAMPANHA_PILOTO_01
2026-08-05,06:51:02,0.074,9.4,CAMPANHA_PILOTO_01
2026-08-05,06:51:03,0.074,9.4,CAMPANHA_PILOTO_01
2026-08-05,06:51:04,0.074,9.4,CAMPANHA_PILOTO_01
2026-08-05,06:51:05,0.074,9.4,CAMPANHA_PILOTO_01
2026-08-05,06:51:06,0.074,9.4,CAMPANHA_PILOTO_01
2026-08-05,06:51:07,0.074,9.4,CAMPANHA_PILOTO_01
2026-08-05,06:51:08,0.074,9.4,CAMPANHA_PILOTO_01
2026-08-05,06:51:09,0.074,9.4,CAMPANHA_PILOTO_01
2026-08-05,06:51:10,0.074,9.4,CAMPANHA_PILOTO_01
2026-08-05,06:51:11,0.074,9.4,CAMPANHA_PILOTO_01
2026-08-05,06:51:12,0.074,9.4,CAMPANHA_PILOTO_01
2026-08-05,06:51:13,0.074,9.4,CAMPANHA_PILOTO_01
2026-08-05,06:51:14,0.074,9.4,CAMPANHA_PILOTO_01
2026-08-05,06:51:15,0.074,9.4,CAMPANHA_PILOTO_01
2026-08-05,06:51:16,0.074,9.4,CAMPANHA_PILOTO_01
2026-08-05,06:51:17,0.074,9.4,CAMPANHA_PILOTO_01
2026-08-05,06:51:18,0.074,9.4,CAMPANHA_PILOTO_01
2026-08-05,06:51:19,0.074,9.4,CAMPANHA_PILOTO_01
2026-08-05,06:51:20,0.074,9.4,CAMPANHA_PILOTO_01
2026-08-05,06:51:21,0.074,9.4,CAMPANHA_PILOTO_01
2026-08-05,06:51:22,0.074,9.4,CAMPANHA_PILOTO_01
2026-08-05,06:51:23,0.074,9.4,CAMPANHA_PILOTO_01
2026-08-05,06:51:24,0.074,9.4,CAMPANHA_PILOTO_01
2026-08-05,06:51:25,0.074,9.4,CAMPANHA_PILOTO_01
2026-08-05,06:51:26,0.074,9.4,CAMPANHA_PILOTO_01
2026-08-05,06:51:27,0.074,9.4,CAMPANHA_PILOTO_01
2026-08-05,06:51:28,0.074,9.4,CAMPANHA_PILOTO_01
2026-08-05,06:51:29,0.074,9.4,CAMPANHA_PILOTO_01
2026-08-05,06:51:30,0.074,9.4,CAMPANHA_PILOTO_01
2026-08-05,06:51:31,0.074,9.4,CAMPANHA_PILOTO_01
2026-08-05,06:51:32,0.074,9.4,CAMPANHA_PILOTO_01
2026-08-05,06:51:33,0.074,9.4,CAMPANHA_PILOTO_01
2026-08-05,06:51:34,0.074,9.4,CAMPANHA_PILOTO_01
2026-08-05,06:51:35,0.074,9.4,CAMPANHA_PILOTO_01
2026-08-05,06:51:36,0.074,9.4,CAMPANHA_PILOTO_01
2026-08-05,06:51:37,0.074,9.4,CAMPANHA_PILOTO_01
2026-08-05,06:51:38,0.074,9.4,CAMPANHA_PILOTO_01
2026-08-05,06:51:39,0.074,9.4,CAMPANHA_PILOTO_01
2026-08-05,06:51:40,0.074,9.4,CAMPANHA_PILOTO_01
2026-08-05,06:51:41,0.074,9.4,CAMPANHA_PILOTO_01
2026-08-05,06:51:42,0.074,9.4,CAMPANHA_PILOTO_01
2026-08-05,06:51:43,0.074,9.3,CAMPANHA_PILOTO_01
2026-08-05,06:51:44,0.074,9.3,CAMPANHA_PILOTO_01
2026-08-05,06:51:45,0.074,9.3,CAMPANHA_PILOTO_01
2026-08-05,06:51:46,0.074,9.3,CAMPANHA_PILOTO_01
2026-08-05,06:51:47,0.074,9.3,CAMPANHA_PILOTO_01
2026-08-05,06:51:48,0.074,9.3,CAMPANHA_PILOTO_01
2026-08-05,06:51:49,0.074,9.3,CAMPANHA_PILOTO_01
2026-08-05,06:51:50,0.074,9.3,CAMPANHA_PILOTO_01
2026-08-05,06:51:51,0.074,9.3,CAMPANHA_PILOTO_01
2026-08-05,06:51:52,0.074,9.3,CAMPANHA_PILOTO_01
2026-08-05,06:51:53,0.074,9.3,CAMPANHA_PILOTO_01
2026-08-05,06:51:54,0.074,9.3,CAMPANHA_PILOTO_01
2026-08-05,06:51:55,0.074,9.3,CAMPANHA_PILOTO_01
2026-08-05,06:51:56,0.074,9.3,CAMPANHA_PILOTO_01
2026-08-05,06:51:57,0.074,9.3,CAMPANHA_PILOTO_01
2026-08-05,06:51:58,0.074,9.3,CAMPANHA_PILOTO_01
2026-08-05,06:51:59,0.074,9.3,CAMPANHA_PILOTO_01
2026-08-05,06:52:00,0.074,9.3,CAMPANHA_PILOTO_01
2026-08-05,06:52:01,0.074,9.3,CAMPANHA_PILOTO_01
2026-08-05,06:52:02,0.074,9.3,CAMPANHA_PILOTO_01
2026-08-05,06:52:03,0.074,9.3,CAMPANHA_PILOTO_01
2026-08-05,06:52:04,0.074,9.3,CAMPANHA_PILOTO_01
2026-08-05,06:52:05,0.074,9.3,CAMPANHA_PILOTO_01
2026-08-05,06:52:06,0.074,9.3,CAMPANHA_PILOTO_01
2026-08-05,06:52:07,0.074,9.3,CAMPANHA_PILOTO_01
2026-08-05,06:52:08,0.074,9.3,CAMPANHA_PILOTO_01
2026-08-05,06:52:09,0.074,9.3,CAMPANHA_PILOTO_01
2026-08-05,06:52:10,0.074,9.3,CAMPANHA_PILOTO_01
2026-08-05,06:52:11,0.074,9.3,CAMPANHA_PILOTO_01
2026-08-05,06:52:12,0.074,9.3,CAMPANHA_PILOTO_01
2026-08-05,06:52:13,0.074,9.3,CAMPANHA_PILOTO_01
2026-08-05,06:52:14,0.074,9.3,CAMPANHA_PILOTO_01
2026-08-05,06:52:15,0.074,9.3,CAMPANHA_PILOTO_01
2026-08-05,06:52:16,0.074,9.3,CAMPANHA_PILOTO_01
2026-08-05,06:52:17,0.074,9.3,CAMPANHA_PILOTO_01
2026-08-05,06:52:18,0.074,9.3,CAMPANHA_PILOTO_01
2026-08-05,06:52:19,0.074,9.3,CAMPANHA_PILOTO_01
2026-08-05,06:52:20,0.074,9.3,CAMPANHA_PILOTO_01
2026-08-05,06:52:21,0.074,9.3,CAMPANHA_PILOTO_01
2026-08-05,06:52:22,0.074,9.3,CAMPANHA_PILOTO_01
2026-08-05,06:52:23,0.074,9.3,CAMPANHA_PILOTO_01
2026-08-05,06:52:24,0.074,9.3,CAMPANHA_PILOTO_01
2026-08-05,06:52:25,0.074,9.3,CAMPANHA_PILOTO_01
2026-08-05,06:52:26,0.074,9.3,CAMPANHA_PILOTO_01
2026-08-05,06:52:27,0.074,9.3,CAMPANHA_PILOTO_01
2026-08-05,06:52:28,0.074,9.3,CAMPANHA_PILOTO_01
2026-08-05,06:52:29,0.074,9.3,CAMPANHA_PILOTO_01
2026-08-05,06:52:30,0.074,9.3,CAMPANHA_PILOTO_01
2026-08-05,06:52:31,0.073,9.3,CAMPANHA_PILOTO_01
2026-08-05,06:52:32,0.073,9.3,CAMPANHA_PILOTO_01
2026-08-05,06:52:33,0.073,9.3,CAMPANHA_PILOTO_01
2026-08-05,06:52:34,0.073,9.3,CAMPANHA_PILOTO_01
2026-08-05,06:52:35,0.073,9.3,CAMPANHA_PILOTO_01
2026-08-05,06:52:36,0.073,9.3,CAMPANHA_PILOTO_01
2026-08-05,06:52:37,0.073,9.3,CAMPANHA_PILOTO_01
2026-08-05,06:52:38,0.073,9.3,CAMPANHA_PILOTO_01
2026-08-05,06:52:39,0.073,9.3,CAMPANHA_PILOTO_01
2026-08-05,06:52:40,0.073,9.3,CAMPANHA_PILOTO_01
2026-08-05,06:52:41,0.073,9.3,CAMPANHA_PILOTO_01
2026-08-05,06:52:42,0.073,9.3,CAMPANHA_PILOTO_01
2026-08-05,06:52:43,0.073,9.3,CAMPANHA_PILOTO_01
2026-08-05,06:52:44,0.073,9.3,CAMPANHA_PILOTO_01
2026-08-05,06:52:45,0.073,9.3,CAMPANHA_PILOTO_01
2026-08-05,06:52:46,0.073,9.3,CAMPANHA_PILOTO_01
2026-08-05,06:52:47,0.073,9.3,CAMPANHA_PILOTO_01
2026-08-05,06:52:48,0.073,9.3,CAMPANHA_PILOTO_01
2026-08-05,06:52:49,0.073,9.3,CAMPANHA_PILOTO_01
2026-08-05,06:52:50,0.073,9.3,CAMPANHA_PILOTO_01
2026-08-05,06:52:51,0.073,9.3,CAMPANHA_PILOTO_01
2026-08-05,06:52:52,0.073,9.3,CAMPANHA_PILOTO_01
2026-08-05,06:52:53,0.073,9.3,CAMPANHA_PILOTO_01
2026-08-05,06:52:54,0.073,9.3,CAMPANHA_PILOTO_01
2026-08-05,06:52:55,0.073,9.3,CAMPANHA_PILOTO_01
2026-08-05,06:52:56,0.073,9.3,CAMPANHA_PILOTO_01
2026-08-05,06:52:57,0.073,9.3,CAMPANHA_PILOTO_01
2026-08-05,06:52:58,0.073,9.3,CAMPANHA_PILOTO_01
2026-08-05,06:52:59,0.073,9.3,CAMPANHA_PILOTO_01
2026-08-05,06:53:00,0.073,9.3,CAMPANHA_PILOTO_01
2026-08-05,06:53:01,0.073,9.3,CAMPANHA_PILOTO_01
2026-08-05,06:53:02,0.073,9.3,CAMPANHA_PILOTO_01
2026-08-05,06:53:03,0.073,9.3,CAMPANHA_PILOTO_01
2026-08-05,06:53:04,0.073,9.3,CAMPANHA_PILOTO_01
2026-08-05,06:53:05,0.073,9.3,CAMPANHA_PILOTO_01
2026-08-05,06:53:06,0.073,9.3,CAMPANHA_PILOTO_01
2026-08-05,06:53:07,0.073,9.3,CAMPANHA_PILOTO_01
2026-08-05,06:53:08,0.073,9.3,CAMPANHA_PILOTO_01
2026-08-05,06:53:09,0.073,9.3,CAMPANHA_PILOTO_01
2026-08-05,06:53:10,0.073,9.3,CAMPANHA_PILOTO_01
2026-08-05,06:53:11,0.073,9.3,CAMPANHA_PILOTO_01
2026-08-05,06:53:12,0.073,9.3,CAMPANHA_PILOTO_01
2026-08-05,06:53:13,0.073,9.3,CAMPANHA_PILOTO_01
2026-08-05,06:53:14,0.073,9.3,CAMPANHA_PILOTO_01
2026-08-05,06:53:15,0.073,9.3,CAMPANHA_PILOTO_01
2026-08-05,06:53:16,0.073,9.3,CAMPANHA_PILOTO_01
2026-08-05,06:53:17,0.073,9.3,CAMPANHA_PILOTO_01
2026-08-05,06:53:18,0.073,9.3,CAMPANHA_PILOTO_01
2026-08-05,06:53:19,0.073,9.3,CAMPANHA_PILOTO_01
2026-08-05,06:53:20,0.073,9.3,CAMPANHA_PILOTO_01
2026-08-05,06:53:21,0.073,9.3,CAMPANHA_PILOTO_01
2026-08-05,06:53:22,0.073,9.3,CAMPANHA_PILOTO_01
2026-08-05,06:53:23,0.073,9.3,CAMPANHA_PILOTO_01
2026-08-05,06:53:24,0.073,9.3,CAMPANHA_PILOTO_01
2026-08-05,06:53:25,0.073,9.3,CAMPANHA_PILOTO_01
2026-08-05,06:53:26,0.073,9.3,CAMPANHA_PILOTO_01
2026-08-05,06:53:27,0.073,9.3,CAMPANHA_PILOTO_01
2026-08-05,06:53:28,0.073,9.3,CAMPANHA_PILOTO_01
2026-08-05,06:53:29,0.073,9.3,CAMPANHA_PILOTO_01
2026-08-05,06:53:30,0.073,9.3,CAMPANHA_PILOTO_01
2026-08-05,06:53:31,0.073,9.3,CAMPANHA_PILOTO_01
2026-08-05,06:53:32,0.073,9.3,CAMPANHA_PILOTO_01
2026-08-05,06:53:33,0.073,9.3,CAMPANHA_PILOTO_01
2026-08-05,06:53:34,0.073,9.3,CAMPANHA_PILOTO_01
2026-08-05,06:53:35,0.073,9.3,CAMPANHA_PILOTO_01
2026-08-05,06:53:36,0.073,9.3,CAMPANHA_PILOTO_01
2026-08-05,06:53:37,0.073,9.3,CAMPANHA_PILOTO_01
2026-08-05,06:53:38,0.073,9.3,CAMPANHA_PILOTO_01
2026-08-05,06:53:39,0.073,9.3,CAMPANHA_PILOTO_01
2026-08-05,06:53:40,0.073,9.3,CAMPANHA_PILOTO_01
2026-08-05,06:53:41,0.073,9.3,CAMPANHA_PILOTO_01
2026-08-05,06:53:42,0.073,9.3,CAMPANHA_PILOTO_01
2026-08-05,06:53:43,0.073,9.3,CAMPANHA_PILOTO_01
2026-08-05,06:53:44,0.073,9.3,CAMPANHA_PILOTO_01
2026-08-05,06:53:45,0.073,9.3,CAMPANHA_PILOTO_01
2026-08-05,06:53:46,0.073,9.3,CAMPANHA_PILOTO_01
2026-08-05,06:53:47,0.073,9.3,CAMPANHA_PILOTO_01
2026-08-05,06:53:48,0.073,9.3,CAMPANHA_PILOTO_01
2026-08-05,06:53:49,0.073,9.3,CAMPANHA_PILOTO_01
2026-08-05,06:53:50,0.073,9.3,CAMPANHA_PILOTO_01
2026-08-05,06:53:51,0.073,9.3,CAMPANHA_PILOTO_01
2026-08-05,06:53:52,0.073,9.3,CAMPANHA_PILOTO_01
2026-08-05,06:53:53,0.073,9.3,CAMPANHA_PILOTO_01
2026-08-05,06:53:54,0.073,9.3,CAMPANHA_PILOTO_01
2026-08-05,06:53:55,0.073,9.3,CAMPANHA_PILOTO_01
2026-08-05,06:53:56,0.073,9.3,CAMPANHA_PILOTO_01
2026-08-05,06:53:57,0.073,9.3,CAMPANHA_PILOTO_01
2026-08-05,06:53:58,0.073,9.3,CAMPANHA_PILOTO_01
2026-08-05,06:53:59,0.073,9.3,CAMPANHA_PILOTO_01
2026-08-05,06:54:00,0.073,9.3,CAMPANHA_PILOTO_01
2026-08-05,06:54:01,0.073,9.3,CAMPANHA_PILOTO_01
2026-08-05,06:54:02,0.073,9.3,CAMPANHA_PILOTO_01
2026-08-05,06:54:03,0.073,9.3,CAMPANHA_PILOTO_01
2026-08-05,06:54:04,0.073,9.3,CAMPANHA_PILOTO_01
2026-08-05,06:54:05,0.073,9.3,CAMPANHA_PILOTO_01
2026-08-05,06:54:06,0.073,9.3,CAMPANHA_PILOTO_01
2026-08-05,06:54:07,0.073,9.3,CAMPANHA_PILOTO_01
2026-08-05,06:54:08,0.073,9.3,CAMPANHA_PILOTO_01
2026-08-05,06:54:09,0.073,9.3,CAMPANHA_PILOTO_01
2026-08-05,06:54:10,0.073,9.3,CAMPANHA_PILOTO_01
2026-08-05,06:54:11,0.073,9.3,CAMPANHA_PILOTO_01
2026-08-05,06:54:12,0.073,9.3,CAMPANHA_PILOTO_01
2026-08-05,06:54:13,0.073,9.3,CAMPANHA_PILOTO_01
2026-08-05,06:54:14,0.073,9.3,CAMPANHA_PILOTO_01
2026-08-05,06:54:15,0.073,9.3,CAMPANHA_PILOTO_01
2026-08-05,06:54:16,0.073,9.3,CAMPANHA_PILOTO_01
2026-08-05,06:54:17,0.073,9.3,CAMPANHA_PILOTO_01
2026-08-05,06:54:18,0.073,9.3,CAMPANHA_PILOTO_01
2026-08-05,06:54:19,0.073,9.3,CAMPANHA_PILOTO_01
2026-08-05,06:54:20,0.073,9.3,CAMPANHA_PILOTO_01
2026-08-05,06:54:21,0.073,9.3,CAMPANHA_PILOTO_01
2026-08-05,06:54:22,0.073,9.3,CAMPANHA_PILOTO_01
2026-08-05,06:54:23,0.073,9.3,CAMPANHA_PILOTO_01
2026-08-05,06:54:24,0.073,9.3,CAMPANHA_PILOTO_01
2026-08-05,06:54:25,0.073,9.3,CAMPANHA_PILOTO_01
2026-08-05,06:54:26,0.073,9.3,CAMPANHA_PILOTO_01
2026-08-05,06:54:27,0.073,9.3,CAMPANHA_PILOTO_01
2026-08-05,06:54:28,0.073,9.3,CAMPANHA_PILOTO_01
2026-08-05,06:54:29,0.073,9.3,CAMPANHA_PILOTO_01
2026-08-05,06:54:30,0.073,9.3,CAMPANHA_PILOTO_01
2026-08-05,06:54:31,0.073,9.3,CAMPANHA_PILOTO_01
2026-08-05,06:54:32,0.073,9.3,CAMPANHA_PILOTO_01
2026-08-05,06:54:33,0.073,9.3,CAMPANHA_PILOTO_01
2026-08-05,06:54:34,0.073,9.3,CAMPANHA_PILOTO_01
2026-08-05,06:54:35,0.073,9.3,CAMPANHA_PILOTO_01
2026-08-05,06:54:36,0.073,9.3,CAMPANHA_PILOTO_01
2026-08-05,06:54:37,0.073,9.3,CAMPANHA_PILOTO_01
2026-08-05,06:54:38,0.073,9.3,CAMPANHA_PILOTO_01
2026-08-05,06:54:39,0.073,9.3,CAMPANHA_PILOTO_01
2026-08-05,06:54:40,0.073,9.3,CAMPANHA_PILOTO_01
2026-08-05,06:54:41,0.073,9.3,CAMPANHA_PILOTO_01
2026-08-05,06:54:42,0.073,9.3,CAMPANHA_PILOTO_01
2026-08-05,06:54:43,0.073,9.3,CAMPANHA_PILOTO_01
2026-08-05,06:54:44,0.073,9.3,CAMPANHA_PILOTO_01
2026-08-05,06:54:45,0.073,9.3,CAMPANHA_PILOTO_01
2026-08-05,06:54:46,0.073,9.3,CAMPANHA_PILOTO_01
2026-08-05,06:54:47,0.073,9.3,CAMPANHA_PILOTO_01
2026-08-05,06:54:48,0.073,9.3,CAMPANHA_PILOTO_01
2026-08-05,06:54:49,0.073,9.3,CAMPANHA_PILOTO_01
2026-08-05,06:54:50,0.073,9.3,CAMPANHA_PILOTO_01
2026-08-05,06:54:51,0.073,9.3,CAMPANHA_PILOTO_01
2026-08-05,06:54:52,0.073,9.3,CAMPANHA_PILOTO_01
2026-08-05,06:54:53,0.073,9.3,CAMPANHA_PILOTO_01
2026-08-05,06:54:54,0.073,9.3,CAMPANHA_PILOTO_01
2026-08-05,06:54:55,0.073,9.3,CAMPANHA_PILOTO_01
2026-08-05,06:54:56,0.073,9.3,CAMPANHA_PILOTO_01
2026-08-05,06:54:57,0.073,9.3,CAMPANHA_PILOTO_01
2026-08-05,06:54:58,0.073,9.3,CAMPANHA_PILOTO_01
2026-08-05,06:54:59,0.073,9.3,CAMPANHA_PILOTO_01
2026-08-05,06:55:00,0.073,9.3,CAMPANHA_PILOTO_01
2026-08-05,06:55:01,0.073,9.3,CAMPANHA_PILOTO_01
2026-08-05,06:55:02,0.073,9.3,CAMPANHA_PILOTO_01
2026-08-05,06:55:03,0.073,9.3,CAMPANHA_PILOTO_01
2026-08-05,06:55:04,0.073,9.3,CAMPANHA_PILOTO_01
2026-08-05,06:55:05,0.073,9.3,CAMPANHA_PILOTO_01
2026-08-05,06:55:06,0.073,9.3,CAMPANHA_PILOTO_01
2026-08-05,06:55:07,0.073,9.3,CAMPANHA_PILOTO_01
2026-08-05,06:55:08,0.073,9.3,CAMPANHA_PILOTO_01
2026-08-05,06:55:09,0.073,9.3,CAMPANHA_PILOTO_01
2026-08-05,06:55:10,0.073,9.3,CAMPANHA_PILOTO_01
2026-08-05,06:55:11,0.073,9.3,CAMPANHA_PILOTO_01
2026-08-05,06:55:12,0.073,9.3,CAMPANHA_PILOTO_01
2026-08-05,06:55:13,0.073,9.3,CAMPANHA_PILOTO_01
2026-08-05,06:55:14,0.073,9.3,CAMPANHA_PILOTO_01
2026-08-05,06:55:15,0.073,9.3,CAMPANHA_PILOTO_01
2026-08-05,06:55:16,0.073,9.3,CAMPANHA_PILOTO_01
2026-08-05,06:55:17,0.073,9.3,CAMPANHA_PILOTO_01
2026-08-05,06:55:18,0.073,9.3,CAMPANHA_PILOTO_01
2026-08-05,06:55:19,0.073,9.3,CAMPANHA_PILOTO_01
2026-08-05,06:55:20,0.073,9.3,CAMPANHA_PILOTO_01
2026-08-05,06:55:21,0.073,9.3,CAMPANHA_PILOTO_01
2026-08-05,06:55:22,0.073,9.3,CAMPANHA_PILOTO_01
2026-08-05,06:55:23,0.073,9.3,CAMPANHA_PILOTO_01
2026-08-05,06:55:24,0.073,9.3,CAMPANHA_PILOTO_01
2026-08-05,06:55:25,0.073,9.3,CAMPANHA_PILOTO_01
2026-08-05,06:55:26,0.073,9.3,CAMPANHA_PILOTO_01
2026-08-05,06:55:27,0.073,9.3,CAMPANHA_PILOTO_01
2026-08-05,06:55:28,0.073,9.3,CAMPANHA_PILOTO_01
2026-08-05,06:55:29,0.073,9.3,CAMPANHA_PILOTO_01
2026-08-05,06:55:30,0.073,9.3,CAMPANHA_PILOTO_01
2026-08-05,06:55:31,0.073,9.3,CAMPANHA_PILOTO_01
2026-08-05,06:55:32,0.073,9.3,CAMPANHA_PILOTO_01
2026-08-05,06:55:33,0.073,9.3,CAMPANHA_PILOTO_01
2026-08-05,06:55:34,0.073,9.3,CAMPANHA_PILOTO_01
2026-08-05,06:55:35,0.073,9.3,CAMPANHA_PILOTO_01
2026-08-05,06:55:36,0.073,9.3,CAMPANHA_PILOTO_01
2026-08-05,06:55:37,0.073,9.3,CAMPANHA_PILOTO_01
2026-08-05,06:55:38,0.073,9.3,CAMPANHA_PILOTO_01
2026-08-05,06:55:39,0.073,9.3,CAMPANHA_PILOTO_01
2026-08-05,06:55:40,0.073,9.3,CAMPANHA_PILOTO_01
2026-08-05,06:55:41,0.073,9.3,CAMPANHA_PILOTO_01
2026-08-05,06:55:42,0.073,9.3,CAMPANHA_PILOTO_01
2026-08-05,06:55:43,0.073,9.3,CAMPANHA_PILOTO_01
2026-08-05,06:55:44,0.073,9.3,CAMPANHA_PILOTO_01
2026-08-05,06:55:45,0.073,9.3,CAMPANHA_PILOTO_01
2026-08-05,06:55:46,0.073,9.3,CAMPANHA_PILOTO_01
2026-08-05,06:55:47,0.073,9.3,CAMPANHA_PILOTO_01
2026-08-05,06:55:48,0.073,9.3,CAMPANHA_PILOTO_01
2026-08-05,06:55:49,0.073,9.3,CAMPANHA_PILOTO_01
2026-08-05,06:55:50,0.073,9.3,CAMPANHA_PILOTO_01
2026-08-05,06:55:51,0.073,9.3,CAMPANHA_PILOTO_01
2026-08-05,06:55:52,0.073,9.3,CAMPANHA_PILOTO_01
2026-08-05,06:55:53,0.073,9.3,CAMPANHA_PILOTO_01
2026-08-05,06:55:54,0.073,9.3,CAMPANHA_PILOTO_01
2026-08-05,06:55:55,0.073,9.3,CAMPANHA_PILOTO_01
2026-08-05,06:55:56,0.073,9.3,CAMPANHA_PILOTO_01
2026-08-05,06:55:57,0.073,9.3,CAMPANHA_PILOTO_01
2026-08-05,06:55:58,0.073,9.3,CAMPANHA_PILOTO_01
2026-08-05,06:55:59,0.073,9.3,CAMPANHA_PILOTO_01
2026-08-05,06:56:00,0.073,9.3,CAMPANHA_PILOTO_01
2026-08-05,06:56:01,0.073,9.3,CAMPANHA_PILOTO_01
2026-08-05,06:56:02,0.073,9.3,CAMPANHA_PILOTO_01
2026-08-05,06:56:03,0.073,9.3,CAMPANHA_PILOTO_01
2026-08-05,06:56:04,0.073,9.3,CAMPANHA_PILOTO_01
2026-08-05,06:56:05,0.073,9.3,CAMPANHA_PILOTO_01
2026-08-05,06:56:06,0.073,9.3,CAMPANHA_PILOTO_01
2026-08-05,06:56:07,0.073,9.3,CAMPANHA_PILOTO_01
2026-08-05,06:56:08,0.073,9.3,CAMPANHA_PILOTO_01
2026-08-05,06:56:09,0.073,9.3,CAMPANHA_PILOTO_01
2026-08-05,06:56:10,0.073,9.3,CAMPANHA_PILOTO_01
2026-08-05,06:56:11,0.073,9.3,CAMPANHA_PILOTO_01
2026-08-05,06:56:12,0.073,9.3,CAMPANHA_PILOTO_01
2026-08-05,06:56:13,0.073,9.3,CAMPANHA_PILOTO_01
2026-08-05,06:56:14,0.073,9.3,CAMPANHA_PILOTO_01
2026-08-05,06:56:15,0.073,9.3,CAMPANHA_PILOTO_01
2026-08-05,06:56:16,0.073,9.3,CAMPANHA_PILOTO_01
2026-08-05,06:56:17,0.073,9.3,CAMPANHA_PILOTO_01
2026-08-05,06:56:18,0.073,9.3,CAMPANHA_PILOTO_01
2026-08-05,06:56:19,0.073,9.3,CAMPANHA_PILOTO_01
2026-08-05,06:56:20,0.073,9.3,CAMPANHA_PILOTO_01
2026-08-05,06:56:21,0.073,9.3,CAMPANHA_PILOTO_01
2026-08-05,06:56:22,0.073,9.3,CAMPANHA_PILOTO_01
2026-08-05,06:56:23,0.073,9.3,CAMPANHA_PILOTO_01
2026-08-05,06:56:24,0.073,9.3,CAMPANHA_PILOTO_01
2026-08-05,06:56:25,0.073,9.3,CAMPANHA_PILOTO_01
2026-08-05,06:56:26,0.073,9.3,CAMPANHA_PILOTO_01
2026-08-05,06:56:27,0.073,9.3,CAMPANHA_PILOTO_01
2026-08-05,06:56:28,0.073,9.3,CAMPANHA_PILOTO_01
2026-08-05,06:56:29,0.073,9.3,CAMPANHA_PILOTO_01
2026-08-05,06:56:30,0.073,9.3,CAMPANHA_PILOTO_01
2026-08-05,06:56:31,0.073,9.3,CAMPANHA_PILOTO_01
2026-08-05,06:56:32,0.073,9.3,CAMPANHA_PILOTO_01
2026-08-05,06:56:33,0.073,9.3,CAMPANHA_PILOTO_01
2026-08-05,06:56:34,0.073,9.3,CAMPANHA_PILOTO_01
2026-08-05,06:56:35,0.073,9.3,CAMPANHA_PILOTO_01
2026-08-05,06:56:36,0.073,9.3,CAMPANHA_PILOTO_01
2026-08-05,06:56:37,0.073,9.3,CAMPANHA_PILOTO_01
2026-08-05,06:56:38,0.073,9.3,CAMPANHA_PILOTO_01
2026-08-05,06:56:39,0.073,9.3,CAMPANHA_PILOTO_01
2026-08-05,06:56:40,0.073,9.3,CAMPANHA_PILOTO_01
2026-08-05,06:56:41,0.073,9.3,CAMPANHA_PILOTO_01
2026-08-05,06:56:42,0.073,9.3,CAMPANHA_PILOTO_01
2026-08-05,06:56:43,0.073,9.3,CAMPANHA_PILOTO_01
2026-08-05,06:56:44,0.073,9.3,CAMPANHA_PILOTO_01
2026-08-05,06:56:45,0.073,9.3,CAMPANHA_PILOTO_01
2026-08-05,06:56:46,0.073,9.3,CAMPANHA_PILOTO_01
2026-08-05,06:56:47,0.073,9.3,CAMPANHA_PILOTO_01
2026-08-05,06:56:48,0.073,9.3,CAMPANHA_PILOTO_01
2026-08-05,06:56:49,0.073,9.3,CAMPANHA_PILOTO_01
2026-08-05,06:56:50,0.073,9.3,CAMPANHA_PILOTO_01
2026-08-05,06:56:51,0.073,9.3,CAMPANHA_PILOTO_01
2026-08-05,06:56:52,0.073,9.2,CAMPANHA_PILOTO_01
2026-08-05,06:56:53,0.073,9.2,CAMPANHA_PILOTO_01
2026-08-05,06:56:54,0.073,9.2,CAMPANHA_PILOTO_01
2026-08-05,06:56:55,0.073,9.2,CAMPANHA_PILOTO_01
2026-08-05,06:56:56,0.073,9.2,CAMPANHA_PILOTO_01
2026-08-05,06:56:57,0.073,9.2,CAMPANHA_PILOTO_01
2026-08-05,06:56:58,0.073,9.2,CAMPANHA_PILOTO_01
2026-08-05,06:56:59,0.073,9.2,CAMPANHA_PILOTO_01
2026-08-05,06:57:00,0.073,9.2,CAMPANHA_PILOTO_01
2026-08-05,06:57:01,0.073,9.2,CAMPANHA_PILOTO_01
2026-08-05,06:57:02,0.073,9.2,CAMPANHA_PILOTO_01
2026-08-05,06:57:03,0.073,9.2,CAMPANHA_PILOTO_01
2026-08-05,06:57:04,0.073,9.2,CAMPANHA_PILOTO_01
2026-08-05,06:57:05,0.073,9.2,CAMPANHA_PILOTO_01
2026-08-05,06:57:06,0.073,9.2,CAMPANHA_PILOTO_01
2026-08-05,06:57:07,0.073,9.2,CAMPANHA_PILOTO_01
2026-08-05,06:57:08,0.073,9.2,CAMPANHA_PILOTO_01
2026-08-05,06:57:09,0.073,9.2,CAMPANHA_PILOTO_01
2026-08-05,06:57:10,0.073,9.2,CAMPANHA_PILOTO_01
2026-08-05,06:57:11,0.073,9.2,CAMPANHA_PILOTO_01
2026-08-05,06:57:12,0.073,9.2,CAMPANHA_PILOTO_01
2026-08-05,06:57:13,0.073,9.2,CAMPANHA_PILOTO_01
2026-08-05,06:57:14,0.073,9.2,CAMPANHA_PILOTO_01
2026-08-05,06:57:15,0.073,9.2,CAMPANHA_PILOTO_01
2026-08-05,06:57:16,0.073,9.2,CAMPANHA_PILOTO_01
2026-08-05,06:57:17,0.073,9.2,CAMPANHA_PILOTO_01
2026-08-05,06:57:18,0.073,9.2,CAMPANHA_PILOTO_01
2026-08-05,06:57:19,0.073,9.2,CAMPANHA_PILOTO_01
2026-08-05,06:57:20,0.073,9.2,CAMPANHA_PILOTO_01
2026-08-05,06:57:21,0.073,9.2,CAMPANHA_PILOTO_01
2026-08-05,06:57:22,0.073,9.2,CAMPANHA_PILOTO_01
2026-08-05,06:57:23,0.073,9.2,CAMPANHA_PILOTO_01
2026-08-05,06:57:24,0.073,9.2,CAMPANHA_PILOTO_01
2026-08-05,06:57:25,0.073,9.2,CAMPANHA_PILOTO_01
2026-08-05,06:57:26,0.073,9.2,CAMPANHA_PILOTO_01
2026-08-05,06:57:27,0.073,9.2,CAMPANHA_PILOTO_01
2026-08-05,06:57:28,0.073,9.2,CAMPANHA_PILOTO_01
2026-08-05,06:57:29,0.073,9.2,CAMPANHA_PILOTO_01
2026-08-05,06:57:30,0.073,9.2,CAMPANHA_PILOTO_01
2026-08-05,06:57:31,0.073,9.2,CAMPANHA_PILOTO_01
2026-08-05,06:57:32,0.073,9.2,CAMPANHA_PILOTO_01
2026-08-05,06:57:33,0.073,9.2,CAMPANHA_PILOTO_01
2026-08-05,06:57:34,0.073,9.2,CAMPANHA_PILOTO_01
2026-08-05,06:57:35,0.073,9.2,CAMPANHA_PILOTO_01
2026-08-05,06:57:36,0.073,9.2,CAMPANHA_PILOTO_01
2026-08-05,06:57:37,0.073,9.2,CAMPANHA_PILOTO_01
2026-08-05,06:57:38,0.073,9.2,CAMPANHA_PILOTO_01
2026-08-05,06:57:39,0.073,9.2,CAMPANHA_PILOTO_01
2026-08-05,06:57:40,0.073,9.2,CAMPANHA_PILOTO_01
2026-08-05,06:57:41,0.073,9.2,CAMPANHA_PILOTO_01
2026-08-05,06:57:42,0.073,9.2,CAMPANHA_PILOTO_01
2026-08-05,06:57:43,0.073,9.2,CAMPANHA_PILOTO_01
2026-08-05,06:57:44,0.073,9.2,CAMPANHA_PILOTO_01
2026-08-05,06:57:45,0.073,9.2,CAMPANHA_PILOTO_01
2026-08-05,06:57:46,0.073,9.2,CAMPANHA_PILOTO_01
2026-08-05,06:57:47,0.073,9.2,CAMPANHA_PILOTO_01
2026-08-05,06:57:48,0.073,9.2,CAMPANHA_PILOTO_01
2026-08-05,06:57:49,0.073,9.2,CAMPANHA_PILOTO_01
2026-08-05,06:57:50,0.073,9.2,CAMPANHA_PILOTO_01
2026-08-05,06:57:51,0.073,9.2,CAMPANHA_PILOTO_01
2026-08-05,06:57:52,0.073,9.2,CAMPANHA_PILOTO_01
2026-08-05,06:57:53,0.073,9.2,CAMPANHA_PILOTO_01
2026-08-05,06:57:54,0.073,9.2,CAMPANHA_PILOTO_01
2026-08-05,06:57:55,0.073,9.2,CAMPANHA_PILOTO_01
2026-08-05,06:57:56,0.073,9.2,CAMPANHA_PILOTO_01
2026-08-05,06:57:57,0.073,9.2,CAMPANHA_PILOTO_01
2026-08-05,06:57:58,0.073,9.2,CAMPANHA_PILOTO_01
2026-08-05,06:57:59,0.073,9.2,CAMPANHA_PILOTO_01
2026-08-05,06:58:00,0.073,9.2,CAMPANHA_PILOTO_01
2026-08-05,06:58:01,0.073,9.2,CAMPANHA_PILOTO_01
2026-08-05,06:58:02,0.073,9.2,CAMPANHA_PILOTO_01
2026-08-05,06:58:03,0.073,9.2,CAMPANHA_PILOTO_01
2026-08-05,06:58:04,0.073,9.2,CAMPANHA_PILOTO_01
2026-08-05,06:58:05,0.073,9.2,CAMPANHA_PILOTO_01
2026-08-05,06:58:06,0.073,9.2,CAMPANHA_PILOTO_01
2026-08-05,06:58:07,0.073,9.2,CAMPANHA_PILOTO_01
2026-08-05,06:58:08,0.073,9.2,CAMPANHA_PILOTO_01
2026-08-05,06:58:09,0.073,9.2,CAMPANHA_PILOTO_01
2026-08-05,06:58:10,0.073,9.2,CAMPANHA_PILOTO_01
2026-08-05,06:58:11,0.073,9.2,CAMPANHA_PILOTO_01
2026-08-05,06:58:12,0.073,9.2,CAMPANHA_PILOTO_01
2026-08-05,06:58:13,0.073,9.2,CAMPANHA_PILOTO_01
2026-08-05,06:58:14,0.073,9.2,CAMPANHA_PILOTO_01
2026-08-05,06:58:15,0.073,9.2,CAMPANHA_PILOTO_01
2026-08-05,06:58:16,0.073,9.2,CAMPANHA_PILOTO_01
2026-08-05,06:58:17,0.073,9.2,CAMPANHA_PILOTO_01
2026-08-05,06:58:18,0.073,9.2,CAMPANHA_PILOTO_01
2026-08-05,06:58:19,0.073,9.2,CAMPANHA_PILOTO_01
2026-08-05,06:58:20,0.073,9.2,CAMPANHA_PILOTO_01
2026-08-05,06:58:21,0.073,9.2,CAMPANHA_PILOTO_01
2026-08-05,06:58:22,0.073,9.2,CAMPANHA_PILOTO_01
2026-08-05,06:58:23,0.073,9.2,CAMPANHA_PILOTO_01
2026-08-05,06:58:24,0.073,9.2,CAMPANHA_PILOTO_01
2026-08-05,06:58:25,0.073,9.2,CAMPANHA_PILOTO_01
2026-08-05,06:58:26,0.073,9.2,CAMPANHA_PILOTO_01
2026-08-05,06:58:27,0.073,9.2,CAMPANHA_PILOTO_01
2026-08-05,06:58:28,0.073,9.2,CAMPANHA_PILOTO_01
2026-08-05,06:58:29,0.073,9.2,CAMPANHA_PILOTO_01
2026-08-05,06:58:30,0.073,9.2,CAMPANHA_PILOTO_01
2026-08-05,06:58:31,0.073,9.2,CAMPANHA_PILOTO_01
2026-08-05,06:58:32,0.073,9.2,CAMPANHA_PILOTO_01
2026-08-05,06:58:33,0.073,9.2,CAMPANHA_PILOTO_01
2026-08-05,06:58:34,0.073,9.2,CAMPANHA_PILOTO_01
2026-08-05,06:58:35,0.073,9.2,CAMPANHA_PILOTO_01
2026-08-05,06:58:36,0.073,9.2,CAMPANHA_PILOTO_01
2026-08-05,06:58:37,0.073,9.2,CAMPANHA_PILOTO_01
2026-08-05,06:58:38,0.073,9.2,CAMPANHA_PILOTO_01
2026-08-05,06:58:39,0.073,9.2,CAMPANHA_PILOTO_01
2026-08-05,06:58:40,0.073,9.2,CAMPANHA_PILOTO_01
2026-08-05,06:58:41,0.073,9.2,CAMPANHA_PILOTO_01
2026-08-05,06:58:42,0.073,9.2,CAMPANHA_PILOTO_01
2026-08-05,06:58:43,0.073,9.2,CAMPANHA_PILOTO_01
2026-08-05,06:58:44,0.073,9.2,CAMPANHA_PILOTO_01
2026-08-05,06:58:45,0.073,9.2,CAMPANHA_PILOTO_01
2026-08-05,06:58:46,0.073,9.2,CAMPANHA_PILOTO_01
2026-08-05,06:58:47,0.073,9.2,CAMPANHA_PILOTO_01
2026-08-05,06:58:48,0.073,9.2,CAMPANHA_PILOTO_01
2026-08-05,06:58:49,0.073,9.2,CAMPANHA_PILOTO_01
2026-08-05,06:58:50,0.073,9.2,CAMPANHA_PILOTO_01
2026-08-05,06:58:51,0.073,9.2,CAMPANHA_PILOTO_01
2026-08-05,06:58:52,0.073,9.2,CAMPANHA_PILOTO_01
2026-08-05,06:58:53,0.073,9.2,CAMPANHA_PILOTO_01
2026-08-05,06:58:54,0.073,9.2,CAMPANHA_PILOTO_01
2026-08-05,06:58:55,0.073,9.2,CAMPANHA_PILOTO_01
2026-08-05,06:58:56,0.073,9.2,CAMPANHA_PILOTO_01
2026-08-05,06:58:57,0.073,9.2,CAMPANHA_PILOTO_01
2026-08-05,06:58:58,0.073,9.2,CAMPANHA_PILOTO_01
2026-08-05,06:58:59,0.073,9.2,CAMPANHA_PILOTO_01
2026-08-05,06:59:00,0.073,9.2,CAMPANHA_PILOTO_01
2026-08-05,06:59:01,0.073,9.2,CAMPANHA_PILOTO_01
2026-08-05,06:59:02,0.073,9.2,CAMPANHA_PILOTO_01
2026-08-05,06:59:03,0.073,9.2,CAMPANHA_PILOTO_01
2026-08-05,06:59:04,0.073,9.2,CAMPANHA_PILOTO_01
2026-08-05,06:59:05,0.072,9.2,CAMPANHA_PILOTO_01
2026-08-05,06:59:06,0.072,9.2,CAMPANHA_PILOTO_01
2026-08-05,06:59:07,0.072,9.2,CAMPANHA_PILOTO_01
2026-08-05,06:59:08,0.072,9.2,CAMPANHA_PILOTO_01
2026-08-05,06:59:09,0.072,9.2,CAMPANHA_PILOTO_01
2026-08-05,06:59:10,0.072,9.2,CAMPANHA_PILOTO_01
2026-08-05,06:59:11,0.072,9.2,CAMPANHA_PILOTO_01
2026-08-05,06:59:12,0.072,9.2,CAMPANHA_PILOTO_01
2026-08-05,06:59:13,0.072,9.2,CAMPANHA_PILOTO_01
2026-08-05,06:59:14,0.072,9.2,CAMPANHA_PILOTO_01
2026-08-05,06:59:15,0.072,9.2,CAMPANHA_PILOTO_01
2026-08-05,06:59:16,0.072,9.2,CAMPANHA_PILOTO_01
2026-08-05,06:59:17,0.072,9.2,CAMPANHA_PILOTO_01
2026-08-05,06:59:18,0.072,9.2,CAMPANHA_PILOTO_01
2026-08-05,06:59:19,0.072,9.2,CAMPANHA_PILOTO_01
2026-08-05,06:59:20,0.072,9.2,CAMPANHA_PILOTO_01
2026-08-05,06:59:21,0.072,9.2,CAMPANHA_PILOTO_01
2026-08-05,06:59:22,0.072,9.2,CAMPANHA_PILOTO_01
2026-08-05,06:59:23,0.072,9.2,CAMPANHA_PILOTO_01
2026-08-05,06:59:24,0.072,9.2,CAMPANHA_PILOTO_01
2026-08-05,06:59:25,0.072,9.2,CAMPANHA_PILOTO_01
2026-08-05,06:59:26,0.072,9.2,CAMPANHA_PILOTO_01
2026-08-05,06:59:27,0.072,9.2,CAMPANHA_PILOTO_01
2026-08-05,06:59:28,0.072,9.2,CAMPANHA_PILOTO_01
2026-08-05,06:59:29,0.072,9.2,CAMPANHA_PILOTO_01
2026-08-05,06:59:30,0.072,9.2,CAMPANHA_PILOTO_01
2026-08-05,06:59:31,0.072,9.2,CAMPANHA_PILOTO_01
2026-08-05,06:59:32,0.072,9.2,CAMPANHA_PILOTO_01
2026-08-05,06:59:33,0.072,9.2,CAMPANHA_PILOTO_01
2026-08-05,06:59:34,0.072,9.2,CAMPANHA_PILOTO_01
2026-08-05,06:59:35,0.072,9.2,CAMPANHA_PILOTO_01
2026-08-05,06:59:36,0.072,9.2,CAMPANHA_PILOTO_01
2026-08-05,06:59:37,0.072,9.2,CAMPANHA_PILOTO_01
2026-08-05,06:59:38,0.072,9.2,CAMPANHA_PILOTO_01
2026-08-05,06:59:39,0.072,9.2,CAMPANHA_PILOTO_01
2026-08-05,06:59:40,0.072,9.2,CAMPANHA_PILOTO_01
2026-08-05,06:59:41,0.072,9.2,CAMPANHA_PILOTO_01
2026-08-05,06:59:42,0.072,9.2,CAMPANHA_PILOTO_01
2026-08-05,06:59:43,0.072,9.2,CAMPANHA_PILOTO_01
2026-08-05,06:59:44,0.072,9.2,CAMPANHA_PILOTO_01
2026-08-05,06:59:45,0.072,9.2,CAMPANHA_PILOTO_01
2026-08-05,06:59:46,0.072,9.2,CAMPANHA_PILOTO_01
2026-08-05,06:59:47,0.072,9.2,CAMPANHA_PILOTO_01
2026-08-05,06:59:48,0.072,9.2,CAMPANHA_PILOTO_01
2026-08-05,06:59:49,0.072,9.2,CAMPANHA_PILOTO_01
2026-08-05,06:59:50,0.072,9.2,CAMPANHA_PILOTO_01
2026-08-05,06:59:51,0.072,9.2,CAMPANHA_PILOTO_01
2026-08-05,06:59:52,0.072,9.2,CAMPANHA_PILOTO_01
2026-08-05,06:59:53,0.072,9.2,CAMPANHA_PILOTO_01
2026-08-05,06:59:54,0.072,9.2,CAMPANHA_PILOTO_01
2026-08-05,06:59:55,0.072,9.2,CAMPANHA_PILOTO_01
2026-08-05,06:59:56,0.072,9.2,CAMPANHA_PILOTO_01
2026-08-05,06:59:57,0.072,9.2,CAMPANHA_PILOTO_01
2026-08-05,06:59:58,0.072,9.2,CAMPANHA_PILOTO_01
2026-08-05,06:59:59,0.072,9.2,CAMPANHA_PILOTO_01
2026-08-05,07:00:00,0.072,9.2,CAMPANHA_PILOTO_01
2026-08-05,07:00:01,0.072,9.2,CAMPANHA_PILOTO_01
2026-08-05,07:00:02,0.072,9.2,CAMPANHA_PILOTO_01
2026-08-05,07:00:03,0.072,9.2,CAMPANHA_PILOTO_01
2026-08-05,07:00:04,0.072,9.2,CAMPANHA_PILOTO_01
2026-08-05,07:00:05,0.072,9.2,CAMPANHA_PILOTO_01
2026-08-05,07:00:06,0.072,9.2,CAMPANHA_PILOTO_01
2026-08-05,07:00:07,0.072,9.2,CAMPANHA_PILOTO_01
2026-08-05,07:00:08,0.072,9.2,CAMPANHA_PILOTO_01
2026-08-05,07:00:09,0.072,9.2,CAMPANHA_PILOTO_01
2026-08-05,07:00:10,0.072,9.2,CAMPANHA_PILOTO_01
2026-08-05,07:00:11,0.072,9.2,CAMPANHA_PILOTO_01
2026-08-05,07:00:12,0.072,9.2,CAMPANHA_PILOTO_01
2026-08-05,07:00:13,0.072,9.2,CAMPANHA_PILOTO_01
2026-08-05,07:00:14,0.072,9.2,CAMPANHA_PILOTO_01
2026-08-05,07:00:15,0.072,9.2,CAMPANHA_PILOTO_01
2026-08-05,07:00:16,0.072,9.2,CAMPANHA_PILOTO_01
2026-08-05,07:00:17,0.072,9.2,CAMPANHA_PILOTO_01
2026-08-05,07:00:18,0.072,9.2,CAMPANHA_PILOTO_01
2026-08-05,07:00:19,0.072,9.2,CAMPANHA_PILOTO_01
2026-08-05,07:00:20,0.072,9.2,CAMPANHA_PILOTO_01
2026-08-05,07:00:21,0.072,9.2,CAMPANHA_PILOTO_01
2026-08-05,07:00:22,0.072,9.2,CAMPANHA_PILOTO_01
2026-08-05,07:00:23,0.072,9.2,CAMPANHA_PILOTO_01
2026-08-05,07:00:24,0.072,9.2,CAMPANHA_PILOTO_01
2026-08-05,07:00:25,0.072,9.2,CAMPANHA_PILOTO_01
2026-08-05,07:00:26,0.072,9.2,CAMPANHA_PILOTO_01
2026-08-05,07:00:27,0.072,9.2,CAMPANHA_PILOTO_01
2026-08-05,07:00:28,0.072,9.2,CAMPANHA_PILOTO_01
2026-08-05,07:00:29,0.072,9.2,CAMPANHA_PILOTO_01
2026-08-05,07:00:30,0.072,9.2,CAMPANHA_PILOTO_01
2026-08-05,07:00:31,0.072,9.2,CAMPANHA_PILOTO_01
2026-08-05,07:00:32,0.072,9.2,CAMPANHA_PILOTO_01
2026-08-05,07:00:33,0.072,9.2,CAMPANHA_PILOTO_01
2026-08-05,07:00:34,0.072,9.2,CAMPANHA_PILOTO_01
2026-08-05,07:00:35,0.072,9.2,CAMPANHA_PILOTO_01
2026-08-05,07:00:36,0.072,9.2,CAMPANHA_PILOTO_01
2026-08-05,07:00:37,0.072,9.2,CAMPANHA_PILOTO_01
2026-08-05,07:00:38,0.072,9.2,CAMPANHA_PILOTO_01
2026-08-05,07:00:39,0.072,9.2,CAMPANHA_PILOTO_01
2026-08-05,07:00:40,0.072,9.2,CAMPANHA_PILOTO_01
2026-08-05,07:00:41,0.072,9.2,CAMPANHA_PILOTO_01
2026-08-05,07:00:42,0.072,9.2,CAMPANHA_PILOTO_01
2026-08-05,07:00:43,0.072,9.2,CAMPANHA_PILOTO_01
2026-08-05,07:00:44,0.072,9.2,CAMPANHA_PILOTO_01
2026-08-05,07:00:45,0.072,9.2,CAMPANHA_PILOTO_01
2026-08-05,07:00:46,0.072,9.2,CAMPANHA_PILOTO_01
2026-08-05,07:00:47,0.072,9.2,CAMPANHA_PILOTO_01
2026-08-05,07:00:48,0.072,9.2,CAMPANHA_PILOTO_01
2026-08-05,07:00:49,0.072,9.2,CAMPANHA_PILOTO_01
2026-08-05,07:00:50,0.072,9.2,CAMPANHA_PILOTO_01
2026-08-05,07:00:51,0.072,9.2,CAMPANHA_PILOTO_01
2026-08-05,07:00:52,0.072,9.2,CAMPANHA_PILOTO_01
2026-08-05,07:00:53,0.072,9.2,CAMPANHA_PILOTO_01
2026-08-05,07:00:54,0.072,9.2,CAMPANHA_PILOTO_01
2026-08-05,07:00:55,0.072,9.2,CAMPANHA_PILOTO_01
2026-08-05,07:00:56,0.072,9.2,CAMPANHA_PILOTO_01
2026-08-05,07:00:57,0.072,9.2,CAMPANHA_PILOTO_01
2026-08-05,07:00:58,0.072,9.2,CAMPANHA_PILOTO_01
2026-08-05,07:00:59,0.072,9.2,CAMPANHA_PILOTO_01
2026-08-05,07:01:00,0.072,9.2,CAMPANHA_PILOTO_01
2026-08-05,07:01:01,0.072,9.2,CAMPANHA_PILOTO_01
2026-08-05,07:01:02,0.072,9.2,CAMPANHA_PILOTO_01
2026-08-05,07:01:03,0.072,9.2,CAMPANHA_PILOTO_01
2026-08-05,07:01:04,0.072,9.2,CAMPANHA_PILOTO_01
2026-08-05,07:01:05,0.072,9.2,CAMPANHA_PILOTO_01
2026-08-05,07:01:06,0.072,9.2,CAMPANHA_PILOTO_01
2026-08-05,07:01:07,0.072,9.2,CAMPANHA_PILOTO_01
2026-08-05,07:01:08,0.072,9.2,CAMPANHA_PILOTO_01
2026-08-05,07:01:09,0.072,9.2,CAMPANHA_PILOTO_01
2026-08-05,07:01:10,0.072,9.2,CAMPANHA_PILOTO_01
2026-08-05,07:01:11,0.072,9.2,CAMPANHA_PILOTO_01
2026-08-05,07:01:12,0.072,9.2,CAMPANHA_PILOTO_01
2026-08-05,07:01:13,0.072,9.2,CAMPANHA_PILOTO_01
2026-08-05,07:01:14,0.072,9.2,CAMPANHA_PILOTO_01
2026-08-05,07:01:15,0.072,9.2,CAMPANHA_PILOTO_01
2026-08-05,07:01:16,0.072,9.2,CAMPANHA_PILOTO_01
2026-08-05,07:01:17,0.072,9.2,CAMPANHA_PILOTO_01
2026-08-05,07:01:18,0.072,9.2,CAMPANHA_PILOTO_01
2026-08-05,07:01:19,0.072,9.2,CAMPANHA_PILOTO_01
2026-08-05,07:01:20,0.072,9.2,CAMPANHA_PILOTO_01
2026-08-05,07:01:21,0.072,9.2,CAMPANHA_PILOTO_01
2026-08-05,07:01:22,0.072,9.2,CAMPANHA_PILOTO_01
2026-08-05,07:01:23,0.072,9.2,CAMPANHA_PILOTO_01
2026-08-05,07:01:24,0.072,9.2,CAMPANHA_PILOTO_01
2026-08-05,07:01:25,0.072,9.2,CAMPANHA_PILOTO_01
2026-08-05,07:01:26,0.072,9.2,CAMPANHA_PILOTO_01
2026-08-05,07:01:27,0.072,9.2,CAMPANHA_PILOTO_01
2026-08-05,07:01:28,0.072,9.2,CAMPANHA_PILOTO_01
2026-08-05,07:01:29,0.072,9.2,CAMPANHA_PILOTO_01
2026-08-05,07:01:30,0.072,9.2,CAMPANHA_PILOTO_01
2026-08-05,07:01:31,0.072,9.2,CAMPANHA_PILOTO_01
2026-08-05,07:01:32,0.072,9.2,CAMPANHA_PILOTO_01
2026-08-05,07:01:33,0.072,9.2,CAMPANHA_PILOTO_01
2026-08-05,07:01:34,0.072,9.2,CAMPANHA_PILOTO_01
2026-08-05,07:01:35,0.072,9.2,CAMPANHA_PILOTO_01
2026-08-05,07:01:36,0.072,9.2,CAMPANHA_PILOTO_01
2026-08-05,07:01:37,0.072,9.2,CAMPANHA_PILOTO_01
2026-08-05,07:01:38,0.072,9.2,CAMPANHA_PILOTO_01
2026-08-05,07:01:39,0.072,9.2,CAMPANHA_PILOTO_01
2026-08-05,07:01:40,0.072,9.2,CAMPANHA_PILOTO_01
2026-08-05,07:01:41,0.072,9.2,CAMPANHA_PILOTO_01
2026-08-05,07:01:42,0.072,9.2,CAMPANHA_PILOTO_01
2026-08-05,07:01:43,0.072,9.2,CAMPANHA_PILOTO_01
2026-08-05,07:01:44,0.072,9.2,CAMPANHA_PILOTO_01
2026-08-05,07:01:45,0.072,9.2,CAMPANHA_PILOTO_01
2026-08-05,07:01:46,0.072,9.2,CAMPANHA_PILOTO_01
2026-08-05,07:01:47,0.072,9.2,CAMPANHA_PILOTO_01
2026-08-05,07:01:48,0.072,9.2,CAMPANHA_PILOTO_01
2026-08-05,07:01:49,0.072,9.2,CAMPANHA_PILOTO_01
2026-08-05,07:01:50,0.072,9.2,CAMPANHA_PILOTO_01
2026-08-05,07:01:51,0.072,9.2,CAMPANHA_PILOTO_01
2026-08-05,07:01:52,0.072,9.2,CAMPANHA_PILOTO_01
2026-08-05,07:01:53,0.072,9.2,CAMPANHA_PILOTO_01
2026-08-05,07:01:54,0.072,9.2,CAMPANHA_PILOTO_01
2026-08-05,07:01:55,0.072,9.2,CAMPANHA_PILOTO_01
2026-08-05,07:01:56,0.072,9.2,CAMPANHA_PILOTO_01
2026-08-05,07:01:57,0.072,9.2,CAMPANHA_PILOTO_01
2026-08-05,07:01:58,0.072,9.2,CAMPANHA_PILOTO_01
2026-08-05,07:01:59,0.072,9.2,CAMPANHA_PILOTO_01
2026-08-05,07:02:00,0.072,9.2,CAMPANHA_PILOTO_01
2026-08-05,07:02:01,0.072,9.2,CAMPANHA_PILOTO_01
2026-08-05,07:02:02,0.072,9.2,CAMPANHA_PILOTO_01
2026-08-05,07:02:03,0.072,9.2,CAMPANHA_PILOTO_01
2026-08-05,07:02:04,0.072,9.2,CAMPANHA_PILOTO_01
2026-08-05,07:02:05,0.072,9.2,CAMPANHA_PILOTO_01
2026-08-05,07:02:06,0.072,9.2,CAMPANHA_PILOTO_01
2026-08-05,07:02:07,0.072,9.1,CAMPANHA_PILOTO_01
2026-08-05,07:02:08,0.072,9.1,CAMPANHA_PILOTO_01
2026-08-05,07:02:09,0.072,9.1,CAMPANHA_PILOTO_01
2026-08-05,07:02:10,0.072,9.1,CAMPANHA_PILOTO_01
2026-08-05,07:02:11,0.072,9.1,CAMPANHA_PILOTO_01
2026-08-05,07:02:12,0.072,9.1,CAMPANHA_PILOTO_01
2026-08-05,07:02:13,0.072,9.1,CAMPANHA_PILOTO_01
2026-08-05,07:02:14,0.072,9.1,CAMPANHA_PILOTO_01
2026-08-05,07:02:15,0.072,9.1,CAMPANHA_PILOTO_01
2026-08-05,07:02:16,0.072,9.1,CAMPANHA_PILOTO_01
2026-08-05,07:02:17,0.072,9.1,CAMPANHA_PILOTO_01
2026-08-05,07:02:18,0.072,9.1,CAMPANHA_PILOTO_01
2026-08-05,07:02:19,0.072,9.1,CAMPANHA_PILOTO_01
2026-08-05,07:02:20,0.072,9.1,CAMPANHA_PILOTO_01
2026-08-05,07:02:21,0.072,9.1,CAMPANHA_PILOTO_01
2026-08-05,07:02:22,0.072,9.1,CAMPANHA_PILOTO_01
2026-08-05,07:02:23,0.072,9.1,CAMPANHA_PILOTO_01
2026-08-05,07:02:24,0.072,9.1,CAMPANHA_PILOTO_01
2026-08-05,07:02:25,0.072,9.1,CAMPANHA_PILOTO_01
2026-08-05,07:02:26,0.072,9.1,CAMPANHA_PILOTO_01
2026-08-05,07:02:27,0.072,9.1,CAMPANHA_PILOTO_01
2026-08-05,07:02:28,0.072,9.1,CAMPANHA_PILOTO_01
2026-08-05,07:02:29,0.072,9.1,CAMPANHA_PILOTO_01
2026-08-05,07:02:30,0.072,9.1,CAMPANHA_PILOTO_01
2026-08-05,07:02:31,0.072,9.1,CAMPANHA_PILOTO_01
2026-08-05,07:02:32,0.072,9.1,CAMPANHA_PILOTO_01
2026-08-05,07:02:33,0.072,9.1,CAMPANHA_PILOTO_01
2026-08-05,07:02:34,0.072,9.1,CAMPANHA_PILOTO_01
2026-08-05,07:02:35,0.072,9.1,CAMPANHA_PILOTO_01
2026-08-05,07:02:36,0.072,9.1,CAMPANHA_PILOTO_01
2026-08-05,07:02:37,0.072,9.1,CAMPANHA_PILOTO_01
2026-08-05,07:02:38,0.072,9.1,CAMPANHA_PILOTO_01
2026-08-05,07:02:39,0.072,9.1,CAMPANHA_PILOTO_01
2026-08-05,07:02:40,0.072,9.1,CAMPANHA_PILOTO_01
2026-08-05,07:02:41,0.072,9.1,CAMPANHA_PILOTO_01
2026-08-05,07:02:42,0.072,9.1,CAMPANHA_PILOTO_01
2026-08-05,07:02:43,0.072,9.1,CAMPANHA_PILOTO_01
2026-08-05,07:02:44,0.072,9.1,CAMPANHA_PILOTO_01
2026-08-05,07:02:45,0.072,9.1,CAMPANHA_PILOTO_01
2026-08-05,07:02:46,0.072,9.1,CAMPANHA_PILOTO_01
2026-08-05,07:02:47,0.072,9.1,CAMPANHA_PILOTO_01
2026-08-05,07:02:48,0.072,9.1,CAMPANHA_PILOTO_01
2026-08-05,07:02:49,0.072,9.1,CAMPANHA_PILOTO_01
2026-08-05,07:02:50,0.072,9.1,CAMPANHA_PILOTO_01
2026-08-05,07:02:51,0.072,9.1,CAMPANHA_PILOTO_01
2026-08-05,07:02:52,0.072,9.1,CAMPANHA_PILOTO_01
2026-08-05,07:02:53,0.072,9.1,CAMPANHA_PILOTO_01
2026-08-05,07:02:54,0.072,9.1,CAMPANHA_PILOTO_01
2026-08-05,07:02:55,0.072,9.1,CAMPANHA_PILOTO_01
2026-08-05,07:02:56,0.072,9.1,CAMPANHA_PILOTO_01
2026-08-05,07:02:57,0.072,9.1,CAMPANHA_PILOTO_01
2026-08-05,07:02:58,0.072,9.1,CAMPANHA_PILOTO_01
2026-08-05,07:02:59,0.072,9.1,CAMPANHA_PILOTO_01
2026-08-05,07:03:00,0.072,9.1,CAMPANHA_PILOTO_01
2026-08-05,07:03:01,0.072,9.1,CAMPANHA_PILOTO_01
2026-08-05,07:03:02,0.072,9.1,CAMPANHA_PILOTO_01
2026-08-05,07:03:03,0.072,9.1,CAMPANHA_PILOTO_01
2026-08-05,07:03:04,0.072,9.1,CAMPANHA_PILOTO_01
2026-08-05,07:03:05,0.072,9.1,CAMPANHA_PILOTO_01
2026-08-05,07:03:06,0.072,9.1,CAMPANHA_PILOTO_01
2026-08-05,07:03:07,0.072,9.1,CAMPANHA_PILOTO_01
2026-08-05,07:03:08,0.072,9.1,CAMPANHA_PILOTO_01
2026-08-05,07:03:09,0.072,9.1,CAMPANHA_PILOTO_01
2026-08-05,07:03:10,0.072,9.1,CAMPANHA_PILOTO_01
2026-08-05,07:03:11,0.072,9.1,CAMPANHA_PILOTO_01
2026-08-05,07:03:12,0.072,9.1,CAMPANHA_PILOTO_01
2026-08-05,07:03:13,0.072,9.1,CAMPANHA_PILOTO_01
2026-08-05,07:03:14,0.072,9.1,CAMPANHA_PILOTO_01
2026-08-05,07:03:15,0.072,9.1,CAMPANHA_PILOTO_01
2026-08-05,07:03:16,0.072,9.1,CAMPANHA_PILOTO_01
2026-08-05,07:03:17,0.072,9.1,CAMPANHA_PILOTO_01
2026-08-05,07:03:18,0.072,9.1,CAMPANHA_PILOTO_01
2026-08-05,07:03:19,0.072,9.1,CAMPANHA_PILOTO_01
2026-08-05,07:03:20,0.072,9.1,CAMPANHA_PILOTO_01
2026-08-05,07:03:21,0.072,9.1,CAMPANHA_PILOTO_01
2026-08-05,07:03:22,0.072,9.1,CAMPANHA_PILOTO_01
2026-08-05,07:03:23,0.072,9.1,CAMPANHA_PILOTO_01
2026-08-05,07:03:24,0.072,9.1,CAMPANHA_PILOTO_01
2026-08-05,07:03:25,0.072,9.1,CAMPANHA_PILOTO_01
2026-08-05,07:03:26,0.072,9.1,CAMPANHA_PILOTO_01
2026-08-05,07:03:27,0.072,9.1,CAMPANHA_PILOTO_01
2026-08-05,07:03:28,0.072,9.1,CAMPANHA_PILOTO_01
2026-08-05,07:03:29,0.072,9.1,CAMPANHA_PILOTO_01
2026-08-05,07:03:30,0.072,9.1,CAMPANHA_PILOTO_01
2026-08-05,07:03:31,0.072,9.1,CAMPANHA_PILOTO_01
2026-08-05,07:03:32,0.072,9.1,CAMPANHA_PILOTO_01
2026-08-05,07:03:33,0.072,9.1,CAMPANHA_PILOTO_01
2026-08-05,07:03:34,0.072,9.1,CAMPANHA_PILOTO_01
2026-08-05,07:03:35,0.072,9.1,CAMPANHA_PILOTO_01
2026-08-05,07:03:36,0.072,9.1,CAMPANHA_PILOTO_01
2026-08-05,07:03:37,0.072,9.1,CAMPANHA_PILOTO_01
2026-08-05,07:03:38,0.072,9.1,CAMPANHA_PILOTO_01
2026-08-05,07:03:39,0.072,9.1,CAMPANHA_PILOTO_01
2026-08-05,07:03:40,0.072,9.1,CAMPANHA_PILOTO_01
2026-08-05,07:03:41,0.072,9.1,CAMPANHA_PILOTO_01
2026-08-05,07:03:42,0.072,9.1,CAMPANHA_PILOTO_01
2026-08-05,07:03:43,0.072,9.1,CAMPANHA_PILOTO_01
2026-08-05,07:03:44,0.072,9.1,CAMPANHA_PILOTO_01
2026-08-05,07:03:45,0.072,9.1,CAMPANHA_PILOTO_01
2026-08-05,07:03:46,0.072,9.1,CAMPANHA_PILOTO_01
2026-08-05,07:03:47,0.072,9.1,CAMPANHA_PILOTO_01
2026-08-05,07:03:48,0.072,9.1,CAMPANHA_PILOTO_01
2026-08-05,07:03:49,0.072,9.1,CAMPANHA_PILOTO_01
2026-08-05,07:03:50,0.072,9.1,CAMPANHA_PILOTO_01
2026-08-05,07:03:51,0.072,9.1,CAMPANHA_PILOTO_01
2026-08-05,07:03:52,0.072,9.1,CAMPANHA_PILOTO_01
2026-08-05,07:03:53,0.072,9.1,CAMPANHA_PILOTO_01
2026-08-05,07:03:54,0.072,9.1,CAMPANHA_PILOTO_01
2026-08-05,07:03:55,0.072,9.1,CAMPANHA_PILOTO_01
2026-08-05,07:03:56,0.072,9.1,CAMPANHA_PILOTO_01
2026-08-05,07:03:57,0.072,9.1,CAMPANHA_PILOTO_01
2026-08-05,07:03:58,0.072,9.1,CAMPANHA_PILOTO_01
2026-08-05,07:03:59,0.072,9.1,CAMPANHA_PILOTO_01
2026-08-05,07:04:00,0.072,9.1,CAMPANHA_PILOTO_01
2026-08-05,07:04:01,0.072,9.1,CAMPANHA_PILOTO_01
2026-08-05,07:04:02,0.072,9.1,CAMPANHA_PILOTO_01
2026-08-05,07:04:03,0.072,9.1,CAMPANHA_PILOTO_01
2026-08-05,07:04:04,0.072,9.1,CAMPANHA_PILOTO_01
2026-08-05,07:04:05,0.072,9.1,CAMPANHA_PILOTO_01
2026-08-05,07:04:06,0.072,9.1,CAMPANHA_PILOTO_01
2026-08-05,07:04:07,0.072,9.1,CAMPANHA_PILOTO_01
2026-08-05,07:04:08,0.072,9.1,CAMPANHA_PILOTO_01
2026-08-05,07:04:09,0.072,9.1,CAMPANHA_PILOTO_01
2026-08-05,07:04:10,0.072,9.1,CAMPANHA_PILOTO_01
2026-08-05,07:04:11,0.072,9.1,CAMPANHA_PILOTO_01
2026-08-05,07:04:12,0.072,9.1,CAMPANHA_PILOTO_01
2026-08-05,07:04:13,0.072,9.1,CAMPANHA_PILOTO_01
2026-08-05,07:04:14,0.072,9.1,CAMPANHA_PILOTO_01
2026-08-05,07:04:15,0.072,9.1,CAMPANHA_PILOTO_01
2026-08-05,07:04:16,0.072,9.1,CAMPANHA_PILOTO_01
2026-08-05,07:04:17,0.072,9.1,CAMPANHA_PILOTO_01
2026-08-05,07:04:18,0.072,9.1,CAMPANHA_PILOTO_01
2026-08-05,07:04:19,0.072,9.1,CAMPANHA_PILOTO_01
2026-08-05,07:04:20,0.072,9.1,CAMPANHA_PILOTO_01
2026-08-05,07:04:21,0.072,9.1,CAMPANHA_PILOTO_01
2026-08-05,07:04:22,0.072,9.1,CAMPANHA_PILOTO_01
2026-08-05,07:04:23,0.072,9.1,CAMPANHA_PILOTO_01
2026-08-05,07:04:24,0.072,9.1,CAMPANHA_PILOTO_01
2026-08-05,07:04:25,0.072,9.1,CAMPANHA_PILOTO_01
2026-08-05,07:04:26,0.072,9.1,CAMPANHA_PILOTO_01
2026-08-05,07:04:27,0.072,9.1,CAMPANHA_PILOTO_01
2026-08-05,07:04:28,0.072,9.1,CAMPANHA_PILOTO_01
2026-08-05,07:04:29,0.072,9.1,CAMPANHA_PILOTO_01
2026-08-05,07:04:30,0.072,9.1,CAMPANHA_PILOTO_01
2026-08-05,07:04:31,0.072,9.1,CAMPANHA_PILOTO_01
2026-08-05,07:04:32,0.072,9.1,CAMPANHA_PILOTO_01
2026-08-05,07:04:33,0.072,9.1,CAMPANHA_PILOTO_01
2026-08-05,07:04:34,0.072,9.1,CAMPANHA_PILOTO_01
2026-08-05,07:04:35,0.072,9.1,CAMPANHA_PILOTO_01
2026-08-05,07:04:36,0.072,9.1,CAMPANHA_PILOTO_01
2026-08-05,07:04:37,0.072,9.1,CAMPANHA_PILOTO_01
2026-08-05,07:04:38,0.072,9.1,CAMPANHA_PILOTO_01
2026-08-05,07:04:39,0.072,9.1,CAMPANHA_PILOTO_01
2026-08-05,07:04:40,0.072,9.1,CAMPANHA_PILOTO_01
2026-08-05,07:04:41,0.072,9.1,CAMPANHA_PILOTO_01
2026-08-05,07:04:42,0.072,9.1,CAMPANHA_PILOTO_01
2026-08-05,07:04:43,0.072,9.1,CAMPANHA_PILOTO_01
2026-08-05,07:04:44,0.072,9.1,CAMPANHA_PILOTO_01
2026-08-05,07:04:45,0.072,9.1,CAMPANHA_PILOTO_01
2026-08-05,07:04:46,0.072,9.1,CAMPANHA_PILOTO_01
2026-08-05,07:04:47,0.072,9.1,CAMPANHA_PILOTO_01
2026-08-05,07:04:48,0.072,9.1,CAMPANHA_PILOTO_01
2026-08-05,07:04:49,0.072,9.1,CAMPANHA_PILOTO_01
2026-08-05,07:04:50,0.072,9.1,CAMPANHA_PILOTO_01
2026-08-05,07:04:51,0.072,9.1,CAMPANHA_PILOTO_01
2026-08-05,07:04:52,0.072,9.1,CAMPANHA_PILOTO_01
2026-08-05,07:04:53,0.072,9.1,CAMPANHA_PILOTO_01
2026-08-05,07:04:54,0.072,9.1,CAMPANHA_PILOTO_01
2026-08-05,07:04:55,0.072,9.1,CAMPANHA_PILOTO_01
2026-08-05,07:04:56,0.072,9.1,CAMPANHA_PILOTO_01
2026-08-05,07:04:57,0.072,9.1,CAMPANHA_PILOTO_01
2026-08-05,07:04:58,0.072,9.1,CAMPANHA_PILOTO_01
2026-08-05,07:04:59,0.072,9.1,CAMPANHA_PILOTO_01
2026-08-05,07:05:00,0.072,9.1,CAMPANHA_PILOTO_01
2026-08-05,07:05:01,0.072,9.1,CAMPANHA_PILOTO_01
2026-08-05,07:05:02,0.072,9.1,CAMPANHA_PILOTO_01
2026-08-05,07:05:03,0.072,9.1,CAMPANHA_PILOTO_01
2026-08-05,07:05:04,0.072,9.1,CAMPANHA_PILOTO_01
2026-08-05,07:05:05,0.072,9.1,CAMPANHA_PILOTO_01
2026-08-05,07:05:06,0.072,9.1,CAMPANHA_PILOTO_01
2026-08-05,07:05:07,0.072,9.1,CAMPANHA_PILOTO_01
2026-08-05,07:05:08,0.072,9.1,CAMPANHA_PILOTO_01
2026-08-05,07:05:09,0.072,9.1,CAMPANHA_PILOTO_01
2026-08-05,07:05:10,0.072,9.1,CAMPANHA_PILOTO_01
2026-08-05,07:05:11,0.072,9.1,CAMPANHA_PILOTO_01
2026-08-05,07:05:12,0.072,9.1,CAMPANHA_PILOTO_01
2026-08-05,07:05:13,0.072,9.1,CAMPANHA_PILOTO_01
2026-08-05,07:05:14,0.072,9.1,CAMPANHA_PILOTO_01
2026-08-05,07:05:15,0.072,9.1,CAMPANHA_PILOTO_01
2026-08-05,07:05:16,0.072,9.1,CAMPANHA_PILOTO_01
2026-08-05,07:05:17,0.072,9.1,CAMPANHA_PILOTO_01
2026-08-05,07:05:18,0.072,9.1,CAMPANHA_PILOTO_01
2026-08-05,07:05:19,0.072,9.1,CAMPANHA_PILOTO_01
2026-08-05,07:05:20,0.072,9.1,CAMPANHA_PILOTO_01
2026-08-05,07:05:21,0.072,9.1,CAMPANHA_PILOTO_01
2026-08-05,07:05:22,0.072,9.1,CAMPANHA_PILOTO_01
2026-08-05,07:05:23,0.072,9.1,CAMPANHA_PILOTO_01
2026-08-05,07:05:24,0.072,9.1,CAMPANHA_PILOTO_01
2026-08-05,07:05:25,0.072,9.1,CAMPANHA_PILOTO_01
2026-08-05,07:05:26,0.072,9.1,CAMPANHA_PILOTO_01
2026-08-05,07:05:27,0.072,9.1,CAMPANHA_PILOTO_01
2026-08-05,07:05:28,0.072,9.1,CAMPANHA_PILOTO_01
2026-08-05,07:05:29,0.072,9.1,CAMPANHA_PILOTO_01
2026-08-05,07:05:30,0.072,9.1,CAMPANHA_PILOTO_01
2026-08-05,07:05:31,0.072,9.1,CAMPANHA_PILOTO_01
2026-08-05,07:05:32,0.072,9.1,CAMPANHA_PILOTO_01
2026-08-05,07:05:33,0.072,9.1,CAMPANHA_PILOTO_01
2026-08-05,07:05:34,0.072,9.1,CAMPANHA_PILOTO_01
2026-08-05,07:05:35,0.072,9.1,CAMPANHA_PILOTO_01
2026-08-05,07:05:36,0.072,9.1,CAMPANHA_PILOTO_01
2026-08-05,07:05:37,0.072,9.1,CAMPANHA_PILOTO_01
2026-08-05,07:05:38,0.072,9.1,CAMPANHA_PILOTO_01
2026-08-05,07:05:39,0.072,9.1,CAMPANHA_PILOTO_01
2026-08-05,07:05:40,0.072,9.1,CAMPANHA_PILOTO_01
2026-08-05,07:05:41,0.072,9.1,CAMPANHA_PILOTO_01
2026-08-05,07:05:42,0.072,9.1,CAMPANHA_PILOTO_01
2026-08-05,07:05:43,0.072,9.1,CAMPANHA_PILOTO_01
2026-08-05,07:05:44,0.072,9.1,CAMPANHA_PILOTO_01
2026-08-05,07:05:45,0.072,9.1,CAMPANHA_PILOTO_01
2026-08-05,07:05:46,0.072,9.1,CAMPANHA_PILOTO_01
2026-08-05,07:05:47,0.072,9.1,CAMPANHA_PILOTO_01
2026-08-05,07:05:48,0.072,9.1,CAMPANHA_PILOTO_01
2026-08-05,07:05:49,0.072,9.1,CAMPANHA_PILOTO_01
2026-08-05,07:05:50,0.071,9.1,CAMPANHA_PILOTO_01
2026-08-05,07:05:51,0.071,9.1,CAMPANHA_PILOTO_01
2026-08-05,07:05:52,0.071,9.1,CAMPANHA_PILOTO_01
2026-08-05,07:05:53,0.071,9.1,CAMPANHA_PILOTO_01
2026-08-05,07:05:54,0.071,9.1,CAMPANHA_PILOTO_01
2026-08-05,07:05:55,0.071,9.1,CAMPANHA_PILOTO_01
2026-08-05,07:05:56,0.071,9.1,CAMPANHA_PILOTO_01
2026-08-05,07:05:57,0.071,9.1,CAMPANHA_PILOTO_01
2026-08-05,07:05:58,0.071,9.1,CAMPANHA_PILOTO_01
2026-08-05,07:05:59,0.071,9.1,CAMPANHA_PILOTO_01
2026-08-05,07:06:00,0.071,9.1,CAMPANHA_PILOTO_01
2026-08-05,07:06:01,0.071,9.1,CAMPANHA_PILOTO_01
2026-08-05,07:06:02,0.071,9.1,CAMPANHA_PILOTO_01
2026-08-05,07:06:03,0.071,9.1,CAMPANHA_PILOTO_01
2026-08-05,07:06:04,0.071,9.1,CAMPANHA_PILOTO_01
2026-08-05,07:06:05,0.071,9.1,CAMPANHA_PILOTO_01
2026-08-05,07:06:06,0.071,9.1,CAMPANHA_PILOTO_01
2026-08-05,07:06:07,0.071,9.1,CAMPANHA_PILOTO_01
2026-08-05,07:06:08,0.071,9.1,CAMPANHA_PILOTO_01
2026-08-05,07:06:09,0.071,9.1,CAMPANHA_PILOTO_01
2026-08-05,07:06:10,0.071,9.1,CAMPANHA_PILOTO_01
2026-08-05,07:06:11,0.071,9.1,CAMPANHA_PILOTO_01
2026-08-05,07:06:12,0.071,9.1,CAMPANHA_PILOTO_01
2026-08-05,07:06:13,0.071,9.1,CAMPANHA_PILOTO_01
2026-08-05,07:06:14,0.071,9.1,CAMPANHA_PILOTO_01
2026-08-05,07:06:15,0.071,9.1,CAMPANHA_PILOTO_01
2026-08-05,07:06:16,0.071,9.1,CAMPANHA_PILOTO_01
2026-08-05,07:06:17,0.071,9.1,CAMPANHA_PILOTO_01
2026-08-05,07:06:18,0.071,9.1,CAMPANHA_PILOTO_01
2026-08-05,07:06:19,0.071,9.1,CAMPANHA_PILOTO_01
2026-08-05,07:06:20,0.071,9.1,CAMPANHA_PILOTO_01
2026-08-05,07:06:21,0.071,9.1,CAMPANHA_PILOTO_01
2026-08-05,07:06:22,0.071,9.1,CAMPANHA_PILOTO_01
2026-08-05,07:06:23,0.071,9.1,CAMPANHA_PILOTO_01
2026-08-05,07:06:24,0.071,9.1,CAMPANHA_PILOTO_01
2026-08-05,07:06:25,0.071,9.1,CAMPANHA_PILOTO_01
2026-08-05,07:06:26,0.071,9.1,CAMPANHA_PILOTO_01
2026-08-05,07:06:27,0.071,9.1,CAMPANHA_PILOTO_01
2026-08-05,07:06:28,0.071,9.1,CAMPANHA_PILOTO_01
2026-08-05,07:06:29,0.071,9.1,CAMPANHA_PILOTO_01
2026-08-05,07:06:30,0.071,9.1,CAMPANHA_PILOTO_01
2026-08-05,07:06:31,0.071,9.1,CAMPANHA_PILOTO_01
2026-08-05,07:06:32,0.071,9.1,CAMPANHA_PILOTO_01
2026-08-05,07:06:33,0.071,9.1,CAMPANHA_PILOTO_01
2026-08-05,07:06:34,0.071,9.1,CAMPANHA_PILOTO_01
2026-08-05,07:06:35,0.071,9.1,CAMPANHA_PILOTO_01
2026-08-05,07:06:36,0.071,9.1,CAMPANHA_PILOTO_01
2026-08-05,07:06:37,0.071,9.1,CAMPANHA_PILOTO_01
2026-08-05,07:06:38,0.071,9.1,CAMPANHA_PILOTO_01
2026-08-05,07:06:39,0.071,9.1,CAMPANHA_PILOTO_01
2026-08-05,07:06:40,0.071,9.1,CAMPANHA_PILOTO_01
2026-08-05,07:06:41,0.071,9.1,CAMPANHA_PILOTO_01
2026-08-05,07:06:42,0.071,9.1,CAMPANHA_PILOTO_01
2026-08-05,07:06:43,0.071,9.1,CAMPANHA_PILOTO_01
2026-08-05,07:06:44,0.071,9.1,CAMPANHA_PILOTO_01
2026-08-05,07:06:45,0.071,9.1,CAMPANHA_PILOTO_01
2026-08-05,07:06:46,0.071,9.1,CAMPANHA_PILOTO_01
2026-08-05,07:06:47,0.071,9.1,CAMPANHA_PILOTO_01
2026-08-05,07:06:48,0.071,9.1,CAMPANHA_PILOTO_01
2026-08-05,07:06:49,0.071,9.1,CAMPANHA_PILOTO_01
2026-08-05,07:06:50,0.071,9.1,CAMPANHA_PILOTO_01
2026-08-05,07:06:51,0.071,9.1,CAMPANHA_PILOTO_01
2026-08-05,07:06:52,0.071,9.1,CAMPANHA_PILOTO_01
2026-08-05,07:06:53,0.071,9.1,CAMPANHA_PILOTO_01
2026-08-05,07:06:54,0.071,9.1,CAMPANHA_PILOTO_01
2026-08-05,07:06:55,0.071,9.1,CAMPANHA_PILOTO_01
2026-08-05,07:06:56,0.071,9.1,CAMPANHA_PILOTO_01
2026-08-05,07:06:57,0.071,9.1,CAMPANHA_PILOTO_01
2026-08-05,07:06:58,0.071,9.1,CAMPANHA_PILOTO_01
2026-08-05,07:06:59,0.071,9.1,CAMPANHA_PILOTO_01
2026-08-05,07:07:00,0.071,9.1,CAMPANHA_PILOTO_01
2026-08-05,07:07:01,0.071,9.1,CAMPANHA_PILOTO_01
2026-08-05,07:07:02,0.071,9.1,CAMPANHA_PILOTO_01
2026-08-05,07:07:03,0.071,9.1,CAMPANHA_PILOTO_01
2026-08-05,07:07:04,0.071,9.1,CAMPANHA_PILOTO_01
2026-08-05,07:07:05,0.071,9.1,CAMPANHA_PILOTO_01
2026-08-05,07:07:06,0.071,9.1,CAMPANHA_PILOTO_01
2026-08-05,07:07:07,0.071,9.1,CAMPANHA_PILOTO_01
2026-08-05,07:07:08,0.071,9.1,CAMPANHA_PILOTO_01
2026-08-05,07:07:09,0.071,9.1,CAMPANHA_PILOTO_01
2026-08-05,07:07:10,0.071,9.1,CAMPANHA_PILOTO_01
2026-08-05,07:07:11,0.071,9.1,CAMPANHA_PILOTO_01
2026-08-05,07:07:12,0.071,9.1,CAMPANHA_PILOTO_01
2026-08-05,07:07:13,0.071,9.1,CAMPANHA_PILOTO_01
2026-08-05,07:07:14,0.071,9.1,CAMPANHA_PILOTO_01
2026-08-05,07:07:15,0.071,9.1,CAMPANHA_PILOTO_01
2026-08-05,07:07:16,0.071,9.1,CAMPANHA_PILOTO_01
2026-08-05,07:07:17,0.071,9.1,CAMPANHA_PILOTO_01
2026-08-05,07:07:18,0.071,9.1,CAMPANHA_PILOTO_01
2026-08-05,07:07:19,0.071,9.1,CAMPANHA_PILOTO_01
2026-08-05,07:07:20,0.071,9.1,CAMPANHA_PILOTO_01
2026-08-05,07:07:21,0.071,9.1,CAMPANHA_PILOTO_01
2026-08-05,07:07:22,0.071,9.1,CAMPANHA_PILOTO_01
2026-08-05,07:07:23,0.071,9.1,CAMPANHA_PILOTO_01
2026-08-05,07:07:24,0.071,9.1,CAMPANHA_PILOTO_01
2026-08-05,07:07:25,0.071,9.1,CAMPANHA_PILOTO_01
2026-08-05,07:07:26,0.071,9.1,CAMPANHA_PILOTO_01
2026-08-05,07:07:27,0.071,9.1,CAMPANHA_PILOTO_01
2026-08-05,07:07:28,0.071,9.1,CAMPANHA_PILOTO_01
2026-08-05,07:07:29,0.071,9.0,CAMPANHA_PILOTO_01
2026-08-05,07:07:30,0.071,9.0,CAMPANHA_PILOTO_01
2026-08-05,07:07:31,0.071,9.0,CAMPANHA_PILOTO_01
2026-08-05,07:07:32,0.071,9.0,CAMPANHA_PILOTO_01
2026-08-05,07:07:33,0.071,9.0,CAMPANHA_PILOTO_01
2026-08-05,07:07:34,0.071,9.0,CAMPANHA_PILOTO_01
2026-08-05,07:07:35,0.071,9.0,CAMPANHA_PILOTO_01
2026-08-05,07:07:36,0.071,9.0,CAMPANHA_PILOTO_01
2026-08-05,07:07:37,0.071,9.0,CAMPANHA_PILOTO_01
2026-08-05,07:07:38,0.071,9.0,CAMPANHA_PILOTO_01
2026-08-05,07:07:39,0.071,9.0,CAMPANHA_PILOTO_01
2026-08-05,07:07:40,0.071,9.0,CAMPANHA_PILOTO_01
2026-08-05,07:07:41,0.071,9.0,CAMPANHA_PILOTO_01
2026-08-05,07:07:42,0.071,9.0,CAMPANHA_PILOTO_01
2026-08-05,07:07:43,0.071,9.0,CAMPANHA_PILOTO_01
2026-08-05,07:07:44,0.071,9.0,CAMPANHA_PILOTO_01
2026-08-05,07:07:45,0.071,9.0,CAMPANHA_PILOTO_01
2026-08-05,07:07:46,0.071,9.0,CAMPANHA_PILOTO_01
2026-08-05,07:07:47,0.071,9.0,CAMPANHA_PILOTO_01
2026-08-05,07:07:48,0.071,9.0,CAMPANHA_PILOTO_01
2026-08-05,07:07:49,0.071,9.0,CAMPANHA_PILOTO_01
2026-08-05,07:07:50,0.071,9.0,CAMPANHA_PILOTO_01
2026-08-05,07:07:51,0.071,9.0,CAMPANHA_PILOTO_01
2026-08-05,07:07:52,0.071,9.0,CAMPANHA_PILOTO_01
2026-08-05,07:07:53,0.071,9.0,CAMPANHA_PILOTO_01
2026-08-05,07:07:54,0.071,9.0,CAMPANHA_PILOTO_01
2026-08-05,07:07:55,0.071,9.0,CAMPANHA_PILOTO_01
2026-08-05,07:07:56,0.071,9.0,CAMPANHA_PILOTO_01
2026-08-05,07:07:57,0.071,9.0,CAMPANHA_PILOTO_01
2026-08-05,07:07:58,0.071,9.0,CAMPANHA_PILOTO_01
2026-08-05,07:07:59,0.071,9.0,CAMPANHA_PILOTO_01
2026-08-05,07:08:00,0.071,9.0,CAMPANHA_PILOTO_01
2026-08-05,07:08:01,0.071,9.0,CAMPANHA_PILOTO_01
2026-08-05,07:08:02,0.071,9.0,CAMPANHA_PILOTO_01
2026-08-05,07:08:03,0.071,9.0,CAMPANHA_PILOTO_01
2026-08-05,07:08:04,0.071,9.0,CAMPANHA_PILOTO_01
2026-08-05,07:08:05,0.071,9.0,CAMPANHA_PILOTO_01
2026-08-05,07:08:06,0.071,9.0,CAMPANHA_PILOTO_01
2026-08-05,07:08:07,0.071,9.0,CAMPANHA_PILOTO_01
2026-08-05,07:08:08,0.071,9.0,CAMPANHA_PILOTO_01
2026-08-05,07:08:09,0.071,9.0,CAMPANHA_PILOTO_01
2026-08-05,07:08:10,0.071,9.0,CAMPANHA_PILOTO_01
2026-08-05,07:08:11,0.071,9.0,CAMPANHA_PILOTO_01
2026-08-05,07:08:12,0.071,9.0,CAMPANHA_PILOTO_01
2026-08-05,07:08:13,0.071,9.0,CAMPANHA_PILOTO_01
2026-08-05,07:08:14,0.071,9.0,CAMPANHA_PILOTO_01
2026-08-05,07:08:15,0.071,9.0,CAMPANHA_PILOTO_01
2026-08-05,07:08:16,0.071,9.0,CAMPANHA_PILOTO_01
2026-08-05,07:08:17,0.071,9.0,CAMPANHA_PILOTO_01
2026-08-05,07:08:18,0.071,9.0,CAMPANHA_PILOTO_01
2026-08-05,07:08:19,0.071,9.0,CAMPANHA_PILOTO_01
2026-08-05,07:08:20,0.071,9.0,CAMPANHA_PILOTO_01
2026-08-05,07:08:21,0.071,9.0,CAMPANHA_PILOTO_01
2026-08-05,07:08:22,0.071,9.0,CAMPANHA_PILOTO_01
2026-08-05,07:08:23,0.071,9.0,CAMPANHA_PILOTO_01
2026-08-05,07:08:24,0.071,9.0,CAMPANHA_PILOTO_01
2026-08-05,07:08:25,0.071,9.0,CAMPANHA_PILOTO_01
2026-08-05,07:08:26,0.071,9.0,CAMPANHA_PILOTO_01
2026-08-05,07:08:27,0.071,9.0,CAMPANHA_PILOTO_01
2026-08-05,07:08:28,0.071,9.0,CAMPANHA_PILOTO_01
2026-08-05,07:08:29,0.071,9.0,CAMPANHA_PILOTO_01
2026-08-05,07:08:30,0.071,9.0,CAMPANHA_PILOTO_01
2026-08-05,07:08:31,0.071,9.0,CAMPANHA_PILOTO_01
2026-08-05,07:08:32,0.071,9.0,CAMPANHA_PILOTO_01
2026-08-05,07:08:33,0.071,9.0,CAMPANHA_PILOTO_01
2026-08-05,07:08:34,0.071,9.0,CAMPANHA_PILOTO_01
2026-08-05,07:08:35,0.071,9.0,CAMPANHA_PILOTO_01
2026-08-05,07:08:36,0.071,9.0,CAMPANHA_PILOTO_01
2026-08-05,07:08:37,0.071,9.0,CAMPANHA_PILOTO_01
2026-08-05,07:08:38,0.071,9.0,CAMPANHA_PILOTO_01
2026-08-05,07:08:39,0.071,9.0,CAMPANHA_PILOTO_01
2026-08-05,07:08:40,0.071,9.0,CAMPANHA_PILOTO_01
2026-08-05,07:08:41,0.071,9.0,CAMPANHA_PILOTO_01
2026-08-05,07:08:42,0.071,9.0,CAMPANHA_PILOTO_01
2026-08-05,07:08:43,0.071,9.0,CAMPANHA_PILOTO_01
2026-08-05,07:08:44,0.071,9.0,CAMPANHA_PILOTO_01
2026-08-05,07:08:45,0.071,9.0,CAMPANHA_PILOTO_01
2026-08-05,07:08:46,0.071,9.0,CAMPANHA_PILOTO_01
2026-08-05,07:08:47,0.071,9.0,CAMPANHA_PILOTO_01
2026-08-05,07:08:48,0.071,9.0,CAMPANHA_PILOTO_01
2026-08-05,07:08:49,0.071,9.0,CAMPANHA_PILOTO_01
2026-08-05,07:08:50,0.071,9.0,CAMPANHA_PILOTO_01
2026-08-05,07:08:51,0.071,9.0,CAMPANHA_PILOTO_01
2026-08-05,07:08:52,0.071,9.0,CAMPANHA_PILOTO_01
2026-08-05,07:08:53,0.071,9.0,CAMPANHA_PILOTO_01
2026-08-05,07:08:54,0.071,9.0,CAMPANHA_PILOTO_01
2026-08-05,07:08:55,0.071,9.0,CAMPANHA_PILOTO_01
2026-08-05,07:08:56,0.071,9.0,CAMPANHA_PILOTO_01
2026-08-05,07:08:57,0.071,9.0,CAMPANHA_PILOTO_01
2026-08-05,07:08:58,0.071,9.0,CAMPANHA_PILOTO_01
2026-08-05,07:08:59,0.071,9.0,CAMPANHA_PILOTO_01
2026-08-05,07:09:00,0.071,9.0,CAMPANHA_PILOTO_01
2026-08-05,07:09:01,0.071,9.0,CAMPANHA_PILOTO_01
2026-08-05,07:09:02,0.071,9.0,CAMPANHA_PILOTO_01
2026-08-05,07:09:03,0.071,9.0,CAMPANHA_PILOTO_01
2026-08-05,07:09:04,0.071,9.0,CAMPANHA_PILOTO_01
2026-08-05,07:09:05,0.071,9.0,CAMPANHA_PILOTO_01
2026-08-05,07:09:06,0.071,9.0,CAMPANHA_PILOTO_01
2026-08-05,07:09:07,0.071,9.0,CAMPANHA_PILOTO_01
2026-08-05,07:09:08,0.071,9.0,CAMPANHA_PILOTO_01
2026-08-05,07:09:09,0.071,9.0,CAMPANHA_PILOTO_01
2026-08-05,07:09:10,0.071,9.0,CAMPANHA_PILOTO_01
2026-08-05,07:09:11,0.071,9.0,CAMPANHA_PILOTO_01
2026-08-05,07:09:12,0.071,9.0,CAMPANHA_PILOTO_01
2026-08-05,07:09:13,0.071,9.0,CAMPANHA_PILOTO_01
2026-08-05,07:09:14,0.071,9.0,CAMPANHA_PILOTO_01
2026-08-05,07:09:15,0.071,9.0,CAMPANHA_PILOTO_01
2026-08-05,07:09:16,0.071,9.0,CAMPANHA_PILOTO_01
2026-08-05,07:09:17,0.071,9.0,CAMPANHA_PILOTO_01
2026-08-05,07:09:18,0.071,9.0,CAMPANHA_PILOTO_01
2026-08-05,07:09:19,0.071,9.0,CAMPANHA_PILOTO_01
2026-08-05,07:09:20,0.071,9.0,CAMPANHA_PILOTO_01
2026-08-05,07:09:21,0.071,9.0,CAMPANHA_PILOTO_01
2026-08-05,07:09:22,0.071,9.0,CAMPANHA_PILOTO_01
2026-08-05,07:09:23,0.071,9.0,CAMPANHA_PILOTO_01
2026-08-05,07:09:24,0.071,9.0,CAMPANHA_PILOTO_01
2026-08-05,07:09:25,0.071,9.0,CAMPANHA_PILOTO_01
2026-08-05,07:09:26,0.071,9.0,CAMPANHA_PILOTO_01
2026-08-05,07:09:27,0.071,9.0,CAMPANHA_PILOTO_01
2026-08-05,07:09:28,0.071,9.0,CAMPANHA_PILOTO_01
2026-08-05,07:09:29,0.071,9.0,CAMPANHA_PILOTO_01
2026-08-05,07:09:30,0.071,9.0,CAMPANHA_PILOTO_01
2026-08-05,07:09:31,0.071,9.0,CAMPANHA_PILOTO_01
2026-08-05,07:09:32,0.071,9.0,CAMPANHA_PILOTO_01
2026-08-05,07:09:33,0.071,9.0,CAMPANHA_PILOTO_01
2026-08-05,07:09:34,0.071,9.0,CAMPANHA_PILOTO_01
2026-08-05,07:09:35,0.071,9.0,CAMPANHA_PILOTO_01
2026-08-05,07:09:36,0.071,9.0,CAMPANHA_PILOTO_01
2026-08-05,07:09:37,0.071,9.0,CAMPANHA_PILOTO_01
2026-08-05,07:09:38,0.071,9.0,CAMPANHA_PILOTO_01
2026-08-05,07:09:39,0.071,9.0,CAMPANHA_PILOTO_01
2026-08-05,07:09:40,0.071,9.0,CAMPANHA_PILOTO_01
2026-08-05,07:09:41,0.071,9.0,CAMPANHA_PILOTO_01
2026-08-05,07:09:42,0.071,9.0,CAMPANHA_PILOTO_01
2026-08-05,07:09:43,0.071,9.0,CAMPANHA_PILOTO_01
2026-08-05,07:09:44,0.071,9.0,CAMPANHA_PILOTO_01
2026-08-05,07:09:45,0.071,9.0,CAMPANHA_PILOTO_01
2026-08-05,07:09:46,0.071,9.0,CAMPANHA_PILOTO_01
2026-08-05,07:09:47,0.071,9.0,CAMPANHA_PILOTO_01
2026-08-05,07:09:48,0.071,9.0,CAMPANHA_PILOTO_01
2026-08-05,07:09:49,0.071,9.0,CAMPANHA_PILOTO_01
2026-08-05,07:09:50,0.071,9.0,CAMPANHA_PILOTO_01
2026-08-05,07:09:51,0.071,9.0,CAMPANHA_PILOTO_01
2026-08-05,07:09:52,0.071,9.0,CAMPANHA_PILOTO_01
2026-08-05,07:09:53,0.071,9.0,CAMPANHA_PILOTO_01
2026-08-05,07:09:54,0.071,9.0,CAMPANHA_PILOTO_01
2026-08-05,07:09:55,0.071,9.0,CAMPANHA_PILOTO_01
2026-08-05,07:09:56,0.071,9.0,CAMPANHA_PILOTO_01
2026-08-05,07:09:57,0.071,9.0,CAMPANHA_PILOTO_01
2026-08-05,07:09:58,0.071,9.0,CAMPANHA_PILOTO_01
2026-08-05,07:09:59,0.071,9.0,CAMPANHA_PILOTO_01
2026-08-05,07:10:00,0.071,9.0,CAMPANHA_PILOTO_01
2026-08-05,07:10:01,0.071,9.0,CAMPANHA_PILOTO_01
2026-08-05,07:10:02,0.071,9.0,CAMPANHA_PILOTO_01
2026-08-05,07:10:03,0.071,9.0,CAMPANHA_PILOTO_01
2026-08-05,07:10:04,0.071,9.0,CAMPANHA_PILOTO_01
2026-08-05,07:10:05,0.071,9.0,CAMPANHA_PILOTO_01
2026-08-05,07:10:06,0.071,9.0,CAMPANHA_PILOTO_01
2026-08-05,07:10:07,0.071,9.0,CAMPANHA_PILOTO_01
2026-08-05,07:10:08,0.071,9.0,CAMPANHA_PILOTO_01
2026-08-05,07:10:09,0.071,9.0,CAMPANHA_PILOTO_01
2026-08-05,07:10:10,0.071,9.0,CAMPANHA_PILOTO_01
2026-08-05,07:10:11,0.071,9.0,CAMPANHA_PILOTO_01
2026-08-05,07:10:12,0.071,9.0,CAMPANHA_PILOTO_01
2026-08-05,07:10:13,0.071,9.0,CAMPANHA_PILOTO_01
2026-08-05,07:10:14,0.071,9.0,CAMPANHA_PILOTO_01
2026-08-05,07:10:15,0.071,9.0,CAMPANHA_PILOTO_01
2026-08-05,07:10:16,0.071,9.0,CAMPANHA_PILOTO_01
2026-08-05,07:10:17,0.071,9.0,CAMPANHA_PILOTO_01
2026-08-05,07:10:18,0.071,9.0,CAMPANHA_PILOTO_01
2026-08-05,07:10:19,0.071,9.0,CAMPANHA_PILOTO_01
2026-08-05,07:10:20,0.071,9.0,CAMPANHA_PILOTO_01
2026-08-05,07:10:21,0.071,9.0,CAMPANHA_PILOTO_01
2026-08-05,07:10:22,0.071,9.0,CAMPANHA_PILOTO_01
2026-08-05,07:10:23,0.071,9.0,CAMPANHA_PILOTO_01
2026-08-05,07:10:24,0.071,9.0,CAMPANHA_PILOTO_01
2026-08-05,07:10:25,0.071,9.0,CAMPANHA_PILOTO_01
2026-08-05,07:10:26,0.071,9.0,CAMPANHA_PILOTO_01
2026-08-05,07:10:27,0.071,9.0,CAMPANHA_PILOTO_01
2026-08-05,07:10:28,0.071,9.0,CAMPANHA_PILOTO_01
2026-08-05,07:10:29,0.071,9.0,CAMPANHA_PILOTO_01
2026-08-05,07:10:30,0.071,9.0,CAMPANHA_PILOTO_01
2026-08-05,07:10:31,0.071,9.0,CAMPANHA_PILOTO_01
2026-08-05,07:10:32,0.071,9.0,CAMPANHA_PILOTO_01
2026-08-05,07:10:33,0.071,9.0,CAMPANHA_PILOTO_01
2026-08-05,07:10:34,0.071,9.0,CAMPANHA_PILOTO_01
2026-08-05,07:10:35,0.071,9.0,CAMPANHA_PILOTO_01
2026-08-05,07:10:36,0.071,9.0,CAMPANHA_PILOTO_01
2026-08-05,07:10:37,0.071,9.0,CAMPANHA_PILOTO_01
2026-08-05,07:10:38,0.071,9.0,CAMPANHA_PILOTO_01
2026-08-05,07:10:39,0.071,9.0,CAMPANHA_PILOTO_01
2026-08-05,07:10:40,0.071,9.0,CAMPANHA_PILOTO_01
2026-08-05,07:10:41,0.071,9.0,CAMPANHA_PILOTO_01
2026-08-05,07:10:42,0.071,9.0,CAMPANHA_PILOTO_01
2026-08-05,07:10:43,0.071,9.0,CAMPANHA_PILOTO_01
2026-08-05,07:10:44,0.071,9.0,CAMPANHA_PILOTO_01
2026-08-05,07:10:45,0.071,9.0,CAMPANHA_PILOTO_01
2026-08-05,07:10:46,0.071,9.0,CAMPANHA_PILOTO_01
2026-08-05,07:10:47,0.071,9.0,CAMPANHA_PILOTO_01
2026-08-05,07:10:48,0.071,9.0,CAMPANHA_PILOTO_01
2026-08-05,07:10:49,0.071,9.0,CAMPANHA_PILOTO_01
2026-08-05,07:10:50,0.071,9.0,CAMPANHA_PILOTO_01
2026-08-05,07:10:51,0.071,9.0,CAMPANHA_PILOTO_01
2026-08-05,07:10:52,0.071,9.0,CAMPANHA_PILOTO_01
2026-08-05,07:10:53,0.071,9.0,CAMPANHA_PILOTO_01
2026-08-05,07:10:54,0.071,9.0,CAMPANHA_PILOTO_01
2026-08-05,07:10:55,0.071,9.0,CAMPANHA_PILOTO_01
2026-08-05,07:10:56,0.071,9.0,CAMPANHA_PILOTO_01
2026-08-05,07:10:57,0.071,9.0,CAMPANHA_PILOTO_01
2026-08-05,07:10:58,0.071,9.0,CAMPANHA_PILOTO_01
2026-08-05,07:10:59,0.071,9.0,CAMPANHA_PILOTO_01
2026-08-05,07:11:00,0.071,9.0,CAMPANHA_PILOTO_01
2026-08-05,07:11:01,0.071,9.0,CAMPANHA_PILOTO_01
2026-08-05,07:11:02,0.071,9.0,CAMPANHA_PILOTO_01
2026-08-05,07:11:03,0.071,9.0,CAMPANHA_PILOTO_01
2026-08-05,07:11:04,0.071,9.0,CAMPANHA_PILOTO_01
2026-08-05,07:11:05,0.071,9.0,CAMPANHA_PILOTO_01
2026-08-05,07:11:06,0.071,9.0,CAMPANHA_PILOTO_01
2026-08-05,07:11:07,0.071,9.0,CAMPANHA_PILOTO_01
2026-08-05,07:11:08,0.071,9.0,CAMPANHA_PILOTO_01
2026-08-05,07:11:09,0.071,9.0,CAMPANHA_PILOTO_01
2026-08-05,07:11:10,0.071,9.0,CAMPANHA_PILOTO_01
2026-08-05,07:11:11,0.071,9.0,CAMPANHA_PILOTO_01
2026-08-05,07:11:12,0.071,9.0,CAMPANHA_PILOTO_01
2026-08-05,07:11:13,0.071,9.0,CAMPANHA_PILOTO_01
2026-08-05,07:11:14,0.071,9.0,CAMPANHA_PILOTO_01
2026-08-05,07:11:15,0.071,9.0,CAMPANHA_PILOTO_01
2026-08-05,07:11:16,0.071,9.0,CAMPANHA_PILOTO_01
2026-08-05,07:11:17,0.071,9.0,CAMPANHA_PILOTO_01
2026-08-05,07:11:18,0.071,9.0,CAMPANHA_PILOTO_01
2026-08-05,07:11:19,0.071,9.0,CAMPANHA_PILOTO_01
2026-08-05,07:11:20,0.071,9.0,CAMPANHA_PILOTO_01
2026-08-05,07:11:21,0.071,9.0,CAMPANHA_PILOTO_01
2026-08-05,07:11:22,0.071,9.0,CAMPANHA_PILOTO_01
2026-08-05,07:11:23,0.071,9.0,CAMPANHA_PILOTO_01
2026-08-05,07:11:24,0.071,9.0,CAMPANHA_PILOTO_01
2026-08-05,07:11:25,0.071,9.0,CAMPANHA_PILOTO_01
2026-08-05,07:11:26,0.071,9.0,CAMPANHA_PILOTO_01
2026-08-05,07:11:27,0.071,9.0,CAMPANHA_PILOTO_01
2026-08-05,07:11:28,0.071,9.0,CAMPANHA_PILOTO_01
2026-08-05,07:11:29,0.071,9.0,CAMPANHA_PILOTO_01
2026-08-05,07:11:30,0.071,9.0,CAMPANHA_PILOTO_01
2026-08-05,07:11:31,0.071,9.0,CAMPANHA_PILOTO_01
2026-08-05,07:11:32,0.071,9.0,CAMPANHA_PILOTO_01
2026-08-05,07:11:33,0.071,9.0,CAMPANHA_PILOTO_01
2026-08-05,07:11:34,0.071,9.0,CAMPANHA_PILOTO_01
2026-08-05,07:11:35,0.071,9.0,CAMPANHA_PILOTO_01
2026-08-05,07:11:36,0.071,9.0,CAMPANHA_PILOTO_01
2026-08-05,07:11:37,0.071,9.0,CAMPANHA_PILOTO_01
2026-08-05,07:11:38,0.071,9.0,CAMPANHA_PILOTO_01
2026-08-05,07:11:39,0.071,9.0,CAMPANHA_PILOTO_01
2026-08-05,07:11:40,0.071,9.0,CAMPANHA_PILOTO_01
2026-08-05,07:11:41,0.071,9.0,CAMPANHA_PILOTO_01
2026-08-05,07:11:42,0.071,9.0,CAMPANHA_PILOTO_01
2026-08-05,07:11:43,0.071,9.0,CAMPANHA_PILOTO_01
2026-08-05,07:11:44,0.071,9.0,CAMPANHA_PILOTO_01
2026-08-05,07:11:45,0.071,9.0,CAMPANHA_PILOTO_01
2026-08-05,07:11:46,0.071,9.0,CAMPANHA_PILOTO_01
2026-08-05,07:11:47,0.071,9.0,CAMPANHA_PILOTO_01
2026-08-05,07:11:48,0.071,9.0,CAMPANHA_PILOTO_01
2026-08-05,07:11:49,0.071,9.0,CAMPANHA_PILOTO_01
2026-08-05,07:11:50,0.071,9.0,CAMPANHA_PILOTO_01
2026-08-05,07:11:51,0.071,9.0,CAMPANHA_PILOTO_01
2026-08-05,07:11:52,0.071,9.0,CAMPANHA_PILOTO_01
2026-08-05,07:11:53,0.071,9.0,CAMPANHA_PILOTO_01
2026-08-05,07:11:54,0.071,9.0,CAMPANHA_PILOTO_01
2026-08-05,07:11:55,0.071,9.0,CAMPANHA_PILOTO_01
2026-08-05,07:11:56,0.071,9.0,CAMPANHA_PILOTO_01
2026-08-05,07:11:57,0.071,9.0,CAMPANHA_PILOTO_01
2026-08-05,07:11:58,0.071,9.0,CAMPANHA_PILOTO_01
2026-08-05,07:11:59,0.071,9.0,CAMPANHA_PILOTO_01
2026-08-05,07:12:00,0.071,9.0,CAMPANHA_PILOTO_01
2026-08-05,07:12:01,0.071,9.0,CAMPANHA_PILOTO_01
2026-08-05,07:12:02,0.071,9.0,CAMPANHA_PILOTO_01
2026-08-05,07:12:03,0.071,9.0,CAMPANHA_PILOTO_01
2026-08-05,07:12:04,0.071,9.0,CAMPANHA_PILOTO_01
2026-08-05,07:12:05,0.071,9.0,CAMPANHA_PILOTO_01
2026-08-05,07:12:06,0.071,9.0,CAMPANHA_PILOTO_01
2026-08-05,07:12:07,0.071,9.0,CAMPANHA_PILOTO_01
2026-08-05,07:12:08,0.071,9.0,CAMPANHA_PILOTO_01
2026-08-05,07:12:09,0.071,9.0,CAMPANHA_PILOTO_01
2026-08-05,07:12:10,0.071,9.0,CAMPANHA_PILOTO_01
2026-08-05,07:12:11,0.071,9.0,CAMPANHA_PILOTO_01
2026-08-05,07:12:12,0.071,9.0,CAMPANHA_PILOTO_01
2026-08-05,07:12:13,0.071,9.0,CAMPANHA_PILOTO_01
2026-08-05,07:12:14,0.071,9.0,CAMPANHA_PILOTO_01
2026-08-05,07:12:15,0.071,9.0,CAMPANHA_PILOTO_01
2026-08-05,07:12:16,0.071,9.0,CAMPANHA_PILOTO_01
2026-08-05,07:12:17,0.071,9.0,CAMPANHA_PILOTO_01
2026-08-05,07:12:18,0.071,9.0,CAMPANHA_PILOTO_01
2026-08-05,07:12:19,0.071,9.0,CAMPANHA_PILOTO_01
2026-08-05,07:12:20,0.071,9.0,CAMPANHA_PILOTO_01
2026-08-05,07:12:21,0.071,9.0,CAMPANHA_PILOTO_01
2026-08-05,07:12:22,0.071,9.0,CAMPANHA_PILOTO_01
2026-08-05,07:12:23,0.071,9.0,CAMPANHA_PILOTO_01
2026-08-05,07:12:24,0.071,9.0,CAMPANHA_PILOTO_01
2026-08-05,07:12:25,0.071,9.0,CAMPANHA_PILOTO_01
2026-08-05,07:12:26,0.071,9.0,CAMPANHA_PILOTO_01
2026-08-05,07:12:27,0.071,9.0,CAMPANHA_PILOTO_01
2026-08-05,07:12:28,0.071,9.0,CAMPANHA_PILOTO_01
2026-08-05,07:12:29,0.071,9.0,CAMPANHA_PILOTO_01
2026-08-05,07:12:30,0.071,9.0,CAMPANHA_PILOTO_01
2026-08-05,07:12:31,0.071,9.0,CAMPANHA_PILOTO_01
2026-08-05,07:12:32,0.071,9.0,CAMPANHA_PILOTO_01
2026-08-05,07:12:33,0.071,9.0,CAMPANHA_PILOTO_01
2026-08-05,07:12:34,0.071,9.0,CAMPANHA_PILOTO_01
2026-08-05,07:12:35,0.071,9.0,CAMPANHA_PILOTO_01
2026-08-05,07:12:36,0.071,9.0,CAMPANHA_PILOTO_01
2026-08-05,07:12:37,0.071,9.0,CAMPANHA_PILOTO_01
2026-08-05,07:12:38,0.071,9.0,CAMPANHA_PILOTO_01
2026-08-05,07:12:39,0.071,9.0,CAMPANHA_PILOTO_01
2026-08-05,07:12:40,0.071,9.0,CAMPANHA_PILOTO_01
2026-08-05,07:12:41,0.071,9.0,CAMPANHA_PILOTO_01
2026-08-05,07:12:42,0.071,9.0,CAMPANHA_PILOTO_01
2026-08-05,07:12:43,0.071,9.0,CAMPANHA_PILOTO_01
2026-08-05,07:12:44,0.071,9.0,CAMPANHA_PILOTO_01
2026-08-05,07:12:45,0.071,9.0,CAMPANHA_PILOTO_01
2026-08-05,07:12:46,0.071,9.0,CAMPANHA_PILOTO_01
2026-08-05,07:12:47,0.07,9.0,CAMPANHA_PILOTO_01
2026-08-05,07:12:48,0.07,9.0,CAMPANHA_PILOTO_01
2026-08-05,07:12:49,0.07,9.0,CAMPANHA_PILOTO_01
2026-08-05,07:12:50,0.07,9.0,CAMPANHA_PILOTO_01
2026-08-05,07:12:51,0.07,9.0,CAMPANHA_PILOTO_01
2026-08-05,07:12:52,0.07,9.0,CAMPANHA_PILOTO_01
2026-08-05,07:12:53,0.07,9.0,CAMPANHA_PILOTO_01
2026-08-05,07:12:54,0.07,9.0,CAMPANHA_PILOTO_01
2026-08-05,07:12:55,0.07,9.0,CAMPANHA_PILOTO_01
2026-08-05,07:12:56,0.07,9.0,CAMPANHA_PILOTO_01
2026-08-05,07:12:57,0.07,9.0,CAMPANHA_PILOTO_01
2026-08-05,07:12:58,0.07,8.9,CAMPANHA_PILOTO_01
2026-08-05,07:12:59,0.07,8.9,CAMPANHA_PILOTO_01
2026-08-05,07:13:00,0.07,8.9,CAMPANHA_PILOTO_01
2026-08-05,07:13:01,0.07,8.9,CAMPANHA_PILOTO_01
2026-08-05,07:13:02,0.07,8.9,CAMPANHA_PILOTO_01
2026-08-05,07:13:03,0.07,8.9,CAMPANHA_PILOTO_01
2026-08-05,07:13:04,0.07,8.9,CAMPANHA_PILOTO_01
2026-08-05,07:13:05,0.07,8.9,CAMPANHA_PILOTO_01
2026-08-05,07:13:06,0.07,8.9,CAMPANHA_PILOTO_01
2026-08-05,07:13:07,0.07,8.9,CAMPANHA_PILOTO_01
2026-08-05,07:13:08,0.07,8.9,CAMPANHA_PILOTO_01
2026-08-05,07:13:09,0.07,8.9,CAMPANHA_PILOTO_01
2026-08-05,07:13:10,0.07,8.9,CAMPANHA_PILOTO_01
2026-08-05,07:13:11,0.07,8.9,CAMPANHA_PILOTO_01
2026-08-05,07:13:12,0.07,8.9,CAMPANHA_PILOTO_01
2026-08-05,07:13:13,0.07,8.9,CAMPANHA_PILOTO_01
2026-08-05,07:13:14,0.07,8.9,CAMPANHA_PILOTO_01
2026-08-05,07:13:15,0.07,8.9,CAMPANHA_PILOTO_01
2026-08-05,07:13:16,0.07,8.9,CAMPANHA_PILOTO_01
2026-08-05,07:13:17,0.07,8.9,CAMPANHA_PILOTO_01
2026-08-05,07:13:18,0.07,8.9,CAMPANHA_PILOTO_01
2026-08-05,07:13:19,0.07,8.9,CAMPANHA_PILOTO_01
2026-08-05,07:13:20,0.07,8.9,CAMPANHA_PILOTO_01
2026-08-05,07:13:21,0.07,8.9,CAMPANHA_PILOTO_01
2026-08-05,07:13:22,0.07,8.9,CAMPANHA_PILOTO_01
2026-08-05,07:13:23,0.07,8.9,CAMPANHA_PILOTO_01
2026-08-05,07:13:24,0.07,8.9,CAMPANHA_PILOTO_01
2026-08-05,07:13:25,0.07,8.9,CAMPANHA_PILOTO_01
2026-08-05,07:13:26,0.07,8.9,CAMPANHA_PILOTO_01
2026-08-05,07:13:27,0.07,8.9,CAMPANHA_PILOTO_01
2026-08-05,07:13:28,0.07,8.9,CAMPANHA_PILOTO_01
2026-08-05,07:13:29,0.07,8.9,CAMPANHA_PILOTO_01
2026-08-05,07:13:30,0.07,8.9,CAMPANHA_PILOTO_01
2026-08-05,07:13:31,0.07,8.9,CAMPANHA_PILOTO_01
2026-08-05,07:13:32,0.07,8.9,CAMPANHA_PILOTO_01
2026-08-05,07:13:33,0.07,8.9,CAMPANHA_PILOTO_01
2026-08-05,07:13:34,0.07,8.9,CAMPANHA_PILOTO_01
2026-08-05,07:13:35,0.07,8.9,CAMPANHA_PILOTO_01
2026-08-05,07:13:36,0.07,8.9,CAMPANHA_PILOTO_01
2026-08-05,07:13:37,0.07,8.9,CAMPANHA_PILOTO_01
2026-08-05,07:13:38,0.07,8.9,CAMPANHA_PILOTO_01
2026-08-05,07:13:39,0.07,8.9,CAMPANHA_PILOTO_01
2026-08-05,07:13:40,0.07,8.9,CAMPANHA_PILOTO_01
2026-08-05,07:13:41,0.07,8.9,CAMPANHA_PILOTO_01
2026-08-05,07:13:42,0.07,8.9,CAMPANHA_PILOTO_01
2026-08-05,07:13:43,0.07,8.9,CAMPANHA_PILOTO_01
2026-08-05,07:13:44,0.07,8.9,CAMPANHA_PILOTO_01
2026-08-05,07:13:45,0.07,8.9,CAMPANHA_PILOTO_01
2026-08-05,07:13:46,0.07,8.9,CAMPANHA_PILOTO_01
2026-08-05,07:13:47,0.07,8.9,CAMPANHA_PILOTO_01
2026-08-05,07:13:48,0.07,8.9,CAMPANHA_PILOTO_01
2026-08-05,07:13:49,0.07,8.9,CAMPANHA_PILOTO_01
2026-08-05,07:13:50,0.07,8.9,CAMPANHA_PILOTO_01
2026-08-05,07:13:51,0.07,8.9,CAMPANHA_PILOTO_01
2026-08-05,07:13:52,0.07,8.9,CAMPANHA_PILOTO_01
2026-08-05,07:13:53,0.07,8.9,CAMPANHA_PILOTO_01
2026-08-05,07:13:54,0.07,8.9,CAMPANHA_PILOTO_01
2026-08-05,07:13:55,0.07,8.9,CAMPANHA_PILOTO_01
2026-08-05,07:13:56,0.07,8.9,CAMPANHA_PILOTO_01
2026-08-05,07:13:57,0.07,8.9,CAMPANHA_PILOTO_01
2026-08-05,07:13:58,0.07,8.9,CAMPANHA_PILOTO_01
2026-08-05,07:13:59,0.07,8.9,CAMPANHA_PILOTO_01
2026-08-05,07:14:00,0.07,8.9,CAMPANHA_PILOTO_01
2026-08-05,07:14:01,0.07,8.9,CAMPANHA_PILOTO_01
2026-08-05,07:14:02,0.07,8.9,CAMPANHA_PILOTO_01
2026-08-05,07:14:03,0.07,8.9,CAMPANHA_PILOTO_01
2026-08-05,07:14:04,0.07,8.9,CAMPANHA_PILOTO_01
2026-08-05,07:14:05,0.07,8.9,CAMPANHA_PILOTO_01
2026-08-05,07:14:06,0.07,8.9,CAMPANHA_PILOTO_01
2026-08-05,07:14:07,0.07,8.9,CAMPANHA_PILOTO_01
2026-08-05,07:14:08,0.07,8.9,CAMPANHA_PILOTO_01
2026-08-05,07:14:09,0.07,8.9,CAMPANHA_PILOTO_01
2026-08-05,07:14:10,0.07,8.9,CAMPANHA_PILOTO_01
2026-08-05,07:14:11,0.07,8.9,CAMPANHA_PILOTO_01
2026-08-05,07:14:12,0.07,8.9,CAMPANHA_PILOTO_01
2026-08-05,07:14:13,0.07,8.9,CAMPANHA_PILOTO_01
2026-08-05,07:14:14,0.07,8.9,CAMPANHA_PILOTO_01
2026-08-05,07:14:15,0.07,8.9,CAMPANHA_PILOTO_01
2026-08-05,07:14:16,0.07,8.9,CAMPANHA_PILOTO_01
2026-08-05,07:14:17,0.07,8.9,CAMPANHA_PILOTO_01
2026-08-05,07:14:18,0.07,8.9,CAMPANHA_PILOTO_01
2026-08-05,07:14:19,0.07,8.9,CAMPANHA_PILOTO_01
2026-08-05,07:14:20,0.07,8.9,CAMPANHA_PILOTO_01
2026-08-05,07:14:21,0.07,8.9,CAMPANHA_PILOTO_01
2026-08-05,07:14:22,0.07,8.9,CAMPANHA_PILOTO_01
2026-08-05,07:14:23,0.07,8.9,CAMPANHA_PILOTO_01
2026-08-05,07:14:24,0.07,8.9,CAMPANHA_PILOTO_01
2026-08-05,07:14:25,0.07,8.9,CAMPANHA_PILOTO_01
2026-08-05,07:14:26,0.07,8.9,CAMPANHA_PILOTO_01
2026-08-05,07:14:27,0.07,8.9,CAMPANHA_PILOTO_01
2026-08-05,07:14:28,0.07,8.9,CAMPANHA_PILOTO_01
2026-08-05,07:14:29,0.07,8.9,CAMPANHA_PILOTO_01
2026-08-05,07:14:30,0.07,8.9,CAMPANHA_PILOTO_01
2026-08-05,07:14:31,0.07,8.9,CAMPANHA_PILOTO_01
2026-08-05,07:14:32,0.07,8.9,CAMPANHA_PILOTO_01
2026-08-05,07:14:33,0.07,8.9,CAMPANHA_PILOTO_01
2026-08-05,07:14:34,0.07,8.9,CAMPANHA_PILOTO_01
2026-08-05,07:14:35,0.07,8.9,CAMPANHA_PILOTO_01
2026-08-05,07:14:36,0.07,8.9,CAMPANHA_PILOTO_01
2026-08-05,07:14:37,0.07,8.9,CAMPANHA_PILOTO_01
2026-08-05,07:14:38,0.07,8.9,CAMPANHA_PILOTO_01
2026-08-05,07:14:39,0.07,8.9,CAMPANHA_PILOTO_01
2026-08-05,07:14:40,0.07,8.9,CAMPANHA_PILOTO_01
2026-08-05,07:14:41,0.07,8.9,CAMPANHA_PILOTO_01
2026-08-05,07:14:42,0.07,8.9,CAMPANHA_PILOTO_01
2026-08-05,07:14:43,0.07,8.9,CAMPANHA_PILOTO_01
2026-08-05,07:14:44,0.07,8.9,CAMPANHA_PILOTO_01
2026-08-05,07:14:45,0.07,8.9,CAMPANHA_PILOTO_01
2026-08-05,07:14:46,0.07,8.9,CAMPANHA_PILOTO_01
2026-08-05,07:14:47,0.07,8.9,CAMPANHA_PILOTO_01
2026-08-05,07:14:48,0.07,8.9,CAMPANHA_PILOTO_01
2026-08-05,07:14:49,0.07,8.9,CAMPANHA_PILOTO_01
2026-08-05,07:14:50,0.07,8.9,CAMPANHA_PILOTO_01
2026-08-05,07:14:51,0.07,8.9,CAMPANHA_PILOTO_01
2026-08-05,07:14:52,0.07,8.9,CAMPANHA_PILOTO_01
2026-08-05,07:14:53,0.07,8.9,CAMPANHA_PILOTO_01
2026-08-05,07:14:54,0.07,8.9,CAMPANHA_PILOTO_01
2026-08-05,07:14:55,0.07,8.9,CAMPANHA_PILOTO_01
2026-08-05,07:14:56,0.07,8.9,CAMPANHA_PILOTO_01
2026-08-05,07:14:57,0.07,8.9,CAMPANHA_PILOTO_01
2026-08-05,07:14:58,0.07,8.9,CAMPANHA_PILOTO_01
2026-08-05,07:14:59,0.07,8.9,CAMPANHA_PILOTO_01
2026-08-05,07:15:00,0.07,8.9,CAMPANHA_PILOTO_01
2026-08-05,07:15:01,0.07,8.9,CAMPANHA_PILOTO_01
2026-08-05,07:15:02,0.07,8.9,CAMPANHA_PILOTO_01
2026-08-05,07:15:03,0.07,8.9,CAMPANHA_PILOTO_01
2026-08-05,07:15:04,0.07,8.9,CAMPANHA_PILOTO_01
2026-08-05,07:15:05,0.07,8.9,CAMPANHA_PILOTO_01
2026-08-05,07:15:06,0.07,8.9,CAMPANHA_PILOTO_01
2026-08-05,07:15:07,0.07,8.9,CAMPANHA_PILOTO_01
2026-08-05,07:15:08,0.07,8.9,CAMPANHA_PILOTO_01
2026-08-05,07:15:09,0.07,8.9,CAMPANHA_PILOTO_01
2026-08-05,07:15:10,0.07,8.9,CAMPANHA_PILOTO_01
2026-08-05,07:15:11,0.07,8.9,CAMPANHA_PILOTO_01
2026-08-05,07:15:12,0.07,8.9,CAMPANHA_PILOTO_01
2026-08-05,07:15:13,0.07,8.9,CAMPANHA_PILOTO_01
2026-08-05,07:15:14,0.07,8.9,CAMPANHA_PILOTO_01
2026-08-05,07:15:15,0.07,8.9,CAMPANHA_PILOTO_01
2026-08-05,07:15:16,0.07,8.9,CAMPANHA_PILOTO_01
2026-08-05,07:15:17,0.07,8.9,CAMPANHA_PILOTO_01
2026-08-05,07:15:18,0.07,8.9,CAMPANHA_PILOTO_01
2026-08-05,07:15:19,0.07,8.9,CAMPANHA_PILOTO_01
2026-08-05,07:15:20,0.07,8.9,CAMPANHA_PILOTO_01
2026-08-05,07:15:21,0.07,8.9,CAMPANHA_PILOTO_01
2026-08-05,07:15:22,0.07,8.9,CAMPANHA_PILOTO_01
2026-08-05,07:15:23,0.07,8.9,CAMPANHA_PILOTO_01
2026-08-05,07:15:24,0.07,8.9,CAMPANHA_PILOTO_01
2026-08-05,07:15:25,0.07,8.9,CAMPANHA_PILOTO_01
2026-08-05,07:15:26,0.07,8.9,CAMPANHA_PILOTO_01
2026-08-05,07:15:27,0.07,8.9,CAMPANHA_PILOTO_01
2026-08-05,07:15:28,0.07,8.9,CAMPANHA_PILOTO_01
2026-08-05,07:15:29,0.07,8.9,CAMPANHA_PILOTO_01
2026-08-05,07:15:30,0.07,8.9,CAMPANHA_PILOTO_01
2026-08-05,07:15:31,0.07,8.9,CAMPANHA_PILOTO_01
2026-08-05,07:15:32,0.07,8.9,CAMPANHA_PILOTO_01
2026-08-05,07:15:33,0.07,8.9,CAMPANHA_PILOTO_01
2026-08-05,07:15:34,0.07,8.9,CAMPANHA_PILOTO_01
2026-08-05,07:15:35,0.07,8.9,CAMPANHA_PILOTO_01
2026-08-05,07:15:36,0.07,8.9,CAMPANHA_PILOTO_01
2026-08-05,07:15:37,0.07,8.9,CAMPANHA_PILOTO_01
2026-08-05,07:15:38,0.07,8.9,CAMPANHA_PILOTO_01
2026-08-05,07:15:39,0.07,8.9,CAMPANHA_PILOTO_01
2026-08-05,07:15:40,0.07,8.9,CAMPANHA_PILOTO_01
2026-08-05,07:15:41,0.07,8.9,CAMPANHA_PILOTO_01
2026-08-05,07:15:42,0.07,8.9,CAMPANHA_PILOTO_01
2026-08-05,07:15:43,0.07,8.9,CAMPANHA_PILOTO_01
2026-08-05,07:15:44,0.07,8.9,CAMPANHA_PILOTO_01
2026-08-05,07:15:45,0.07,8.9,CAMPANHA_PILOTO_01
2026-08-05,07:15:46,0.07,8.9,CAMPANHA_PILOTO_01
2026-08-05,07:15:47,0.07,8.9,CAMPANHA_PILOTO_01
2026-08-05,07:15:48,0.07,8.9,CAMPANHA_PILOTO_01
2026-08-05,07:15:49,0.07,8.9,CAMPANHA_PILOTO_01
2026-08-05,07:15:50,0.07,8.9,CAMPANHA_PILOTO_01
2026-08-05,07:15:51,0.07,8.9,CAMPANHA_PILOTO_01
2026-08-05,07:15:52,0.07,8.9,CAMPANHA_PILOTO_01
2026-08-05,07:15:53,0.07,8.9,CAMPANHA_PILOTO_01
2026-08-05,07:15:54,0.07,8.9,CAMPANHA_PILOTO_01
2026-08-05,07:15:55,0.07,8.9,CAMPANHA_PILOTO_01
2026-08-05,07:15:56,0.07,8.9,CAMPANHA_PILOTO_01
2026-08-05,07:15:57,0.07,8.9,CAMPANHA_PILOTO_01
2026-08-05,07:15:58,0.07,8.9,CAMPANHA_PILOTO_01
2026-08-05,07:15:59,0.07,8.9,CAMPANHA_PILOTO_01
2026-08-05,07:16:00,0.07,8.9,CAMPANHA_PILOTO_01
2026-08-05,07:16:01,0.07,8.9,CAMPANHA_PILOTO_01
2026-08-05,07:16:02,0.07,8.9,CAMPANHA_PILOTO_01
2026-08-05,07:16:03,0.07,8.9,CAMPANHA_PILOTO_01
2026-08-05,07:16:04,0.07,8.9,CAMPANHA_PILOTO_01
2026-08-05,07:16:05,0.07,8.9,CAMPANHA_PILOTO_01
2026-08-05,07:16:06,0.07,8.9,CAMPANHA_PILOTO_01
2026-08-05,07:16:07,0.07,8.9,CAMPANHA_PILOTO_01
2026-08-05,07:16:08,0.07,8.9,CAMPANHA_PILOTO_01
2026-08-05,07:16:09,0.07,8.9,CAMPANHA_PILOTO_01
2026-08-05,07:16:10,0.07,8.9,CAMPANHA_PILOTO_01
2026-08-05,07:16:11,0.07,8.9,CAMPANHA_PILOTO_01
2026-08-05,07:16:12,0.07,8.9,CAMPANHA_PILOTO_01
2026-08-05,07:16:13,0.07,8.9,CAMPANHA_PILOTO_01
2026-08-05,07:16:14,0.07,8.9,CAMPANHA_PILOTO_01
2026-08-05,07:16:15,0.07,8.9,CAMPANHA_PILOTO_01
2026-08-05,07:16:16,0.07,8.9,CAMPANHA_PILOTO_01
2026-08-05,07:16:17,0.07,8.9,CAMPANHA_PILOTO_01
2026-08-05,07:16:18,0.07,8.9,CAMPANHA_PILOTO_01
2026-08-05,07:16:19,0.07,8.9,CAMPANHA_PILOTO_01
2026-08-05,07:16:20,0.07,8.9,CAMPANHA_PILOTO_01
2026-08-05,07:16:21,0.07,8.9,CAMPANHA_PILOTO_01
2026-08-05,07:16:22,0.07,8.9,CAMPANHA_PILOTO_01
2026-08-05,07:16:23,0.07,8.9,CAMPANHA_PILOTO_01
2026-08-05,07:16:24,0.07,8.9,CAMPANHA_PILOTO_01
2026-08-05,07:16:25,0.07,8.9,CAMPANHA_PILOTO_01
2026-08-05,07:16:26,0.07,8.9,CAMPANHA_PILOTO_01
2026-08-05,07:16:27,0.07,8.9,CAMPANHA_PILOTO_01
2026-08-05,07:16:28,0.07,8.9,CAMPANHA_PILOTO_01
2026-08-05,07:16:29,0.07,8.9,CAMPANHA_PILOTO_01
2026-08-05,07:16:30,0.07,8.9,CAMPANHA_PILOTO_01
2026-08-05,07:16:31,0.07,8.9,CAMPANHA_PILOTO_01
2026-08-05,07:16:32,0.07,8.9,CAMPANHA_PILOTO_01
2026-08-05,07:16:33,0.07,8.9,CAMPANHA_PILOTO_01
2026-08-05,07:16:34,0.07,8.9,CAMPANHA_PILOTO_01
2026-08-05,07:16:35,0.07,8.9,CAMPANHA_PILOTO_01
2026-08-05,07:16:36,0.07,8.9,CAMPANHA_PILOTO_01
2026-08-05,07:16:37,0.07,8.9,CAMPANHA_PILOTO_01
2026-08-05,07:16:38,0.07,8.9,CAMPANHA_PILOTO_01
2026-08-05,07:16:39,0.07,8.9,CAMPANHA_PILOTO_01
2026-08-05,07:16:40,0.07,8.9,CAMPANHA_PILOTO_01
2026-08-05,07:16:41,0.07,8.9,CAMPANHA_PILOTO_01
2026-08-05,07:16:42,0.07,8.9,CAMPANHA_PILOTO_01
2026-08-05,07:16:43,0.07,8.9,CAMPANHA_PILOTO_01
2026-08-05,07:16:44,0.07,8.9,CAMPANHA_PILOTO_01
2026-08-05,07:16:45,0.07,8.9,CAMPANHA_PILOTO_01
2026-08-05,07:16:46,0.07,8.9,CAMPANHA_PILOTO_01
2026-08-05,07:16:47,0.07,8.9,CAMPANHA_PILOTO_01
2026-08-05,07:16:48,0.07,8.9,CAMPANHA_PILOTO_01
2026-08-05,07:16:49,0.07,8.9,CAMPANHA_PILOTO_01
2026-08-05,07:16:50,0.07,8.9,CAMPANHA_PILOTO_01
2026-08-05,07:16:51,0.07,8.9,CAMPANHA_PILOTO_01
2026-08-05,07:16:52,0.07,8.9,CAMPANHA_PILOTO_01
2026-08-05,07:16:53,0.07,8.9,CAMPANHA_PILOTO_01
2026-08-05,07:16:54,0.07,8.9,CAMPANHA_PILOTO_01
2026-08-05,07:16:55,0.07,8.9,CAMPANHA_PILOTO_01
2026-08-05,07:16:56,0.07,8.9,CAMPANHA_PILOTO_01
2026-08-05,07:16:57,0.07,8.9,CAMPANHA_PILOTO_01
2026-08-05,07:16:58,0.07,8.9,CAMPANHA_PILOTO_01
2026-08-05,07:16:59,0.07,8.9,CAMPANHA_PILOTO_01
2026-08-05,07:17:00,0.07,8.9,CAMPANHA_PILOTO_01
2026-08-05,07:17:01,0.07,8.9,CAMPANHA_PILOTO_01
2026-08-05,07:17:02,0.07,8.9,CAMPANHA_PILOTO_01
2026-08-05,07:17:03,0.07,8.9,CAMPANHA_PILOTO_01
2026-08-05,07:17:04,0.07,8.9,CAMPANHA_PILOTO_01
2026-08-05,07:17:05,0.07,8.9,CAMPANHA_PILOTO_01
2026-08-05,07:17:06,0.07,8.9,CAMPANHA_PILOTO_01
2026-08-05,07:17:07,0.07,8.9,CAMPANHA_PILOTO_01
2026-08-05,07:17:08,0.07,8.9,CAMPANHA_PILOTO_01
2026-08-05,07:17:09,0.07,8.9,CAMPANHA_PILOTO_01
2026-08-05,07:17:10,0.07,8.9,CAMPANHA_PILOTO_01
2026-08-05,07:17:11,0.07,8.9,CAMPANHA_PILOTO_01
2026-08-05,07:17:12,0.07,8.9,CAMPANHA_PILOTO_01
2026-08-05,07:17:13,0.07,8.9,CAMPANHA_PILOTO_01
2026-08-05,07:17:14,0.07,8.9,CAMPANHA_PILOTO_01
2026-08-05,07:17:15,0.07,8.9,CAMPANHA_PILOTO_01
2026-08-05,07:17:16,0.07,8.9,CAMPANHA_PILOTO_01
2026-08-05,07:17:17,0.07,8.9,CAMPANHA_PILOTO_01
2026-08-05,07:17:18,0.07,8.9,CAMPANHA_PILOTO_01
2026-08-05,07:17:19,0.07,8.9,CAMPANHA_PILOTO_01
2026-08-05,07:17:20,0.07,8.9,CAMPANHA_PILOTO_01
2026-08-05,07:17:21,0.07,8.9,CAMPANHA_PILOTO_01
2026-08-05,07:17:22,0.07,8.9,CAMPANHA_PILOTO_01
2026-08-05,07:17:23,0.07,8.9,CAMPANHA_PILOTO_01
2026-08-05,07:17:24,0.07,8.9,CAMPANHA_PILOTO_01
2026-08-05,07:17:25,0.07,8.9,CAMPANHA_PILOTO_01
2026-08-05,07:17:26,0.07,8.9,CAMPANHA_PILOTO_01
2026-08-05,07:17:27,0.07,8.9,CAMPANHA_PILOTO_01
2026-08-05,07:17:28,0.07,8.9,CAMPANHA_PILOTO_01
2026-08-05,07:17:29,0.07,8.9,CAMPANHA_PILOTO_01
2026-08-05,07:17:30,0.07,8.9,CAMPANHA_PILOTO_01
2026-08-05,07:17:31,0.07,8.9,CAMPANHA_PILOTO_01
2026-08-05,07:17:32,0.07,8.9,CAMPANHA_PILOTO_01
2026-08-05,07:17:33,0.07,8.9,CAMPANHA_PILOTO_01
2026-08-05,07:17:34,0.07,8.9,CAMPANHA_PILOTO_01
2026-08-05,07:17:35,0.07,8.9,CAMPANHA_PILOTO_01
2026-08-05,07:17:36,0.07,8.9,CAMPANHA_PILOTO_01
2026-08-05,07:17:37,0.07,8.9,CAMPANHA_PILOTO_01
2026-08-05,07:17:38,0.07,8.9,CAMPANHA_PILOTO_01
2026-08-05,07:17:39,0.07,8.9,CAMPANHA_PILOTO_01
2026-08-05,07:17:40,0.07,8.9,CAMPANHA_PILOTO_01
2026-08-05,07:17:41,0.07,8.9,CAMPANHA_PILOTO_01
2026-08-05,07:17:42,0.07,8.9,CAMPANHA_PILOTO_01
2026-08-05,07:17:43,0.07,8.9,CAMPANHA_PILOTO_01
2026-08-05,07:17:44,0.07,8.9,CAMPANHA_PILOTO_01
2026-08-05,07:17:45,0.07,8.9,CAMPANHA_PILOTO_01
2026-08-05,07:17:46,0.07,8.9,CAMPANHA_PILOTO_01
2026-08-05,07:17:47,0.07,8.9,CAMPANHA_PILOTO_01
2026-08-05,07:17:48,0.07,8.9,CAMPANHA_PILOTO_01
2026-08-05,07:17:49,0.07,8.9,CAMPANHA_PILOTO_01
2026-08-05,07:17:50,0.07,8.9,CAMPANHA_PILOTO_01
2026-08-05,07:17:51,0.07,8.9,CAMPANHA_PILOTO_01
2026-08-05,07:17:52,0.07,8.9,CAMPANHA_PILOTO_01
2026-08-05,07:17:53,0.07,8.9,CAMPANHA_PILOTO_01
2026-08-05,07:17:54,0.07,8.9,CAMPANHA_PILOTO_01
2026-08-05,07:17:55,0.07,8.9,CAMPANHA_PILOTO_01
2026-08-05,07:17:56,0.07,8.9,CAMPANHA_PILOTO_01
2026-08-05,07:17:57,0.07,8.9,CAMPANHA_PILOTO_01
2026-08-05,07:17:58,0.07,8.9,CAMPANHA_PILOTO_01
2026-08-05,07:17:59,0.07,8.9,CAMPANHA_PILOTO_01
2026-08-05,07:18:00,0.07,8.9,CAMPANHA_PILOTO_01
2026-08-05,07:18:01,0.07,8.9,CAMPANHA_PILOTO_01
2026-08-05,07:18:02,0.07,8.9,CAMPANHA_PILOTO_01
2026-08-05,07:18:03,0.07,8.9,CAMPANHA_PILOTO_01
2026-08-05,07:18:04,0.07,8.9,CAMPANHA_PILOTO_01
2026-08-05,07:18:05,0.07,8.9,CAMPANHA_PILOTO_01
2026-08-05,07:18:06,0.07,8.9,CAMPANHA_PILOTO_01
2026-08-05,07:18:07,0.07,8.9,CAMPANHA_PILOTO_01
2026-08-05,07:18:08,0.07,8.9,CAMPANHA_PILOTO_01
2026-08-05,07:18:09,0.07,8.9,CAMPANHA_PILOTO_01
2026-08-05,07:18:10,0.07,8.9,CAMPANHA_PILOTO_01
2026-08-05,07:18:11,0.07,8.9,CAMPANHA_PILOTO_01
2026-08-05,07:18:12,0.07,8.9,CAMPANHA_PILOTO_01
2026-08-05,07:18:13,0.07,8.9,CAMPANHA_PILOTO_01
2026-08-05,07:18:14,0.07,8.9,CAMPANHA_PILOTO_01
2026-08-05,07:18:15,0.07,8.9,CAMPANHA_PILOTO_01
2026-08-05,07:18:16,0.07,8.9,CAMPANHA_PILOTO_01
2026-08-05,07:18:17,0.07,8.9,CAMPANHA_PILOTO_01
2026-08-05,07:18:18,0.07,8.9,CAMPANHA_PILOTO_01
2026-08-05,07:18:19,0.07,8.9,CAMPANHA_PILOTO_01
2026-08-05,07:18:20,0.07,8.9,CAMPANHA_PILOTO_01
2026-08-05,07:18:21,0.07,8.9,CAMPANHA_PILOTO_01
2026-08-05,07:18:22,0.07,8.9,CAMPANHA_PILOTO_01
2026-08-05,07:18:23,0.07,8.9,CAMPANHA_PILOTO_01
2026-08-05,07:18:24,0.07,8.9,CAMPANHA_PILOTO_01
2026-08-05,07:18:25,0.07,8.9,CAMPANHA_PILOTO_01
2026-08-05,07:18:26,0.07,8.9,CAMPANHA_PILOTO_01
2026-08-05,07:18:27,0.07,8.9,CAMPANHA_PILOTO_01
2026-08-05,07:18:28,0.07,8.9,CAMPANHA_PILOTO_01
2026-08-05,07:18:29,0.07,8.9,CAMPANHA_PILOTO_01
2026-08-05,07:18:30,0.07,8.9,CAMPANHA_PILOTO_01
2026-08-05,07:18:31,0.07,8.9,CAMPANHA_PILOTO_01
2026-08-05,07:18:32,0.07,8.9,CAMPANHA_PILOTO_01
2026-08-05,07:18:33,0.07,8.9,CAMPANHA_PILOTO_01
2026-08-05,07:18:34,0.07,8.9,CAMPANHA_PILOTO_01
2026-08-05,07:18:35,0.07,8.8,CAMPANHA_PILOTO_01
2026-08-05,07:18:36,0.07,8.8,CAMPANHA_PILOTO_01
2026-08-05,07:18:37,0.07,8.8,CAMPANHA_PILOTO_01
2026-08-05,07:18:38,0.07,8.8,CAMPANHA_PILOTO_01
2026-08-05,07:18:39,0.07,8.8,CAMPANHA_PILOTO_01
2026-08-05,07:18:40,0.07,8.8,CAMPANHA_PILOTO_01
2026-08-05,07:18:41,0.07,8.8,CAMPANHA_PILOTO_01
2026-08-05,07:18:42,0.07,8.8,CAMPANHA_PILOTO_01
2026-08-05,07:18:43,0.07,8.8,CAMPANHA_PILOTO_01
2026-08-05,07:18:44,0.07,8.8,CAMPANHA_PILOTO_01
2026-08-05,07:18:45,0.07,8.8,CAMPANHA_PILOTO_01
2026-08-05,07:18:46,0.07,8.8,CAMPANHA_PILOTO_01
2026-08-05,07:18:47,0.07,8.8,CAMPANHA_PILOTO_01
2026-08-05,07:18:48,0.07,8.8,CAMPANHA_PILOTO_01
2026-08-05,07:18:49,0.07,8.8,CAMPANHA_PILOTO_01
2026-08-05,07:18:50,0.07,8.8,CAMPANHA_PILOTO_01
2026-08-05,07:18:51,0.07,8.8,CAMPANHA_PILOTO_01
2026-08-05,07:18:52,0.07,8.8,CAMPANHA_PILOTO_01
2026-08-05,07:18:53,0.07,8.8,CAMPANHA_PILOTO_01
2026-08-05,07:18:54,0.07,8.8,CAMPANHA_PILOTO_01
2026-08-05,07:18:55,0.07,8.8,CAMPANHA_PILOTO_01
2026-08-05,07:18:56,0.07,8.8,CAMPANHA_PILOTO_01
2026-08-05,07:18:57,0.07,8.8,CAMPANHA_PILOTO_01
2026-08-05,07:18:58,0.07,8.8,CAMPANHA_PILOTO_01
2026-08-05,07:18:59,0.07,8.8,CAMPANHA_PILOTO_01
2026-08-05,07:19:00,0.07,8.8,CAMPANHA_PILOTO_01
2026-08-05,07:19:01,0.07,8.8,CAMPANHA_PILOTO_01
2026-08-05,07:19:02,0.07,8.8,CAMPANHA_PILOTO_01
2026-08-05,07:19:03,0.07,8.8,CAMPANHA_PILOTO_01
2026-08-05,07:19:04,0.07,8.8,CAMPANHA_PILOTO_01
2026-08-05,07:19:05,0.07,8.8,CAMPANHA_PILOTO_01
2026-08-05,07:19:06,0.07,8.8,CAMPANHA_PILOTO_01
2026-08-05,07:19:07,0.07,8.8,CAMPANHA_PILOTO_01
2026-08-05,07:19:08,0.07,8.8,CAMPANHA_PILOTO_01
2026-08-05,07:19:09,0.07,8.8,CAMPANHA_PILOTO_01
2026-08-05,07:19:10,0.07,8.8,CAMPANHA_PILOTO_01
2026-08-05,07:19:11,0.07,8.8,CAMPANHA_PILOTO_01
2026-08-05,07:19:12,0.07,8.8,CAMPANHA_PILOTO_01
2026-08-05,07:19:13,0.07,8.8,CAMPANHA_PILOTO_01
2026-08-05,07:19:14,0.07,8.8,CAMPANHA_PILOTO_01
2026-08-05,07:19:15,0.07,8.8,CAMPANHA_PILOTO_01
2026-08-05,07:19:16,0.07,8.8,CAMPANHA_PILOTO_01
2026-08-05,07:19:17,0.07,8.8,CAMPANHA_PILOTO_01
2026-08-05,07:19:18,0.07,8.8,CAMPANHA_PILOTO_01
2026-08-05,07:19:19,0.07,8.8,CAMPANHA_PILOTO_01
2026-08-05,07:19:20,0.07,8.8,CAMPANHA_PILOTO_01
2026-08-05,07:19:21,0.07,8.8,CAMPANHA_PILOTO_01
2026-08-05,07:19:22,0.07,8.8,CAMPANHA_PILOTO_01
2026-08-05,07:19:23,0.07,8.8,CAMPANHA_PILOTO_01
2026-08-05,07:19:24,0.07,8.8,CAMPANHA_PILOTO_01
2026-08-05,07:19:25,0.07,8.8,CAMPANHA_PILOTO_01
2026-08-05,07:19:26,0.07,8.8,CAMPANHA_PILOTO_01
2026-08-05,07:19:27,0.07,8.8,CAMPANHA_PILOTO_01
2026-08-05,07:19:28,0.07,8.8,CAMPANHA_PILOTO_01
2026-08-05,07:19:29,0.07,8.8,CAMPANHA_PILOTO_01
2026-08-05,07:19:30,0.07,8.8,CAMPANHA_PILOTO_01
2026-08-05,07:19:31,0.07,8.8,CAMPANHA_PILOTO_01
2026-08-05,07:19:32,0.07,8.8,CAMPANHA_PILOTO_01
2026-08-05,07:19:33,0.07,8.8,CAMPANHA_PILOTO_01
2026-08-05,07:19:34,0.07,8.8,CAMPANHA_PILOTO_01
2026-08-05,07:19:35,0.07,8.8,CAMPANHA_PILOTO_01
2026-08-05,07:19:36,0.07,8.8,CAMPANHA_PILOTO_01
2026-08-05,07:19:37,0.07,8.8,CAMPANHA_PILOTO_01
2026-08-05,07:19:38,0.07,8.8,CAMPANHA_PILOTO_01
2026-08-05,07:19:39,0.07,8.8,CAMPANHA_PILOTO_01
2026-08-05,07:19:40,0.07,8.8,CAMPANHA_PILOTO_01
2026-08-05,07:19:41,0.07,8.8,CAMPANHA_PILOTO_01
2026-08-05,07:19:42,0.07,8.8,CAMPANHA_PILOTO_01
2026-08-05,07:19:43,0.07,8.8,CAMPANHA_PILOTO_01
2026-08-05,07:19:44,0.07,8.8,CAMPANHA_PILOTO_01
2026-08-05,07:19:45,0.07,8.8,CAMPANHA_PILOTO_01
2026-08-05,07:19:46,0.07,8.8,CAMPANHA_PILOTO_01
2026-08-05,07:19:47,0.07,8.8,CAMPANHA_PILOTO_01
2026-08-05,07:19:48,0.07,8.8,CAMPANHA_PILOTO_01
2026-08-05,07:19:49,0.07,8.8,CAMPANHA_PILOTO_01
2026-08-05,07:19:50,0.07,8.8,CAMPANHA_PILOTO_01
2026-08-05,07:19:51,0.07,8.8,CAMPANHA_PILOTO_01
2026-08-05,07:19:52,0.07,8.8,CAMPANHA_PILOTO_01
2026-08-05,07:19:53,0.07,8.8,CAMPANHA_PILOTO_01
2026-08-05,07:19:54,0.07,8.8,CAMPANHA_PILOTO_01
2026-08-05,07:19:55,0.07,8.8,CAMPANHA_PILOTO_01
2026-08-05,07:19:56,0.069,8.8,CAMPANHA_PILOTO_01
2026-08-05,07:19:57,0.069,8.8,CAMPANHA_PILOTO_01
2026-08-05,07:19:58,0.069,8.8,CAMPANHA_PILOTO_01
2026-08-05,07:19:59,0.069,8.8,CAMPANHA_PILOTO_01
2026-08-05,07:20:00,0.069,8.8,CAMPANHA_PILOTO_01
2026-08-05,07:20:01,0.069,8.8,CAMPANHA_PILOTO_01
2026-08-05,07:20:02,0.069,8.8,CAMPANHA_PILOTO_01
2026-08-05,07:20:03,0.069,8.8,CAMPANHA_PILOTO_01
2026-08-05,07:20:04,0.069,8.8,CAMPANHA_PILOTO_01
2026-08-05,07:20:05,0.069,8.8,CAMPANHA_PILOTO_01
2026-08-05,07:20:06,0.069,8.8,CAMPANHA_PILOTO_01
2026-08-05,07:20:07,0.069,8.8,CAMPANHA_PILOTO_01
2026-08-05,07:20:08,0.069,8.8,CAMPANHA_PILOTO_01
2026-08-05,07:20:09,0.069,8.8,CAMPANHA_PILOTO_01
2026-08-05,07:20:10,0.069,8.8,CAMPANHA_PILOTO_01
2026-08-05,07:20:11,0.069,8.8,CAMPANHA_PILOTO_01
2026-08-05,07:20:12,0.069,8.8,CAMPANHA_PILOTO_01
2026-08-05,07:20:13,0.069,8.8,CAMPANHA_PILOTO_01
2026-08-05,07:20:14,0.069,8.8,CAMPANHA_PILOTO_01
2026-08-05,07:20:15,0.069,8.8,CAMPANHA_PILOTO_01
2026-08-05,07:20:16,0.069,8.8,CAMPANHA_PILOTO_01
2026-08-05,07:20:17,0.069,8.8,CAMPANHA_PILOTO_01
2026-08-05,07:20:18,0.069,8.8,CAMPANHA_PILOTO_01
2026-08-05,07:20:19,0.069,8.8,CAMPANHA_PILOTO_01
2026-08-05,07:20:20,0.069,8.8,CAMPANHA_PILOTO_01
2026-08-05,07:20:21,0.069,8.8,CAMPANHA_PILOTO_01
2026-08-05,07:20:22,0.069,8.8,CAMPANHA_PILOTO_01
2026-08-05,07:20:23,0.069,8.8,CAMPANHA_PILOTO_01
2026-08-05,07:20:24,0.069,8.8,CAMPANHA_PILOTO_01
2026-08-05,07:20:25,0.069,8.8,CAMPANHA_PILOTO_01
2026-08-05,07:20:26,0.069,8.8,CAMPANHA_PILOTO_01
2026-08-05,07:20:27,0.069,8.8,CAMPANHA_PILOTO_01
2026-08-05,07:20:28,0.069,8.8,CAMPANHA_PILOTO_01
2026-08-05,07:20:29,0.069,8.8,CAMPANHA_PILOTO_01
2026-08-05,07:20:30,0.069,8.8,CAMPANHA_PILOTO_01
2026-08-05,07:20:31,0.069,8.8,CAMPANHA_PILOTO_01
2026-08-05,07:20:32,0.069,8.8,CAMPANHA_PILOTO_01
2026-08-05,07:20:33,0.069,8.8,CAMPANHA_PILOTO_01
2026-08-05,07:20:34,0.069,8.8,CAMPANHA_PILOTO_01
2026-08-05,07:20:35,0.069,8.8,CAMPANHA_PILOTO_01
2026-08-05,07:20:36,0.069,8.8,CAMPANHA_PILOTO_01
2026-08-05,07:20:37,0.069,8.8,CAMPANHA_PILOTO_01
2026-08-05,07:20:38,0.069,8.8,CAMPANHA_PILOTO_01
2026-08-05,07:20:39,0.069,8.8,CAMPANHA_PILOTO_01
2026-08-05,07:20:40,0.069,8.8,CAMPANHA_PILOTO_01
2026-08-05,07:20:41,0.069,8.8,CAMPANHA_PILOTO_01
2026-08-05,07:20:42,0.069,8.8,CAMPANHA_PILOTO_01
2026-08-05,07:20:43,0.069,8.8,CAMPANHA_PILOTO_01
2026-08-05,07:20:44,0.069,8.8,CAMPANHA_PILOTO_01
2026-08-05,07:20:45,0.069,8.8,CAMPANHA_PILOTO_01
2026-08-05,07:20:46,0.069,8.8,CAMPANHA_PILOTO_01
2026-08-05,07:20:47,0.069,8.8,CAMPANHA_PILOTO_01
2026-08-05,07:20:48,0.069,8.8,CAMPANHA_PILOTO_01
2026-08-05,07:20:49,0.069,8.8,CAMPANHA_PILOTO_01
2026-08-05,07:20:50,0.069,8.8,CAMPANHA_PILOTO_01
2026-08-05,07:20:51,0.069,8.8,CAMPANHA_PILOTO_01
2026-08-05,07:20:52,0.069,8.8,CAMPANHA_PILOTO_01
2026-08-05,07:20:53,0.069,8.8,CAMPANHA_PILOTO_01
2026-08-05,07:20:54,0.069,8.8,CAMPANHA_PILOTO_01
2026-08-05,07:20:55,0.069,8.8,CAMPANHA_PILOTO_01
2026-08-05,07:20:56,0.069,8.8,CAMPANHA_PILOTO_01
2026-08-05,07:20:57,0.069,8.8,CAMPANHA_PILOTO_01
2026-08-05,07:20:58,0.069,8.8,CAMPANHA_PILOTO_01
2026-08-05,07:20:59,0.069,8.8,CAMPANHA_PILOTO_01
2026-08-05,07:21:00,0.069,8.8,CAMPANHA_PILOTO_01
2026-08-05,07:21:01,0.069,8.8,CAMPANHA_PILOTO_01
2026-08-05,07:21:02,0.069,8.8,CAMPANHA_PILOTO_01
2026-08-05,07:21:03,0.069,8.8,CAMPANHA_PILOTO_01
2026-08-05,07:21:04,0.069,8.8,CAMPANHA_PILOTO_01
2026-08-05,07:21:05,0.069,8.8,CAMPANHA_PILOTO_01
2026-08-05,07:21:06,0.069,8.8,CAMPANHA_PILOTO_01
2026-08-05,07:21:07,0.069,8.8,CAMPANHA_PILOTO_01
2026-08-05,07:21:08,0.069,8.8,CAMPANHA_PILOTO_01
2026-08-05,07:21:09,0.069,8.8,CAMPANHA_PILOTO_01
2026-08-05,07:21:10,0.069,8.8,CAMPANHA_PILOTO_01
2026-08-05,07:21:11,0.069,8.8,CAMPANHA_PILOTO_01
2026-08-05,07:21:12,0.069,8.8,CAMPANHA_PILOTO_01
2026-08-05,07:21:13,0.069,8.8,CAMPANHA_PILOTO_01
2026-08-05,07:21:14,0.069,8.8,CAMPANHA_PILOTO_01
2026-08-05,07:21:15,0.069,8.8,CAMPANHA_PILOTO_01
2026-08-05,07:21:16,0.069,8.8,CAMPANHA_PILOTO_01
2026-08-05,07:21:17,0.069,8.8,CAMPANHA_PILOTO_01
2026-08-05,07:21:18,0.069,8.8,CAMPANHA_PILOTO_01
2026-08-05,07:21:19,0.069,8.8,CAMPANHA_PILOTO_01
2026-08-05,07:21:20,0.069,8.8,CAMPANHA_PILOTO_01
2026-08-05,07:21:21,0.069,8.8,CAMPANHA_PILOTO_01
2026-08-05,07:21:22,0.069,8.8,CAMPANHA_PILOTO_01
2026-08-05,07:21:23,0.069,8.8,CAMPANHA_PILOTO_01
2026-08-05,07:21:24,0.069,8.8,CAMPANHA_PILOTO_01
2026-08-05,07:21:25,0.069,8.8,CAMPANHA_PILOTO_01
2026-08-05,07:21:26,0.069,8.8,CAMPANHA_PILOTO_01
2026-08-05,07:21:27,0.069,8.8,CAMPANHA_PILOTO_01
2026-08-05,07:21:28,0.069,8.8,CAMPANHA_PILOTO_01
2026-08-05,07:21:29,0.069,8.8,CAMPANHA_PILOTO_01
2026-08-05,07:21:30,0.069,8.8,CAMPANHA_PILOTO_01
2026-08-05,07:21:31,0.069,8.8,CAMPANHA_PILOTO_01
2026-08-05,07:21:32,0.069,8.8,CAMPANHA_PILOTO_01
2026-08-05,07:21:33,0.069,8.8,CAMPANHA_PILOTO_01
2026-08-05,07:21:34,0.069,8.8,CAMPANHA_PILOTO_01
2026-08-05,07:21:35,0.069,8.8,CAMPANHA_PILOTO_01
2026-08-05,07:21:36,0.069,8.8,CAMPANHA_PILOTO_01
2026-08-05,07:21:37,0.069,8.8,CAMPANHA_PILOTO_01
2026-08-05,07:21:38,0.069,8.8,CAMPANHA_PILOTO_01
2026-08-05,07:21:39,0.069,8.8,CAMPANHA_PILOTO_01
2026-08-05,07:21:40,0.069,8.8,CAMPANHA_PILOTO_01
2026-08-05,07:21:41,0.069,8.8,CAMPANHA_PILOTO_01
2026-08-05,07:21:42,0.069,8.8,CAMPANHA_PILOTO_01
2026-08-05,07:21:43,0.069,8.8,CAMPANHA_PILOTO_01
2026-08-05,07:21:44,0.069,8.8,CAMPANHA_PILOTO_01
2026-08-05,07:21:45,0.069,8.8,CAMPANHA_PILOTO_01
2026-08-05,07:21:46,0.069,8.8,CAMPANHA_PILOTO_01
2026-08-05,07:21:47,0.069,8.8,CAMPANHA_PILOTO_01
2026-08-05,07:21:48,0.069,8.8,CAMPANHA_PILOTO_01
2026-08-05,07:21:49,0.069,8.8,CAMPANHA_PILOTO_01
2026-08-05,07:21:50,0.069,8.8,CAMPANHA_PILOTO_01
2026-08-05,07:21:51,0.069,8.8,CAMPANHA_PILOTO_01
2026-08-05,07:21:52,0.069,8.8,CAMPANHA_PILOTO_01
2026-08-05,07:21:53,0.069,8.8,CAMPANHA_PILOTO_01
2026-08-05,07:21:54,0.069,8.8,CAMPANHA_PILOTO_01
2026-08-05,07:21:55,0.069,8.8,CAMPANHA_PILOTO_01
2026-08-05,07:21:56,0.069,8.8,CAMPANHA_PILOTO_01
2026-08-05,07:21:57,0.069,8.8,CAMPANHA_PILOTO_01
2026-08-05,07:21:58,0.069,8.8,CAMPANHA_PILOTO_01
2026-08-05,07:21:59,0.069,8.8,CAMPANHA_PILOTO_01
2026-08-05,07:22:00,0.069,8.8,CAMPANHA_PILOTO_01
2026-08-05,07:22:01,0.069,8.8,CAMPANHA_PILOTO_01
2026-08-05,07:22:02,0.069,8.8,CAMPANHA_PILOTO_01
2026-08-05,07:22:03,0.069,8.8,CAMPANHA_PILOTO_01
2026-08-05,07:22:04,0.069,8.8,CAMPANHA_PILOTO_01
2026-08-05,07:22:05,0.069,8.8,CAMPANHA_PILOTO_01
2026-08-05,07:22:06,0.069,8.8,CAMPANHA_PILOTO_01
2026-08-05,07:22:07,0.069,8.8,CAMPANHA_PILOTO_01
2026-08-05,07:22:08,0.069,8.8,CAMPANHA_PILOTO_01
2026-08-05,07:22:09,0.069,8.8,CAMPANHA_PILOTO_01
2026-08-05,07:22:10,0.069,8.8,CAMPANHA_PILOTO_01
2026-08-05,07:22:11,0.069,8.8,CAMPANHA_PILOTO_01
2026-08-05,07:22:12,0.069,8.8,CAMPANHA_PILOTO_01
2026-08-05,07:22:13,0.069,8.8,CAMPANHA_PILOTO_01
2026-08-05,07:22:14,0.069,8.8,CAMPANHA_PILOTO_01
2026-08-05,07:22:15,0.069,8.8,CAMPANHA_PILOTO_01
2026-08-05,07:22:16,0.069,8.8,CAMPANHA_PILOTO_01
2026-08-05,07:22:17,0.069,8.8,CAMPANHA_PILOTO_01
2026-08-05,07:22:18,0.069,8.8,CAMPANHA_PILOTO_01
2026-08-05,07:22:19,0.069,8.8,CAMPANHA_PILOTO_01
2026-08-05,07:22:20,0.069,8.8,CAMPANHA_PILOTO_01
2026-08-05,07:22:21,0.069,8.8,CAMPANHA_PILOTO_01
2026-08-05,07:22:22,0.069,8.8,CAMPANHA_PILOTO_01
2026-08-05,07:22:23,0.069,8.8,CAMPANHA_PILOTO_01
2026-08-05,07:22:24,0.069,8.8,CAMPANHA_PILOTO_01
2026-08-05,07:22:25,0.069,8.8,CAMPANHA_PILOTO_01
2026-08-05,07:22:26,0.069,8.8,CAMPANHA_PILOTO_01
2026-08-05,07:22:27,0.069,8.8,CAMPANHA_PILOTO_01
2026-08-05,07:22:28,0.069,8.8,CAMPANHA_PILOTO_01
2026-08-05,07:22:29,0.069,8.8,CAMPANHA_PILOTO_01
2026-08-05,07:22:30,0.069,8.8,CAMPANHA_PILOTO_01
2026-08-05,07:22:31,0.069,8.8,CAMPANHA_PILOTO_01
2026-08-05,07:22:32,0.069,8.8,CAMPANHA_PILOTO_01
2026-08-05,07:22:33,0.069,8.8,CAMPANHA_PILOTO_01
2026-08-05,07:22:34,0.069,8.8,CAMPANHA_PILOTO_01
2026-08-05,07:22:35,0.069,8.8,CAMPANHA_PILOTO_01
2026-08-05,07:22:36,0.069,8.8,CAMPANHA_PILOTO_01
2026-08-05,07:22:37,0.069,8.8,CAMPANHA_PILOTO_01
2026-08-05,07:22:38,0.069,8.8,CAMPANHA_PILOTO_01
2026-08-05,07:22:39,0.069,8.8,CAMPANHA_PILOTO_01
2026-08-05,07:22:40,0.069,8.8,CAMPANHA_PILOTO_01
2026-08-05,07:22:41,0.069,8.8,CAMPANHA_PILOTO_01
2026-08-05,07:22:42,0.069,8.8,CAMPANHA_PILOTO_01
2026-08-05,07:22:43,0.069,8.8,CAMPANHA_PILOTO_01
2026-08-05,07:22:44,0.069,8.8,CAMPANHA_PILOTO_01
2026-08-05,07:22:45,0.069,8.8,CAMPANHA_PILOTO_01
2026-08-05,07:22:46,0.069,8.8,CAMPANHA_PILOTO_01
2026-08-05,07:22:47,0.069,8.8,CAMPANHA_PILOTO_01
2026-08-05,07:22:48,0.069,8.8,CAMPANHA_PILOTO_01
2026-08-05,07:22:49,0.069,8.8,CAMPANHA_PILOTO_01
2026-08-05,07:22:50,0.069,8.8,CAMPANHA_PILOTO_01
2026-08-05,07:22:51,0.069,8.8,CAMPANHA_PILOTO_01
2026-08-05,07:22:52,0.069,8.8,CAMPANHA_PILOTO_01
2026-08-05,07:22:53,0.069,8.8,CAMPANHA_PILOTO_01
2026-08-05,07:22:54,0.069,8.8,CAMPANHA_PILOTO_01
2026-08-05,07:22:55,0.069,8.8,CAMPANHA_PILOTO_01
2026-08-05,07:22:56,0.069,8.8,CAMPANHA_PILOTO_01
2026-08-05,07:22:57,0.069,8.8,CAMPANHA_PILOTO_01
2026-08-05,07:22:58,0.069,8.8,CAMPANHA_PILOTO_01
2026-08-05,07:22:59,0.069,8.8,CAMPANHA_PILOTO_01
2026-08-05,07:23:00,0.069,8.8,CAMPANHA_PILOTO_01
2026-08-05,07:23:01,0.069,8.8,CAMPANHA_PILOTO_01
2026-08-05,07:23:02,0.069,8.8,CAMPANHA_PILOTO_01
2026-08-05,07:23:03,0.069,8.8,CAMPANHA_PILOTO_01
2026-08-05,07:23:04,0.069,8.8,CAMPANHA_PILOTO_01
2026-08-05,07:23:05,0.069,8.8,CAMPANHA_PILOTO_01
2026-08-05,07:23:06,0.069,8.8,CAMPANHA_PILOTO_01
2026-08-05,07:23:07,0.069,8.8,CAMPANHA_PILOTO_01
2026-08-05,07:23:08,0.069,8.8,CAMPANHA_PILOTO_01
2026-08-05,07:23:09,0.069,8.8,CAMPANHA_PILOTO_01
2026-08-05,07:23:10,0.069,8.8,CAMPANHA_PILOTO_01
2026-08-05,07:23:11,0.069,8.8,CAMPANHA_PILOTO_01
2026-08-05,07:23:12,0.069,8.8,CAMPANHA_PILOTO_01
2026-08-05,07:23:13,0.069,8.8,CAMPANHA_PILOTO_01
2026-08-05,07:23:14,0.069,8.8,CAMPANHA_PILOTO_01
2026-08-05,07:23:15,0.069,8.8,CAMPANHA_PILOTO_01
2026-08-05,07:23:16,0.069,8.8,CAMPANHA_PILOTO_01
2026-08-05,07:23:17,0.069,8.8,CAMPANHA_PILOTO_01
2026-08-05,07:23:18,0.069,8.8,CAMPANHA_PILOTO_01
2026-08-05,07:23:19,0.069,8.8,CAMPANHA_PILOTO_01
2026-08-05,07:23:20,0.069,8.8,CAMPANHA_PILOTO_01
2026-08-05,07:23:21,0.069,8.8,CAMPANHA_PILOTO_01
2026-08-05,07:23:22,0.069,8.8,CAMPANHA_PILOTO_01
2026-08-05,07:23:23,0.069,8.8,CAMPANHA_PILOTO_01
2026-08-05,07:23:24,0.069,8.8,CAMPANHA_PILOTO_01
2026-08-05,07:23:25,0.069,8.8,CAMPANHA_PILOTO_01
2026-08-05,07:23:26,0.069,8.8,CAMPANHA_PILOTO_01
2026-08-05,07:23:27,0.069,8.8,CAMPANHA_PILOTO_01
2026-08-05,07:23:28,0.069,8.8,CAMPANHA_PILOTO_01
2026-08-05,07:23:29,0.069,8.8,CAMPANHA_PILOTO_01
2026-08-05,07:23:30,0.069,8.8,CAMPANHA_PILOTO_01
2026-08-05,07:23:31,0.069,8.8,CAMPANHA_PILOTO_01
2026-08-05,07:23:32,0.069,8.8,CAMPANHA_PILOTO_01
2026-08-05,07:23:33,0.069,8.8,CAMPANHA_PILOTO_01
2026-08-05,07:23:34,0.069,8.8,CAMPANHA_PILOTO_01
2026-08-05,07:23:35,0.069,8.8,CAMPANHA_PILOTO_01
2026-08-05,07:23:36,0.069,8.8,CAMPANHA_PILOTO_01
2026-08-05,07:23:37,0.069,8.8,CAMPANHA_PILOTO_01
2026-08-05,07:23:38,0.069,8.8,CAMPANHA_PILOTO_01
2026-08-05,07:23:39,0.069,8.8,CAMPANHA_PILOTO_01
2026-08-05,07:23:40,0.069,8.8,CAMPANHA_PILOTO_01
2026-08-05,07:23:41,0.069,8.8,CAMPANHA_PILOTO_01
2026-08-05,07:23:42,0.069,8.8,CAMPANHA_PILOTO_01
2026-08-05,07:23:43,0.069,8.8,CAMPANHA_PILOTO_01
2026-08-05,07:23:44,0.069,8.8,CAMPANHA_PILOTO_01
2026-08-05,07:23:45,0.069,8.8,CAMPANHA_PILOTO_01
2026-08-05,07:23:46,0.069,8.8,CAMPANHA_PILOTO_01
2026-08-05,07:23:47,0.069,8.8,CAMPANHA_PILOTO_01
2026-08-05,07:23:48,0.069,8.8,CAMPANHA_PILOTO_01
2026-08-05,07:23:49,0.069,8.8,CAMPANHA_PILOTO_01
2026-08-05,07:23:50,0.069,8.8,CAMPANHA_PILOTO_01
2026-08-05,07:23:51,0.069,8.8,CAMPANHA_PILOTO_01
2026-08-05,07:23:52,0.069,8.8,CAMPANHA_PILOTO_01
2026-08-05,07:23:53,0.069,8.8,CAMPANHA_PILOTO_01
2026-08-05,07:23:54,0.069,8.8,CAMPANHA_PILOTO_01
2026-08-05,07:23:55,0.069,8.8,CAMPANHA_PILOTO_01
2026-08-05,07:23:56,0.069,8.8,CAMPANHA_PILOTO_01
2026-08-05,07:23:57,0.069,8.8,CAMPANHA_PILOTO_01
2026-08-05,07:23:58,0.069,8.8,CAMPANHA_PILOTO_01
2026-08-05,07:23:59,0.069,8.8,CAMPANHA_PILOTO_01
2026-08-05,07:24:00,0.069,8.8,CAMPANHA_PILOTO_01
2026-08-05,07:24:01,0.069,8.8,CAMPANHA_PILOTO_01
2026-08-05,07:24:02,0.069,8.8,CAMPANHA_PILOTO_01
2026-08-05,07:24:03,0.069,8.8,CAMPANHA_PILOTO_01
2026-08-05,07:24:04,0.069,8.8,CAMPANHA_PILOTO_01
2026-08-05,07:24:05,0.069,8.8,CAMPANHA_PILOTO_01
2026-08-05,07:24:06,0.069,8.8,CAMPANHA_PILOTO_01
2026-08-05,07:24:07,0.069,8.8,CAMPANHA_PILOTO_01
2026-08-05,07:24:08,0.069,8.8,CAMPANHA_PILOTO_01
2026-08-05,07:24:09,0.069,8.8,CAMPANHA_PILOTO_01
2026-08-05,07:24:10,0.069,8.8,CAMPANHA_PILOTO_01
2026-08-05,07:24:11,0.069,8.8,CAMPANHA_PILOTO_01
2026-08-05,07:24:12,0.069,8.8,CAMPANHA_PILOTO_01
2026-08-05,07:24:13,0.069,8.8,CAMPANHA_PILOTO_01
2026-08-05,07:24:14,0.069,8.8,CAMPANHA_PILOTO_01
2026-08-05,07:24:15,0.069,8.8,CAMPANHA_PILOTO_01
2026-08-05,07:24:16,0.069,8.8,CAMPANHA_PILOTO_01
2026-08-05,07:24:17,0.069,8.8,CAMPANHA_PILOTO_01
2026-08-05,07:24:18,0.069,8.8,CAMPANHA_PILOTO_01
2026-08-05,07:24:19,0.069,8.8,CAMPANHA_PILOTO_01
2026-08-05,07:24:20,0.069,8.7,CAMPANHA_PILOTO_01
2026-08-05,07:24:21,0.069,8.7,CAMPANHA_PILOTO_01
2026-08-05,07:24:22,0.069,8.7,CAMPANHA_PILOTO_01
2026-08-05,07:24:23,0.069,8.7,CAMPANHA_PILOTO_01
2026-08-05,07:24:24,0.069,8.7,CAMPANHA_PILOTO_01
2026-08-05,07:24:25,0.069,8.7,CAMPANHA_PILOTO_01
2026-08-05,07:24:26,0.069,8.7,CAMPANHA_PILOTO_01
2026-08-05,07:24:27,0.069,8.7,CAMPANHA_PILOTO_01
2026-08-05,07:24:28,0.069,8.7,CAMPANHA_PILOTO_01
2026-08-05,07:24:29,0.069,8.7,CAMPANHA_PILOTO_01
2026-08-05,07:24:30,0.069,8.7,CAMPANHA_PILOTO_01
2026-08-05,07:24:31,0.069,8.7,CAMPANHA_PILOTO_01
2026-08-05,07:24:32,0.069,8.7,CAMPANHA_PILOTO_01
2026-08-05,07:24:33,0.069,8.7,CAMPANHA_PILOTO_01
2026-08-05,07:24:34,0.069,8.7,CAMPANHA_PILOTO_01
2026-08-05,07:24:35,0.069,8.7,CAMPANHA_PILOTO_01
2026-08-05,07:24:36,0.069,8.7,CAMPANHA_PILOTO_01
2026-08-05,07:24:37,0.069,8.7,CAMPANHA_PILOTO_01
2026-08-05,07:24:38,0.069,8.7,CAMPANHA_PILOTO_01
2026-08-05,07:24:39,0.069,8.7,CAMPANHA_PILOTO_01
2026-08-05,07:24:40,0.069,8.7,CAMPANHA_PILOTO_01
2026-08-05,07:24:41,0.069,8.7,CAMPANHA_PILOTO_01
2026-08-05,07:24:42,0.069,8.7,CAMPANHA_PILOTO_01
2026-08-05,07:24:43,0.069,8.7,CAMPANHA_PILOTO_01
2026-08-05,07:24:44,0.069,8.7,CAMPANHA_PILOTO_01
2026-08-05,07:24:45,0.069,8.7,CAMPANHA_PILOTO_01
2026-08-05,07:24:46,0.069,8.7,CAMPANHA_PILOTO_01
2026-08-05,07:24:47,0.069,8.7,CAMPANHA_PILOTO_01
2026-08-05,07:24:48,0.069,8.7,CAMPANHA_PILOTO_01
2026-08-05,07:24:49,0.069,8.7,CAMPANHA_PILOTO_01
2026-08-05,07:24:50,0.069,8.7,CAMPANHA_PILOTO_01
2026-08-05,07:24:51,0.069,8.7,CAMPANHA_PILOTO_01
2026-08-05,07:24:52,0.069,8.7,CAMPANHA_PILOTO_01
2026-08-05,07:24:53,0.069,8.7,CAMPANHA_PILOTO_01
2026-08-05,07:24:54,0.069,8.7,CAMPANHA_PILOTO_01
2026-08-05,07:24:55,0.069,8.7,CAMPANHA_PILOTO_01
2026-08-05,07:24:56,0.069,8.7,CAMPANHA_PILOTO_01
2026-08-05,07:24:57,0.069,8.7,CAMPANHA_PILOTO_01
2026-08-05,07:24:58,0.069,8.7,CAMPANHA_PILOTO_01
2026-08-05,07:24:59,0.069,8.7,CAMPANHA_PILOTO_01
2026-08-05,07:25:00,0.069,8.7,CAMPANHA_PILOTO_01
2026-08-05,07:25:01,0.069,8.7,CAMPANHA_PILOTO_01
2026-08-05,07:25:02,0.069,8.7,CAMPANHA_PILOTO_01
2026-08-05,07:25:03,0.069,8.7,CAMPANHA_PILOTO_01
2026-08-05,07:25:04,0.069,8.7,CAMPANHA_PILOTO_01
2026-08-05,07:25:05,0.069,8.7,CAMPANHA_PILOTO_01
2026-08-05,07:25:06,0.069,8.7,CAMPANHA_PILOTO_01
2026-08-05,07:25:07,0.069,8.7,CAMPANHA_PILOTO_01
2026-08-05,07:25:08,0.069,8.7,CAMPANHA_PILOTO_01
2026-08-05,07:25:09,0.069,8.7,CAMPANHA_PILOTO_01
2026-08-05,07:25:10,0.069,8.7,CAMPANHA_PILOTO_01
2026-08-05,07:25:11,0.069,8.7,CAMPANHA_PILOTO_01
2026-08-05,07:25:12,0.069,8.7,CAMPANHA_PILOTO_01
2026-08-05,07:25:13,0.069,8.7,CAMPANHA_PILOTO_01
2026-08-05,07:25:14,0.069,8.7,CAMPANHA_PILOTO_01
2026-08-05,07:25:15,0.069,8.7,CAMPANHA_PILOTO_01
2026-08-05,07:25:16,0.069,8.7,CAMPANHA_PILOTO_01
2026-08-05,07:25:17,0.069,8.7,CAMPANHA_PILOTO_01
2026-08-05,07:25:18,0.069,8.7,CAMPANHA_PILOTO_01
2026-08-05,07:25:19,0.069,8.7,CAMPANHA_PILOTO_01
2026-08-05,07:25:20,0.069,8.7,CAMPANHA_PILOTO_01
2026-08-05,07:25:21,0.069,8.7,CAMPANHA_PILOTO_01
2026-08-05,07:25:22,0.069,8.7,CAMPANHA_PILOTO_01
2026-08-05,07:25:23,0.069,8.7,CAMPANHA_PILOTO_01
2026-08-05,07:25:24,0.069,8.7,CAMPANHA_PILOTO_01
2026-08-05,07:25:25,0.069,8.7,CAMPANHA_PILOTO_01
2026-08-05,07:25:26,0.069,8.7,CAMPANHA_PILOTO_01
2026-08-05,07:25:27,0.069,8.7,CAMPANHA_PILOTO_01
2026-08-05,07:25:28,0.069,8.7,CAMPANHA_PILOTO_01
2026-08-05,07:25:29,0.069,8.7,CAMPANHA_PILOTO_01
2026-08-05,07:25:30,0.069,8.7,CAMPANHA_PILOTO_01
2026-08-05,07:25:31,0.069,8.7,CAMPANHA_PILOTO_01
2026-08-05,07:25:32,0.069,8.7,CAMPANHA_PILOTO_01
2026-08-05,07:25:33,0.069,8.7,CAMPANHA_PILOTO_01
2026-08-05,07:25:34,0.069,8.7,CAMPANHA_PILOTO_01
2026-08-05,07:25:35,0.069,8.7,CAMPANHA_PILOTO_01
2026-08-05,07:25:36,0.069,8.7,CAMPANHA_PILOTO_01
2026-08-05,07:25:37,0.069,8.7,CAMPANHA_PILOTO_01
2026-08-05,07:25:38,0.069,8.7,CAMPANHA_PILOTO_01
2026-08-05,07:25:39,0.069,8.7,CAMPANHA_PILOTO_01
2026-08-05,07:25:40,0.069,8.7,CAMPANHA_PILOTO_01
2026-08-05,07:25:41,0.069,8.7,CAMPANHA_PILOTO_01
2026-08-05,07:25:42,0.069,8.7,CAMPANHA_PILOTO_01
2026-08-05,07:25:43,0.069,8.7,CAMPANHA_PILOTO_01
2026-08-05,07:25:44,0.069,8.7,CAMPANHA_PILOTO_01
2026-08-05,07:25:45,0.069,8.7,CAMPANHA_PILOTO_01
2026-08-05,07:25:46,0.069,8.7,CAMPANHA_PILOTO_01
2026-08-05,07:25:47,0.069,8.7,CAMPANHA_PILOTO_01
2026-08-05,07:25:48,0.069,8.7,CAMPANHA_PILOTO_01
2026-08-05,07:25:49,0.069,8.7,CAMPANHA_PILOTO_01
2026-08-05,07:25:50,0.069,8.7,CAMPANHA_PILOTO_01
2026-08-05,07:25:51,0.069,8.7,CAMPANHA_PILOTO_01
2026-08-05,07:25:52,0.069,8.7,CAMPANHA_PILOTO_01
2026-08-05,07:25:53,0.069,8.7,CAMPANHA_PILOTO_01
2026-08-05,07:25:54,0.069,8.7,CAMPANHA_PILOTO_01
2026-08-05,07:25:55,0.069,8.7,CAMPANHA_PILOTO_01
2026-08-05,07:25:56,0.069,8.7,CAMPANHA_PILOTO_01
2026-08-05,07:25:57,0.069,8.7,CAMPANHA_PILOTO_01
2026-08-05,07:25:58,0.069,8.7,CAMPANHA_PILOTO_01
2026-08-05,07:25:59,0.069,8.7,CAMPANHA_PILOTO_01
2026-08-05,07:26:00,0.069,8.7,CAMPANHA_PILOTO_01
2026-08-05,07:26:01,0.069,8.7,CAMPANHA_PILOTO_01
2026-08-05,07:26:02,0.069,8.7,CAMPANHA_PILOTO_01
2026-08-05,07:26:03,0.069,8.7,CAMPANHA_PILOTO_01
2026-08-05,07:26:04,0.069,8.7,CAMPANHA_PILOTO_01
2026-08-05,07:26:05,0.069,8.7,CAMPANHA_PILOTO_01
2026-08-05,07:26:06,0.069,8.7,CAMPANHA_PILOTO_01
2026-08-05,07:26:07,0.069,8.7,CAMPANHA_PILOTO_01
2026-08-05,07:26:08,0.069,8.7,CAMPANHA_PILOTO_01
2026-08-05,07:26:09,0.069,8.7,CAMPANHA_PILOTO_01
2026-08-05,07:26:10,0.069,8.7,CAMPANHA_PILOTO_01
2026-08-05,07:26:11,0.069,8.7,CAMPANHA_PILOTO_01
2026-08-05,07:26:12,0.069,8.7,CAMPANHA_PILOTO_01
2026-08-05,07:26:13,0.069,8.7,CAMPANHA_PILOTO_01
2026-08-05,07:26:14,0.069,8.7,CAMPANHA_PILOTO_01
2026-08-05,07:26:15,0.069,8.7,CAMPANHA_PILOTO_01
2026-08-05,07:26:16,0.069,8.7,CAMPANHA_PILOTO_01
2026-08-05,07:26:17,0.069,8.7,CAMPANHA_PILOTO_01
2026-08-05,07:26:18,0.069,8.7,CAMPANHA_PILOTO_01
2026-08-05,07:26:19,0.069,8.7,CAMPANHA_PILOTO_01
2026-08-05,07:26:20,0.069,8.7,CAMPANHA_PILOTO_01
2026-08-05,07:26:21,0.069,8.7,CAMPANHA_PILOTO_01
2026-08-05,07:26:22,0.069,8.7,CAMPANHA_PILOTO_01
2026-08-05,07:26:23,0.069,8.7,CAMPANHA_PILOTO_01
2026-08-05,07:26:24,0.069,8.7,CAMPANHA_PILOTO_01
2026-08-05,07:26:25,0.069,8.7,CAMPANHA_PILOTO_01
2026-08-05,07:26:26,0.069,8.7,CAMPANHA_PILOTO_01
2026-08-05,07:26:27,0.069,8.7,CAMPANHA_PILOTO_01
2026-08-05,07:26:28,0.069,8.7,CAMPANHA_PILOTO_01
2026-08-05,07:26:29,0.069,8.7,CAMPANHA_PILOTO_01
2026-08-05,07:26:30,0.069,8.7,CAMPANHA_PILOTO_01
2026-08-05,07:26:31,0.069,8.7,CAMPANHA_PILOTO_01
2026-08-05,07:26:32,0.069,8.7,CAMPANHA_PILOTO_01
2026-08-05,07:26:33,0.069,8.7,CAMPANHA_PILOTO_01
2026-08-05,07:26:34,0.069,8.7,CAMPANHA_PILOTO_01
2026-08-05,07:26:35,0.069,8.7,CAMPANHA_PILOTO_01
2026-08-05,07:26:36,0.069,8.7,CAMPANHA_PILOTO_01
2026-08-05,07:26:37,0.069,8.7,CAMPANHA_PILOTO_01
2026-08-05,07:26:38,0.069,8.7,CAMPANHA_PILOTO_01
2026-08-05,07:26:39,0.069,8.7,CAMPANHA_PILOTO_01
2026-08-05,07:26:40,0.069,8.7,CAMPANHA_PILOTO_01
2026-08-05,07:26:41,0.069,8.7,CAMPANHA_PILOTO_01
2026-08-05,07:26:42,0.069,8.7,CAMPANHA_PILOTO_01
2026-08-05,07:26:43,0.069,8.7,CAMPANHA_PILOTO_01
2026-08-05,07:26:44,0.069,8.7,CAMPANHA_PILOTO_01
2026-08-05,07:26:45,0.069,8.7,CAMPANHA_PILOTO_01
2026-08-05,07:26:46,0.069,8.7,CAMPANHA_PILOTO_01
2026-08-05,07:26:47,0.069,8.7,CAMPANHA_PILOTO_01
2026-08-05,07:26:48,0.069,8.7,CAMPANHA_PILOTO_01
2026-08-05,07:26:49,0.069,8.7,CAMPANHA_PILOTO_01
2026-08-05,07:26:50,0.069,8.7,CAMPANHA_PILOTO_01
2026-08-05,07:26:51,0.069,8.7,CAMPANHA_PILOTO_01
2026-08-05,07:26:52,0.069,8.7,CAMPANHA_PILOTO_01
2026-08-05,07:26:53,0.069,8.7,CAMPANHA_PILOTO_01
2026-08-05,07:26:54,0.069,8.7,CAMPANHA_PILOTO_01
2026-08-05,07:26:55,0.069,8.7,CAMPANHA_PILOTO_01
2026-08-05,07:26:56,0.069,8.7,CAMPANHA_PILOTO_01
2026-08-05,07:26:57,0.069,8.7,CAMPANHA_PILOTO_01
2026-08-05,07:26:58,0.069,8.7,CAMPANHA_PILOTO_01
2026-08-05,07:26:59,0.069,8.7,CAMPANHA_PILOTO_01
2026-08-05,07:27:00,0.069,8.7,CAMPANHA_PILOTO_01
2026-08-05,07:27:01,0.069,8.7,CAMPANHA_PILOTO_01
2026-08-05,07:27:02,0.069,8.7,CAMPANHA_PILOTO_01
2026-08-05,07:27:03,0.069,8.7,CAMPANHA_PILOTO_01
2026-08-05,07:27:04,0.069,8.7,CAMPANHA_PILOTO_01
2026-08-05,07:27:05,0.069,8.7,CAMPANHA_PILOTO_01
2026-08-05,07:27:06,0.069,8.7,CAMPANHA_PILOTO_01
2026-08-05,07:27:07,0.069,8.7,CAMPANHA_PILOTO_01
2026-08-05,07:27:08,0.069,8.7,CAMPANHA_PILOTO_01
2026-08-05,07:27:09,0.069,8.7,CAMPANHA_PILOTO_01
2026-08-05,07:27:10,0.069,8.7,CAMPANHA_PILOTO_01
2026-08-05,07:27:11,0.069,8.7,CAMPANHA_PILOTO_01
2026-08-05,07:27:12,0.069,8.7,CAMPANHA_PILOTO_01
2026-08-05,07:27:13,0.069,8.7,CAMPANHA_PILOTO_01
2026-08-05,07:27:14,0.069,8.7,CAMPANHA_PILOTO_01
2026-08-05,07:27:15,0.069,8.7,CAMPANHA_PILOTO_01
2026-08-05,07:27:16,0.068,8.7,CAMPANHA_PILOTO_01
2026-08-05,07:27:17,0.068,8.7,CAMPANHA_PILOTO_01
2026-08-05,07:27:18,0.068,8.7,CAMPANHA_PILOTO_01
2026-08-05,07:27:19,0.068,8.7,CAMPANHA_PILOTO_01
2026-08-05,07:27:20,0.068,8.7,CAMPANHA_PILOTO_01
2026-08-05,07:27:21,0.068,8.7,CAMPANHA_PILOTO_01
2026-08-05,07:27:22,0.068,8.7,CAMPANHA_PILOTO_01
2026-08-05,07:27:23,0.068,8.7,CAMPANHA_PILOTO_01
2026-08-05,07:27:24,0.068,8.7,CAMPANHA_PILOTO_01
2026-08-05,07:27:25,0.068,8.7,CAMPANHA_PILOTO_01
2026-08-05,07:27:26,0.068,8.7,CAMPANHA_PILOTO_01
2026-08-05,07:27:27,0.068,8.7,CAMPANHA_PILOTO_01
2026-08-05,07:27:28,0.068,8.7,CAMPANHA_PILOTO_01
2026-08-05,07:27:29,0.068,8.7,CAMPANHA_PILOTO_01
2026-08-05,07:27:30,0.068,8.7,CAMPANHA_PILOTO_01
2026-08-05,07:27:31,0.068,8.7,CAMPANHA_PILOTO_01
2026-08-05,07:27:32,0.068,8.7,CAMPANHA_PILOTO_01
2026-08-05,07:27:33,0.068,8.7,CAMPANHA_PILOTO_01
2026-08-05,07:27:34,0.068,8.7,CAMPANHA_PILOTO_01
2026-08-05,07:27:35,0.068,8.7,CAMPANHA_PILOTO_01
2026-08-05,07:27:36,0.068,8.7,CAMPANHA_PILOTO_01
2026-08-05,07:27:37,0.068,8.7,CAMPANHA_PILOTO_01
2026-08-05,07:27:38,0.068,8.7,CAMPANHA_PILOTO_01
2026-08-05,07:27:39,0.068,8.7,CAMPANHA_PILOTO_01
2026-08-05,07:27:40,0.068,8.7,CAMPANHA_PILOTO_01
2026-08-05,07:27:41,0.068,8.7,CAMPANHA_PILOTO_01
2026-08-05,07:27:42,0.068,8.7,CAMPANHA_PILOTO_01
2026-08-05,07:27:43,0.068,8.7,CAMPANHA_PILOTO_01
2026-08-05,07:27:44,0.068,8.7,CAMPANHA_PILOTO_01
2026-08-05,07:27:45,0.068,8.7,CAMPANHA_PILOTO_01
2026-08-05,07:27:46,0.068,8.7,CAMPANHA_PILOTO_01
2026-08-05,07:27:47,0.068,8.7,CAMPANHA_PILOTO_01
2026-08-05,07:27:48,0.068,8.7,CAMPANHA_PILOTO_01
2026-08-05,07:27:49,0.068,8.7,CAMPANHA_PILOTO_01
2026-08-05,07:27:50,0.068,8.7,CAMPANHA_PILOTO_01
2026-08-05,07:27:51,0.068,8.7,CAMPANHA_PILOTO_01
2026-08-05,07:27:52,0.068,8.7,CAMPANHA_PILOTO_01
2026-08-05,07:27:53,0.068,8.7,CAMPANHA_PILOTO_01
2026-08-05,07:27:54,0.068,8.7,CAMPANHA_PILOTO_01
2026-08-05,07:27:55,0.068,8.7,CAMPANHA_PILOTO_01
2026-08-05,07:27:56,0.068,8.7,CAMPANHA_PILOTO_01
2026-08-05,07:27:57,0.068,8.7,CAMPANHA_PILOTO_01
2026-08-05,07:27:58,0.068,8.7,CAMPANHA_PILOTO_01
2026-08-05,07:27:59,0.068,8.7,CAMPANHA_PILOTO_01
2026-08-05,07:28:00,0.068,8.7,CAMPANHA_PILOTO_01
2026-08-05,07:28:01,0.068,8.7,CAMPANHA_PILOTO_01
2026-08-05,07:28:02,0.068,8.7,CAMPANHA_PILOTO_01
2026-08-05,07:28:03,0.068,8.7,CAMPANHA_PILOTO_01
2026-08-05,07:28:04,0.068,8.7,CAMPANHA_PILOTO_01
2026-08-05,07:28:05,0.068,8.7,CAMPANHA_PILOTO_01
2026-08-05,07:28:06,0.068,8.7,CAMPANHA_PILOTO_01
2026-08-05,07:28:07,0.068,8.7,CAMPANHA_PILOTO_01
2026-08-05,07:28:08,0.068,8.7,CAMPANHA_PILOTO_01
2026-08-05,07:28:09,0.068,8.7,CAMPANHA_PILOTO_01
2026-08-05,07:28:10,0.068,8.7,CAMPANHA_PILOTO_01
2026-08-05,07:28:11,0.068,8.7,CAMPANHA_PILOTO_01
2026-08-05,07:28:12,0.068,8.7,CAMPANHA_PILOTO_01
2026-08-05,07:28:13,0.068,8.7,CAMPANHA_PILOTO_01
2026-08-05,07:28:14,0.068,8.7,CAMPANHA_PILOTO_01
2026-08-05,07:28:15,0.068,8.7,CAMPANHA_PILOTO_01
2026-08-05,07:28:16,0.068,8.7,CAMPANHA_PILOTO_01
2026-08-05,07:28:17,0.068,8.7,CAMPANHA_PILOTO_01
2026-08-05,07:28:18,0.068,8.7,CAMPANHA_PILOTO_01
2026-08-05,07:28:19,0.068,8.7,CAMPANHA_PILOTO_01
2026-08-05,07:28:20,0.068,8.7,CAMPANHA_PILOTO_01
2026-08-05,07:28:21,0.068,8.7,CAMPANHA_PILOTO_01
2026-08-05,07:28:22,0.068,8.7,CAMPANHA_PILOTO_01
2026-08-05,07:28:23,0.068,8.7,CAMPANHA_PILOTO_01
2026-08-05,07:28:24,0.068,8.7,CAMPANHA_PILOTO_01
2026-08-05,07:28:25,0.068,8.7,CAMPANHA_PILOTO_01
2026-08-05,07:28:26,0.068,8.7,CAMPANHA_PILOTO_01
2026-08-05,07:28:27,0.068,8.7,CAMPANHA_PILOTO_01
2026-08-05,07:28:28,0.068,8.7,CAMPANHA_PILOTO_01
2026-08-05,07:28:29,0.068,8.7,CAMPANHA_PILOTO_01
2026-08-05,07:28:30,0.068,8.7,CAMPANHA_PILOTO_01
2026-08-05,07:28:31,0.068,8.7,CAMPANHA_PILOTO_01
2026-08-05,07:28:32,0.068,8.7,CAMPANHA_PILOTO_01
2026-08-05,07:28:33,0.068,8.7,CAMPANHA_PILOTO_01
2026-08-05,07:28:34,0.068,8.7,CAMPANHA_PILOTO_01
2026-08-05,07:28:35,0.068,8.7,CAMPANHA_PILOTO_01
2026-08-05,07:28:36,0.068,8.7,CAMPANHA_PILOTO_01
2026-08-05,07:28:37,0.068,8.7,CAMPANHA_PILOTO_01
2026-08-05,07:28:38,0.068,8.7,CAMPANHA_PILOTO_01
2026-08-05,07:28:39,0.068,8.7,CAMPANHA_PILOTO_01
2026-08-05,07:28:40,0.068,8.7,CAMPANHA_PILOTO_01
2026-08-05,07:28:41,0.068,8.7,CAMPANHA_PILOTO_01
2026-08-05,07:28:42,0.068,8.7,CAMPANHA_PILOTO_01
2026-08-05,07:28:43,0.068,8.7,CAMPANHA_PILOTO_01
2026-08-05,07:28:44,0.068,8.7,CAMPANHA_PILOTO_01
2026-08-05,07:28:45,0.068,8.7,CAMPANHA_PILOTO_01
2026-08-05,07:28:46,0.068,8.7,CAMPANHA_PILOTO_01
2026-08-05,07:28:47,0.068,8.7,CAMPANHA_PILOTO_01
2026-08-05,07:28:48,0.068,8.7,CAMPANHA_PILOTO_01
2026-08-05,07:28:49,0.068,8.7,CAMPANHA_PILOTO_01
2026-08-05,07:28:50,0.068,8.7,CAMPANHA_PILOTO_01
2026-08-05,07:28:51,0.068,8.7,CAMPANHA_PILOTO_01
2026-08-05,07:28:52,0.068,8.7,CAMPANHA_PILOTO_01
2026-08-05,07:28:53,0.068,8.7,CAMPANHA_PILOTO_01
2026-08-05,07:28:54,0.068,8.7,CAMPANHA_PILOTO_01
2026-08-05,07:28:55,0.068,8.7,CAMPANHA_PILOTO_01
2026-08-05,07:28:56,0.068,8.7,CAMPANHA_PILOTO_01
2026-08-05,07:28:57,0.068,8.7,CAMPANHA_PILOTO_01
2026-08-05,07:28:58,0.068,8.7,CAMPANHA_PILOTO_01
2026-08-05,07:28:59,0.068,8.7,CAMPANHA_PILOTO_01
2026-08-05,07:29:00,0.068,8.7,CAMPANHA_PILOTO_01
2026-08-05,07:29:01,0.068,8.7,CAMPANHA_PILOTO_01
2026-08-05,07:29:02,0.068,8.7,CAMPANHA_PILOTO_01
2026-08-05,07:29:03,0.068,8.7,CAMPANHA_PILOTO_01
2026-08-05,07:29:04,0.068,8.7,CAMPANHA_PILOTO_01
2026-08-05,07:29:05,0.068,8.7,CAMPANHA_PILOTO_01
2026-08-05,07:29:06,0.068,8.7,CAMPANHA_PILOTO_01
2026-08-05,07:29:07,0.068,8.7,CAMPANHA_PILOTO_01
2026-08-05,07:29:08,0.068,8.7,CAMPANHA_PILOTO_01
2026-08-05,07:29:09,0.068,8.7,CAMPANHA_PILOTO_01
2026-08-05,07:29:10,0.068,8.7,CAMPANHA_PILOTO_01
2026-08-05,07:29:11,0.068,8.7,CAMPANHA_PILOTO_01
2026-08-05,07:29:12,0.068,8.7,CAMPANHA_PILOTO_01
2026-08-05,07:29:13,0.068,8.7,CAMPANHA_PILOTO_01
2026-08-05,07:29:14,0.068,8.7,CAMPANHA_PILOTO_01
2026-08-05,07:29:15,0.068,8.7,CAMPANHA_PILOTO_01
2026-08-05,07:29:16,0.068,8.7,CAMPANHA_PILOTO_01
2026-08-05,07:29:17,0.068,8.7,CAMPANHA_PILOTO_01
2026-08-05,07:29:18,0.068,8.7,CAMPANHA_PILOTO_01
2026-08-05,07:29:19,0.068,8.7,CAMPANHA_PILOTO_01
2026-08-05,07:29:20,0.068,8.7,CAMPANHA_PILOTO_01
2026-08-05,07:29:21,0.068,8.7,CAMPANHA_PILOTO_01
2026-08-05,07:29:22,0.068,8.7,CAMPANHA_PILOTO_01
2026-08-05,07:29:23,0.068,8.7,CAMPANHA_PILOTO_01
2026-08-05,07:29:24,0.068,8.7,CAMPANHA_PILOTO_01
2026-08-05,07:29:25,0.068,8.7,CAMPANHA_PILOTO_01
2026-08-05,07:29:26,0.068,8.7,CAMPANHA_PILOTO_01
2026-08-05,07:29:27,0.068,8.7,CAMPANHA_PILOTO_01
2026-08-05,07:29:28,0.068,8.7,CAMPANHA_PILOTO_01
2026-08-05,07:29:29,0.068,8.7,CAMPANHA_PILOTO_01
2026-08-05,07:29:30,0.068,8.7,CAMPANHA_PILOTO_01
2026-08-05,07:29:31,0.068,8.7,CAMPANHA_PILOTO_01
2026-08-05,07:29:32,0.068,8.7,CAMPANHA_PILOTO_01
2026-08-05,07:29:33,0.068,8.7,CAMPANHA_PILOTO_01
2026-08-05,07:29:34,0.068,8.7,CAMPANHA_PILOTO_01
2026-08-05,07:29:35,0.068,8.7,CAMPANHA_PILOTO_01
2026-08-05,07:29:36,0.068,8.7,CAMPANHA_PILOTO_01
2026-08-05,07:29:37,0.068,8.7,CAMPANHA_PILOTO_01
2026-08-05,07:29:38,0.068,8.7,CAMPANHA_PILOTO_01
2026-08-05,07:29:39,0.068,8.7,CAMPANHA_PILOTO_01
2026-08-05,07:29:40,0.068,8.7,CAMPANHA_PILOTO_01
2026-08-05,07:29:41,0.068,8.7,CAMPANHA_PILOTO_01
2026-08-05,07:29:42,0.068,8.7,CAMPANHA_PILOTO_01
2026-08-05,07:29:43,0.068,8.7,CAMPANHA_PILOTO_01
2026-08-05,07:29:44,0.068,8.7,CAMPANHA_PILOTO_01
2026-08-05,07:29:45,0.068,8.7,CAMPANHA_PILOTO_01
2026-08-05,07:29:46,0.068,8.7,CAMPANHA_PILOTO_01
2026-08-05,07:29:47,0.068,8.7,CAMPANHA_PILOTO_01
2026-08-05,07:29:48,0.068,8.7,CAMPANHA_PILOTO_01
2026-08-05,07:29:49,0.068,8.7,CAMPANHA_PILOTO_01
2026-08-05,07:29:50,0.068,8.7,CAMPANHA_PILOTO_01
2026-08-05,07:29:51,0.068,8.7,CAMPANHA_PILOTO_01
2026-08-05,07:29:52,0.068,8.7,CAMPANHA_PILOTO_01
2026-08-05,07:29:53,0.068,8.7,CAMPANHA_PILOTO_01
2026-08-05,07:29:54,0.068,8.7,CAMPANHA_PILOTO_01
2026-08-05,07:29:55,0.068,8.7,CAMPANHA_PILOTO_01
2026-08-05,07:29:56,0.068,8.7,CAMPANHA_PILOTO_01
2026-08-05,07:29:57,0.068,8.7,CAMPANHA_PILOTO_01
2026-08-05,07:29:58,0.068,8.7,CAMPANHA_PILOTO_01
2026-08-05,07:29:59,0.068,8.7,CAMPANHA_PILOTO_01
2026-08-05,07:30:00,0.068,8.7,CAMPANHA_PILOTO_01
2026-08-05,07:30:01,0.068,8.7,CAMPANHA_PILOTO_01
2026-08-05,07:30:02,0.068,8.7,CAMPANHA_PILOTO_01
2026-08-05,07:30:03,0.068,8.7,CAMPANHA_PILOTO_01
2026-08-05,07:30:04,0.068,8.7,CAMPANHA_PILOTO_01
2026-08-05,07:30:05,0.068,8.7,CAMPANHA_PILOTO_01
2026-08-05,07:30:06,0.068,8.7,CAMPANHA_PILOTO_01
2026-08-05,07:30:07,0.068,8.7,CAMPANHA_PILOTO_01
2026-08-05,07:30:08,0.068,8.7,CAMPANHA_PILOTO_01
2026-08-05,07:30:09,0.068,8.7,CAMPANHA_PILOTO_01
2026-08-05,07:30:10,0.068,8.7,CAMPANHA_PILOTO_01
2026-08-05,07:30:11,0.068,8.7,CAMPANHA_PILOTO_01
2026-08-05,07:30:12,0.068,8.6,CAMPANHA_PILOTO_01
2026-08-05,07:30:13,0.068,8.6,CAMPANHA_PILOTO_01
2026-08-05,07:30:14,0.068,8.6,CAMPANHA_PILOTO_01
2026-08-05,07:30:15,0.068,8.6,CAMPANHA_PILOTO_01
2026-08-05,07:30:16,0.068,8.6,CAMPANHA_PILOTO_01
2026-08-05,07:30:17,0.068,8.6,CAMPANHA_PILOTO_01
2026-08-05,07:30:18,0.068,8.6,CAMPANHA_PILOTO_01
2026-08-05,07:30:19,0.068,8.6,CAMPANHA_PILOTO_01
2026-08-05,07:30:20,0.068,8.6,CAMPANHA_PILOTO_01
2026-08-05,07:30:21,0.068,8.6,CAMPANHA_PILOTO_01
2026-08-05,07:30:22,0.068,8.6,CAMPANHA_PILOTO_01
2026-08-05,07:30:23,0.068,8.6,CAMPANHA_PILOTO_01
2026-08-05,07:30:24,0.068,8.6,CAMPANHA_PILOTO_01
2026-08-05,07:30:25,0.068,8.6,CAMPANHA_PILOTO_01
2026-08-05,07:30:26,0.068,8.6,CAMPANHA_PILOTO_01
2026-08-05,07:30:27,0.068,8.6,CAMPANHA_PILOTO_01
2026-08-05,07:30:28,0.068,8.6,CAMPANHA_PILOTO_01
2026-08-05,07:30:29,0.068,8.6,CAMPANHA_PILOTO_01
2026-08-05,07:30:30,0.068,8.6,CAMPANHA_PILOTO_01
2026-08-05,07:30:31,0.068,8.6,CAMPANHA_PILOTO_01
2026-08-05,07:30:32,0.068,8.6,CAMPANHA_PILOTO_01
2026-08-05,07:30:33,0.068,8.6,CAMPANHA_PILOTO_01
2026-08-05,07:30:34,0.068,8.6,CAMPANHA_PILOTO_01
2026-08-05,07:30:35,0.068,8.6,CAMPANHA_PILOTO_01
2026-08-05,07:30:36,0.068,8.6,CAMPANHA_PILOTO_01
2026-08-05,07:30:37,0.068,8.6,CAMPANHA_PILOTO_01
2026-08-05,07:30:38,0.068,8.6,CAMPANHA_PILOTO_01
2026-08-05,07:30:39,0.068,8.6,CAMPANHA_PILOTO_01
2026-08-05,07:30:40,0.068,8.6,CAMPANHA_PILOTO_01
2026-08-05,07:30:41,0.068,8.6,CAMPANHA_PILOTO_01
2026-08-05,07:30:42,0.068,8.6,CAMPANHA_PILOTO_01
2026-08-05,07:30:43,0.068,8.6,CAMPANHA_PILOTO_01
2026-08-05,07:30:44,0.068,8.6,CAMPANHA_PILOTO_01
2026-08-05,07:30:45,0.068,8.6,CAMPANHA_PILOTO_01
2026-08-05,07:30:46,0.068,8.6,CAMPANHA_PILOTO_01
2026-08-05,07:30:47,0.068,8.6,CAMPANHA_PILOTO_01
2026-08-05,07:30:48,0.068,8.6,CAMPANHA_PILOTO_01
2026-08-05,07:30:49,0.068,8.6,CAMPANHA_PILOTO_01
2026-08-05,07:30:50,0.068,8.6,CAMPANHA_PILOTO_01
2026-08-05,07:30:51,0.068,8.6,CAMPANHA_PILOTO_01
2026-08-05,07:30:52,0.068,8.6,CAMPANHA_PILOTO_01
2026-08-05,07:30:53,0.068,8.6,CAMPANHA_PILOTO_01
2026-08-05,07:30:54,0.068,8.6,CAMPANHA_PILOTO_01
2026-08-05,07:30:55,0.068,8.6,CAMPANHA_PILOTO_01
2026-08-05,07:30:56,0.068,8.6,CAMPANHA_PILOTO_01
2026-08-05,07:30:57,0.068,8.6,CAMPANHA_PILOTO_01
2026-08-05,07:30:58,0.068,8.6,CAMPANHA_PILOTO_01
2026-08-05,07:30:59,0.068,8.6,CAMPANHA_PILOTO_01
2026-08-05,07:31:00,0.068,8.6,CAMPANHA_PILOTO_01
2026-08-05,07:31:01,0.068,8.6,CAMPANHA_PILOTO_01
2026-08-05,07:31:02,0.068,8.6,CAMPANHA_PILOTO_01
2026-08-05,07:31:03,0.068,8.6,CAMPANHA_PILOTO_01
2026-08-05,07:31:04,0.068,8.6,CAMPANHA_PILOTO_01
2026-08-05,07:31:05,0.068,8.6,CAMPANHA_PILOTO_01
2026-08-05,07:31:06,0.068,8.6,CAMPANHA_PILOTO_01
2026-08-05,07:31:07,0.068,8.6,CAMPANHA_PILOTO_01
2026-08-05,07:31:08,0.068,8.6,CAMPANHA_PILOTO_01
2026-08-05,07:31:09,0.068,8.6,CAMPANHA_PILOTO_01
2026-08-05,07:31:10,0.068,8.6,CAMPANHA_PILOTO_01
2026-08-05,07:31:11,0.068,8.6,CAMPANHA_PILOTO_01
2026-08-05,07:31:12,0.068,8.6,CAMPANHA_PILOTO_01
2026-08-05,07:31:13,0.068,8.6,CAMPANHA_PILOTO_01
2026-08-05,07:31:14,0.068,8.6,CAMPANHA_PILOTO_01
2026-08-05,07:31:15,0.068,8.6,CAMPANHA_PILOTO_01
2026-08-05,07:31:16,0.068,8.6,CAMPANHA_PILOTO_01
2026-08-05,07:31:17,0.068,8.6,CAMPANHA_PILOTO_01
2026-08-05,07:31:18,0.068,8.6,CAMPANHA_PILOTO_01
2026-08-05,07:31:19,0.068,8.6,CAMPANHA_PILOTO_01
2026-08-05,07:31:20,0.068,8.6,CAMPANHA_PILOTO_01
2026-08-05,07:31:21,0.068,8.6,CAMPANHA_PILOTO_01
2026-08-05,07:31:22,0.068,8.6,CAMPANHA_PILOTO_01
2026-08-05,07:31:23,0.068,8.6,CAMPANHA_PILOTO_01
2026-08-05,07:31:24,0.068,8.6,CAMPANHA_PILOTO_01
2026-08-05,07:31:25,0.068,8.6,CAMPANHA_PILOTO_01
2026-08-05,07:31:26,0.068,8.6,CAMPANHA_PILOTO_01
2026-08-05,07:31:27,0.068,8.6,CAMPANHA_PILOTO_01
2026-08-05,07:31:28,0.068,8.6,CAMPANHA_PILOTO_01
2026-08-05,07:31:29,0.068,8.6,CAMPANHA_PILOTO_01
2026-08-05,07:31:30,0.068,8.6,CAMPANHA_PILOTO_01
2026-08-05,07:31:31,0.068,8.6,CAMPANHA_PILOTO_01
2026-08-05,07:31:32,0.068,8.6,CAMPANHA_PILOTO_01
2026-08-05,07:31:33,0.068,8.6,CAMPANHA_PILOTO_01
2026-08-05,07:31:34,0.068,8.6,CAMPANHA_PILOTO_01
2026-08-05,07:31:35,0.068,8.6,CAMPANHA_PILOTO_01
2026-08-05,07:31:36,0.068,8.6,CAMPANHA_PILOTO_01
2026-08-05,07:31:37,0.068,8.6,CAMPANHA_PILOTO_01
2026-08-05,07:31:38,0.068,8.6,CAMPANHA_PILOTO_01
2026-08-05,07:31:39,0.068,8.6,CAMPANHA_PILOTO_01
2026-08-05,07:31:40,0.068,8.6,CAMPANHA_PILOTO_01
2026-08-05,07:31:41,0.068,8.6,CAMPANHA_PILOTO_01
2026-08-05,07:31:42,0.068,8.6,CAMPANHA_PILOTO_01
2026-08-05,07:31:43,0.068,8.6,CAMPANHA_PILOTO_01
2026-08-05,07:31:44,0.068,8.6,CAMPANHA_PILOTO_01
2026-08-05,07:31:45,0.068,8.6,CAMPANHA_PILOTO_01
2026-08-05,07:31:46,0.068,8.6,CAMPANHA_PILOTO_01
2026-08-05,07:31:47,0.068,8.6,CAMPANHA_PILOTO_01
2026-08-05,07:31:48,0.068,8.6,CAMPANHA_PILOTO_01
2026-08-05,07:31:49,0.068,8.6,CAMPANHA_PILOTO_01
2026-08-05,07:31:50,0.068,8.6,CAMPANHA_PILOTO_01
2026-08-05,07:31:51,0.068,8.6,CAMPANHA_PILOTO_01
2026-08-05,07:31:52,0.068,8.6,CAMPANHA_PILOTO_01
2026-08-05,07:31:53,0.068,8.6,CAMPANHA_PILOTO_01
2026-08-05,07:31:54,0.068,8.6,CAMPANHA_PILOTO_01
2026-08-05,07:31:55,0.068,8.6,CAMPANHA_PILOTO_01
2026-08-05,07:31:56,0.068,8.6,CAMPANHA_PILOTO_01
2026-08-05,07:31:57,0.068,8.6,CAMPANHA_PILOTO_01
2026-08-05,07:31:58,0.068,8.6,CAMPANHA_PILOTO_01
2026-08-05,07:31:59,0.068,8.6,CAMPANHA_PILOTO_01
2026-08-05,07:32:00,0.068,8.6,CAMPANHA_PILOTO_01
2026-08-05,07:32:01,0.068,8.6,CAMPANHA_PILOTO_01
2026-08-05,07:32:02,0.068,8.6,CAMPANHA_PILOTO_01
2026-08-05,07:32:03,0.068,8.6,CAMPANHA_PILOTO_01
2026-08-05,07:32:04,0.068,8.6,CAMPANHA_PILOTO_01
2026-08-05,07:32:05,0.068,8.6,CAMPANHA_PILOTO_01
2026-08-05,07:32:06,0.068,8.6,CAMPANHA_PILOTO_01
2026-08-05,07:32:07,0.068,8.6,CAMPANHA_PILOTO_01
2026-08-05,07:32:08,0.068,8.6,CAMPANHA_PILOTO_01
2026-08-05,07:32:09,0.068,8.6,CAMPANHA_PILOTO_01
2026-08-05,07:32:10,0.068,8.6,CAMPANHA_PILOTO_01
2026-08-05,07:32:11,0.068,8.6,CAMPANHA_PILOTO_01
2026-08-05,07:32:12,0.068,8.6,CAMPANHA_PILOTO_01
2026-08-05,07:32:13,0.068,8.6,CAMPANHA_PILOTO_01
2026-08-05,07:32:14,0.068,8.6,CAMPANHA_PILOTO_01
2026-08-05,07:32:15,0.068,8.6,CAMPANHA_PILOTO_01
2026-08-05,07:32:16,0.068,8.6,CAMPANHA_PILOTO_01
2026-08-05,07:32:17,0.068,8.6,CAMPANHA_PILOTO_01
2026-08-05,07:32:18,0.068,8.6,CAMPANHA_PILOTO_01
2026-08-05,07:32:19,0.068,8.6,CAMPANHA_PILOTO_01
2026-08-05,07:32:20,0.068,8.6,CAMPANHA_PILOTO_01
2026-08-05,07:32:21,0.068,8.6,CAMPANHA_PILOTO_01
2026-08-05,07:32:22,0.068,8.6,CAMPANHA_PILOTO_01
2026-08-05,07:32:23,0.068,8.6,CAMPANHA_PILOTO_01
2026-08-05,07:32:24,0.068,8.6,CAMPANHA_PILOTO_01
2026-08-05,07:32:25,0.068,8.6,CAMPANHA_PILOTO_01
2026-08-05,07:32:26,0.068,8.6,CAMPANHA_PILOTO_01
2026-08-05,07:32:27,0.068,8.6,CAMPANHA_PILOTO_01
2026-08-05,07:32:28,0.068,8.6,CAMPANHA_PILOTO_01
2026-08-05,07:32:29,0.068,8.6,CAMPANHA_PILOTO_01
2026-08-05,07:32:30,0.068,8.6,CAMPANHA_PILOTO_01
2026-08-05,07:32:31,0.068,8.6,CAMPANHA_PILOTO_01
2026-08-05,07:32:32,0.068,8.6,CAMPANHA_PILOTO_01
2026-08-05,07:32:33,0.068,8.6,CAMPANHA_PILOTO_01
2026-08-05,07:32:34,0.068,8.6,CAMPANHA_PILOTO_01
2026-08-05,07:32:35,0.068,8.6,CAMPANHA_PILOTO_01
2026-08-05,07:32:36,0.068,8.6,CAMPANHA_PILOTO_01
2026-08-05,07:32:37,0.068,8.6,CAMPANHA_PILOTO_01
2026-08-05,07:32:38,0.068,8.6,CAMPANHA_PILOTO_01
2026-08-05,07:32:39,0.068,8.6,CAMPANHA_PILOTO_01
2026-08-05,07:32:40,0.068,8.6,CAMPANHA_PILOTO_01
2026-08-05,07:32:41,0.068,8.6,CAMPANHA_PILOTO_01
2026-08-05,07:32:42,0.068,8.6,CAMPANHA_PILOTO_01
2026-08-05,07:32:43,0.068,8.6,CAMPANHA_PILOTO_01
2026-08-05,07:32:44,0.068,8.6,CAMPANHA_PILOTO_01
2026-08-05,07:32:45,0.068,8.6,CAMPANHA_PILOTO_01
2026-08-05,07:32:46,0.068,8.6,CAMPANHA_PILOTO_01
2026-08-05,07:32:47,0.068,8.6,CAMPANHA_PILOTO_01
2026-08-05,07:32:48,0.068,8.6,CAMPANHA_PILOTO_01
2026-08-05,07:32:49,0.068,8.6,CAMPANHA_PILOTO_01
2026-08-05,07:32:50,0.068,8.6,CAMPANHA_PILOTO_01
2026-08-05,07:32:51,0.068,8.6,CAMPANHA_PILOTO_01
2026-08-05,07:32:52,0.068,8.6,CAMPANHA_PILOTO_01
2026-08-05,07:32:53,0.068,8.6,CAMPANHA_PILOTO_01
2026-08-05,07:32:54,0.068,8.6,CAMPANHA_PILOTO_01
2026-08-05,07:32:55,0.068,8.6,CAMPANHA_PILOTO_01
2026-08-05,07:32:56,0.068,8.6,CAMPANHA_PILOTO_01
2026-08-05,07:32:57,0.068,8.6,CAMPANHA_PILOTO_01
2026-08-05,07:32:58,0.068,8.6,CAMPANHA_PILOTO_01
2026-08-05,07:32:59,0.068,8.6,CAMPANHA_PILOTO_01
2026-08-05,07:33:00,0.068,8.6,CAMPANHA_PILOTO_01
2026-08-05,07:33:01,0.068,8.6,CAMPANHA_PILOTO_01
2026-08-05,07:33:02,0.068,8.6,CAMPANHA_PILOTO_01
2026-08-05,07:33:03,0.068,8.6,CAMPANHA_PILOTO_01
2026-08-05,07:33:04,0.068,8.6,CAMPANHA_PILOTO_01
2026-08-05,07:33:05,0.068,8.6,CAMPANHA_PILOTO_01
2026-08-05,07:33:06,0.068,8.6,CAMPANHA_PILOTO_01
2026-08-05,07:33:07,0.068,8.6,CAMPANHA_PILOTO_01
2026-08-05,07:33:08,0.068,8.6,CAMPANHA_PILOTO_01
2026-08-05,07:33:09,0.068,8.6,CAMPANHA_PILOTO_01
2026-08-05,07:33:10,0.068,8.6,CAMPANHA_PILOTO_01
2026-08-05,07:33:11,0.068,8.6,CAMPANHA_PILOTO_01
2026-08-05,07:33:12,0.068,8.6,CAMPANHA_PILOTO_01
2026-08-05,07:33:13,0.068,8.6,CAMPANHA_PILOTO_01
2026-08-05,07:33:14,0.068,8.6,CAMPANHA_PILOTO_01
2026-08-05,07:33:15,0.068,8.6,CAMPANHA_PILOTO_01
2026-08-05,07:33:16,0.068,8.6,CAMPANHA_PILOTO_01
2026-08-05,07:33:17,0.068,8.6,CAMPANHA_PILOTO_01
2026-08-05,07:33:18,0.068,8.6,CAMPANHA_PILOTO_01
2026-08-05,07:33:19,0.068,8.6,CAMPANHA_PILOTO_01
2026-08-05,07:33:20,0.068,8.6,CAMPANHA_PILOTO_01
2026-08-05,07:33:21,0.068,8.6,CAMPANHA_PILOTO_01
2026-08-05,07:33:22,0.068,8.6,CAMPANHA_PILOTO_01
2026-08-05,07:33:23,0.068,8.6,CAMPANHA_PILOTO_01
2026-08-05,07:33:24,0.068,8.6,CAMPANHA_PILOTO_01
2026-08-05,07:33:25,0.068,8.6,CAMPANHA_PILOTO_01
2026-08-05,07:33:26,0.068,8.6,CAMPANHA_PILOTO_01
2026-08-05,07:33:27,0.068,8.6,CAMPANHA_PILOTO_01
2026-08-05,07:33:28,0.068,8.6,CAMPANHA_PILOTO_01
2026-08-05,07:33:29,0.068,8.6,CAMPANHA_PILOTO_01
2026-08-05,07:33:30,0.068,8.6,CAMPANHA_PILOTO_01
2026-08-05,07:33:31,0.068,8.6,CAMPANHA_PILOTO_01
2026-08-05,07:33:32,0.068,8.6,CAMPANHA_PILOTO_01
2026-08-05,07:33:33,0.068,8.6,CAMPANHA_PILOTO_01
2026-08-05,07:33:34,0.068,8.6,CAMPANHA_PILOTO_01
2026-08-05,07:33:35,0.068,8.6,CAMPANHA_PILOTO_01
2026-08-05,07:33:36,0.068,8.6,CAMPANHA_PILOTO_01
2026-08-05,07:33:37,0.068,8.6,CAMPANHA_PILOTO_01
2026-08-05,07:33:38,0.068,8.6,CAMPANHA_PILOTO_01
2026-08-05,07:33:39,0.068,8.6,CAMPANHA_PILOTO_01
2026-08-05,07:33:40,0.068,8.6,CAMPANHA_PILOTO_01
2026-08-05,07:33:41,0.068,8.6,CAMPANHA_PILOTO_01
2026-08-05,07:33:42,0.068,8.6,CAMPANHA_PILOTO_01
2026-08-05,07:33:43,0.068,8.6,CAMPANHA_PILOTO_01
2026-08-05,07:33:44,0.068,8.6,CAMPANHA_PILOTO_01
2026-08-05,07:33:45,0.068,8.6,CAMPANHA_PILOTO_01
2026-08-05,07:33:46,0.068,8.6,CAMPANHA_PILOTO_01
2026-08-05,07:33:47,0.068,8.6,CAMPANHA_PILOTO_01
2026-08-05,07:33:48,0.068,8.6,CAMPANHA_PILOTO_01
2026-08-05,07:33:49,0.068,8.6,CAMPANHA_PILOTO_01
2026-08-05,07:33:50,0.068,8.6,CAMPANHA_PILOTO_01
2026-08-05,07:33:51,0.068,8.6,CAMPANHA_PILOTO_01
2026-08-05,07:33:52,0.068,8.6,CAMPANHA_PILOTO_01
2026-08-05,07:33:53,0.068,8.6,CAMPANHA_PILOTO_01
2026-08-05,07:33:54,0.068,8.6,CAMPANHA_PILOTO_01
2026-08-05,07:33:55,0.068,8.6,CAMPANHA_PILOTO_01
2026-08-05,07:33:56,0.068,8.6,CAMPANHA_PILOTO_01
2026-08-05,07:33:57,0.068,8.6,CAMPANHA_PILOTO_01
2026-08-05,07:33:58,0.068,8.6,CAMPANHA_PILOTO_01
2026-08-05,07:33:59,0.068,8.6,CAMPANHA_PILOTO_01
2026-08-05,07:34:00,0.068,8.6,CAMPANHA_PILOTO_01
2026-08-05,07:34:01,0.068,8.6,CAMPANHA_PILOTO_01
2026-08-05,07:34:02,0.068,8.6,CAMPANHA_PILOTO_01
2026-08-05,07:34:03,0.068,8.6,CAMPANHA_PILOTO_01
2026-08-05,07:34:04,0.068,8.6,CAMPANHA_PILOTO_01
2026-08-05,07:34:05,0.068,8.6,CAMPANHA_PILOTO_01
2026-08-05,07:34:06,0.068,8.6,CAMPANHA_PILOTO_01
2026-08-05,07:34:07,0.068,8.6,CAMPANHA_PILOTO_01
2026-08-05,07:34:08,0.068,8.6,CAMPANHA_PILOTO_01
2026-08-05,07:34:09,0.068,8.6,CAMPANHA_PILOTO_01
2026-08-05,07:34:10,0.068,8.6,CAMPANHA_PILOTO_01
2026-08-05,07:34:11,0.068,8.6,CAMPANHA_PILOTO_01
2026-08-05,07:34:12,0.068,8.6,CAMPANHA_PILOTO_01
2026-08-05,07:34:13,0.068,8.6,CAMPANHA_PILOTO_01
2026-08-05,07:34:14,0.068,8.6,CAMPANHA_PILOTO_01
2026-08-05,07:34:15,0.068,8.6,CAMPANHA_PILOTO_01
2026-08-05,07:34:16,0.068,8.6,CAMPANHA_PILOTO_01
2026-08-05,07:34:17,0.068,8.6,CAMPANHA_PILOTO_01
2026-08-05,07:34:18,0.068,8.6,CAMPANHA_PILOTO_01
2026-08-05,07:34:19,0.068,8.6,CAMPANHA_PILOTO_01
2026-08-05,07:34:20,0.068,8.6,CAMPANHA_PILOTO_01
2026-08-05,07:34:21,0.068,8.6,CAMPANHA_PILOTO_01
2026-08-05,07:34:22,0.068,8.6,CAMPANHA_PILOTO_01
2026-08-05,07:34:23,0.068,8.6,CAMPANHA_PILOTO_01
2026-08-05,07:34:24,0.068,8.6,CAMPANHA_PILOTO_01
2026-08-05,07:34:25,0.068,8.6,CAMPANHA_PILOTO_01
2026-08-05,07:34:26,0.068,8.6,CAMPANHA_PILOTO_01
2026-08-05,07:34:27,0.068,8.6,CAMPANHA_PILOTO_01
2026-08-05,07:34:28,0.068,8.6,CAMPANHA_PILOTO_01
2026-08-05,07:34:29,0.068,8.6,CAMPANHA_PILOTO_01
2026-08-05,07:34:30,0.068,8.6,CAMPANHA_PILOTO_01
2026-08-05,07:34:31,0.068,8.6,CAMPANHA_PILOTO_01
2026-08-05,07:34:32,0.068,8.6,CAMPANHA_PILOTO_01
2026-08-05,07:34:33,0.068,8.6,CAMPANHA_PILOTO_01
2026-08-05,07:34:34,0.068,8.6,CAMPANHA_PILOTO_01
2026-08-05,07:34:35,0.068,8.6,CAMPANHA_PILOTO_01
2026-08-05,07:34:36,0.068,8.6,CAMPANHA_PILOTO_01
2026-08-05,07:34:37,0.068,8.6,CAMPANHA_PILOTO_01
2026-08-05,07:34:38,0.068,8.6,CAMPANHA_PILOTO_01
2026-08-05,07:34:39,0.068,8.6,CAMPANHA_PILOTO_01
2026-08-05,07:34:40,0.068,8.6,CAMPANHA_PILOTO_01
2026-08-05,07:34:41,0.068,8.6,CAMPANHA_PILOTO_01
2026-08-05,07:34:42,0.068,8.6,CAMPANHA_PILOTO_01
2026-08-05,07:34:43,0.068,8.6,CAMPANHA_PILOTO_01
2026-08-05,07:34:44,0.068,8.6,CAMPANHA_PILOTO_01
2026-08-05,07:34:45,0.068,8.6,CAMPANHA_PILOTO_01
2026-08-05,07:34:46,0.068,8.6,CAMPANHA_PILOTO_01
2026-08-05,07:34:47,0.068,8.6,CAMPANHA_PILOTO_01
2026-08-05,07:34:48,0.068,8.6,CAMPANHA_PILOTO_01
2026-08-05,07:34:49,0.068,8.6,CAMPANHA_PILOTO_01
2026-08-05,07:34:50,0.068,8.6,CAMPANHA_PILOTO_01
2026-08-05,07:34:51,0.067,8.6,CAMPANHA_PILOTO_01
2026-08-05,07:34:52,0.067,8.6,CAMPANHA_PILOTO_01
2026-08-05,07:34:53,0.067,8.6,CAMPANHA_PILOTO_01
2026-08-05,07:34:54,0.067,8.6,CAMPANHA_PILOTO_01
2026-08-05,07:34:55,0.067,8.6,CAMPANHA_PILOTO_01
2026-08-05,07:34:56,0.067,8.6,CAMPANHA_PILOTO_01
2026-08-05,07:34:57,0.067,8.6,CAMPANHA_PILOTO_01
2026-08-05,07:34:58,0.067,8.6,CAMPANHA_PILOTO_01
2026-08-05,07:34:59,0.067,8.6,CAMPANHA_PILOTO_01
2026-08-05,07:35:00,0.067,8.6,CAMPANHA_PILOTO_01
2026-08-05,07:35:01,0.067,8.6,CAMPANHA_PILOTO_01
2026-08-05,07:35:02,0.067,8.6,CAMPANHA_PILOTO_01
2026-08-05,07:35:03,0.067,8.6,CAMPANHA_PILOTO_01
2026-08-05,07:35:04,0.067,8.6,CAMPANHA_PILOTO_01
2026-08-05,07:35:05,0.067,8.6,CAMPANHA_PILOTO_01
2026-08-05,07:35:06,0.067,8.6,CAMPANHA_PILOTO_01
2026-08-05,07:35:07,0.067,8.6,CAMPANHA_PILOTO_01
2026-08-05,07:35:08,0.067,8.6,CAMPANHA_PILOTO_01
2026-08-05,07:35:09,0.067,8.6,CAMPANHA_PILOTO_01
2026-08-05,07:35:10,0.067,8.6,CAMPANHA_PILOTO_01
2026-08-05,07:35:11,0.067,8.6,CAMPANHA_PILOTO_01
2026-08-05,07:35:12,0.067,8.6,CAMPANHA_PILOTO_01
2026-08-05,07:35:13,0.067,8.6,CAMPANHA_PILOTO_01
2026-08-05,07:35:14,0.067,8.6,CAMPANHA_PILOTO_01
2026-08-05,07:35:15,0.067,8.6,CAMPANHA_PILOTO_01
2026-08-05,07:35:16,0.067,8.6,CAMPANHA_PILOTO_01
2026-08-05,07:35:17,0.067,8.6,CAMPANHA_PILOTO_01
2026-08-05,07:35:18,0.067,8.6,CAMPANHA_PILOTO_01
2026-08-05,07:35:19,0.067,8.6,CAMPANHA_PILOTO_01
2026-08-05,07:35:20,0.067,8.6,CAMPANHA_PILOTO_01
2026-08-05,07:35:21,0.067,8.6,CAMPANHA_PILOTO_01
2026-08-05,07:35:22,0.067,8.6,CAMPANHA_PILOTO_01
2026-08-05,07:35:23,0.067,8.6,CAMPANHA_PILOTO_01
2026-08-05,07:35:24,0.067,8.6,CAMPANHA_PILOTO_01
2026-08-05,07:35:25,0.067,8.6,CAMPANHA_PILOTO_01
2026-08-05,07:35:26,0.067,8.6,CAMPANHA_PILOTO_01
2026-08-05,07:35:27,0.067,8.6,CAMPANHA_PILOTO_01
2026-08-05,07:35:28,0.067,8.6,CAMPANHA_PILOTO_01
2026-08-05,07:35:29,0.067,8.6,CAMPANHA_PILOTO_01
2026-08-05,07:35:30,0.067,8.6,CAMPANHA_PILOTO_01
2026-08-05,07:35:31,0.067,8.6,CAMPANHA_PILOTO_01
2026-08-05,07:35:32,0.067,8.6,CAMPANHA_PILOTO_01
2026-08-05,07:35:33,0.067,8.6,CAMPANHA_PILOTO_01
2026-08-05,07:35:34,0.067,8.6,CAMPANHA_PILOTO_01
2026-08-05,07:35:35,0.067,8.6,CAMPANHA_PILOTO_01
2026-08-05,07:35:36,0.067,8.6,CAMPANHA_PILOTO_01
2026-08-05,07:35:37,0.067,8.6,CAMPANHA_PILOTO_01
2026-08-05,07:35:38,0.067,8.6,CAMPANHA_PILOTO_01
2026-08-05,07:35:39,0.067,8.6,CAMPANHA_PILOTO_01
2026-08-05,07:35:40,0.067,8.6,CAMPANHA_PILOTO_01
2026-08-05,07:35:41,0.067,8.6,CAMPANHA_PILOTO_01
2026-08-05,07:35:42,0.067,8.6,CAMPANHA_PILOTO_01
2026-08-05,07:35:43,0.067,8.6,CAMPANHA_PILOTO_01
2026-08-05,07:35:44,0.067,8.6,CAMPANHA_PILOTO_01
2026-08-05,07:35:45,0.067,8.6,CAMPANHA_PILOTO_01
2026-08-05,07:35:46,0.067,8.6,CAMPANHA_PILOTO_01
2026-08-05,07:35:47,0.067,8.6,CAMPANHA_PILOTO_01
2026-08-05,07:35:48,0.067,8.6,CAMPANHA_PILOTO_01
2026-08-05,07:35:49,0.067,8.6,CAMPANHA_PILOTO_01
2026-08-05,07:35:50,0.067,8.6,CAMPANHA_PILOTO_01
2026-08-05,07:35:51,0.067,8.6,CAMPANHA_PILOTO_01
2026-08-05,07:35:52,0.067,8.6,CAMPANHA_PILOTO_01
2026-08-05,07:35:53,0.067,8.6,CAMPANHA_PILOTO_01
2026-08-05,07:35:54,0.067,8.6,CAMPANHA_PILOTO_01
2026-08-05,07:35:55,0.067,8.6,CAMPANHA_PILOTO_01
2026-08-05,07:35:56,0.067,8.6,CAMPANHA_PILOTO_01
2026-08-05,07:35:57,0.067,8.6,CAMPANHA_PILOTO_01
2026-08-05,07:35:58,0.067,8.6,CAMPANHA_PILOTO_01
2026-08-05,07:35:59,0.067,8.6,CAMPANHA_PILOTO_01
2026-08-05,07:36:00,0.067,8.6,CAMPANHA_PILOTO_01
2026-08-05,07:36:01,0.067,8.6,CAMPANHA_PILOTO_01
2026-08-05,07:36:02,0.067,8.6,CAMPANHA_PILOTO_01
2026-08-05,07:36:03,0.067,8.6,CAMPANHA_PILOTO_01
2026-08-05,07:36:04,0.067,8.6,CAMPANHA_PILOTO_01
2026-08-05,07:36:05,0.067,8.6,CAMPANHA_PILOTO_01
2026-08-05,07:36:06,0.067,8.6,CAMPANHA_PILOTO_01
2026-08-05,07:36:07,0.067,8.6,CAMPANHA_PILOTO_01
2026-08-05,07:36:08,0.067,8.6,CAMPANHA_PILOTO_01
2026-08-05,07:36:09,0.067,8.6,CAMPANHA_PILOTO_01
2026-08-05,07:36:10,0.067,8.6,CAMPANHA_PILOTO_01
2026-08-05,07:36:11,0.067,8.6,CAMPANHA_PILOTO_01
2026-08-05,07:36:12,0.067,8.6,CAMPANHA_PILOTO_01
2026-08-05,07:36:13,0.067,8.5,CAMPANHA_PILOTO_01
2026-08-05,07:36:14,0.067,8.5,CAMPANHA_PILOTO_01
2026-08-05,07:36:15,0.067,8.5,CAMPANHA_PILOTO_01
2026-08-05,07:36:16,0.067,8.5,CAMPANHA_PILOTO_01
2026-08-05,07:36:17,0.067,8.5,CAMPANHA_PILOTO_01
2026-08-05,07:36:18,0.067,8.5,CAMPANHA_PILOTO_01
2026-08-05,07:36:19,0.067,8.5,CAMPANHA_PILOTO_01
2026-08-05,07:36:20,0.067,8.5,CAMPANHA_PILOTO_01
2026-08-05,07:36:21,0.067,8.5,CAMPANHA_PILOTO_01
2026-08-05,07:36:22,0.067,8.5,CAMPANHA_PILOTO_01
2026-08-05,07:36:23,0.067,8.5,CAMPANHA_PILOTO_01
2026-08-05,07:36:24,0.067,8.5,CAMPANHA_PILOTO_01
2026-08-05,07:36:25,0.067,8.5,CAMPANHA_PILOTO_01
2026-08-05,07:36:26,0.067,8.5,CAMPANHA_PILOTO_01
2026-08-05,07:36:27,0.067,8.5,CAMPANHA_PILOTO_01
2026-08-05,07:36:28,0.067,8.5,CAMPANHA_PILOTO_01
2026-08-05,07:36:29,0.067,8.5,CAMPANHA_PILOTO_01
2026-08-05,07:36:30,0.067,8.5,CAMPANHA_PILOTO_01
2026-08-05,07:36:31,0.067,8.5,CAMPANHA_PILOTO_01
2026-08-05,07:36:32,0.067,8.5,CAMPANHA_PILOTO_01
2026-08-05,07:36:33,0.067,8.5,CAMPANHA_PILOTO_01
2026-08-05,07:36:34,0.067,8.5,CAMPANHA_PILOTO_01
2026-08-05,07:36:35,0.067,8.5,CAMPANHA_PILOTO_01
2026-08-05,07:36:36,0.067,8.5,CAMPANHA_PILOTO_01
2026-08-05,07:36:37,0.067,8.5,CAMPANHA_PILOTO_01
2026-08-05,07:36:38,0.067,8.5,CAMPANHA_PILOTO_01
2026-08-05,07:36:39,0.067,8.5,CAMPANHA_PILOTO_01
2026-08-05,07:36:40,0.067,8.5,CAMPANHA_PILOTO_01
2026-08-05,07:36:41,0.067,8.5,CAMPANHA_PILOTO_01
2026-08-05,07:36:42,0.067,8.5,CAMPANHA_PILOTO_01
2026-08-05,07:36:43,0.067,8.5,CAMPANHA_PILOTO_01
2026-08-05,07:36:44,0.067,8.5,CAMPANHA_PILOTO_01
2026-08-05,07:36:45,0.067,8.5,CAMPANHA_PILOTO_01
2026-08-05,07:36:46,0.067,8.5,CAMPANHA_PILOTO_01
2026-08-05,07:36:47,0.067,8.5,CAMPANHA_PILOTO_01
2026-08-05,07:36:48,0.067,8.5,CAMPANHA_PILOTO_01
2026-08-05,07:36:49,0.067,8.5,CAMPANHA_PILOTO_01
2026-08-05,07:36:50,0.067,8.5,CAMPANHA_PILOTO_01
2026-08-05,07:36:51,0.067,8.5,CAMPANHA_PILOTO_01
2026-08-05,07:36:52,0.067,8.5,CAMPANHA_PILOTO_01
2026-08-05,07:36:53,0.067,8.5,CAMPANHA_PILOTO_01
2026-08-05,07:36:54,0.067,8.5,CAMPANHA_PILOTO_01
2026-08-05,07:36:55,0.067,8.5,CAMPANHA_PILOTO_01
2026-08-05,07:36:56,0.067,8.5,CAMPANHA_PILOTO_01
2026-08-05,07:36:57,0.067,8.5,CAMPANHA_PILOTO_01
2026-08-05,07:36:58,0.067,8.5,CAMPANHA_PILOTO_01
2026-08-05,07:36:59,0.067,8.5,CAMPANHA_PILOTO_01
2026-08-05,07:37:00,0.067,8.5,CAMPANHA_PILOTO_01
2026-08-05,07:37:01,0.067,8.5,CAMPANHA_PILOTO_01
2026-08-05,07:37:02,0.067,8.5,CAMPANHA_PILOTO_01
2026-08-05,07:37:03,0.067,8.5,CAMPANHA_PILOTO_01
2026-08-05,07:37:04,0.067,8.5,CAMPANHA_PILOTO_01
2026-08-05,07:37:05,0.067,8.5,CAMPANHA_PILOTO_01
2026-08-05,07:37:06,0.067,8.5,CAMPANHA_PILOTO_01
2026-08-05,07:37:07,0.067,8.5,CAMPANHA_PILOTO_01
2026-08-05,07:37:08,0.067,8.5,CAMPANHA_PILOTO_01
2026-08-05,07:37:09,0.067,8.5,CAMPANHA_PILOTO_01
2026-08-05,07:37:10,0.067,8.5,CAMPANHA_PILOTO_01
2026-08-05,07:37:11,0.067,8.5,CAMPANHA_PILOTO_01
2026-08-05,07:37:12,0.067,8.5,CAMPANHA_PILOTO_01
2026-08-05,07:37:13,0.067,8.5,CAMPANHA_PILOTO_01
2026-08-05,07:37:14,0.067,8.5,CAMPANHA_PILOTO_01
2026-08-05,07:37:15,0.067,8.5,CAMPANHA_PILOTO_01
2026-08-05,07:37:16,0.067,8.5,CAMPANHA_PILOTO_01
2026-08-05,07:37:17,0.067,8.5,CAMPANHA_PILOTO_01
2026-08-05,07:37:18,0.067,8.5,CAMPANHA_PILOTO_01
2026-08-05,07:37:19,0.067,8.5,CAMPANHA_PILOTO_01
2026-08-05,07:37:20,0.067,8.5,CAMPANHA_PILOTO_01
2026-08-05,07:37:21,0.067,8.5,CAMPANHA_PILOTO_01
2026-08-05,07:37:22,0.067,8.5,CAMPANHA_PILOTO_01
2026-08-05,07:37:23,0.067,8.5,CAMPANHA_PILOTO_01
2026-08-05,07:37:24,0.067,8.5,CAMPANHA_PILOTO_01
2026-08-05,07:37:25,0.067,8.5,CAMPANHA_PILOTO_01
2026-08-05,07:37:26,0.067,8.5,CAMPANHA_PILOTO_01
2026-08-05,07:37:27,0.067,8.5,CAMPANHA_PILOTO_01
2026-08-05,07:37:28,0.067,8.5,CAMPANHA_PILOTO_01
2026-08-05,07:37:29,0.067,8.5,CAMPANHA_PILOTO_01
2026-08-05,07:37:30,0.067,8.5,CAMPANHA_PILOTO_01
2026-08-05,07:37:31,0.067,8.5,CAMPANHA_PILOTO_01
2026-08-05,07:37:32,0.067,8.5,CAMPANHA_PILOTO_01
2026-08-05,07:37:33,0.067,8.5,CAMPANHA_PILOTO_01
2026-08-05,07:37:34,0.067,8.5,CAMPANHA_PILOTO_01
2026-08-05,07:37:35,0.067,8.5,CAMPANHA_PILOTO_01
2026-08-05,07:37:36,0.067,8.5,CAMPANHA_PILOTO_01
2026-08-05,07:37:37,0.067,8.5,CAMPANHA_PILOTO_01
2026-08-05,07:37:38,0.067,8.5,CAMPANHA_PILOTO_01
2026-08-05,07:37:39,0.067,8.5,CAMPANHA_PILOTO_01
2026-08-05,07:37:40,0.067,8.5,CAMPANHA_PILOTO_01
2026-08-05,07:37:41,0.067,8.5,CAMPANHA_PILOTO_01
2026-08-05,07:37:42,0.067,8.5,CAMPANHA_PILOTO_01
2026-08-05,07:37:43,0.067,8.5,CAMPANHA_PILOTO_01
2026-08-05,07:37:44,0.067,8.5,CAMPANHA_PILOTO_01
2026-08-05,07:37:45,0.067,8.5,CAMPANHA_PILOTO_01
2026-08-05,07:37:46,0.067,8.5,CAMPANHA_PILOTO_01
2026-08-05,07:37:47,0.067,8.5,CAMPANHA_PILOTO_01
2026-08-05,07:37:48,0.067,8.5,CAMPANHA_PILOTO_01
2026-08-05,07:37:49,0.067,8.5,CAMPANHA_PILOTO_01
2026-08-05,07:37:50,0.067,8.5,CAMPANHA_PILOTO_01
2026-08-05,07:37:51,0.067,8.5,CAMPANHA_PILOTO_01
2026-08-05,07:37:52,0.067,8.5,CAMPANHA_PILOTO_01
2026-08-05,07:37:53,0.067,8.5,CAMPANHA_PILOTO_01
2026-08-05,07:37:54,0.067,8.5,CAMPANHA_PILOTO_01
2026-08-05,07:37:55,0.067,8.5,CAMPANHA_PILOTO_01
2026-08-05,07:37:56,0.067,8.5,CAMPANHA_PILOTO_01
2026-08-05,07:37:57,0.067,8.5,CAMPANHA_PILOTO_01
2026-08-05,07:37:58,0.067,8.5,CAMPANHA_PILOTO_01
2026-08-05,07:37:59,0.067,8.5,CAMPANHA_PILOTO_01
2026-08-05,07:38:00,0.067,8.5,CAMPANHA_PILOTO_01
2026-08-05,07:38:01,0.067,8.5,CAMPANHA_PILOTO_01
2026-08-05,07:38:02,0.067,8.5,CAMPANHA_PILOTO_01
2026-08-05,07:38:03,0.067,8.5,CAMPANHA_PILOTO_01
2026-08-05,07:38:04,0.067,8.5,CAMPANHA_PILOTO_01
2026-08-05,07:38:05,0.067,8.5,CAMPANHA_PILOTO_01
2026-08-05,07:38:06,0.067,8.5,CAMPANHA_PILOTO_01
2026-08-05,07:38:07,0.067,8.5,CAMPANHA_PILOTO_01
2026-08-05,07:38:08,0.067,8.5,CAMPANHA_PILOTO_01
2026-08-05,07:38:09,0.067,8.5,CAMPANHA_PILOTO_01
2026-08-05,07:38:10,0.067,8.5,CAMPANHA_PILOTO_01
2026-08-05,07:38:11,0.067,8.5,CAMPANHA_PILOTO_01
2026-08-05,07:38:12,0.067,8.5,CAMPANHA_PILOTO_01
2026-08-05,07:38:13,0.067,8.5,CAMPANHA_PILOTO_01
2026-08-05,07:38:14,0.067,8.5,CAMPANHA_PILOTO_01
2026-08-05,07:38:15,0.067,8.5,CAMPANHA_PILOTO_01
2026-08-05,07:38:16,0.067,8.5,CAMPANHA_PILOTO_01
2026-08-05,07:38:17,0.067,8.5,CAMPANHA_PILOTO_01
2026-08-05,07:38:18,0.067,8.5,CAMPANHA_PILOTO_01
2026-08-05,07:38:19,0.067,8.5,CAMPANHA_PILOTO_01
2026-08-05,07:38:20,0.067,8.5,CAMPANHA_PILOTO_01
2026-08-05,07:38:21,0.067,8.5,CAMPANHA_PILOTO_01
2026-08-05,07:38:22,0.067,8.5,CAMPANHA_PILOTO_01
2026-08-05,07:38:23,0.067,8.5,CAMPANHA_PILOTO_01
2026-08-05,07:38:24,0.067,8.5,CAMPANHA_PILOTO_01
2026-08-05,07:38:25,0.067,8.5,CAMPANHA_PILOTO_01
2026-08-05,07:38:26,0.067,8.5,CAMPANHA_PILOTO_01
2026-08-05,07:38:27,0.067,8.5,CAMPANHA_PILOTO_01
2026-08-05,07:38:28,0.067,8.5,CAMPANHA_PILOTO_01
2026-08-05,07:38:29,0.067,8.5,CAMPANHA_PILOTO_01
2026-08-05,07:38:30,0.067,8.5,CAMPANHA_PILOTO_01
2026-08-05,07:38:31,0.067,8.5,CAMPANHA_PILOTO_01
2026-08-05,07:38:32,0.067,8.5,CAMPANHA_PILOTO_01
2026-08-05,07:38:33,0.067,8.5,CAMPANHA_PILOTO_01
2026-08-05,07:38:34,0.067,8.5,CAMPANHA_PILOTO_01
2026-08-05,07:38:35,0.067,8.5,CAMPANHA_PILOTO_01
2026-08-05,07:38:36,0.067,8.5,CAMPANHA_PILOTO_01
2026-08-05,07:38:37,0.067,8.5,CAMPANHA_PILOTO_01
2026-08-05,07:38:38,0.067,8.5,CAMPANHA_PILOTO_01
2026-08-05,07:38:39,0.067,8.5,CAMPANHA_PILOTO_01
2026-08-05,07:38:40,0.067,8.5,CAMPANHA_PILOTO_01
2026-08-05,07:38:41,0.067,8.5,CAMPANHA_PILOTO_01
2026-08-05,07:38:42,0.067,8.5,CAMPANHA_PILOTO_01
2026-08-05,07:38:43,0.067,8.5,CAMPANHA_PILOTO_01
2026-08-05,07:38:44,0.067,8.5,CAMPANHA_PILOTO_01
2026-08-05,07:38:45,0.067,8.5,CAMPANHA_PILOTO_01
2026-08-05,07:38:46,0.067,8.5,CAMPANHA_PILOTO_01
2026-08-05,07:38:47,0.067,8.5,CAMPANHA_PILOTO_01
2026-08-05,07:38:48,0.067,8.5,CAMPANHA_PILOTO_01
2026-08-05,07:38:49,0.067,8.5,CAMPANHA_PILOTO_01
2026-08-05,07:38:50,0.067,8.5,CAMPANHA_PILOTO_01
2026-08-05,07:38:51,0.067,8.5,CAMPANHA_PILOTO_01
2026-08-05,07:38:52,0.067,8.5,CAMPANHA_PILOTO_01
2026-08-05,07:38:53,0.067,8.5,CAMPANHA_PILOTO_01
2026-08-05,07:38:54,0.067,8.5,CAMPANHA_PILOTO_01
2026-08-05,07:38:55,0.067,8.5,CAMPANHA_PILOTO_01
2026-08-05,07:38:56,0.067,8.5,CAMPANHA_PILOTO_01
2026-08-05,07:38:57,0.067,8.5,CAMPANHA_PILOTO_01
2026-08-05,07:38:58,0.067,8.5,CAMPANHA_PILOTO_01
2026-08-05,07:38:59,0.067,8.5,CAMPANHA_PILOTO_01
2026-08-05,07:39:00,0.067,8.5,CAMPANHA_PILOTO_01
2026-08-05,07:39:01,0.067,8.5,CAMPANHA_PILOTO_01
2026-08-05,07:39:02,0.067,8.5,CAMPANHA_PILOTO_01
2026-08-05,07:39:03,0.067,8.5,CAMPANHA_PILOTO_01
2026-08-05,07:39:04,0.067,8.5,CAMPANHA_PILOTO_01
2026-08-05,07:39:05,0.067,8.5,CAMPANHA_PILOTO_01
2026-08-05,07:39:06,0.067,8.5,CAMPANHA_PILOTO_01
2026-08-05,07:39:07,0.067,8.5,CAMPANHA_PILOTO_01
2026-08-05,07:39:08,0.067,8.5,CAMPANHA_PILOTO_01
2026-08-05,07:39:09,0.067,8.5,CAMPANHA_PILOTO_01
2026-08-05,07:39:10,0.067,8.5,CAMPANHA_PILOTO_01
2026-08-05,07:39:11,0.067,8.5,CAMPANHA_PILOTO_01
2026-08-05,07:39:12,0.067,8.5,CAMPANHA_PILOTO_01
2026-08-05,07:39:13,0.067,8.5,CAMPANHA_PILOTO_01
2026-08-05,07:39:14,0.067,8.5,CAMPANHA_PILOTO_01
2026-08-05,07:39:15,0.067,8.5,CAMPANHA_PILOTO_01
2026-08-05,07:39:16,0.067,8.5,CAMPANHA_PILOTO_01
2026-08-05,07:39:17,0.067,8.5,CAMPANHA_PILOTO_01
2026-08-05,07:39:18,0.067,8.5,CAMPANHA_PILOTO_01
2026-08-05,07:39:19,0.067,8.5,CAMPANHA_PILOTO_01
2026-08-05,07:39:20,0.067,8.5,CAMPANHA_PILOTO_01
2026-08-05,07:39:21,0.067,8.5,CAMPANHA_PILOTO_01
2026-08-05,07:39:22,0.067,8.5,CAMPANHA_PILOTO_01
2026-08-05,07:39:23,0.067,8.5,CAMPANHA_PILOTO_01
2026-08-05,07:39:24,0.067,8.5,CAMPANHA_PILOTO_01
2026-08-05,07:39:25,0.067,8.5,CAMPANHA_PILOTO_01
2026-08-05,07:39:26,0.067,8.5,CAMPANHA_PILOTO_01
2026-08-05,07:39:27,0.067,8.5,CAMPANHA_PILOTO_01
2026-08-05,07:39:28,0.067,8.5,CAMPANHA_PILOTO_01
2026-08-05,07:39:29,0.067,8.5,CAMPANHA_PILOTO_01
2026-08-05,07:39:30,0.067,8.5,CAMPANHA_PILOTO_01
2026-08-05,07:39:31,0.067,8.5,CAMPANHA_PILOTO_01
2026-08-05,07:39:32,0.067,8.5,CAMPANHA_PILOTO_01
2026-08-05,07:39:33,0.067,8.5,CAMPANHA_PILOTO_01
2026-08-05,07:39:34,0.067,8.5,CAMPANHA_PILOTO_01
2026-08-05,07:39:35,0.067,8.5,CAMPANHA_PILOTO_01
2026-08-05,07:39:36,0.067,8.5,CAMPANHA_PILOTO_01
2026-08-05,07:39:37,0.067,8.5,CAMPANHA_PILOTO_01
2026-08-05,07:39:38,0.067,8.5,CAMPANHA_PILOTO_01
2026-08-05,07:39:39,0.067,8.5,CAMPANHA_PILOTO_01
2026-08-05,07:39:40,0.067,8.5,CAMPANHA_PILOTO_01
2026-08-05,07:39:41,0.067,8.5,CAMPANHA_PILOTO_01
2026-08-05,07:39:42,0.067,8.5,CAMPANHA_PILOTO_01
2026-08-05,07:39:43,0.067,8.5,CAMPANHA_PILOTO_01
2026-08-05,07:39:44,0.067,8.5,CAMPANHA_PILOTO_01
2026-08-05,07:39:45,0.067,8.5,CAMPANHA_PILOTO_01
2026-08-05,07:39:46,0.067,8.5,CAMPANHA_PILOTO_01
2026-08-05,07:39:47,0.067,8.5,CAMPANHA_PILOTO_01
2026-08-05,07:39:48,0.067,8.5,CAMPANHA_PILOTO_01
2026-08-05,07:39:49,0.067,8.5,CAMPANHA_PILOTO_01
2026-08-05,07:39:50,0.067,8.5,CAMPANHA_PILOTO_01
2026-08-05,07:39:51,0.067,8.5,CAMPANHA_PILOTO_01
2026-08-05,07:39:52,0.067,8.5,CAMPANHA_PILOTO_01
2026-08-05,07:39:53,0.067,8.5,CAMPANHA_PILOTO_01
2026-08-05,07:39:54,0.067,8.5,CAMPANHA_PILOTO_01
2026-08-05,07:39:55,0.067,8.5,CAMPANHA_PILOTO_01
2026-08-05,07:39:56,0.067,8.5,CAMPANHA_PILOTO_01
2026-08-05,07:39:57,0.067,8.5,CAMPANHA_PILOTO_01
2026-08-05,07:39:58,0.067,8.5,CAMPANHA_PILOTO_01
2026-08-05,07:39:59,0.067,8.5,CAMPANHA_PILOTO_01
2026-08-05,07:40:00,0.067,8.5,CAMPANHA_PILOTO_01
2026-08-05,07:40:01,0.067,8.5,CAMPANHA_PILOTO_01
2026-08-05,07:40:02,0.067,8.5,CAMPANHA_PILOTO_01
2026-08-05,07:40:03,0.067,8.5,CAMPANHA_PILOTO_01
2026-08-05,07:40:04,0.067,8.5,CAMPANHA_PILOTO_01
2026-08-05,07:40:05,0.067,8.5,CAMPANHA_PILOTO_01
2026-08-05,07:40:06,0.067,8.5,CAMPANHA_PILOTO_01
2026-08-05,07:40:07,0.067,8.5,CAMPANHA_PILOTO_01
2026-08-05,07:40:08,0.067,8.5,CAMPANHA_PILOTO_01
2026-08-05,07:40:09,0.067,8.5,CAMPANHA_PILOTO_01
2026-08-05,07:40:10,0.067,8.5,CAMPANHA_PILOTO_01
2026-08-05,07:40:11,0.067,8.5,CAMPANHA_PILOTO_01
2026-08-05,07:40:12,0.067,8.5,CAMPANHA_PILOTO_01
2026-08-05,07:40:13,0.067,8.5,CAMPANHA_PILOTO_01
2026-08-05,07:40:14,0.067,8.5,CAMPANHA_PILOTO_01
2026-08-05,07:40:15,0.067,8.5,CAMPANHA_PILOTO_01
2026-08-05,07:40:16,0.067,8.5,CAMPANHA_PILOTO_01
2026-08-05,07:40:17,0.067,8.5,CAMPANHA_PILOTO_01
2026-08-05,07:40:18,0.067,8.5,CAMPANHA_PILOTO_01
2026-08-05,07:40:19,0.067,8.5,CAMPANHA_PILOTO_01
2026-08-05,07:40:20,0.067,8.5,CAMPANHA_PILOTO_01
2026-08-05,07:40:21,0.067,8.5,CAMPANHA_PILOTO_01
2026-08-05,07:40:22,0.067,8.5,CAMPANHA_PILOTO_01
2026-08-05,07:40:23,0.067,8.5,CAMPANHA_PILOTO_01
2026-08-05,07:40:24,0.067,8.5,CAMPANHA_PILOTO_01
2026-08-05,07:40:25,0.067,8.5,CAMPANHA_PILOTO_01
2026-08-05,07:40:26,0.067,8.5,CAMPANHA_PILOTO_01
2026-08-05,07:40:27,0.067,8.5,CAMPANHA_PILOTO_01
2026-08-05,07:40:28,0.067,8.5,CAMPANHA_PILOTO_01
2026-08-05,07:40:29,0.067,8.5,CAMPANHA_PILOTO_01
2026-08-05,07:40:30,0.067,8.5,CAMPANHA_PILOTO_01
2026-08-05,07:40:31,0.067,8.5,CAMPANHA_PILOTO_01
2026-08-05,07:40:32,0.067,8.5,CAMPANHA_PILOTO_01
2026-08-05,07:40:33,0.067,8.5,CAMPANHA_PILOTO_01
2026-08-05,07:40:34,0.067,8.5,CAMPANHA_PILOTO_01
2026-08-05,07:40:35,0.067,8.5,CAMPANHA_PILOTO_01
2026-08-05,07:40:36,0.067,8.5,CAMPANHA_PILOTO_01
2026-08-05,07:40:37,0.067,8.5,CAMPANHA_PILOTO_01
2026-08-05,07:40:38,0.067,8.5,CAMPANHA_PILOTO_01
2026-08-05,07:40:39,0.067,8.5,CAMPANHA_PILOTO_01
2026-08-05,07:40:40,0.067,8.5,CAMPANHA_PILOTO_01
2026-08-05,07:40:41,0.067,8.5,CAMPANHA_PILOTO_01
2026-08-05,07:40:42,0.067,8.5,CAMPANHA_PILOTO_01
2026-08-05,07:40:43,0.067,8.5,CAMPANHA_PILOTO_01
2026-08-05,07:40:44,0.067,8.5,CAMPANHA_PILOTO_01
2026-08-05,07:40:45,0.067,8.5,CAMPANHA_PILOTO_01
2026-08-05,07:40:46,0.067,8.5,CAMPANHA_PILOTO_01
2026-08-05,07:40:47,0.067,8.5,CAMPANHA_PILOTO_01
2026-08-05,07:40:48,0.067,8.5,CAMPANHA_PILOTO_01
2026-08-05,07:40:49,0.067,8.5,CAMPANHA_PILOTO_01
2026-08-05,07:40:50,0.067,8.5,CAMPANHA_PILOTO_01
2026-08-05,07:40:51,0.067,8.5,CAMPANHA_PILOTO_01
2026-08-05,07:40:52,0.067,8.5,CAMPANHA_PILOTO_01
2026-08-05,07:40:53,0.067,8.5,CAMPANHA_PILOTO_01
2026-08-05,07:40:54,0.067,8.5,CAMPANHA_PILOTO_01
2026-08-05,07:40:55,0.067,8.5,CAMPANHA_PILOTO_01
2026-08-05,07:40:56,0.067,8.5,CAMPANHA_PILOTO_01
2026-08-05,07:40:57,0.067,8.5,CAMPANHA_PILOTO_01
2026-08-05,07:40:58,0.067,8.5,CAMPANHA_PILOTO_01
2026-08-05,07:40:59,0.067,8.5,CAMPANHA_PILOTO_01
2026-08-05,07:41:00,0.067,8.5,CAMPANHA_PILOTO_01
2026-08-05,07:41:01,0.067,8.5,CAMPANHA_PILOTO_01
2026-08-05,07:41:02,0.067,8.5,CAMPANHA_PILOTO_01
2026-08-05,07:41:03,0.067,8.5,CAMPANHA_PILOTO_01
2026-08-05,07:41:04,0.067,8.5,CAMPANHA_PILOTO_01
2026-08-05,07:41:05,0.067,8.5,CAMPANHA_PILOTO_01
2026-08-05,07:41:06,0.067,8.5,CAMPANHA_PILOTO_01
2026-08-05,07:41:07,0.067,8.5,CAMPANHA_PILOTO_01
2026-08-05,07:41:08,0.067,8.5,CAMPANHA_PILOTO_01
2026-08-05,07:41:09,0.067,8.5,CAMPANHA_PILOTO_01
2026-08-05,07:41:10,0.067,8.5,CAMPANHA_PILOTO_01
2026-08-05,07:41:11,0.067,8.5,CAMPANHA_PILOTO_01
2026-08-05,07:41:12,0.067,8.5,CAMPANHA_PILOTO_01
2026-08-05,07:41:13,0.067,8.5,CAMPANHA_PILOTO_01
2026-08-05,07:41:14,0.067,8.5,CAMPANHA_PILOTO_01
2026-08-05,07:41:15,0.067,8.5,CAMPANHA_PILOTO_01
2026-08-05,07:41:16,0.067,8.5,CAMPANHA_PILOTO_01
2026-08-05,07:41:17,0.067,8.5,CAMPANHA_PILOTO_01
2026-08-05,07:41:18,0.067,8.5,CAMPANHA_PILOTO_01
2026-08-05,07:41:19,0.067,8.5,CAMPANHA_PILOTO_01
2026-08-05,07:41:20,0.067,8.5,CAMPANHA_PILOTO_01
2026-08-05,07:41:21,0.067,8.5,CAMPANHA_PILOTO_01
2026-08-05,07:41:22,0.067,8.5,CAMPANHA_PILOTO_01
2026-08-05,07:41:23,0.067,8.5,CAMPANHA_PILOTO_01
2026-08-05,07:41:24,0.067,8.5,CAMPANHA_PILOTO_01
2026-08-05,07:41:25,0.067,8.5,CAMPANHA_PILOTO_01
2026-08-05,07:41:26,0.067,8.5,CAMPANHA_PILOTO_01
2026-08-05,07:41:27,0.067,8.5,CAMPANHA_PILOTO_01
2026-08-05,07:41:28,0.067,8.5,CAMPANHA_PILOTO_01
2026-08-05,07:41:29,0.067,8.5,CAMPANHA_PILOTO_01
2026-08-05,07:41:30,0.067,8.5,CAMPANHA_PILOTO_01
2026-08-05,07:41:31,0.067,8.5,CAMPANHA_PILOTO_01
2026-08-05,07:41:32,0.067,8.5,CAMPANHA_PILOTO_01
2026-08-05,07:41:33,0.067,8.5,CAMPANHA_PILOTO_01
2026-08-05,07:41:34,0.067,8.5,CAMPANHA_PILOTO_01
2026-08-05,07:41:35,0.067,8.5,CAMPANHA_PILOTO_01
2026-08-05,07:41:36,0.067,8.5,CAMPANHA_PILOTO_01
2026-08-05,07:41:37,0.067,8.5,CAMPANHA_PILOTO_01
2026-08-05,07:41:38,0.067,8.5,CAMPANHA_PILOTO_01
2026-08-05,07:41:39,0.067,8.5,CAMPANHA_PILOTO_01
2026-08-05,07:41:40,0.067,8.5,CAMPANHA_PILOTO_01
2026-08-05,07:41:41,0.067,8.5,CAMPANHA_PILOTO_01
2026-08-05,07:41:42,0.067,8.5,CAMPANHA_PILOTO_01
2026-08-05,07:41:43,0.067,8.5,CAMPANHA_PILOTO_01
2026-08-05,07:41:44,0.067,8.5,CAMPANHA_PILOTO_01
2026-08-05,07:41:45,0.067,8.5,CAMPANHA_PILOTO_01
2026-08-05,07:41:46,0.067,8.5,CAMPANHA_PILOTO_01
2026-08-05,07:41:47,0.067,8.5,CAMPANHA_PILOTO_01
2026-08-05,07:41:48,0.067,8.5,CAMPANHA_PILOTO_01
2026-08-05,07:41:49,0.067,8.5,CAMPANHA_PILOTO_01
2026-08-05,07:41:50,0.067,8.5,CAMPANHA_PILOTO_01
2026-08-05,07:41:51,0.067,8.5,CAMPANHA_PILOTO_01
2026-08-05,07:41:52,0.067,8.5,CAMPANHA_PILOTO_01
2026-08-05,07:41:53,0.067,8.5,CAMPANHA_PILOTO_01
2026-08-05,07:41:54,0.067,8.5,CAMPANHA_PILOTO_01
2026-08-05,07:41:55,0.067,8.5,CAMPANHA_PILOTO_01
2026-08-05,07:41:56,0.067,8.5,CAMPANHA_PILOTO_01
2026-08-05,07:41:57,0.067,8.5,CAMPANHA_PILOTO_01
2026-08-05,07:41:58,0.067,8.5,CAMPANHA_PILOTO_01
2026-08-05,07:41:59,0.067,8.5,CAMPANHA_PILOTO_01
2026-08-05,07:42:00,0.067,8.5,CAMPANHA_PILOTO_01
2026-08-05,07:42:01,0.067,8.5,CAMPANHA_PILOTO_01
2026-08-05,07:42:02,0.067,8.5,CAMPANHA_PILOTO_01
2026-08-05,07:42:03,0.067,8.5,CAMPANHA_PILOTO_01
2026-08-05,07:42:04,0.067,8.5,CAMPANHA_PILOTO_01
2026-08-05,07:42:05,0.067,8.5,CAMPANHA_PILOTO_01
2026-08-05,07:42:06,0.067,8.5,CAMPANHA_PILOTO_01
2026-08-05,07:42:07,0.067,8.5,CAMPANHA_PILOTO_01
2026-08-05,07:42:08,0.067,8.5,CAMPANHA_PILOTO_01
2026-08-05,07:42:09,0.067,8.5,CAMPANHA_PILOTO_01
2026-08-05,07:42:10,0.067,8.5,CAMPANHA_PILOTO_01
2026-08-05,07:42:11,0.067,8.5,CAMPANHA_PILOTO_01
2026-08-05,07:42:12,0.067,8.5,CAMPANHA_PILOTO_01
2026-08-05,07:42:13,0.067,8.5,CAMPANHA_PILOTO_01
2026-08-05,07:42:14,0.067,8.5,CAMPANHA_PILOTO_01
2026-08-05,07:42:15,0.067,8.5,CAMPANHA_PILOTO_01
2026-08-05,07:42:16,0.067,8.5,CAMPANHA_PILOTO_01
2026-08-05,07:42:17,0.067,8.5,CAMPANHA_PILOTO_01
2026-08-05,07:42:18,0.067,8.5,CAMPANHA_PILOTO_01
2026-08-05,07:42:19,0.067,8.5,CAMPANHA_PILOTO_01
2026-08-05,07:42:20,0.067,8.5,CAMPANHA_PILOTO_01
2026-08-05,07:42:21,0.067,8.5,CAMPANHA_PILOTO_01
2026-08-05,07:42:22,0.067,8.4,CAMPANHA_PILOTO_01
2026-08-05,07:42:23,0.067,8.4,CAMPANHA_PILOTO_01
2026-08-05,07:42:24,0.067,8.4,CAMPANHA_PILOTO_01
2026-08-05,07:42:25,0.067,8.4,CAMPANHA_PILOTO_01
2026-08-05,07:42:26,0.067,8.4,CAMPANHA_PILOTO_01
2026-08-05,07:42:27,0.067,8.4,CAMPANHA_PILOTO_01
2026-08-05,07:42:28,0.067,8.4,CAMPANHA_PILOTO_01
2026-08-05,07:42:29,0.067,8.4,CAMPANHA_PILOTO_01
2026-08-05,07:42:30,0.067,8.4,CAMPANHA_PILOTO_01
2026-08-05,07:42:31,0.067,8.4,CAMPANHA_PILOTO_01
2026-08-05,07:42:32,0.067,8.4,CAMPANHA_PILOTO_01
2026-08-05,07:42:33,0.067,8.4,CAMPANHA_PILOTO_01
2026-08-05,07:42:34,0.067,8.4,CAMPANHA_PILOTO_01
2026-08-05,07:42:35,0.067,8.4,CAMPANHA_PILOTO_01
2026-08-05,07:42:36,0.067,8.4,CAMPANHA_PILOTO_01
2026-08-05,07:42:37,0.067,8.4,CAMPANHA_PILOTO_01
2026-08-05,07:42:38,0.067,8.4,CAMPANHA_PILOTO_01
2026-08-05,07:42:39,0.066,8.4,CAMPANHA_PILOTO_01
2026-08-05,07:42:40,0.066,8.4,CAMPANHA_PILOTO_01
2026-08-05,07:42:41,0.066,8.4,CAMPANHA_PILOTO_01
2026-08-05,07:42:42,0.066,8.4,CAMPANHA_PILOTO_01
2026-08-05,07:42:43,0.066,8.4,CAMPANHA_PILOTO_01
2026-08-05,07:42:44,0.066,8.4,CAMPANHA_PILOTO_01
2026-08-05,07:42:45,0.066,8.4,CAMPANHA_PILOTO_01
2026-08-05,07:42:46,0.066,8.4,CAMPANHA_PILOTO_01
2026-08-05,07:42:47,0.066,8.4,CAMPANHA_PILOTO_01
2026-08-05,07:42:48,0.066,8.4,CAMPANHA_PILOTO_01
2026-08-05,07:42:49,0.066,8.4,CAMPANHA_PILOTO_01
2026-08-05,07:42:50,0.066,8.4,CAMPANHA_PILOTO_01
2026-08-05,07:42:51,0.066,8.4,CAMPANHA_PILOTO_01
2026-08-05,07:42:52,0.066,8.4,CAMPANHA_PILOTO_01
2026-08-05,07:42:53,0.066,8.4,CAMPANHA_PILOTO_01
2026-08-05,07:42:54,0.066,8.4,CAMPANHA_PILOTO_01
2026-08-05,07:42:55,0.066,8.4,CAMPANHA_PILOTO_01
2026-08-05,07:42:56,0.066,8.4,CAMPANHA_PILOTO_01
2026-08-05,07:42:57,0.066,8.4,CAMPANHA_PILOTO_01
2026-08-05,07:42:58,0.066,8.4,CAMPANHA_PILOTO_01
2026-08-05,07:42:59,0.066,8.4,CAMPANHA_PILOTO_01
2026-08-05,07:43:00,0.066,8.4,CAMPANHA_PILOTO_01
2026-08-05,07:43:01,0.066,8.4,CAMPANHA_PILOTO_01
2026-08-05,07:43:02,0.066,8.4,CAMPANHA_PILOTO_01
2026-08-05,07:43:03,0.066,8.4,CAMPANHA_PILOTO_01
2026-08-05,07:43:04,0.066,8.4,CAMPANHA_PILOTO_01
2026-08-05,07:43:05,0.066,8.4,CAMPANHA_PILOTO_01
2026-08-05,07:43:06,0.066,8.4,CAMPANHA_PILOTO_01
2026-08-05,07:43:07,0.066,8.4,CAMPANHA_PILOTO_01
2026-08-05,07:43:08,0.066,8.4,CAMPANHA_PILOTO_01
2026-08-05,07:43:09,0.066,8.4,CAMPANHA_PILOTO_01
2026-08-05,07:43:10,0.066,8.4,CAMPANHA_PILOTO_01
2026-08-05,07:43:11,0.066,8.4,CAMPANHA_PILOTO_01
2026-08-05,07:43:12,0.066,8.4,CAMPANHA_PILOTO_01
2026-08-05,07:43:13,0.066,8.4,CAMPANHA_PILOTO_01
2026-08-05,07:43:14,0.066,8.4,CAMPANHA_PILOTO_01
2026-08-05,07:43:15,0.066,8.4,CAMPANHA_PILOTO_01
2026-08-05,07:43:16,0.066,8.4,CAMPANHA_PILOTO_01
2026-08-05,07:43:17,0.066,8.4,CAMPANHA_PILOTO_01
2026-08-05,07:43:18,0.066,8.4,CAMPANHA_PILOTO_01
2026-08-05,07:43:19,0.066,8.4,CAMPANHA_PILOTO_01
2026-08-05,07:43:20,0.066,8.4,CAMPANHA_PILOTO_01
2026-08-05,07:43:21,0.066,8.4,CAMPANHA_PILOTO_01
2026-08-05,07:43:22,0.066,8.4,CAMPANHA_PILOTO_01
2026-08-05,07:43:23,0.066,8.4,CAMPANHA_PILOTO_01
2026-08-05,07:43:24,0.066,8.4,CAMPANHA_PILOTO_01
2026-08-05,07:43:25,0.066,8.4,CAMPANHA_PILOTO_01
2026-08-05,07:43:26,0.066,8.4,CAMPANHA_PILOTO_01
2026-08-05,07:43:27,0.066,8.4,CAMPANHA_PILOTO_01
2026-08-05,07:43:28,0.066,8.4,CAMPANHA_PILOTO_01
2026-08-05,07:43:29,0.066,8.4,CAMPANHA_PILOTO_01
2026-08-05,07:43:30,0.066,8.4,CAMPANHA_PILOTO_01
2026-08-05,07:43:31,0.066,8.4,CAMPANHA_PILOTO_01
2026-08-05,07:43:32,0.066,8.4,CAMPANHA_PILOTO_01
2026-08-05,07:43:33,0.066,8.4,CAMPANHA_PILOTO_01
2026-08-05,07:43:34,0.066,8.4,CAMPANHA_PILOTO_01
2026-08-05,07:43:35,0.066,8.4,CAMPANHA_PILOTO_01
2026-08-05,07:43:36,0.066,8.4,CAMPANHA_PILOTO_01
2026-08-05,07:43:37,0.066,8.4,CAMPANHA_PILOTO_01
2026-08-05,07:43:38,0.066,8.4,CAMPANHA_PILOTO_01
2026-08-05,07:43:39,0.066,8.4,CAMPANHA_PILOTO_01
2026-08-05,07:43:40,0.066,8.4,CAMPANHA_PILOTO_01
2026-08-05,07:43:41,0.066,8.4,CAMPANHA_PILOTO_01
2026-08-05,07:43:42,0.066,8.4,CAMPANHA_PILOTO_01
2026-08-05,07:43:43,0.066,8.4,CAMPANHA_PILOTO_01
2026-08-05,07:43:44,0.066,8.4,CAMPANHA_PILOTO_01
2026-08-05,07:43:45,0.066,8.4,CAMPANHA_PILOTO_01
2026-08-05,07:43:46,0.066,8.4,CAMPANHA_PILOTO_01
2026-08-05,07:43:47,0.066,8.4,CAMPANHA_PILOTO_01
2026-08-05,07:43:48,0.066,8.4,CAMPANHA_PILOTO_01
2026-08-05,07:43:49,0.066,8.4,CAMPANHA_PILOTO_01
2026-08-05,07:43:50,0.066,8.4,CAMPANHA_PILOTO_01
2026-08-05,07:43:51,0.066,8.4,CAMPANHA_PILOTO_01
2026-08-05,07:43:52,0.066,8.4,CAMPANHA_PILOTO_01
2026-08-05,07:43:53,0.066,8.4,CAMPANHA_PILOTO_01
2026-08-05,07:43:54,0.066,8.4,CAMPANHA_PILOTO_01
2026-08-05,07:43:55,0.066,8.4,CAMPANHA_PILOTO_01
2026-08-05,07:43:56,0.066,8.4,CAMPANHA_PILOTO_01
2026-08-05,07:43:57,0.066,8.4,CAMPANHA_PILOTO_01
2026-08-05,07:43:58,0.066,8.4,CAMPANHA_PILOTO_01
2026-08-05,07:43:59,0.066,8.4,CAMPANHA_PILOTO_01
2026-08-05,07:44:00,0.066,8.4,CAMPANHA_PILOTO_01
2026-08-05,07:44:01,0.066,8.4,CAMPANHA_PILOTO_01
2026-08-05,07:44:02,0.066,8.4,CAMPANHA_PILOTO_01
2026-08-05,07:44:03,0.066,8.4,CAMPANHA_PILOTO_01
2026-08-05,07:44:04,0.066,8.4,CAMPANHA_PILOTO_01
2026-08-05,07:44:05,0.066,8.4,CAMPANHA_PILOTO_01
2026-08-05,07:44:06,0.066,8.4,CAMPANHA_PILOTO_01
2026-08-05,07:44:07,0.066,8.4,CAMPANHA_PILOTO_01
2026-08-05,07:44:08,0.066,8.4,CAMPANHA_PILOTO_01
2026-08-05,07:44:09,0.066,8.4,CAMPANHA_PILOTO_01
2026-08-05,07:44:10,0.066,8.4,CAMPANHA_PILOTO_01
2026-08-05,07:44:11,0.066,8.4,CAMPANHA_PILOTO_01
2026-08-05,07:44:12,0.066,8.4,CAMPANHA_PILOTO_01
2026-08-05,07:44:13,0.066,8.4,CAMPANHA_PILOTO_01
2026-08-05,07:44:14,0.066,8.4,CAMPANHA_PILOTO_01
2026-08-05,07:44:15,0.066,8.4,CAMPANHA_PILOTO_01
2026-08-05,07:44:16,0.066,8.4,CAMPANHA_PILOTO_01
2026-08-05,07:44:17,0.066,8.4,CAMPANHA_PILOTO_01
2026-08-05,07:44:18,0.066,8.4,CAMPANHA_PILOTO_01
2026-08-05,07:44:19,0.066,8.4,CAMPANHA_PILOTO_01
2026-08-05,07:44:20,0.066,8.4,CAMPANHA_PILOTO_01
2026-08-05,07:44:21,0.066,8.4,CAMPANHA_PILOTO_01
2026-08-05,07:44:22,0.066,8.4,CAMPANHA_PILOTO_01
2026-08-05,07:44:23,0.066,8.4,CAMPANHA_PILOTO_01
2026-08-05,07:44:24,0.066,8.4,CAMPANHA_PILOTO_01
2026-08-05,07:44:25,0.066,8.4,CAMPANHA_PILOTO_01
2026-08-05,07:44:26,0.066,8.4,CAMPANHA_PILOTO_01
2026-08-05,07:44:27,0.066,8.4,CAMPANHA_PILOTO_01
2026-08-05,07:44:28,0.066,8.4,CAMPANHA_PILOTO_01
2026-08-05,07:44:29,0.066,8.4,CAMPANHA_PILOTO_01
2026-08-05,07:44:30,0.066,8.4,CAMPANHA_PILOTO_01
2026-08-05,07:44:31,0.066,8.4,CAMPANHA_PILOTO_01
2026-08-05,07:44:32,0.066,8.4,CAMPANHA_PILOTO_01
2026-08-05,07:44:33,0.066,8.4,CAMPANHA_PILOTO_01
2026-08-05,07:44:34,0.066,8.4,CAMPANHA_PILOTO_01
2026-08-05,07:44:35,0.066,8.4,CAMPANHA_PILOTO_01
2026-08-05,07:44:36,0.066,8.4,CAMPANHA_PILOTO_01
2026-08-05,07:44:37,0.066,8.4,CAMPANHA_PILOTO_01
2026-08-05,07:44:38,0.066,8.4,CAMPANHA_PILOTO_01
2026-08-05,07:44:39,0.066,8.4,CAMPANHA_PILOTO_01
2026-08-05,07:44:40,0.066,8.4,CAMPANHA_PILOTO_01
2026-08-05,07:44:41,0.066,8.4,CAMPANHA_PILOTO_01
2026-08-05,07:44:42,0.066,8.4,CAMPANHA_PILOTO_01
2026-08-05,07:44:43,0.066,8.4,CAMPANHA_PILOTO_01
2026-08-05,07:44:44,0.066,8.4,CAMPANHA_PILOTO_01
2026-08-05,07:44:45,0.066,8.4,CAMPANHA_PILOTO_01
2026-08-05,07:44:46,0.066,8.4,CAMPANHA_PILOTO_01
2026-08-05,07:44:47,0.066,8.4,CAMPANHA_PILOTO_01
2026-08-05,07:44:48,0.066,8.4,CAMPANHA_PILOTO_01
2026-08-05,07:44:49,0.066,8.4,CAMPANHA_PILOTO_01
2026-08-05,07:44:50,0.066,8.4,CAMPANHA_PILOTO_01
2026-08-05,07:44:51,0.066,8.4,CAMPANHA_PILOTO_01
2026-08-05,07:44:52,0.066,8.4,CAMPANHA_PILOTO_01
2026-08-05,07:44:53,0.066,8.4,CAMPANHA_PILOTO_01
2026-08-05,07:44:54,0.066,8.4,CAMPANHA_PILOTO_01
2026-08-05,07:44:55,0.066,8.4,CAMPANHA_PILOTO_01
2026-08-05,07:44:56,0.066,8.4,CAMPANHA_PILOTO_01
2026-08-05,07:44:57,0.066,8.4,CAMPANHA_PILOTO_01
2026-08-05,07:44:58,0.066,8.4,CAMPANHA_PILOTO_01
2026-08-05,07:44:59,0.066,8.4,CAMPANHA_PILOTO_01
2026-08-05,07:45:00,0.066,8.4,CAMPANHA_PILOTO_01
2026-08-05,07:45:01,0.066,8.4,CAMPANHA_PILOTO_01
2026-08-05,07:45:02,0.066,8.4,CAMPANHA_PILOTO_01
2026-08-05,07:45:03,0.066,8.4,CAMPANHA_PILOTO_01
2026-08-05,07:45:04,0.066,8.4,CAMPANHA_PILOTO_01
2026-08-05,07:45:05,0.066,8.4,CAMPANHA_PILOTO_01
2026-08-05,07:45:06,0.066,8.4,CAMPANHA_PILOTO_01
2026-08-05,07:45:07,0.066,8.4,CAMPANHA_PILOTO_01
2026-08-05,07:45:08,0.066,8.4,CAMPANHA_PILOTO_01
2026-08-05,07:45:09,0.066,8.4,CAMPANHA_PILOTO_01
2026-08-05,07:45:10,0.066,8.4,CAMPANHA_PILOTO_01
2026-08-05,07:45:11,0.066,8.4,CAMPANHA_PILOTO_01
2026-08-05,07:45:12,0.066,8.4,CAMPANHA_PILOTO_01
2026-08-05,07:45:13,0.066,8.4,CAMPANHA_PILOTO_01
2026-08-05,07:45:14,0.066,8.4,CAMPANHA_PILOTO_01
2026-08-05,07:45:15,0.066,8.4,CAMPANHA_PILOTO_01
2026-08-05,07:45:16,0.066,8.4,CAMPANHA_PILOTO_01
2026-08-05,07:45:17,0.066,8.4,CAMPANHA_PILOTO_01
2026-08-05,07:45:18,0.066,8.4,CAMPANHA_PILOTO_01
2026-08-05,07:45:19,0.066,8.4,CAMPANHA_PILOTO_01
2026-08-05,07:45:20,0.066,8.4,CAMPANHA_PILOTO_01
2026-08-05,07:45:21,0.066,8.4,CAMPANHA_PILOTO_01
2026-08-05,07:45:22,0.066,8.4,CAMPANHA_PILOTO_01
2026-08-05,07:45:23,0.066,8.4,CAMPANHA_PILOTO_01
2026-08-05,07:45:24,0.066,8.4,CAMPANHA_PILOTO_01
2026-08-05,07:45:25,0.066,8.4,CAMPANHA_PILOTO_01
2026-08-05,07:45:26,0.066,8.4,CAMPANHA_PILOTO_01
2026-08-05,07:45:27,0.066,8.4,CAMPANHA_PILOTO_01
2026-08-05,07:45:28,0.066,8.4,CAMPANHA_PILOTO_01
2026-08-05,07:45:29,0.066,8.4,CAMPANHA_PILOTO_01
2026-08-05,07:45:30,0.066,8.4,CAMPANHA_PILOTO_01
2026-08-05,07:45:31,0.066,8.4,CAMPANHA_PILOTO_01
2026-08-05,07:45:32,0.066,8.4,CAMPANHA_PILOTO_01
2026-08-05,07:45:33,0.066,8.4,CAMPANHA_PILOTO_01
2026-08-05,07:45:34,0.066,8.4,CAMPANHA_PILOTO_01
2026-08-05,07:45:35,0.066,8.4,CAMPANHA_PILOTO_01
2026-08-05,07:45:36,0.066,8.4,CAMPANHA_PILOTO_01
2026-08-05,07:45:37,0.066,8.4,CAMPANHA_PILOTO_01
2026-08-05,07:45:38,0.066,8.4,CAMPANHA_PILOTO_01
2026-08-05,07:45:39,0.066,8.4,CAMPANHA_PILOTO_01
2026-08-05,07:45:40,0.066,8.4,CAMPANHA_PILOTO_01
2026-08-05,07:45:41,0.066,8.4,CAMPANHA_PILOTO_01
2026-08-05,07:45:42,0.066,8.4,CAMPANHA_PILOTO_01
2026-08-05,07:45:43,0.066,8.4,CAMPANHA_PILOTO_01
2026-08-05,07:45:44,0.066,8.4,CAMPANHA_PILOTO_01
2026-08-05,07:45:45,0.066,8.4,CAMPANHA_PILOTO_01
2026-08-05,07:45:46,0.066,8.4,CAMPANHA_PILOTO_01
2026-08-05,07:45:47,0.066,8.4,CAMPANHA_PILOTO_01
2026-08-05,07:45:48,0.066,8.4,CAMPANHA_PILOTO_01
2026-08-05,07:45:49,0.066,8.4,CAMPANHA_PILOTO_01
2026-08-05,07:45:50,0.066,8.4,CAMPANHA_PILOTO_01
2026-08-05,07:45:51,0.066,8.4,CAMPANHA_PILOTO_01
2026-08-05,07:45:52,0.066,8.4,CAMPANHA_PILOTO_01
2026-08-05,07:45:53,0.066,8.4,CAMPANHA_PILOTO_01
2026-08-05,07:45:54,0.066,8.4,CAMPANHA_PILOTO_01
2026-08-05,07:45:55,0.066,8.4,CAMPANHA_PILOTO_01
2026-08-05,07:45:56,0.066,8.4,CAMPANHA_PILOTO_01
2026-08-05,07:45:57,0.066,8.4,CAMPANHA_PILOTO_01
2026-08-05,07:45:58,0.066,8.4,CAMPANHA_PILOTO_01
2026-08-05,07:45:59,0.066,8.4,CAMPANHA_PILOTO_01
2026-08-05,07:46:00,0.066,8.4,CAMPANHA_PILOTO_01
2026-08-05,07:46:01,0.066,8.4,CAMPANHA_PILOTO_01
2026-08-05,07:46:02,0.066,8.4,CAMPANHA_PILOTO_01
2026-08-05,07:46:03,0.066,8.4,CAMPANHA_PILOTO_01
2026-08-05,07:46:04,0.066,8.4,CAMPANHA_PILOTO_01
2026-08-05,07:46:05,0.066,8.4,CAMPANHA_PILOTO_01
2026-08-05,07:46:06,0.066,8.4,CAMPANHA_PILOTO_01
2026-08-05,07:46:07,0.066,8.4,CAMPANHA_PILOTO_01
2026-08-05,07:46:08,0.066,8.4,CAMPANHA_PILOTO_01
2026-08-05,07:46:09,0.066,8.4,CAMPANHA_PILOTO_01
2026-08-05,07:46:10,0.066,8.4,CAMPANHA_PILOTO_01
2026-08-05,07:46:11,0.066,8.4,CAMPANHA_PILOTO_01
2026-08-05,07:46:12,0.066,8.4,CAMPANHA_PILOTO_01
2026-08-05,07:46:13,0.066,8.4,CAMPANHA_PILOTO_01
2026-08-05,07:46:14,0.066,8.4,CAMPANHA_PILOTO_01
2026-08-05,07:46:15,0.066,8.4,CAMPANHA_PILOTO_01
2026-08-05,07:46:16,0.066,8.4,CAMPANHA_PILOTO_01
2026-08-05,07:46:17,0.066,8.4,CAMPANHA_PILOTO_01
2026-08-05,07:46:18,0.066,8.4,CAMPANHA_PILOTO_01
2026-08-05,07:46:19,0.066,8.4,CAMPANHA_PILOTO_01
2026-08-05,07:46:20,0.066,8.4,CAMPANHA_PILOTO_01
2026-08-05,07:46:21,0.066,8.4,CAMPANHA_PILOTO_01
2026-08-05,07:46:22,0.066,8.4,CAMPANHA_PILOTO_01
2026-08-05,07:46:23,0.066,8.4,CAMPANHA_PILOTO_01
2026-08-05,07:46:24,0.066,8.4,CAMPANHA_PILOTO_01
2026-08-05,07:46:25,0.066,8.4,CAMPANHA_PILOTO_01
2026-08-05,07:46:26,0.066,8.4,CAMPANHA_PILOTO_01
2026-08-05,07:46:27,0.066,8.4,CAMPANHA_PILOTO_01
2026-08-05,07:46:28,0.066,8.4,CAMPANHA_PILOTO_01
2026-08-05,07:46:29,0.066,8.4,CAMPANHA_PILOTO_01
2026-08-05,07:46:30,0.066,8.4,CAMPANHA_PILOTO_01
2026-08-05,07:46:31,0.066,8.4,CAMPANHA_PILOTO_01
2026-08-05,07:46:32,0.066,8.4,CAMPANHA_PILOTO_01
2026-08-05,07:46:33,0.066,8.4,CAMPANHA_PILOTO_01
2026-08-05,07:46:34,0.066,8.4,CAMPANHA_PILOTO_01
2026-08-05,07:46:35,0.066,8.4,CAMPANHA_PILOTO_01
2026-08-05,07:46:36,0.066,8.4,CAMPANHA_PILOTO_01
2026-08-05,07:46:37,0.066,8.4,CAMPANHA_PILOTO_01
2026-08-05,07:46:38,0.066,8.4,CAMPANHA_PILOTO_01
2026-08-05,07:46:39,0.066,8.4,CAMPANHA_PILOTO_01
2026-08-05,07:46:40,0.066,8.4,CAMPANHA_PILOTO_01
2026-08-05,07:46:41,0.066,8.4,CAMPANHA_PILOTO_01
2026-08-05,07:46:42,0.066,8.4,CAMPANHA_PILOTO_01
2026-08-05,07:46:43,0.066,8.4,CAMPANHA_PILOTO_01
2026-08-05,07:46:44,0.066,8.4,CAMPANHA_PILOTO_01
2026-08-05,07:46:45,0.066,8.4,CAMPANHA_PILOTO_01
2026-08-05,07:46:46,0.066,8.4,CAMPANHA_PILOTO_01
2026-08-05,07:46:47,0.066,8.4,CAMPANHA_PILOTO_01
2026-08-05,07:46:48,0.066,8.4,CAMPANHA_PILOTO_01
2026-08-05,07:46:49,0.066,8.4,CAMPANHA_PILOTO_01
2026-08-05,07:46:50,0.066,8.4,CAMPANHA_PILOTO_01
2026-08-05,07:46:51,0.066,8.4,CAMPANHA_PILOTO_01
2026-08-05,07:46:52,0.066,8.4,CAMPANHA_PILOTO_01
2026-08-05,07:46:53,0.066,8.4,CAMPANHA_PILOTO_01
2026-08-05,07:46:54,0.066,8.4,CAMPANHA_PILOTO_01
2026-08-05,07:46:55,0.066,8.4,CAMPANHA_PILOTO_01
2026-08-05,07:46:56,0.066,8.4,CAMPANHA_PILOTO_01
2026-08-05,07:46:57,0.066,8.4,CAMPANHA_PILOTO_01
2026-08-05,07:46:58,0.066,8.4,CAMPANHA_PILOTO_01
2026-08-05,07:46:59,0.066,8.4,CAMPANHA_PILOTO_01
2026-08-05,07:47:00,0.066,8.4,CAMPANHA_PILOTO_01
2026-08-05,07:47:01,0.066,8.4,CAMPANHA_PILOTO_01
2026-08-05,07:47:02,0.066,8.4,CAMPANHA_PILOTO_01
2026-08-05,07:47:03,0.066,8.4,CAMPANHA_PILOTO_01
2026-08-05,07:47:04,0.066,8.4,CAMPANHA_PILOTO_01
2026-08-05,07:47:05,0.066,8.4,CAMPANHA_PILOTO_01
2026-08-05,07:47:06,0.066,8.4,CAMPANHA_PILOTO_01
2026-08-05,07:47:07,0.066,8.4,CAMPANHA_PILOTO_01
2026-08-05,07:47:08,0.066,8.4,CAMPANHA_PILOTO_01
2026-08-05,07:47:09,0.066,8.4,CAMPANHA_PILOTO_01
2026-08-05,07:47:10,0.066,8.4,CAMPANHA_PILOTO_01
2026-08-05,07:47:11,0.066,8.4,CAMPANHA_PILOTO_01
2026-08-05,07:47:12,0.066,8.4,CAMPANHA_PILOTO_01
2026-08-05,07:47:13,0.066,8.4,CAMPANHA_PILOTO_01
2026-08-05,07:47:14,0.066,8.4,CAMPANHA_PILOTO_01
2026-08-05,07:47:15,0.066,8.4,CAMPANHA_PILOTO_01
2026-08-05,07:47:16,0.066,8.4,CAMPANHA_PILOTO_01
2026-08-05,07:47:17,0.066,8.4,CAMPANHA_PILOTO_01
2026-08-05,07:47:18,0.066,8.4,CAMPANHA_PILOTO_01
2026-08-05,07:47:19,0.066,8.4,CAMPANHA_PILOTO_01
2026-08-05,07:47:20,0.066,8.4,CAMPANHA_PILOTO_01
2026-08-05,07:47:21,0.066,8.4,CAMPANHA_PILOTO_01
2026-08-05,07:47:22,0.066,8.4,CAMPANHA_PILOTO_01
2026-08-05,07:47:23,0.066,8.4,CAMPANHA_PILOTO_01
2026-08-05,07:47:24,0.066,8.4,CAMPANHA_PILOTO_01
2026-08-05,07:47:25,0.066,8.4,CAMPANHA_PILOTO_01
2026-08-05,07:47:26,0.066,8.4,CAMPANHA_PILOTO_01
2026-08-05,07:47:27,0.066,8.4,CAMPANHA_PILOTO_01
2026-08-05,07:47:28,0.066,8.4,CAMPANHA_PILOTO_01
2026-08-05,07:47:29,0.066,8.4,CAMPANHA_PILOTO_01
2026-08-05,07:47:30,0.066,8.4,CAMPANHA_PILOTO_01
2026-08-05,07:47:31,0.066,8.4,CAMPANHA_PILOTO_01
2026-08-05,07:47:32,0.066,8.4,CAMPANHA_PILOTO_01
2026-08-05,07:47:33,0.066,8.4,CAMPANHA_PILOTO_01
2026-08-05,07:47:34,0.066,8.4,CAMPANHA_PILOTO_01
2026-08-05,07:47:35,0.066,8.4,CAMPANHA_PILOTO_01
2026-08-05,07:47:36,0.066,8.4,CAMPANHA_PILOTO_01
2026-08-05,07:47:37,0.066,8.4,CAMPANHA_PILOTO_01
2026-08-05,07:47:38,0.066,8.4,CAMPANHA_PILOTO_01
2026-08-05,07:47:39,0.066,8.4,CAMPANHA_PILOTO_01
2026-08-05,07:47:40,0.066,8.4,CAMPANHA_PILOTO_01
2026-08-05,07:47:41,0.066,8.4,CAMPANHA_PILOTO_01
2026-08-05,07:47:42,0.066,8.4,CAMPANHA_PILOTO_01
2026-08-05,07:47:43,0.066,8.4,CAMPANHA_PILOTO_01
2026-08-05,07:47:44,0.066,8.4,CAMPANHA_PILOTO_01
2026-08-05,07:47:45,0.066,8.4,CAMPANHA_PILOTO_01
2026-08-05,07:47:46,0.066,8.4,CAMPANHA_PILOTO_01
2026-08-05,07:47:47,0.066,8.4,CAMPANHA_PILOTO_01
2026-08-05,07:47:48,0.066,8.4,CAMPANHA_PILOTO_01
2026-08-05,07:47:49,0.066,8.4,CAMPANHA_PILOTO_01
2026-08-05,07:47:50,0.066,8.4,CAMPANHA_PILOTO_01
2026-08-05,07:47:51,0.066,8.4,CAMPANHA_PILOTO_01
2026-08-05,07:47:52,0.066,8.4,CAMPANHA_PILOTO_01
2026-08-05,07:47:53,0.066,8.4,CAMPANHA_PILOTO_01
2026-08-05,07:47:54,0.066,8.4,CAMPANHA_PILOTO_01
2026-08-05,07:47:55,0.066,8.4,CAMPANHA_PILOTO_01
2026-08-05,07:47:56,0.066,8.4,CAMPANHA_PILOTO_01
2026-08-05,07:47:57,0.066,8.4,CAMPANHA_PILOTO_01
2026-08-05,07:47:58,0.066,8.4,CAMPANHA_PILOTO_01
2026-08-05,07:47:59,0.066,8.4,CAMPANHA_PILOTO_01
2026-08-05,07:48:00,0.066,8.4,CAMPANHA_PILOTO_01
2026-08-05,07:48:01,0.066,8.4,CAMPANHA_PILOTO_01
2026-08-05,07:48:02,0.066,8.4,CAMPANHA_PILOTO_01
2026-08-05,07:48:03,0.066,8.4,CAMPANHA_PILOTO_01
2026-08-05,07:48:04,0.066,8.4,CAMPANHA_PILOTO_01
2026-08-05,07:48:05,0.066,8.4,CAMPANHA_PILOTO_01
2026-08-05,07:48:06,0.066,8.4,CAMPANHA_PILOTO_01
2026-08-05,07:48:07,0.066,8.4,CAMPANHA_PILOTO_01
2026-08-05,07:48:08,0.066,8.4,CAMPANHA_PILOTO_01
2026-08-05,07:48:09,0.066,8.4,CAMPANHA_PILOTO_01
2026-08-05,07:48:10,0.066,8.4,CAMPANHA_PILOTO_01
2026-08-05,07:48:11,0.066,8.4,CAMPANHA_PILOTO_01
2026-08-05,07:48:12,0.066,8.4,CAMPANHA_PILOTO_01
2026-08-05,07:48:13,0.066,8.4,CAMPANHA_PILOTO_01
2026-08-05,07:48:14,0.066,8.4,CAMPANHA_PILOTO_01
2026-08-05,07:48:15,0.066,8.4,CAMPANHA_PILOTO_01
2026-08-05,07:48:16,0.066,8.4,CAMPANHA_PILOTO_01
2026-08-05,07:48:17,0.066,8.4,CAMPANHA_PILOTO_01
2026-08-05,07:48:18,0.066,8.4,CAMPANHA_PILOTO_01
2026-08-05,07:48:19,0.066,8.4,CAMPANHA_PILOTO_01
2026-08-05,07:48:20,0.066,8.4,CAMPANHA_PILOTO_01
2026-08-05,07:48:21,0.066,8.4,CAMPANHA_PILOTO_01
2026-08-05,07:48:22,0.066,8.4,CAMPANHA_PILOTO_01
2026-08-05,07:48:23,0.066,8.4,CAMPANHA_PILOTO_01
2026-08-05,07:48:24,0.066,8.4,CAMPANHA_PILOTO_01
2026-08-05,07:48:25,0.066,8.4,CAMPANHA_PILOTO_01
2026-08-05,07:48:26,0.066,8.4,CAMPANHA_PILOTO_01
2026-08-05,07:48:27,0.066,8.4,CAMPANHA_PILOTO_01
2026-08-05,07:48:28,0.066,8.4,CAMPANHA_PILOTO_01
2026-08-05,07:48:29,0.066,8.4,CAMPANHA_PILOTO_01
2026-08-05,07:48:30,0.066,8.4,CAMPANHA_PILOTO_01
2026-08-05,07:48:31,0.066,8.4,CAMPANHA_PILOTO_01
2026-08-05,07:48:32,0.066,8.4,CAMPANHA_PILOTO_01
2026-08-05,07:48:33,0.066,8.4,CAMPANHA_PILOTO_01
2026-08-05,07:48:34,0.066,8.4,CAMPANHA_PILOTO_01
2026-08-05,07:48:35,0.066,8.4,CAMPANHA_PILOTO_01
2026-08-05,07:48:36,0.066,8.4,CAMPANHA_PILOTO_01
2026-08-05,07:48:37,0.066,8.4,CAMPANHA_PILOTO_01
2026-08-05,07:48:38,0.066,8.4,CAMPANHA_PILOTO_01
2026-08-05,07:48:39,0.066,8.4,CAMPANHA_PILOTO_01
2026-08-05,07:48:40,0.066,8.3,CAMPANHA_PILOTO_01
2026-08-05,07:48:41,0.066,8.3,CAMPANHA_PILOTO_01
2026-08-05,07:48:42,0.066,8.3,CAMPANHA_PILOTO_01
2026-08-05,07:48:43,0.066,8.3,CAMPANHA_PILOTO_01
2026-08-05,07:48:44,0.066,8.3,CAMPANHA_PILOTO_01
2026-08-05,07:48:45,0.066,8.3,CAMPANHA_PILOTO_01
2026-08-05,07:48:46,0.066,8.3,CAMPANHA_PILOTO_01
2026-08-05,07:48:47,0.066,8.3,CAMPANHA_PILOTO_01
2026-08-05,07:48:48,0.066,8.3,CAMPANHA_PILOTO_01
2026-08-05,07:48:49,0.066,8.3,CAMPANHA_PILOTO_01
2026-08-05,07:48:50,0.066,8.3,CAMPANHA_PILOTO_01
2026-08-05,07:48:51,0.066,8.3,CAMPANHA_PILOTO_01
2026-08-05,07:48:52,0.066,8.3,CAMPANHA_PILOTO_01
2026-08-05,07:48:53,0.066,8.3,CAMPANHA_PILOTO_01
2026-08-05,07:48:54,0.066,8.3,CAMPANHA_PILOTO_01
2026-08-05,07:48:55,0.066,8.3,CAMPANHA_PILOTO_01
2026-08-05,07:48:56,0.066,8.3,CAMPANHA_PILOTO_01
2026-08-05,07:48:57,0.066,8.3,CAMPANHA_PILOTO_01
2026-08-05,07:48:58,0.066,8.3,CAMPANHA_PILOTO_01
2026-08-05,07:48:59,0.066,8.3,CAMPANHA_PILOTO_01
2026-08-05,07:49:00,0.066,8.3,CAMPANHA_PILOTO_01
2026-08-05,07:49:01,0.066,8.3,CAMPANHA_PILOTO_01
2026-08-05,07:49:02,0.066,8.3,CAMPANHA_PILOTO_01
2026-08-05,07:49:03,0.066,8.3,CAMPANHA_PILOTO_01
2026-08-05,07:49:04,0.066,8.3,CAMPANHA_PILOTO_01
2026-08-05,07:49:05,0.066,8.3,CAMPANHA_PILOTO_01
2026-08-05,07:49:06,0.066,8.3,CAMPANHA_PILOTO_01
2026-08-05,07:49:07,0.066,8.3,CAMPANHA_PILOTO_01
2026-08-05,07:49:08,0.066,8.3,CAMPANHA_PILOTO_01
2026-08-05,07:49:09,0.066,8.3,CAMPANHA_PILOTO_01
2026-08-05,07:49:10,0.066,8.3,CAMPANHA_PILOTO_01
2026-08-05,07:49:11,0.066,8.3,CAMPANHA_PILOTO_01
2026-08-05,07:49:12,0.066,8.3,CAMPANHA_PILOTO_01
2026-08-05,07:49:13,0.066,8.3,CAMPANHA_PILOTO_01
2026-08-05,07:49:14,0.066,8.3,CAMPANHA_PILOTO_01
2026-08-05,07:49:15,0.066,8.3,CAMPANHA_PILOTO_01
2026-08-05,07:49:16,0.066,8.3,CAMPANHA_PILOTO_01
2026-08-05,07:49:17,0.066,8.3,CAMPANHA_PILOTO_01
2026-08-05,07:49:18,0.066,8.3,CAMPANHA_PILOTO_01
2026-08-05,07:49:19,0.066,8.3,CAMPANHA_PILOTO_01
2026-08-05,07:49:20,0.066,8.3,CAMPANHA_PILOTO_01
2026-08-05,07:49:21,0.066,8.3,CAMPANHA_PILOTO_01
2026-08-05,07:49:22,0.066,8.3,CAMPANHA_PILOTO_01
2026-08-05,07:49:23,0.066,8.3,CAMPANHA_PILOTO_01
2026-08-05,07:49:24,0.066,8.3,CAMPANHA_PILOTO_01
2026-08-05,07:49:25,0.066,8.3,CAMPANHA_PILOTO_01
2026-08-05,07:49:26,0.066,8.3,CAMPANHA_PILOTO_01
2026-08-05,07:49:27,0.066,8.3,CAMPANHA_PILOTO_01
2026-08-05,07:49:28,0.066,8.3,CAMPANHA_PILOTO_01
2026-08-05,07:49:29,0.066,8.3,CAMPANHA_PILOTO_01
2026-08-05,07:49:30,0.066,8.3,CAMPANHA_PILOTO_01
2026-08-05,07:49:31,0.066,8.3,CAMPANHA_PILOTO_01
2026-08-05,07:49:32,0.066,8.3,CAMPANHA_PILOTO_01
2026-08-05,07:49:33,0.066,8.3,CAMPANHA_PILOTO_01
2026-08-05,07:49:34,0.066,8.3,CAMPANHA_PILOTO_01
2026-08-05,07:49:35,0.066,8.3,CAMPANHA_PILOTO_01
2026-08-05,07:49:36,0.066,8.3,CAMPANHA_PILOTO_01
2026-08-05,07:49:37,0.066,8.3,CAMPANHA_PILOTO_01
2026-08-05,07:49:38,0.066,8.3,CAMPANHA_PILOTO_01
2026-08-05,07:49:39,0.066,8.3,CAMPANHA_PILOTO_01
2026-08-05,07:49:40,0.066,8.3,CAMPANHA_PILOTO_01
2026-08-05,07:49:41,0.066,8.3,CAMPANHA_PILOTO_01
2026-08-05,07:49:42,0.066,8.3,CAMPANHA_PILOTO_01
2026-08-05,07:49:43,0.066,8.3,CAMPANHA_PILOTO_01
2026-08-05,07:49:44,0.066,8.3,CAMPANHA_PILOTO_01
2026-08-05,07:49:45,0.066,8.3,CAMPANHA_PILOTO_01
2026-08-05,07:49:46,0.066,8.3,CAMPANHA_PILOTO_01
2026-08-05,07:49:47,0.066,8.3,CAMPANHA_PILOTO_01
2026-08-05,07:49:48,0.066,8.3,CAMPANHA_PILOTO_01
2026-08-05,07:49:49,0.066,8.3,CAMPANHA_PILOTO_01
2026-08-05,07:49:50,0.066,8.3,CAMPANHA_PILOTO_01
2026-08-05,07:49:51,0.066,8.3,CAMPANHA_PILOTO_01
2026-08-05,07:49:52,0.066,8.3,CAMPANHA_PILOTO_01
2026-08-05,07:49:53,0.066,8.3,CAMPANHA_PILOTO_01
2026-08-05,07:49:54,0.066,8.3,CAMPANHA_PILOTO_01
2026-08-05,07:49:55,0.066,8.3,CAMPANHA_PILOTO_01
2026-08-05,07:49:56,0.066,8.3,CAMPANHA_PILOTO_01
2026-08-05,07:49:57,0.066,8.3,CAMPANHA_PILOTO_01
2026-08-05,07:49:58,0.066,8.3,CAMPANHA_PILOTO_01
2026-08-05,07:49:59,0.066,8.3,CAMPANHA_PILOTO_01
2026-08-05,07:50:00,0.066,8.3,CAMPANHA_PILOTO_01
2026-08-05,07:50:01,0.066,8.3,CAMPANHA_PILOTO_01
2026-08-05,07:50:02,0.066,8.3,CAMPANHA_PILOTO_01
2026-08-05,07:50:03,0.066,8.3,CAMPANHA_PILOTO_01
2026-08-05,07:50:04,0.066,8.3,CAMPANHA_PILOTO_01
2026-08-05,07:50:05,0.066,8.3,CAMPANHA_PILOTO_01
2026-08-05,07:50:06,0.066,8.3,CAMPANHA_PILOTO_01
2026-08-05,07:50:07,0.066,8.3,CAMPANHA_PILOTO_01
2026-08-05,07:50:08,0.066,8.3,CAMPANHA_PILOTO_01
2026-08-05,07:50:09,0.066,8.3,CAMPANHA_PILOTO_01
2026-08-05,07:50:10,0.066,8.3,CAMPANHA_PILOTO_01
2026-08-05,07:50:11,0.066,8.3,CAMPANHA_PILOTO_01
2026-08-05,07:50:12,0.066,8.3,CAMPANHA_PILOTO_01
2026-08-05,07:50:13,0.066,8.3,CAMPANHA_PILOTO_01
2026-08-05,07:50:14,0.066,8.3,CAMPANHA_PILOTO_01
2026-08-05,07:50:15,0.066,8.3,CAMPANHA_PILOTO_01
2026-08-05,07:50:16,0.066,8.3,CAMPANHA_PILOTO_01
2026-08-05,07:50:17,0.066,8.3,CAMPANHA_PILOTO_01
2026-08-05,07:50:18,0.066,8.3,CAMPANHA_PILOTO_01
2026-08-05,07:50:19,0.066,8.3,CAMPANHA_PILOTO_01
2026-08-05,07:50:20,0.066,8.3,CAMPANHA_PILOTO_01
2026-08-05,07:50:21,0.066,8.3,CAMPANHA_PILOTO_01
2026-08-05,07:50:22,0.066,8.3,CAMPANHA_PILOTO_01
2026-08-05,07:50:23,0.066,8.3,CAMPANHA_PILOTO_01
2026-08-05,07:50:24,0.066,8.3,CAMPANHA_PILOTO_01
2026-08-05,07:50:25,0.066,8.3,CAMPANHA_PILOTO_01
2026-08-05,07:50:26,0.066,8.3,CAMPANHA_PILOTO_01
2026-08-05,07:50:27,0.066,8.3,CAMPANHA_PILOTO_01
2026-08-05,07:50:28,0.066,8.3,CAMPANHA_PILOTO_01
2026-08-05,07:50:29,0.066,8.3,CAMPANHA_PILOTO_01
2026-08-05,07:50:30,0.066,8.3,CAMPANHA_PILOTO_01
2026-08-05,07:50:31,0.066,8.3,CAMPANHA_PILOTO_01
2026-08-05,07:50:32,0.066,8.3,CAMPANHA_PILOTO_01
2026-08-05,07:50:33,0.066,8.3,CAMPANHA_PILOTO_01
2026-08-05,07:50:34,0.066,8.3,CAMPANHA_PILOTO_01
2026-08-05,07:50:35,0.066,8.3,CAMPANHA_PILOTO_01
2026-08-05,07:50:36,0.066,8.3,CAMPANHA_PILOTO_01
2026-08-05,07:50:37,0.066,8.3,CAMPANHA_PILOTO_01
2026-08-05,07:50:38,0.066,8.3,CAMPANHA_PILOTO_01
2026-08-05,07:50:39,0.066,8.3,CAMPANHA_PILOTO_01
2026-08-05,07:50:40,0.066,8.3,CAMPANHA_PILOTO_01
2026-08-05,07:50:41,0.065,8.3,CAMPANHA_PILOTO_01
2026-08-05,07:50:42,0.065,8.3,CAMPANHA_PILOTO_01
2026-08-05,07:50:43,0.065,8.3,CAMPANHA_PILOTO_01
2026-08-05,07:50:44,0.065,8.3,CAMPANHA_PILOTO_01
2026-08-05,07:50:45,0.065,8.3,CAMPANHA_PILOTO_01
2026-08-05,07:50:46,0.065,8.3,CAMPANHA_PILOTO_01
2026-08-05,07:50:47,0.065,8.3,CAMPANHA_PILOTO_01
2026-08-05,07:50:48,0.065,8.3,CAMPANHA_PILOTO_01
2026-08-05,07:50:49,0.065,8.3,CAMPANHA_PILOTO_01
2026-08-05,07:50:50,0.065,8.3,CAMPANHA_PILOTO_01
2026-08-05,07:50:51,0.065,8.3,CAMPANHA_PILOTO_01
2026-08-05,07:50:52,0.065,8.3,CAMPANHA_PILOTO_01
2026-08-05,07:50:53,0.065,8.3,CAMPANHA_PILOTO_01
2026-08-05,07:50:54,0.065,8.3,CAMPANHA_PILOTO_01
2026-08-05,07:50:55,0.065,8.3,CAMPANHA_PILOTO_01
2026-08-05,07:50:56,0.065,8.3,CAMPANHA_PILOTO_01
2026-08-05,07:50:57,0.065,8.3,CAMPANHA_PILOTO_01
2026-08-05,07:50:58,0.065,8.3,CAMPANHA_PILOTO_01
2026-08-05,07:50:59,0.065,8.3,CAMPANHA_PILOTO_01
2026-08-05,07:51:00,0.065,8.3,CAMPANHA_PILOTO_01
2026-08-05,07:51:01,0.065,8.3,CAMPANHA_PILOTO_01
2026-08-05,07:51:02,0.065,8.3,CAMPANHA_PILOTO_01
2026-08-05,07:51:03,0.065,8.3,CAMPANHA_PILOTO_01
2026-08-05,07:51:04,0.065,8.3,CAMPANHA_PILOTO_01
2026-08-05,07:51:05,0.065,8.3,CAMPANHA_PILOTO_01
2026-08-05,07:51:06,0.065,8.3,CAMPANHA_PILOTO_01
2026-08-05,07:51:07,0.065,8.3,CAMPANHA_PILOTO_01
2026-08-05,07:51:08,0.065,8.3,CAMPANHA_PILOTO_01
2026-08-05,07:51:09,0.065,8.3,CAMPANHA_PILOTO_01
2026-08-05,07:51:10,0.065,8.3,CAMPANHA_PILOTO_01
2026-08-05,07:51:11,0.065,8.3,CAMPANHA_PILOTO_01
2026-08-05,07:51:12,0.065,8.3,CAMPANHA_PILOTO_01
2026-08-05,07:51:13,0.065,8.3,CAMPANHA_PILOTO_01
2026-08-05,07:51:14,0.065,8.3,CAMPANHA_PILOTO_01
2026-08-05,07:51:15,0.065,8.3,CAMPANHA_PILOTO_01
2026-08-05,07:51:16,0.065,8.3,CAMPANHA_PILOTO_01
2026-08-05,07:51:17,0.065,8.3,CAMPANHA_PILOTO_01
2026-08-05,07:51:18,0.065,8.3,CAMPANHA_PILOTO_01
2026-08-05,07:51:19,0.065,8.3,CAMPANHA_PILOTO_01
2026-08-05,07:51:20,0.065,8.3,CAMPANHA_PILOTO_01
2026-08-05,07:51:21,0.065,8.3,CAMPANHA_PILOTO_01
2026-08-05,07:51:22,0.065,8.3,CAMPANHA_PILOTO_01
2026-08-05,07:51:23,0.065,8.3,CAMPANHA_PILOTO_01
2026-08-05,07:51:24,0.065,8.3,CAMPANHA_PILOTO_01
2026-08-05,07:51:25,0.065,8.3,CAMPANHA_PILOTO_01
2026-08-05,07:51:26,0.065,8.3,CAMPANHA_PILOTO_01
2026-08-05,07:51:27,0.065,8.3,CAMPANHA_PILOTO_01
2026-08-05,07:51:28,0.065,8.3,CAMPANHA_PILOTO_01
2026-08-05,07:51:29,0.065,8.3,CAMPANHA_PILOTO_01
2026-08-05,07:51:30,0.065,8.3,CAMPANHA_PILOTO_01
2026-08-05,07:51:31,0.065,8.3,CAMPANHA_PILOTO_01
2026-08-05,07:51:32,0.065,8.3,CAMPANHA_PILOTO_01
2026-08-05,07:51:33,0.065,8.3,CAMPANHA_PILOTO_01
2026-08-05,07:51:34,0.065,8.3,CAMPANHA_PILOTO_01
2026-08-05,07:51:35,0.065,8.3,CAMPANHA_PILOTO_01
2026-08-05,07:51:36,0.065,8.3,CAMPANHA_PILOTO_01
2026-08-05,07:51:37,0.065,8.3,CAMPANHA_PILOTO_01
2026-08-05,07:51:38,0.065,8.3,CAMPANHA_PILOTO_01
2026-08-05,07:51:39,0.065,8.3,CAMPANHA_PILOTO_01
2026-08-05,07:51:40,0.065,8.3,CAMPANHA_PILOTO_01
2026-08-05,07:51:41,0.065,8.3,CAMPANHA_PILOTO_01
2026-08-05,07:51:42,0.065,8.3,CAMPANHA_PILOTO_01
2026-08-05,07:51:43,0.065,8.3,CAMPANHA_PILOTO_01
2026-08-05,07:51:44,0.065,8.3,CAMPANHA_PILOTO_01
2026-08-05,07:51:45,0.065,8.3,CAMPANHA_PILOTO_01
2026-08-05,07:51:46,0.065,8.3,CAMPANHA_PILOTO_01
2026-08-05,07:51:47,0.065,8.3,CAMPANHA_PILOTO_01
2026-08-05,07:51:48,0.065,8.3,CAMPANHA_PILOTO_01
2026-08-05,07:51:49,0.065,8.3,CAMPANHA_PILOTO_01
2026-08-05,07:51:50,0.065,8.3,CAMPANHA_PILOTO_01
2026-08-05,07:51:51,0.065,8.3,CAMPANHA_PILOTO_01
2026-08-05,07:51:52,0.065,8.3,CAMPANHA_PILOTO_01
2026-08-05,07:51:53,0.065,8.3,CAMPANHA_PILOTO_01
2026-08-05,07:51:54,0.065,8.3,CAMPANHA_PILOTO_01
2026-08-05,07:51:55,0.065,8.3,CAMPANHA_PILOTO_01
2026-08-05,07:51:56,0.065,8.3,CAMPANHA_PILOTO_01
2026-08-05,07:51:57,0.065,8.3,CAMPANHA_PILOTO_01
2026-08-05,07:51:58,0.065,8.3,CAMPANHA_PILOTO_01
2026-08-05,07:51:59,0.065,8.3,CAMPANHA_PILOTO_01
2026-08-05,07:52:00,0.065,8.3,CAMPANHA_PILOTO_01
2026-08-05,07:52:01,0.065,8.3,CAMPANHA_PILOTO_01
2026-08-05,07:52:02,0.065,8.3,CAMPANHA_PILOTO_01
2026-08-05,07:52:03,0.065,8.3,CAMPANHA_PILOTO_01
2026-08-05,07:52:04,0.065,8.3,CAMPANHA_PILOTO_01
2026-08-05,07:52:05,0.065,8.3,CAMPANHA_PILOTO_01
2026-08-05,07:52:06,0.065,8.3,CAMPANHA_PILOTO_01
2026-08-05,07:52:07,0.065,8.3,CAMPANHA_PILOTO_01
2026-08-05,07:52:08,0.065,8.3,CAMPANHA_PILOTO_01
2026-08-05,07:52:09,0.065,8.3,CAMPANHA_PILOTO_01
2026-08-05,07:52:10,0.065,8.3,CAMPANHA_PILOTO_01
2026-08-05,07:52:11,0.065,8.3,CAMPANHA_PILOTO_01
2026-08-05,07:52:12,0.065,8.3,CAMPANHA_PILOTO_01
2026-08-05,07:52:13,0.065,8.3,CAMPANHA_PILOTO_01
2026-08-05,07:52:14,0.065,8.3,CAMPANHA_PILOTO_01
2026-08-05,07:52:15,0.065,8.3,CAMPANHA_PILOTO_01
2026-08-05,07:52:16,0.065,8.3,CAMPANHA_PILOTO_01
2026-08-05,07:52:17,0.065,8.3,CAMPANHA_PILOTO_01
2026-08-05,07:52:18,0.065,8.3,CAMPANHA_PILOTO_01
2026-08-05,07:52:19,0.065,8.3,CAMPANHA_PILOTO_01
2026-08-05,07:52:20,0.065,8.3,CAMPANHA_PILOTO_01
2026-08-05,07:52:21,0.065,8.3,CAMPANHA_PILOTO_01
2026-08-05,07:52:22,0.065,8.3,CAMPANHA_PILOTO_01
2026-08-05,07:52:23,0.065,8.3,CAMPANHA_PILOTO_01
2026-08-05,07:52:24,0.065,8.3,CAMPANHA_PILOTO_01
2026-08-05,07:52:25,0.065,8.3,CAMPANHA_PILOTO_01
2026-08-05,07:52:26,0.065,8.3,CAMPANHA_PILOTO_01
2026-08-05,07:52:27,0.065,8.3,CAMPANHA_PILOTO_01
2026-08-05,07:52:28,0.065,8.3,CAMPANHA_PILOTO_01
2026-08-05,07:52:29,0.065,8.3,CAMPANHA_PILOTO_01
2026-08-05,07:52:30,0.065,8.3,CAMPANHA_PILOTO_01
2026-08-05,07:52:31,0.065,8.3,CAMPANHA_PILOTO_01
2026-08-05,07:52:32,0.065,8.3,CAMPANHA_PILOTO_01
2026-08-05,07:52:33,0.065,8.3,CAMPANHA_PILOTO_01
2026-08-05,07:52:34,0.065,8.3,CAMPANHA_PILOTO_01
2026-08-05,07:52:35,0.065,8.3,CAMPANHA_PILOTO_01
2026-08-05,07:52:36,0.065,8.3,CAMPANHA_PILOTO_01
2026-08-05,07:52:37,0.065,8.3,CAMPANHA_PILOTO_01
2026-08-05,07:52:38,0.065,8.3,CAMPANHA_PILOTO_01
2026-08-05,07:52:39,0.065,8.3,CAMPANHA_PILOTO_01
2026-08-05,07:52:40,0.065,8.3,CAMPANHA_PILOTO_01
2026-08-05,07:52:41,0.065,8.3,CAMPANHA_PILOTO_01
2026-08-05,07:52:42,0.065,8.3,CAMPANHA_PILOTO_01
2026-08-05,07:52:43,0.065,8.3,CAMPANHA_PILOTO_01
2026-08-05,07:52:44,0.065,8.3,CAMPANHA_PILOTO_01
2026-08-05,07:52:45,0.065,8.3,CAMPANHA_PILOTO_01
2026-08-05,07:52:46,0.065,8.3,CAMPANHA_PILOTO_01
2026-08-05,07:52:47,0.065,8.3,CAMPANHA_PILOTO_01
2026-08-05,07:52:48,0.065,8.3,CAMPANHA_PILOTO_01
2026-08-05,07:52:49,0.065,8.3,CAMPANHA_PILOTO_01
2026-08-05,07:52:50,0.065,8.3,CAMPANHA_PILOTO_01
2026-08-05,07:52:51,0.065,8.3,CAMPANHA_PILOTO_01
2026-08-05,07:52:52,0.065,8.3,CAMPANHA_PILOTO_01
2026-08-05,07:52:53,0.065,8.3,CAMPANHA_PILOTO_01
2026-08-05,07:52:54,0.065,8.3,CAMPANHA_PILOTO_01
2026-08-05,07:52:55,0.065,8.3,CAMPANHA_PILOTO_01
2026-08-05,07:52:56,0.065,8.3,CAMPANHA_PILOTO_01
2026-08-05,07:52:57,0.065,8.3,CAMPANHA_PILOTO_01
2026-08-05,07:52:58,0.065,8.3,CAMPANHA_PILOTO_01
2026-08-05,07:52:59,0.065,8.3,CAMPANHA_PILOTO_01
2026-08-05,07:53:00,0.065,8.3,CAMPANHA_PILOTO_01
2026-08-05,07:53:01,0.065,8.3,CAMPANHA_PILOTO_01
2026-08-05,07:53:02,0.065,8.3,CAMPANHA_PILOTO_01
2026-08-05,07:53:03,0.065,8.3,CAMPANHA_PILOTO_01
2026-08-05,07:53:04,0.065,8.3,CAMPANHA_PILOTO_01
2026-08-05,07:53:05,0.065,8.3,CAMPANHA_PILOTO_01
2026-08-05,07:53:06,0.065,8.3,CAMPANHA_PILOTO_01
2026-08-05,07:53:07,0.065,8.3,CAMPANHA_PILOTO_01
2026-08-05,07:53:08,0.065,8.3,CAMPANHA_PILOTO_01
2026-08-05,07:53:09,0.065,8.3,CAMPANHA_PILOTO_01
2026-08-05,07:53:10,0.065,8.3,CAMPANHA_PILOTO_01
2026-08-05,07:53:11,0.065,8.3,CAMPANHA_PILOTO_01
2026-08-05,07:53:12,0.065,8.3,CAMPANHA_PILOTO_01
2026-08-05,07:53:13,0.065,8.3,CAMPANHA_PILOTO_01
2026-08-05,07:53:14,0.065,8.3,CAMPANHA_PILOTO_01
2026-08-05,07:53:15,0.065,8.3,CAMPANHA_PILOTO_01
2026-08-05,07:53:16,0.065,8.3,CAMPANHA_PILOTO_01
2026-08-05,07:53:17,0.065,8.3,CAMPANHA_PILOTO_01
2026-08-05,07:53:18,0.065,8.3,CAMPANHA_PILOTO_01
2026-08-05,07:53:19,0.065,8.3,CAMPANHA_PILOTO_01
2026-08-05,07:53:20,0.065,8.3,CAMPANHA_PILOTO_01
2026-08-05,07:53:21,0.065,8.3,CAMPANHA_PILOTO_01
2026-08-05,07:53:22,0.065,8.3,CAMPANHA_PILOTO_01
2026-08-05,07:53:23,0.065,8.3,CAMPANHA_PILOTO_01
2026-08-05,07:53:24,0.065,8.3,CAMPANHA_PILOTO_01
2026-08-05,07:53:25,0.065,8.3,CAMPANHA_PILOTO_01
2026-08-05,07:53:26,0.065,8.3,CAMPANHA_PILOTO_01
2026-08-05,07:53:27,0.065,8.3,CAMPANHA_PILOTO_01
2026-08-05,07:53:28,0.065,8.3,CAMPANHA_PILOTO_01
2026-08-05,07:53:29,0.065,8.3,CAMPANHA_PILOTO_01
2026-08-05,07:53:30,0.065,8.3,CAMPANHA_PILOTO_01
2026-08-05,07:53:31,0.065,8.3,CAMPANHA_PILOTO_01
2026-08-05,07:53:32,0.065,8.3,CAMPANHA_PILOTO_01
2026-08-05,07:53:33,0.065,8.3,CAMPANHA_PILOTO_01
2026-08-05,07:53:34,0.065,8.3,CAMPANHA_PILOTO_01
2026-08-05,07:53:35,0.065,8.3,CAMPANHA_PILOTO_01
2026-08-05,07:53:36,0.065,8.3,CAMPANHA_PILOTO_01
2026-08-05,07:53:37,0.065,8.3,CAMPANHA_PILOTO_01
2026-08-05,07:53:38,0.065,8.3,CAMPANHA_PILOTO_01
2026-08-05,07:53:39,0.065,8.3,CAMPANHA_PILOTO_01
2026-08-05,07:53:40,0.065,8.3,CAMPANHA_PILOTO_01
2026-08-05,07:53:41,0.065,8.3,CAMPANHA_PILOTO_01
2026-08-05,07:53:42,0.065,8.3,CAMPANHA_PILOTO_01
2026-08-05,07:53:43,0.065,8.3,CAMPANHA_PILOTO_01
2026-08-05,07:53:44,0.065,8.3,CAMPANHA_PILOTO_01
2026-08-05,07:53:45,0.065,8.3,CAMPANHA_PILOTO_01
2026-08-05,07:53:46,0.065,8.3,CAMPANHA_PILOTO_01
2026-08-05,07:53:47,0.065,8.3,CAMPANHA_PILOTO_01
2026-08-05,07:53:48,0.065,8.3,CAMPANHA_PILOTO_01
2026-08-05,07:53:49,0.065,8.3,CAMPANHA_PILOTO_01
2026-08-05,07:53:50,0.065,8.3,CAMPANHA_PILOTO_01
2026-08-05,07:53:51,0.065,8.3,CAMPANHA_PILOTO_01
2026-08-05,07:53:52,0.065,8.3,CAMPANHA_PILOTO_01
2026-08-05,07:53:53,0.065,8.3,CAMPANHA_PILOTO_01
2026-08-05,07:53:54,0.065,8.3,CAMPANHA_PILOTO_01
2026-08-05,07:53:55,0.065,8.3,CAMPANHA_PILOTO_01
2026-08-05,07:53:56,0.065,8.3,CAMPANHA_PILOTO_01
2026-08-05,07:53:57,0.065,8.3,CAMPANHA_PILOTO_01
2026-08-05,07:53:58,0.065,8.3,CAMPANHA_PILOTO_01
2026-08-05,07:53:59,0.065,8.3,CAMPANHA_PILOTO_01
2026-08-05,07:54:00,0.065,8.3,CAMPANHA_PILOTO_01
2026-08-05,07:54:01,0.065,8.3,CAMPANHA_PILOTO_01
2026-08-05,07:54:02,0.065,8.3,CAMPANHA_PILOTO_01
2026-08-05,07:54:03,0.065,8.3,CAMPANHA_PILOTO_01
2026-08-05,07:54:04,0.065,8.3,CAMPANHA_PILOTO_01
2026-08-05,07:54:05,0.065,8.3,CAMPANHA_PILOTO_01
2026-08-05,07:54:06,0.065,8.3,CAMPANHA_PILOTO_01
2026-08-05,07:54:07,0.065,8.3,CAMPANHA_PILOTO_01
2026-08-05,07:54:08,0.065,8.3,CAMPANHA_PILOTO_01
2026-08-05,07:54:09,0.065,8.3,CAMPANHA_PILOTO_01
2026-08-05,07:54:10,0.065,8.3,CAMPANHA_PILOTO_01
2026-08-05,07:54:11,0.065,8.3,CAMPANHA_PILOTO_01
2026-08-05,07:54:12,0.065,8.3,CAMPANHA_PILOTO_01
2026-08-05,07:54:13,0.065,8.3,CAMPANHA_PILOTO_01
2026-08-05,07:54:14,0.065,8.3,CAMPANHA_PILOTO_01
2026-08-05,07:54:15,0.065,8.3,CAMPANHA_PILOTO_01
2026-08-05,07:54:16,0.065,8.3,CAMPANHA_PILOTO_01
2026-08-05,07:54:17,0.065,8.3,CAMPANHA_PILOTO_01
2026-08-05,07:54:18,0.065,8.3,CAMPANHA_PILOTO_01
2026-08-05,07:54:19,0.065,8.3,CAMPANHA_PILOTO_01
2026-08-05,07:54:20,0.065,8.3,CAMPANHA_PILOTO_01
2026-08-05,07:54:21,0.065,8.3,CAMPANHA_PILOTO_01
2026-08-05,07:54:22,0.065,8.3,CAMPANHA_PILOTO_01
2026-08-05,07:54:23,0.065,8.3,CAMPANHA_PILOTO_01
2026-08-05,07:54:24,0.065,8.3,CAMPANHA_PILOTO_01
2026-08-05,07:54:25,0.065,8.3,CAMPANHA_PILOTO_01
2026-08-05,07:54:26,0.065,8.3,CAMPANHA_PILOTO_01
2026-08-05,07:54:27,0.065,8.3,CAMPANHA_PILOTO_01
2026-08-05,07:54:28,0.065,8.3,CAMPANHA_PILOTO_01
2026-08-05,07:54:29,0.065,8.3,CAMPANHA_PILOTO_01
2026-08-05,07:54:30,0.065,8.3,CAMPANHA_PILOTO_01
2026-08-05,07:54:31,0.065,8.3,CAMPANHA_PILOTO_01
2026-08-05,07:54:32,0.065,8.3,CAMPANHA_PILOTO_01
2026-08-05,07:54:33,0.065,8.3,CAMPANHA_PILOTO_01
2026-08-05,07:54:34,0.065,8.3,CAMPANHA_PILOTO_01
2026-08-05,07:54:35,0.065,8.3,CAMPANHA_PILOTO_01
2026-08-05,07:54:36,0.065,8.3,CAMPANHA_PILOTO_01
2026-08-05,07:54:37,0.065,8.3,CAMPANHA_PILOTO_01
2026-08-05,07:54:38,0.065,8.3,CAMPANHA_PILOTO_01
2026-08-05,07:54:39,0.065,8.3,CAMPANHA_PILOTO_01
2026-08-05,07:54:40,0.065,8.3,CAMPANHA_PILOTO_01
2026-08-05,07:54:41,0.065,8.3,CAMPANHA_PILOTO_01
2026-08-05,07:54:42,0.065,8.3,CAMPANHA_PILOTO_01
2026-08-05,07:54:43,0.065,8.3,CAMPANHA_PILOTO_01
2026-08-05,07:54:44,0.065,8.3,CAMPANHA_PILOTO_01
2026-08-05,07:54:45,0.065,8.3,CAMPANHA_PILOTO_01
2026-08-05,07:54:46,0.065,8.3,CAMPANHA_PILOTO_01
2026-08-05,07:54:47,0.065,8.3,CAMPANHA_PILOTO_01
2026-08-05,07:54:48,0.065,8.3,CAMPANHA_PILOTO_01
2026-08-05,07:54:49,0.065,8.3,CAMPANHA_PILOTO_01
2026-08-05,07:54:50,0.065,8.3,CAMPANHA_PILOTO_01
2026-08-05,07:54:51,0.065,8.3,CAMPANHA_PILOTO_01
2026-08-05,07:54:52,0.065,8.3,CAMPANHA_PILOTO_01
2026-08-05,07:54:53,0.065,8.3,CAMPANHA_PILOTO_01
2026-08-05,07:54:54,0.065,8.3,CAMPANHA_PILOTO_01
2026-08-05,07:54:55,0.065,8.3,CAMPANHA_PILOTO_01
2026-08-05,07:54:56,0.065,8.3,CAMPANHA_PILOTO_01
2026-08-05,07:54:57,0.065,8.3,CAMPANHA_PILOTO_01
2026-08-05,07:54:58,0.065,8.3,CAMPANHA_PILOTO_01
2026-08-05,07:54:59,0.065,8.3,CAMPANHA_PILOTO_01
2026-08-05,07:55:00,0.065,8.3,CAMPANHA_PILOTO_01
2026-08-05,07:55:01,0.065,8.3,CAMPANHA_PILOTO_01
2026-08-05,07:55:02,0.065,8.3,CAMPANHA_PILOTO_01
2026-08-05,07:55:03,0.065,8.3,CAMPANHA_PILOTO_01
2026-08-05,07:55:04,0.065,8.3,CAMPANHA_PILOTO_01
2026-08-05,07:55:05,0.065,8.3,CAMPANHA_PILOTO_01
2026-08-05,07:55:06,0.065,8.3,CAMPANHA_PILOTO_01
2026-08-05,07:55:07,0.065,8.2,CAMPANHA_PILOTO_01
2026-08-05,07:55:08,0.065,8.2,CAMPANHA_PILOTO_01
2026-08-05,07:55:09,0.065,8.2,CAMPANHA_PILOTO_01
2026-08-05,07:55:10,0.065,8.2,CAMPANHA_PILOTO_01
2026-08-05,07:55:11,0.065,8.2,CAMPANHA_PILOTO_01
2026-08-05,07:55:12,0.065,8.2,CAMPANHA_PILOTO_01
2026-08-05,07:55:13,0.065,8.2,CAMPANHA_PILOTO_01
2026-08-05,07:55:14,0.065,8.2,CAMPANHA_PILOTO_01
2026-08-05,07:55:15,0.065,8.2,CAMPANHA_PILOTO_01
2026-08-05,07:55:16,0.065,8.2,CAMPANHA_PILOTO_01
2026-08-05,07:55:17,0.065,8.2,CAMPANHA_PILOTO_01
2026-08-05,07:55:18,0.065,8.2,CAMPANHA_PILOTO_01
2026-08-05,07:55:19,0.065,8.2,CAMPANHA_PILOTO_01
2026-08-05,07:55:20,0.065,8.2,CAMPANHA_PILOTO_01
2026-08-05,07:55:21,0.065,8.2,CAMPANHA_PILOTO_01
2026-08-05,07:55:22,0.065,8.2,CAMPANHA_PILOTO_01
2026-08-05,07:55:23,0.065,8.2,CAMPANHA_PILOTO_01
2026-08-05,07:55:24,0.065,8.2,CAMPANHA_PILOTO_01
2026-08-05,07:55:25,0.065,8.2,CAMPANHA_PILOTO_01
2026-08-05,07:55:26,0.065,8.2,CAMPANHA_PILOTO_01
2026-08-05,07:55:27,0.065,8.2,CAMPANHA_PILOTO_01
2026-08-05,07:55:28,0.065,8.2,CAMPANHA_PILOTO_01
2026-08-05,07:55:29,0.065,8.2,CAMPANHA_PILOTO_01
2026-08-05,07:55:30,0.065,8.2,CAMPANHA_PILOTO_01
2026-08-05,07:55:31,0.065,8.2,CAMPANHA_PILOTO_01
2026-08-05,07:55:32,0.065,8.2,CAMPANHA_PILOTO_01
2026-08-05,07:55:33,0.065,8.2,CAMPANHA_PILOTO_01
2026-08-05,07:55:34,0.065,8.2,CAMPANHA_PILOTO_01
2026-08-05,07:55:35,0.065,8.2,CAMPANHA_PILOTO_01
2026-08-05,07:55:36,0.065,8.2,CAMPANHA_PILOTO_01
2026-08-05,07:55:37,0.065,8.2,CAMPANHA_PILOTO_01
2026-08-05,07:55:38,0.065,8.2,CAMPANHA_PILOTO_01
2026-08-05,07:55:39,0.065,8.2,CAMPANHA_PILOTO_01
2026-08-05,07:55:40,0.065,8.2,CAMPANHA_PILOTO_01
2026-08-05,07:55:41,0.065,8.2,CAMPANHA_PILOTO_01
2026-08-05,07:55:42,0.065,8.2,CAMPANHA_PILOTO_01
2026-08-05,07:55:43,0.065,8.2,CAMPANHA_PILOTO_01
2026-08-05,07:55:44,0.065,8.2,CAMPANHA_PILOTO_01
2026-08-05,07:55:45,0.065,8.2,CAMPANHA_PILOTO_01
2026-08-05,07:55:46,0.065,8.2,CAMPANHA_PILOTO_01
2026-08-05,07:55:47,0.065,8.2,CAMPANHA_PILOTO_01
2026-08-05,07:55:48,0.065,8.2,CAMPANHA_PILOTO_01
2026-08-05,07:55:49,0.065,8.2,CAMPANHA_PILOTO_01
2026-08-05,07:55:50,0.065,8.2,CAMPANHA_PILOTO_01
2026-08-05,07:55:51,0.065,8.2,CAMPANHA_PILOTO_01
2026-08-05,07:55:52,0.065,8.2,CAMPANHA_PILOTO_01
2026-08-05,07:55:53,0.065,8.2,CAMPANHA_PILOTO_01
2026-08-05,07:55:54,0.065,8.2,CAMPANHA_PILOTO_01
2026-08-05,07:55:55,0.065,8.2,CAMPANHA_PILOTO_01
2026-08-05,07:55:56,0.065,8.2,CAMPANHA_PILOTO_01
2026-08-05,07:55:57,0.065,8.2,CAMPANHA_PILOTO_01
2026-08-05,07:55:58,0.065,8.2,CAMPANHA_PILOTO_01
2026-08-05,07:55:59,0.065,8.2,CAMPANHA_PILOTO_01
2026-08-05,07:56:00,0.065,8.2,CAMPANHA_PILOTO_01
2026-08-05,07:56:01,0.065,8.2,CAMPANHA_PILOTO_01
2026-08-05,07:56:02,0.065,8.2,CAMPANHA_PILOTO_01
2026-08-05,07:56:03,0.065,8.2,CAMPANHA_PILOTO_01
2026-08-05,07:56:04,0.065,8.2,CAMPANHA_PILOTO_01
2026-08-05,07:56:05,0.065,8.2,CAMPANHA_PILOTO_01
2026-08-05,07:56:06,0.065,8.2,CAMPANHA_PILOTO_01
2026-08-05,07:56:07,0.065,8.2,CAMPANHA_PILOTO_01
2026-08-05,07:56:08,0.065,8.2,CAMPANHA_PILOTO_01
2026-08-05,07:56:09,0.065,8.2,CAMPANHA_PILOTO_01
2026-08-05,07:56:10,0.065,8.2,CAMPANHA_PILOTO_01
2026-08-05,07:56:11,0.065,8.2,CAMPANHA_PILOTO_01
2026-08-05,07:56:12,0.065,8.2,CAMPANHA_PILOTO_01
2026-08-05,07:56:13,0.065,8.2,CAMPANHA_PILOTO_01
2026-08-05,07:56:14,0.065,8.2,CAMPANHA_PILOTO_01
2026-08-05,07:56:15,0.065,8.2,CAMPANHA_PILOTO_01
2026-08-05,07:56:16,0.065,8.2,CAMPANHA_PILOTO_01
2026-08-05,07:56:17,0.065,8.2,CAMPANHA_PILOTO_01
2026-08-05,07:56:18,0.065,8.2,CAMPANHA_PILOTO_01
2026-08-05,07:56:19,0.065,8.2,CAMPANHA_PILOTO_01
2026-08-05,07:56:20,0.065,8.2,CAMPANHA_PILOTO_01
2026-08-05,07:56:21,0.065,8.2,CAMPANHA_PILOTO_01
2026-08-05,07:56:22,0.065,8.2,CAMPANHA_PILOTO_01
2026-08-05,07:56:23,0.065,8.2,CAMPANHA_PILOTO_01
2026-08-05,07:56:24,0.065,8.2,CAMPANHA_PILOTO_01
2026-08-05,07:56:25,0.065,8.2,CAMPANHA_PILOTO_01
2026-08-05,07:56:26,0.065,8.2,CAMPANHA_PILOTO_01
2026-08-05,07:56:27,0.065,8.2,CAMPANHA_PILOTO_01
2026-08-05,07:56:28,0.065,8.2,CAMPANHA_PILOTO_01
2026-08-05,07:56:29,0.065,8.2,CAMPANHA_PILOTO_01
2026-08-05,07:56:30,0.065,8.2,CAMPANHA_PILOTO_01
2026-08-05,07:56:31,0.065,8.2,CAMPANHA_PILOTO_01
2026-08-05,07:56:32,0.065,8.2,CAMPANHA_PILOTO_01
2026-08-05,07:56:33,0.065,8.2,CAMPANHA_PILOTO_01
2026-08-05,07:56:34,0.065,8.2,CAMPANHA_PILOTO_01
2026-08-05,07:56:35,0.065,8.2,CAMPANHA_PILOTO_01
2026-08-05,07:56:36,0.065,8.2,CAMPANHA_PILOTO_01
2026-08-05,07:56:37,0.065,8.2,CAMPANHA_PILOTO_01
2026-08-05,07:56:38,0.065,8.2,CAMPANHA_PILOTO_01
2026-08-05,07:56:39,0.065,8.2,CAMPANHA_PILOTO_01
2026-08-05,07:56:40,0.065,8.2,CAMPANHA_PILOTO_01
2026-08-05,07:56:41,0.065,8.2,CAMPANHA_PILOTO_01
2026-08-05,07:56:42,0.065,8.2,CAMPANHA_PILOTO_01
2026-08-05,07:56:43,0.065,8.2,CAMPANHA_PILOTO_01
2026-08-05,07:56:44,0.065,8.2,CAMPANHA_PILOTO_01
2026-08-05,07:56:45,0.065,8.2,CAMPANHA_PILOTO_01
2026-08-05,07:56:46,0.065,8.2,CAMPANHA_PILOTO_01
2026-08-05,07:56:47,0.065,8.2,CAMPANHA_PILOTO_01
2026-08-05,07:56:48,0.065,8.2,CAMPANHA_PILOTO_01
2026-08-05,07:56:49,0.065,8.2,CAMPANHA_PILOTO_01
2026-08-05,07:56:50,0.065,8.2,CAMPANHA_PILOTO_01
2026-08-05,07:56:51,0.065,8.2,CAMPANHA_PILOTO_01
2026-08-05,07:56:52,0.065,8.2,CAMPANHA_PILOTO_01
2026-08-05,07:56:53,0.065,8.2,CAMPANHA_PILOTO_01
2026-08-05,07:56:54,0.065,8.2,CAMPANHA_PILOTO_01
2026-08-05,07:56:55,0.065,8.2,CAMPANHA_PILOTO_01
2026-08-05,07:56:56,0.065,8.2,CAMPANHA_PILOTO_01
2026-08-05,07:56:57,0.065,8.2,CAMPANHA_PILOTO_01
2026-08-05,07:56:58,0.065,8.2,CAMPANHA_PILOTO_01
2026-08-05,07:56:59,0.065,8.2,CAMPANHA_PILOTO_01
2026-08-05,07:57:00,0.065,8.2,CAMPANHA_PILOTO_01
2026-08-05,07:57:01,0.065,8.2,CAMPANHA_PILOTO_01
2026-08-05,07:57:02,0.065,8.2,CAMPANHA_PILOTO_01
2026-08-05,07:57:03,0.065,8.2,CAMPANHA_PILOTO_01
2026-08-05,07:57:04,0.065,8.2,CAMPANHA_PILOTO_01
2026-08-05,07:57:05,0.065,8.2,CAMPANHA_PILOTO_01
2026-08-05,07:57:06,0.065,8.2,CAMPANHA_PILOTO_01
2026-08-05,07:57:07,0.065,8.2,CAMPANHA_PILOTO_01
2026-08-05,07:57:08,0.065,8.2,CAMPANHA_PILOTO_01
2026-08-05,07:57:09,0.065,8.2,CAMPANHA_PILOTO_01
2026-08-05,07:57:10,0.065,8.2,CAMPANHA_PILOTO_01
2026-08-05,07:57:11,0.065,8.2,CAMPANHA_PILOTO_01
2026-08-05,07:57:12,0.065,8.2,CAMPANHA_PILOTO_01
2026-08-05,07:57:13,0.065,8.2,CAMPANHA_PILOTO_01
2026-08-05,07:57:14,0.065,8.2,CAMPANHA_PILOTO_01
2026-08-05,07:57:15,0.065,8.2,CAMPANHA_PILOTO_01
2026-08-05,07:57:16,0.065,8.2,CAMPANHA_PILOTO_01
2026-08-05,07:57:17,0.065,8.2,CAMPANHA_PILOTO_01
2026-08-05,07:57:18,0.065,8.2,CAMPANHA_PILOTO_01
2026-08-05,07:57:19,0.065,8.2,CAMPANHA_PILOTO_01
2026-08-05,07:57:20,0.065,8.2,CAMPANHA_PILOTO_01
2026-08-05,07:57:21,0.065,8.2,CAMPANHA_PILOTO_01
2026-08-05,07:57:22,0.065,8.2,CAMPANHA_PILOTO_01
2026-08-05,07:57:23,0.065,8.2,CAMPANHA_PILOTO_01
2026-08-05,07:57:24,0.065,8.2,CAMPANHA_PILOTO_01
2026-08-05,07:57:25,0.065,8.2,CAMPANHA_PILOTO_01
2026-08-05,07:57:26,0.065,8.2,CAMPANHA_PILOTO_01
2026-08-05,07:57:27,0.065,8.2,CAMPANHA_PILOTO_01
2026-08-05,07:57:28,0.065,8.2,CAMPANHA_PILOTO_01
2026-08-05,07:57:29,0.065,8.2,CAMPANHA_PILOTO_01
2026-08-05,07:57:30,0.065,8.2,CAMPANHA_PILOTO_01
2026-08-05,07:57:31,0.065,8.2,CAMPANHA_PILOTO_01
2026-08-05,07:57:32,0.065,8.2,CAMPANHA_PILOTO_01
2026-08-05,07:57:33,0.065,8.2,CAMPANHA_PILOTO_01
2026-08-05,07:57:34,0.065,8.2,CAMPANHA_PILOTO_01
2026-08-05,07:57:35,0.065,8.2,CAMPANHA_PILOTO_01
2026-08-05,07:57:36,0.065,8.2,CAMPANHA_PILOTO_01
2026-08-05,07:57:37,0.065,8.2,CAMPANHA_PILOTO_01
2026-08-05,07:57:38,0.065,8.2,CAMPANHA_PILOTO_01
2026-08-05,07:57:39,0.065,8.2,CAMPANHA_PILOTO_01
2026-08-05,07:57:40,0.065,8.2,CAMPANHA_PILOTO_01
2026-08-05,07:57:41,0.065,8.2,CAMPANHA_PILOTO_01
2026-08-05,07:57:42,0.065,8.2,CAMPANHA_PILOTO_01
2026-08-05,07:57:43,0.065,8.2,CAMPANHA_PILOTO_01
2026-08-05,07:57:44,0.065,8.2,CAMPANHA_PILOTO_01
2026-08-05,07:57:45,0.065,8.2,CAMPANHA_PILOTO_01
2026-08-05,07:57:46,0.065,8.2,CAMPANHA_PILOTO_01
2026-08-05,07:57:47,0.065,8.2,CAMPANHA_PILOTO_01
2026-08-05,07:57:48,0.065,8.2,CAMPANHA_PILOTO_01
2026-08-05,07:57:49,0.065,8.2,CAMPANHA_PILOTO_01
2026-08-05,07:57:50,0.065,8.2,CAMPANHA_PILOTO_01
2026-08-05,07:57:51,0.065,8.2,CAMPANHA_PILOTO_01
2026-08-05,07:57:52,0.065,8.2,CAMPANHA_PILOTO_01
2026-08-05,07:57:53,0.065,8.2,CAMPANHA_PILOTO_01
2026-08-05,07:57:54,0.065,8.2,CAMPANHA_PILOTO_01
2026-08-05,07:57:55,0.065,8.2,CAMPANHA_PILOTO_01
2026-08-05,07:57:56,0.065,8.2,CAMPANHA_PILOTO_01
2026-08-05,07:57:57,0.065,8.2,CAMPANHA_PILOTO_01
2026-08-05,07:57:58,0.065,8.2,CAMPANHA_PILOTO_01
2026-08-05,07:57:59,0.065,8.2,CAMPANHA_PILOTO_01
2026-08-05,07:58:00,0.065,8.2,CAMPANHA_PILOTO_01
2026-08-05,07:58:01,0.065,8.2,CAMPANHA_PILOTO_01
2026-08-05,07:58:02,0.065,8.2,CAMPANHA_PILOTO_01
2026-08-05,07:58:03,0.065,8.2,CAMPANHA_PILOTO_01
2026-08-05,07:58:04,0.065,8.2,CAMPANHA_PILOTO_01
2026-08-05,07:58:05,0.065,8.2,CAMPANHA_PILOTO_01
2026-08-05,07:58:06,0.065,8.2,CAMPANHA_PILOTO_01
2026-08-05,07:58:07,0.065,8.2,CAMPANHA_PILOTO_01
2026-08-05,07:58:08,0.065,8.2,CAMPANHA_PILOTO_01
2026-08-05,07:58:09,0.065,8.2,CAMPANHA_PILOTO_01
2026-08-05,07:58:10,0.065,8.2,CAMPANHA_PILOTO_01
2026-08-05,07:58:11,0.065,8.2,CAMPANHA_PILOTO_01
2026-08-05,07:58:12,0.065,8.2,CAMPANHA_PILOTO_01
2026-08-05,07:58:13,0.065,8.2,CAMPANHA_PILOTO_01
2026-08-05,07:58:14,0.065,8.2,CAMPANHA_PILOTO_01
2026-08-05,07:58:15,0.065,8.2,CAMPANHA_PILOTO_01
2026-08-05,07:58:16,0.065,8.2,CAMPANHA_PILOTO_01
2026-08-05,07:58:17,0.065,8.2,CAMPANHA_PILOTO_01
2026-08-05,07:58:18,0.065,8.2,CAMPANHA_PILOTO_01
2026-08-05,07:58:19,0.065,8.2,CAMPANHA_PILOTO_01
2026-08-05,07:58:20,0.065,8.2,CAMPANHA_PILOTO_01
2026-08-05,07:58:21,0.065,8.2,CAMPANHA_PILOTO_01
2026-08-05,07:58:22,0.065,8.2,CAMPANHA_PILOTO_01
2026-08-05,07:58:23,0.065,8.2,CAMPANHA_PILOTO_01
2026-08-05,07:58:24,0.065,8.2,CAMPANHA_PILOTO_01
2026-08-05,07:58:25,0.065,8.2,CAMPANHA_PILOTO_01
2026-08-05,07:58:26,0.065,8.2,CAMPANHA_PILOTO_01
2026-08-05,07:58:27,0.065,8.2,CAMPANHA_PILOTO_01
2026-08-05,07:58:28,0.065,8.2,CAMPANHA_PILOTO_01
2026-08-05,07:58:29,0.065,8.2,CAMPANHA_PILOTO_01
2026-08-05,07:58:30,0.065,8.2,CAMPANHA_PILOTO_01
2026-08-05,07:58:31,0.065,8.2,CAMPANHA_PILOTO_01
2026-08-05,07:58:32,0.065,8.2,CAMPANHA_PILOTO_01
2026-08-05,07:58:33,0.065,8.2,CAMPANHA_PILOTO_01
2026-08-05,07:58:34,0.065,8.2,CAMPANHA_PILOTO_01
2026-08-05,07:58:35,0.065,8.2,CAMPANHA_PILOTO_01
2026-08-05,07:58:36,0.065,8.2,CAMPANHA_PILOTO_01
2026-08-05,07:58:37,0.065,8.2,CAMPANHA_PILOTO_01
2026-08-05,07:58:38,0.065,8.2,CAMPANHA_PILOTO_01
2026-08-05,07:58:39,0.065,8.2,CAMPANHA_PILOTO_01
2026-08-05,07:58:40,0.065,8.2,CAMPANHA_PILOTO_01
2026-08-05,07:58:41,0.065,8.2,CAMPANHA_PILOTO_01
2026-08-05,07:58:42,0.065,8.2,CAMPANHA_PILOTO_01
2026-08-05,07:58:43,0.065,8.2,CAMPANHA_PILOTO_01
2026-08-05,07:58:44,0.065,8.2,CAMPANHA_PILOTO_01
2026-08-05,07:58:45,0.065,8.2,CAMPANHA_PILOTO_01
2026-08-05,07:58:46,0.065,8.2,CAMPANHA_PILOTO_01
2026-08-05,07:58:47,0.065,8.2,CAMPANHA_PILOTO_01
2026-08-05,07:58:48,0.065,8.2,CAMPANHA_PILOTO_01
2026-08-05,07:58:49,0.065,8.2,CAMPANHA_PILOTO_01
2026-08-05,07:58:50,0.065,8.2,CAMPANHA_PILOTO_01
2026-08-05,07:58:51,0.065,8.2,CAMPANHA_PILOTO_01
2026-08-05,07:58:52,0.065,8.2,CAMPANHA_PILOTO_01
2026-08-05,07:58:53,0.065,8.2,CAMPANHA_PILOTO_01
2026-08-05,07:58:54,0.065,8.2,CAMPANHA_PILOTO_01
2026-08-05,07:58:55,0.065,8.2,CAMPANHA_PILOTO_01
2026-08-05,07:58:56,0.065,8.2,CAMPANHA_PILOTO_01
2026-08-05,07:58:57,0.065,8.2,CAMPANHA_PILOTO_01
2026-08-05,07:58:58,0.064,8.2,CAMPANHA_PILOTO_01
2026-08-05,07:58:59,0.064,8.2,CAMPANHA_PILOTO_01
2026-08-05,07:59:00,0.064,8.2,CAMPANHA_PILOTO_01
2026-08-05,07:59:01,0.064,8.2,CAMPANHA_PILOTO_01
2026-08-05,07:59:02,0.064,8.2,CAMPANHA_PILOTO_01
2026-08-05,07:59:03,0.064,8.2,CAMPANHA_PILOTO_01
2026-08-05,07:59:04,0.064,8.2,CAMPANHA_PILOTO_01
2026-08-05,07:59:05,0.064,8.2,CAMPANHA_PILOTO_01
2026-08-05,07:59:06,0.064,8.2,CAMPANHA_PILOTO_01
2026-08-05,07:59:07,0.064,8.2,CAMPANHA_PILOTO_01
2026-08-05,07:59:08,0.064,8.2,CAMPANHA_PILOTO_01
2026-08-05,07:59:09,0.064,8.2,CAMPANHA_PILOTO_01
2026-08-05,07:59:10,0.064,8.2,CAMPANHA_PILOTO_01
2026-08-05,07:59:11,0.064,8.2,CAMPANHA_PILOTO_01
2026-08-05,07:59:12,0.064,8.2,CAMPANHA_PILOTO_01
2026-08-05,07:59:13,0.064,8.2,CAMPANHA_PILOTO_01
2026-08-05,07:59:14,0.064,8.2,CAMPANHA_PILOTO_01
2026-08-05,07:59:15,0.064,8.2,CAMPANHA_PILOTO_01
2026-08-05,07:59:16,0.064,8.2,CAMPANHA_PILOTO_01
2026-08-05,07:59:17,0.064,8.2,CAMPANHA_PILOTO_01
2026-08-05,07:59:18,0.064,8.2,CAMPANHA_PILOTO_01
2026-08-05,07:59:19,0.064,8.2,CAMPANHA_PILOTO_01
2026-08-05,07:59:20,0.064,8.2,CAMPANHA_PILOTO_01
2026-08-05,07:59:21,0.064,8.2,CAMPANHA_PILOTO_01
2026-08-05,07:59:22,0.064,8.2,CAMPANHA_PILOTO_01
2026-08-05,07:59:23,0.064,8.2,CAMPANHA_PILOTO_01
2026-08-05,07:59:24,0.064,8.2,CAMPANHA_PILOTO_01
2026-08-05,07:59:25,0.064,8.2,CAMPANHA_PILOTO_01
2026-08-05,07:59:26,0.064,8.2,CAMPANHA_PILOTO_01
2026-08-05,07:59:27,0.064,8.2,CAMPANHA_PILOTO_01
2026-08-05,07:59:28,0.064,8.2,CAMPANHA_PILOTO_01
2026-08-05,07:59:29,0.064,8.2,CAMPANHA_PILOTO_01
2026-08-05,07:59:30,0.064,8.2,CAMPANHA_PILOTO_01
2026-08-05,07:59:31,0.064,8.2,CAMPANHA_PILOTO_01
2026-08-05,07:59:32,0.064,8.2,CAMPANHA_PILOTO_01
2026-08-05,07:59:33,0.064,8.2,CAMPANHA_PILOTO_01
2026-08-05,07:59:34,0.064,8.2,CAMPANHA_PILOTO_01
2026-08-05,07:59:35,0.064,8.2,CAMPANHA_PILOTO_01
2026-08-05,07:59:36,0.064,8.2,CAMPANHA_PILOTO_01
2026-08-05,07:59:37,0.064,8.2,CAMPANHA_PILOTO_01
2026-08-05,07:59:38,0.064,8.2,CAMPANHA_PILOTO_01
2026-08-05,07:59:39,0.064,8.2,CAMPANHA_PILOTO_01
2026-08-05,07:59:40,0.064,8.2,CAMPANHA_PILOTO_01
2026-08-05,07:59:41,0.064,8.2,CAMPANHA_PILOTO_01
2026-08-05,07:59:42,0.064,8.2,CAMPANHA_PILOTO_01
2026-08-05,07:59:43,0.064,8.2,CAMPANHA_PILOTO_01
2026-08-05,07:59:44,0.064,8.2,CAMPANHA_PILOTO_01
2026-08-05,07:59:45,0.064,8.2,CAMPANHA_PILOTO_01
2026-08-05,07:59:46,0.064,8.2,CAMPANHA_PILOTO_01
2026-08-05,07:59:47,0.064,8.2,CAMPANHA_PILOTO_01
2026-08-05,07:59:48,0.064,8.2,CAMPANHA_PILOTO_01
2026-08-05,07:59:49,0.064,8.2,CAMPANHA_PILOTO_01
2026-08-05,07:59:50,0.064,8.2,CAMPANHA_PILOTO_01
2026-08-05,07:59:51,0.064,8.2,CAMPANHA_PILOTO_01
2026-08-05,07:59:52,0.064,8.2,CAMPANHA_PILOTO_01
2026-08-05,07:59:53,0.064,8.2,CAMPANHA_PILOTO_01
2026-08-05,07:59:54,0.064,8.2,CAMPANHA_PILOTO_01
2026-08-05,07:59:55,0.064,8.2,CAMPANHA_PILOTO_01
2026-08-05,07:59:56,0.064,8.2,CAMPANHA_PILOTO_01
2026-08-05,07:59:57,0.064,8.2,CAMPANHA_PILOTO_01
2026-08-05,07:59:58,0.064,8.2,CAMPANHA_PILOTO_01
2026-08-05,07:59:59,0.064,8.2,CAMPANHA_PILOTO_01
2026-08-05,08:00:00,0.064,8.2,CAMPANHA_PILOTO_01
2026-08-05,08:00:01,0.064,8.2,CAMPANHA_PILOTO_01
2026-08-05,08:00:02,0.064,8.2,CAMPANHA_PILOTO_01
2026-08-05,08:00:03,0.064,8.2,CAMPANHA_PILOTO_01
2026-08-05,08:00:04,0.064,8.2,CAMPANHA_PILOTO_01
2026-08-05,08:00:05,0.064,8.2,CAMPANHA_PILOTO_01
2026-08-05,08:00:06,0.064,8.2,CAMPANHA_PILOTO_01
2026-08-05,08:00:07,0.064,8.2,CAMPANHA_PILOTO_01
2026-08-05,08:00:08,0.064,8.2,CAMPANHA_PILOTO_01
2026-08-05,08:00:09,0.064,8.2,CAMPANHA_PILOTO_01
2026-08-05,08:00:10,0.064,8.2,CAMPANHA_PILOTO_01
2026-08-05,08:00:11,0.064,8.2,CAMPANHA_PILOTO_01
2026-08-05,08:00:12,0.064,8.2,CAMPANHA_PILOTO_01
2026-08-05,08:00:13,0.064,8.2,CAMPANHA_PILOTO_01
2026-08-05,08:00:14,0.064,8.2,CAMPANHA_PILOTO_01
2026-08-05,08:00:15,0.064,8.2,CAMPANHA_PILOTO_01
2026-08-05,08:00:16,0.064,8.2,CAMPANHA_PILOTO_01
2026-08-05,08:00:17,0.064,8.2,CAMPANHA_PILOTO_01
2026-08-05,08:00:18,0.064,8.2,CAMPANHA_PILOTO_01
2026-08-05,08:00:19,0.064,8.2,CAMPANHA_PILOTO_01
2026-08-05,08:00:20,0.064,8.2,CAMPANHA_PILOTO_01
2026-08-05,08:00:21,0.064,8.2,CAMPANHA_PILOTO_01
2026-08-05,08:00:22,0.064,8.2,CAMPANHA_PILOTO_01
2026-08-05,08:00:23,0.064,8.2,CAMPANHA_PILOTO_01
2026-08-05,08:00:24,0.064,8.2,CAMPANHA_PILOTO_01
2026-08-05,08:00:25,0.064,8.2,CAMPANHA_PILOTO_01
2026-08-05,08:00:26,0.064,8.2,CAMPANHA_PILOTO_01
2026-08-05,08:00:27,0.064,8.2,CAMPANHA_PILOTO_01
2026-08-05,08:00:28,0.064,8.2,CAMPANHA_PILOTO_01
2026-08-05,08:00:29,0.064,8.2,CAMPANHA_PILOTO_01
2026-08-05,08:00:30,0.064,8.2,CAMPANHA_PILOTO_01
2026-08-05,08:00:31,0.064,8.2,CAMPANHA_PILOTO_01
2026-08-05,08:00:32,0.064,8.2,CAMPANHA_PILOTO_01
2026-08-05,08:00:33,0.064,8.2,CAMPANHA_PILOTO_01
2026-08-05,08:00:34,0.064,8.2,CAMPANHA_PILOTO_01
2026-08-05,08:00:35,0.064,8.2,CAMPANHA_PILOTO_01
2026-08-05,08:00:36,0.064,8.2,CAMPANHA_PILOTO_01
2026-08-05,08:00:37,0.064,8.2,CAMPANHA_PILOTO_01
2026-08-05,08:00:38,0.064,8.2,CAMPANHA_PILOTO_01
2026-08-05,08:00:39,0.064,8.2,CAMPANHA_PILOTO_01
2026-08-05,08:00:40,0.064,8.2,CAMPANHA_PILOTO_01
2026-08-05,08:00:41,0.064,8.2,CAMPANHA_PILOTO_01
2026-08-05,08:00:42,0.064,8.2,CAMPANHA_PILOTO_01
2026-08-05,08:00:43,0.064,8.2,CAMPANHA_PILOTO_01
2026-08-05,08:00:44,0.064,8.2,CAMPANHA_PILOTO_01
2026-08-05,08:00:45,0.064,8.2,CAMPANHA_PILOTO_01
2026-08-05,08:00:46,0.064,8.2,CAMPANHA_PILOTO_01
2026-08-05,08:00:47,0.064,8.2,CAMPANHA_PILOTO_01
2026-08-05,08:00:48,0.064,8.2,CAMPANHA_PILOTO_01
2026-08-05,08:00:49,0.064,8.2,CAMPANHA_PILOTO_01
2026-08-05,08:00:50,0.064,8.2,CAMPANHA_PILOTO_01
2026-08-05,08:00:51,0.064,8.2,CAMPANHA_PILOTO_01
2026-08-05,08:00:52,0.064,8.2,CAMPANHA_PILOTO_01
2026-08-05,08:00:53,0.064,8.2,CAMPANHA_PILOTO_01
2026-08-05,08:00:54,0.064,8.2,CAMPANHA_PILOTO_01
2026-08-05,08:00:55,0.064,8.2,CAMPANHA_PILOTO_01
2026-08-05,08:00:56,0.064,8.2,CAMPANHA_PILOTO_01
2026-08-05,08:00:57,0.064,8.2,CAMPANHA_PILOTO_01
2026-08-05,08:00:58,0.064,8.2,CAMPANHA_PILOTO_01
2026-08-05,08:00:59,0.064,8.2,CAMPANHA_PILOTO_01
2026-08-05,08:01:00,0.064,8.2,CAMPANHA_PILOTO_01
2026-08-05,08:01:01,0.064,8.2,CAMPANHA_PILOTO_01
2026-08-05,08:01:02,0.064,8.2,CAMPANHA_PILOTO_01
2026-08-05,08:01:03,0.064,8.2,CAMPANHA_PILOTO_01
2026-08-05,08:01:04,0.064,8.2,CAMPANHA_PILOTO_01
2026-08-05,08:01:05,0.064,8.2,CAMPANHA_PILOTO_01
2026-08-05,08:01:06,0.064,8.2,CAMPANHA_PILOTO_01
2026-08-05,08:01:07,0.064,8.2,CAMPANHA_PILOTO_01
2026-08-05,08:01:08,0.064,8.2,CAMPANHA_PILOTO_01
2026-08-05,08:01:09,0.064,8.2,CAMPANHA_PILOTO_01
2026-08-05,08:01:10,0.064,8.2,CAMPANHA_PILOTO_01
2026-08-05,08:01:11,0.064,8.2,CAMPANHA_PILOTO_01
2026-08-05,08:01:12,0.064,8.2,CAMPANHA_PILOTO_01
2026-08-05,08:01:13,0.064,8.2,CAMPANHA_PILOTO_01
2026-08-05,08:01:14,0.064,8.2,CAMPANHA_PILOTO_01
2026-08-05,08:01:15,0.064,8.2,CAMPANHA_PILOTO_01
2026-08-05,08:01:16,0.064,8.2,CAMPANHA_PILOTO_01
2026-08-05,08:01:17,0.064,8.2,CAMPANHA_PILOTO_01
2026-08-05,08:01:18,0.064,8.2,CAMPANHA_PILOTO_01
2026-08-05,08:01:19,0.064,8.2,CAMPANHA_PILOTO_01
2026-08-05,08:01:20,0.064,8.2,CAMPANHA_PILOTO_01
2026-08-05,08:01:21,0.064,8.2,CAMPANHA_PILOTO_01
2026-08-05,08:01:22,0.064,8.2,CAMPANHA_PILOTO_01
2026-08-05,08:01:23,0.064,8.2,CAMPANHA_PILOTO_01
2026-08-05,08:01:24,0.064,8.2,CAMPANHA_PILOTO_01
2026-08-05,08:01:25,0.064,8.2,CAMPANHA_PILOTO_01
2026-08-05,08:01:26,0.064,8.2,CAMPANHA_PILOTO_01
2026-08-05,08:01:27,0.064,8.2,CAMPANHA_PILOTO_01
2026-08-05,08:01:28,0.064,8.2,CAMPANHA_PILOTO_01
2026-08-05,08:01:29,0.064,8.2,CAMPANHA_PILOTO_01
2026-08-05,08:01:30,0.064,8.2,CAMPANHA_PILOTO_01
2026-08-05,08:01:31,0.064,8.2,CAMPANHA_PILOTO_01
2026-08-05,08:01:32,0.064,8.2,CAMPANHA_PILOTO_01
2026-08-05,08:01:33,0.064,8.2,CAMPANHA_PILOTO_01
2026-08-05,08:01:34,0.064,8.2,CAMPANHA_PILOTO_01
2026-08-05,08:01:35,0.064,8.2,CAMPANHA_PILOTO_01
2026-08-05,08:01:36,0.064,8.2,CAMPANHA_PILOTO_01
2026-08-05,08:01:37,0.064,8.2,CAMPANHA_PILOTO_01
2026-08-05,08:01:38,0.064,8.2,CAMPANHA_PILOTO_01
2026-08-05,08:01:39,0.064,8.2,CAMPANHA_PILOTO_01
2026-08-05,08:01:40,0.064,8.2,CAMPANHA_PILOTO_01
2026-08-05,08:01:41,0.064,8.2,CAMPANHA_PILOTO_01
2026-08-05,08:01:42,0.064,8.2,CAMPANHA_PILOTO_01
2026-08-05,08:01:43,0.064,8.2,CAMPANHA_PILOTO_01
2026-08-05,08:01:44,0.064,8.1,CAMPANHA_PILOTO_01
2026-08-05,08:01:45,0.064,8.1,CAMPANHA_PILOTO_01
2026-08-05,08:01:46,0.064,8.1,CAMPANHA_PILOTO_01
2026-08-05,08:01:47,0.064,8.1,CAMPANHA_PILOTO_01
2026-08-05,08:01:48,0.064,8.1,CAMPANHA_PILOTO_01
2026-08-05,08:01:49,0.064,8.1,CAMPANHA_PILOTO_01
2026-08-05,08:01:50,0.064,8.1,CAMPANHA_PILOTO_01
2026-08-05,08:01:51,0.064,8.1,CAMPANHA_PILOTO_01
2026-08-05,08:01:52,0.064,8.1,CAMPANHA_PILOTO_01
2026-08-05,08:01:53,0.064,8.1,CAMPANHA_PILOTO_01
2026-08-05,08:01:54,0.064,8.1,CAMPANHA_PILOTO_01
2026-08-05,08:01:55,0.064,8.1,CAMPANHA_PILOTO_01
2026-08-05,08:01:56,0.064,8.1,CAMPANHA_PILOTO_01
2026-08-05,08:01:57,0.064,8.1,CAMPANHA_PILOTO_01
2026-08-05,08:01:58,0.064,8.1,CAMPANHA_PILOTO_01
2026-08-05,08:01:59,0.064,8.1,CAMPANHA_PILOTO_01
2026-08-05,08:02:00,0.064,8.1,CAMPANHA_PILOTO_01
2026-08-05,08:02:01,0.064,8.1,CAMPANHA_PILOTO_01
2026-08-05,08:02:02,0.064,8.1,CAMPANHA_PILOTO_01
2026-08-05,08:02:03,0.064,8.1,CAMPANHA_PILOTO_01
2026-08-05,08:02:04,0.064,8.1,CAMPANHA_PILOTO_01
2026-08-05,08:02:05,0.064,8.1,CAMPANHA_PILOTO_01
2026-08-05,08:02:06,0.064,8.1,CAMPANHA_PILOTO_01
2026-08-05,08:02:07,0.064,8.1,CAMPANHA_PILOTO_01
2026-08-05,08:02:08,0.064,8.1,CAMPANHA_PILOTO_01
2026-08-05,08:02:09,0.064,8.1,CAMPANHA_PILOTO_01
2026-08-05,08:02:10,0.064,8.1,CAMPANHA_PILOTO_01
2026-08-05,08:02:11,0.064,8.1,CAMPANHA_PILOTO_01
2026-08-05,08:02:12,0.064,8.1,CAMPANHA_PILOTO_01
2026-08-05,08:02:13,0.064,8.1,CAMPANHA_PILOTO_01
2026-08-05,08:02:14,0.064,8.1,CAMPANHA_PILOTO_01
2026-08-05,08:02:15,0.064,8.1,CAMPANHA_PILOTO_01
2026-08-05,08:02:16,0.064,8.1,CAMPANHA_PILOTO_01
2026-08-05,08:02:17,0.064,8.1,CAMPANHA_PILOTO_01
2026-08-05,08:02:18,0.064,8.1,CAMPANHA_PILOTO_01
2026-08-05,08:02:19,0.064,8.1,CAMPANHA_PILOTO_01
2026-08-05,08:02:20,0.064,8.1,CAMPANHA_PILOTO_01
2026-08-05,08:02:21,0.064,8.1,CAMPANHA_PILOTO_01
2026-08-05,08:02:22,0.064,8.1,CAMPANHA_PILOTO_01
2026-08-05,08:02:23,0.064,8.1,CAMPANHA_PILOTO_01
2026-08-05,08:02:24,0.064,8.1,CAMPANHA_PILOTO_01
2026-08-05,08:02:25,0.064,8.1,CAMPANHA_PILOTO_01
2026-08-05,08:02:26,0.064,8.1,CAMPANHA_PILOTO_01
2026-08-05,08:02:27,0.064,8.1,CAMPANHA_PILOTO_01
2026-08-05,08:02:28,0.064,8.1,CAMPANHA_PILOTO_01
2026-08-05,08:02:29,0.064,8.1,CAMPANHA_PILOTO_01
2026-08-05,08:02:30,0.064,8.1,CAMPANHA_PILOTO_01
2026-08-05,08:02:31,0.064,8.1,CAMPANHA_PILOTO_01
2026-08-05,08:02:32,0.064,8.1,CAMPANHA_PILOTO_01
2026-08-05,08:02:33,0.064,8.1,CAMPANHA_PILOTO_01
2026-08-05,08:02:34,0.064,8.1,CAMPANHA_PILOTO_01
2026-08-05,08:02:35,0.064,8.1,CAMPANHA_PILOTO_01
2026-08-05,08:02:36,0.064,8.1,CAMPANHA_PILOTO_01
2026-08-05,08:02:37,0.064,8.1,CAMPANHA_PILOTO_01
2026-08-05,08:02:38,0.064,8.1,CAMPANHA_PILOTO_01
2026-08-05,08:02:39,0.064,8.1,CAMPANHA_PILOTO_01
2026-08-05,08:02:40,0.064,8.1,CAMPANHA_PILOTO_01
2026-08-05,08:02:41,0.064,8.1,CAMPANHA_PILOTO_01
2026-08-05,08:02:42,0.064,8.1,CAMPANHA_PILOTO_01
2026-08-05,08:02:43,0.064,8.1,CAMPANHA_PILOTO_01
2026-08-05,08:02:44,0.064,8.1,CAMPANHA_PILOTO_01
2026-08-05,08:02:45,0.064,8.1,CAMPANHA_PILOTO_01
2026-08-05,08:02:46,0.064,8.1,CAMPANHA_PILOTO_01
2026-08-05,08:02:47,0.064,8.1,CAMPANHA_PILOTO_01
2026-08-05,08:02:48,0.064,8.1,CAMPANHA_PILOTO_01
2026-08-05,08:02:49,0.064,8.1,CAMPANHA_PILOTO_01
2026-08-05,08:02:50,0.064,8.1,CAMPANHA_PILOTO_01
2026-08-05,08:02:51,0.064,8.1,CAMPANHA_PILOTO_01
2026-08-05,08:02:52,0.064,8.1,CAMPANHA_PILOTO_01
2026-08-05,08:02:53,0.064,8.1,CAMPANHA_PILOTO_01
2026-08-05,08:02:54,0.064,8.1,CAMPANHA_PILOTO_01
2026-08-05,08:02:55,0.064,8.1,CAMPANHA_PILOTO_01
2026-08-05,08:02:56,0.064,8.1,CAMPANHA_PILOTO_01
2026-08-05,08:02:57,0.064,8.1,CAMPANHA_PILOTO_01
2026-08-05,08:02:58,0.064,8.1,CAMPANHA_PILOTO_01
2026-08-05,08:02:59,0.064,8.1,CAMPANHA_PILOTO_01
2026-08-05,08:03:00,0.064,8.1,CAMPANHA_PILOTO_01
2026-08-05,08:03:01,0.064,8.1,CAMPANHA_PILOTO_01
2026-08-05,08:03:02,0.064,8.1,CAMPANHA_PILOTO_01
2026-08-05,08:03:03,0.064,8.1,CAMPANHA_PILOTO_01
2026-08-05,08:03:04,0.064,8.1,CAMPANHA_PILOTO_01
2026-08-05,08:03:05,0.064,8.1,CAMPANHA_PILOTO_01
2026-08-05,08:03:06,0.064,8.1,CAMPANHA_PILOTO_01
2026-08-05,08:03:07,0.064,8.1,CAMPANHA_PILOTO_01
2026-08-05,08:03:08,0.064,8.1,CAMPANHA_PILOTO_01
2026-08-05,08:03:09,0.064,8.1,CAMPANHA_PILOTO_01
2026-08-05,08:03:10,0.064,8.1,CAMPANHA_PILOTO_01
2026-08-05,08:03:11,0.064,8.1,CAMPANHA_PILOTO_01
2026-08-05,08:03:12,0.064,8.1,CAMPANHA_PILOTO_01
2026-08-05,08:03:13,0.064,8.1,CAMPANHA_PILOTO_01
2026-08-05,08:03:14,0.064,8.1,CAMPANHA_PILOTO_01
2026-08-05,08:03:15,0.064,8.1,CAMPANHA_PILOTO_01
2026-08-05,08:03:16,0.064,8.1,CAMPANHA_PILOTO_01
2026-08-05,08:03:17,0.064,8.1,CAMPANHA_PILOTO_01
2026-08-05,08:03:18,0.064,8.1,CAMPANHA_PILOTO_01
2026-08-05,08:03:19,0.064,8.1,CAMPANHA_PILOTO_01
2026-08-05,08:03:20,0.064,8.1,CAMPANHA_PILOTO_01
2026-08-05,08:03:21,0.064,8.1,CAMPANHA_PILOTO_01
2026-08-05,08:03:22,0.064,8.1,CAMPANHA_PILOTO_01
2026-08-05,08:03:23,0.064,8.1,CAMPANHA_PILOTO_01
2026-08-05,08:03:24,0.064,8.1,CAMPANHA_PILOTO_01
2026-08-05,08:03:25,0.064,8.1,CAMPANHA_PILOTO_01
2026-08-05,08:03:26,0.064,8.1,CAMPANHA_PILOTO_01
2026-08-05,08:03:27,0.064,8.1,CAMPANHA_PILOTO_01
2026-08-05,08:03:28,0.064,8.1,CAMPANHA_PILOTO_01
2026-08-05,08:03:29,0.064,8.1,CAMPANHA_PILOTO_01
2026-08-05,08:03:30,0.064,8.1,CAMPANHA_PILOTO_01
2026-08-05,08:03:31,0.064,8.1,CAMPANHA_PILOTO_01
2026-08-05,08:03:32,0.064,8.1,CAMPANHA_PILOTO_01
2026-08-05,08:03:33,0.064,8.1,CAMPANHA_PILOTO_01
2026-08-05,08:03:34,0.064,8.1,CAMPANHA_PILOTO_01
2026-08-05,08:03:35,0.064,8.1,CAMPANHA_PILOTO_01
2026-08-05,08:03:36,0.064,8.1,CAMPANHA_PILOTO_01
2026-08-05,08:03:37,0.064,8.1,CAMPANHA_PILOTO_01
2026-08-05,08:03:38,0.064,8.1,CAMPANHA_PILOTO_01
2026-08-05,08:03:39,0.064,8.1,CAMPANHA_PILOTO_01
2026-08-05,08:03:40,0.064,8.1,CAMPANHA_PILOTO_01
2026-08-05,08:03:41,0.064,8.1,CAMPANHA_PILOTO_01
2026-08-05,08:03:42,0.064,8.1,CAMPANHA_PILOTO_01
2026-08-05,08:03:43,0.064,8.1,CAMPANHA_PILOTO_01
2026-08-05,08:03:44,0.064,8.1,CAMPANHA_PILOTO_01
2026-08-05,08:03:45,0.064,8.1,CAMPANHA_PILOTO_01
2026-08-05,08:03:46,0.064,8.1,CAMPANHA_PILOTO_01
2026-08-05,08:03:47,0.064,8.1,CAMPANHA_PILOTO_01
2026-08-05,08:03:48,0.064,8.1,CAMPANHA_PILOTO_01
2026-08-05,08:03:49,0.064,8.1,CAMPANHA_PILOTO_01
2026-08-05,08:03:50,0.064,8.1,CAMPANHA_PILOTO_01
2026-08-05,08:03:51,0.064,8.1,CAMPANHA_PILOTO_01
2026-08-05,08:03:52,0.064,8.1,CAMPANHA_PILOTO_01
2026-08-05,08:03:53,0.064,8.1,CAMPANHA_PILOTO_01
2026-08-05,08:03:54,0.064,8.1,CAMPANHA_PILOTO_01
2026-08-05,08:03:55,0.064,8.1,CAMPANHA_PILOTO_01
2026-08-05,08:03:56,0.064,8.1,CAMPANHA_PILOTO_01
2026-08-05,08:03:57,0.064,8.1,CAMPANHA_PILOTO_01
2026-08-05,08:03:58,0.064,8.1,CAMPANHA_PILOTO_01
2026-08-05,08:03:59,0.064,8.1,CAMPANHA_PILOTO_01
2026-08-05,08:04:00,0.064,8.1,CAMPANHA_PILOTO_01
2026-08-05,08:04:01,0.064,8.1,CAMPANHA_PILOTO_01
2026-08-05,08:04:02,0.064,8.1,CAMPANHA_PILOTO_01
2026-08-05,08:04:03,0.064,8.1,CAMPANHA_PILOTO_01
2026-08-05,08:04:04,0.064,8.1,CAMPANHA_PILOTO_01
2026-08-05,08:04:05,0.064,8.1,CAMPANHA_PILOTO_01
2026-08-05,08:04:06,0.064,8.1,CAMPANHA_PILOTO_01
2026-08-05,08:04:07,0.064,8.1,CAMPANHA_PILOTO_01
2026-08-05,08:04:08,0.064,8.1,CAMPANHA_PILOTO_01
2026-08-05,08:04:09,0.064,8.1,CAMPANHA_PILOTO_01
2026-08-05,08:04:10,0.064,8.1,CAMPANHA_PILOTO_01
2026-08-05,08:04:11,0.064,8.1,CAMPANHA_PILOTO_01
2026-08-05,08:04:12,0.064,8.1,CAMPANHA_PILOTO_01
2026-08-05,08:04:13,0.064,8.1,CAMPANHA_PILOTO_01
2026-08-05,08:04:14,0.064,8.1,CAMPANHA_PILOTO_01
2026-08-05,08:04:15,0.064,8.1,CAMPANHA_PILOTO_01
2026-08-05,08:04:16,0.064,8.1,CAMPANHA_PILOTO_01
2026-08-05,08:04:17,0.064,8.1,CAMPANHA_PILOTO_01
2026-08-05,08:04:18,0.064,8.1,CAMPANHA_PILOTO_01
2026-08-05,08:04:19,0.064,8.1,CAMPANHA_PILOTO_01
2026-08-05,08:04:20,0.064,8.1,CAMPANHA_PILOTO_01
2026-08-05,08:04:21,0.064,8.1,CAMPANHA_PILOTO_01
2026-08-05,08:04:22,0.064,8.1,CAMPANHA_PILOTO_01
2026-08-05,08:04:23,0.064,8.1,CAMPANHA_PILOTO_01
2026-08-05,08:04:24,0.064,8.1,CAMPANHA_PILOTO_01
2026-08-05,08:04:25,0.064,8.1,CAMPANHA_PILOTO_01
2026-08-05,08:04:26,0.064,8.1,CAMPANHA_PILOTO_01
2026-08-05,08:04:27,0.064,8.1,CAMPANHA_PILOTO_01
2026-08-05,08:04:28,0.064,8.1,CAMPANHA_PILOTO_01
2026-08-05,08:04:29,0.064,8.1,CAMPANHA_PILOTO_01
2026-08-05,08:04:30,0.064,8.1,CAMPANHA_PILOTO_01
2026-08-05,08:04:31,0.064,8.1,CAMPANHA_PILOTO_01
2026-08-05,08:04:32,0.064,8.1,CAMPANHA_PILOTO_01
2026-08-05,08:04:33,0.064,8.1,CAMPANHA_PILOTO_01
2026-08-05,08:04:34,0.064,8.1,CAMPANHA_PILOTO_01
2026-08-05,08:04:35,0.064,8.1,CAMPANHA_PILOTO_01
2026-08-05,08:04:36,0.064,8.1,CAMPANHA_PILOTO_01
2026-08-05,08:04:37,0.064,8.1,CAMPANHA_PILOTO_01
2026-08-05,08:04:38,0.064,8.1,CAMPANHA_PILOTO_01
2026-08-05,08:04:39,0.064,8.1,CAMPANHA_PILOTO_01
2026-08-05,08:04:40,0.064,8.1,CAMPANHA_PILOTO_01
2026-08-05,08:04:41,0.064,8.1,CAMPANHA_PILOTO_01
2026-08-05,08:04:42,0.064,8.1,CAMPANHA_PILOTO_01
2026-08-05,08:04:43,0.064,8.1,CAMPANHA_PILOTO_01
2026-08-05,08:04:44,0.064,8.1,CAMPANHA_PILOTO_01
2026-08-05,08:04:45,0.064,8.1,CAMPANHA_PILOTO_01
2026-08-05,08:04:46,0.064,8.1,CAMPANHA_PILOTO_01
2026-08-05,08:04:47,0.064,8.1,CAMPANHA_PILOTO_01
2026-08-05,08:04:48,0.064,8.1,CAMPANHA_PILOTO_01
2026-08-05,08:04:49,0.064,8.1,CAMPANHA_PILOTO_01
2026-08-05,08:04:50,0.064,8.1,CAMPANHA_PILOTO_01
2026-08-05,08:04:51,0.064,8.1,CAMPANHA_PILOTO_01
2026-08-05,08:04:52,0.064,8.1,CAMPANHA_PILOTO_01
2026-08-05,08:04:53,0.064,8.1,CAMPANHA_PILOTO_01
2026-08-05,08:04:54,0.064,8.1,CAMPANHA_PILOTO_01
2026-08-05,08:04:55,0.064,8.1,CAMPANHA_PILOTO_01
2026-08-05,08:04:56,0.064,8.1,CAMPANHA_PILOTO_01
2026-08-05,08:04:57,0.064,8.1,CAMPANHA_PILOTO_01
2026-08-05,08:04:58,0.064,8.1,CAMPANHA_PILOTO_01
2026-08-05,08:04:59,0.064,8.1,CAMPANHA_PILOTO_01
2026-08-05,08:05:00,0.064,8.1,CAMPANHA_PILOTO_01
2026-08-05,08:05:01,0.064,8.1,CAMPANHA_PILOTO_01
2026-08-05,08:05:02,0.064,8.1,CAMPANHA_PILOTO_01
2026-08-05,08:05:03,0.064,8.1,CAMPANHA_PILOTO_01
2026-08-05,08:05:04,0.064,8.1,CAMPANHA_PILOTO_01
2026-08-05,08:05:05,0.064,8.1,CAMPANHA_PILOTO_01
2026-08-05,08:05:06,0.064,8.1,CAMPANHA_PILOTO_01
2026-08-05,08:05:07,0.064,8.1,CAMPANHA_PILOTO_01
2026-08-05,08:05:08,0.064,8.1,CAMPANHA_PILOTO_01
2026-08-05,08:05:09,0.064,8.1,CAMPANHA_PILOTO_01
2026-08-05,08:05:10,0.064,8.1,CAMPANHA_PILOTO_01
2026-08-05,08:05:11,0.064,8.1,CAMPANHA_PILOTO_01
2026-08-05,08:05:12,0.064,8.1,CAMPANHA_PILOTO_01
2026-08-05,08:05:13,0.064,8.1,CAMPANHA_PILOTO_01
2026-08-05,08:05:14,0.064,8.1,CAMPANHA_PILOTO_01
2026-08-05,08:05:15,0.064,8.1,CAMPANHA_PILOTO_01
2026-08-05,08:05:16,0.064,8.1,CAMPANHA_PILOTO_01
2026-08-05,08:05:17,0.064,8.1,CAMPANHA_PILOTO_01
2026-08-05,08:05:18,0.064,8.1,CAMPANHA_PILOTO_01
2026-08-05,08:05:19,0.064,8.1,CAMPANHA_PILOTO_01
2026-08-05,08:05:20,0.064,8.1,CAMPANHA_PILOTO_01
2026-08-05,08:05:21,0.064,8.1,CAMPANHA_PILOTO_01
2026-08-05,08:05:22,0.064,8.1,CAMPANHA_PILOTO_01
2026-08-05,08:05:23,0.064,8.1,CAMPANHA_PILOTO_01
2026-08-05,08:05:24,0.064,8.1,CAMPANHA_PILOTO_01
2026-08-05,08:05:25,0.064,8.1,CAMPANHA_PILOTO_01
2026-08-05,08:05:26,0.064,8.1,CAMPANHA_PILOTO_01
2026-08-05,08:05:27,0.064,8.1,CAMPANHA_PILOTO_01
2026-08-05,08:05:28,0.064,8.1,CAMPANHA_PILOTO_01
2026-08-05,08:05:29,0.064,8.1,CAMPANHA_PILOTO_01
2026-08-05,08:05:30,0.064,8.1,CAMPANHA_PILOTO_01
2026-08-05,08:05:31,0.064,8.1,CAMPANHA_PILOTO_01
2026-08-05,08:05:32,0.064,8.1,CAMPANHA_PILOTO_01
2026-08-05,08:05:33,0.064,8.1,CAMPANHA_PILOTO_01
2026-08-05,08:05:34,0.064,8.1,CAMPANHA_PILOTO_01
2026-08-05,08:05:35,0.064,8.1,CAMPANHA_PILOTO_01
2026-08-05,08:05:36,0.064,8.1,CAMPANHA_PILOTO_01
2026-08-05,08:05:37,0.064,8.1,CAMPANHA_PILOTO_01
2026-08-05,08:05:38,0.064,8.1,CAMPANHA_PILOTO_01
2026-08-05,08:05:39,0.064,8.1,CAMPANHA_PILOTO_01
2026-08-05,08:05:40,0.064,8.1,CAMPANHA_PILOTO_01
2026-08-05,08:05:41,0.064,8.1,CAMPANHA_PILOTO_01
2026-08-05,08:05:42,0.064,8.1,CAMPANHA_PILOTO_01
2026-08-05,08:05:43,0.064,8.1,CAMPANHA_PILOTO_01
2026-08-05,08:05:44,0.064,8.1,CAMPANHA_PILOTO_01
2026-08-05,08:05:45,0.064,8.1,CAMPANHA_PILOTO_01
2026-08-05,08:05:46,0.064,8.1,CAMPANHA_PILOTO_01
2026-08-05,08:05:47,0.064,8.1,CAMPANHA_PILOTO_01
2026-08-05,08:05:48,0.064,8.1,CAMPANHA_PILOTO_01
2026-08-05,08:05:49,0.064,8.1,CAMPANHA_PILOTO_01
2026-08-05,08:05:50,0.064,8.1,CAMPANHA_PILOTO_01
2026-08-05,08:05:51,0.064,8.1,CAMPANHA_PILOTO_01
2026-08-05,08:05:52,0.064,8.1,CAMPANHA_PILOTO_01
2026-08-05,08:05:53,0.064,8.1,CAMPANHA_PILOTO_01
2026-08-05,08:05:54,0.064,8.1,CAMPANHA_PILOTO_01
2026-08-05,08:05:55,0.064,8.1,CAMPANHA_PILOTO_01
2026-08-05,08:05:56,0.064,8.1,CAMPANHA_PILOTO_01
2026-08-05,08:05:57,0.064,8.1,CAMPANHA_PILOTO_01
2026-08-05,08:05:58,0.064,8.1,CAMPANHA_PILOTO_01
2026-08-05,08:05:59,0.064,8.1,CAMPANHA_PILOTO_01
2026-08-05,08:06:00,0.064,8.1,CAMPANHA_PILOTO_01
2026-08-05,08:06:01,0.064,8.1,CAMPANHA_PILOTO_01
2026-08-05,08:06:02,0.064,8.1,CAMPANHA_PILOTO_01
2026-08-05,08:06:03,0.064,8.1,CAMPANHA_PILOTO_01
2026-08-05,08:06:04,0.064,8.1,CAMPANHA_PILOTO_01
2026-08-05,08:06:05,0.064,8.1,CAMPANHA_PILOTO_01
2026-08-05,08:06:06,0.064,8.1,CAMPANHA_PILOTO_01
2026-08-05,08:06:07,0.064,8.1,CAMPANHA_PILOTO_01
2026-08-05,08:06:08,0.064,8.1,CAMPANHA_PILOTO_01
2026-08-05,08:06:09,0.064,8.1,CAMPANHA_PILOTO_01
2026-08-05,08:06:10,0.064,8.1,CAMPANHA_PILOTO_01
2026-08-05,08:06:11,0.064,8.1,CAMPANHA_PILOTO_01
2026-08-05,08:06:12,0.064,8.1,CAMPANHA_PILOTO_01
2026-08-05,08:06:13,0.064,8.1,CAMPANHA_PILOTO_01
2026-08-05,08:06:14,0.064,8.1,CAMPANHA_PILOTO_01
2026-08-05,08:06:15,0.064,8.1,CAMPANHA_PILOTO_01
2026-08-05,08:06:16,0.064,8.1,CAMPANHA_PILOTO_01
2026-08-05,08:06:17,0.064,8.1,CAMPANHA_PILOTO_01
2026-08-05,08:06:18,0.064,8.1,CAMPANHA_PILOTO_01
2026-08-05,08:06:19,0.064,8.1,CAMPANHA_PILOTO_01
2026-08-05,08:06:20,0.064,8.1,CAMPANHA_PILOTO_01
2026-08-05,08:06:21,0.064,8.1,CAMPANHA_PILOTO_01
2026-08-05,08:06:22,0.064,8.1,CAMPANHA_PILOTO_01
2026-08-05,08:06:23,0.064,8.1,CAMPANHA_PILOTO_01
2026-08-05,08:06:24,0.064,8.1,CAMPANHA_PILOTO_01
2026-08-05,08:06:25,0.064,8.1,CAMPANHA_PILOTO_01
2026-08-05,08:06:26,0.064,8.1,CAMPANHA_PILOTO_01
2026-08-05,08:06:27,0.064,8.1,CAMPANHA_PILOTO_01
2026-08-05,08:06:28,0.064,8.1,CAMPANHA_PILOTO_01
2026-08-05,08:06:29,0.064,8.1,CAMPANHA_PILOTO_01
2026-08-05,08:06:30,0.064,8.1,CAMPANHA_PILOTO_01
2026-08-05,08:06:31,0.064,8.1,CAMPANHA_PILOTO_01
2026-08-05,08:06:32,0.064,8.1,CAMPANHA_PILOTO_01
2026-08-05,08:06:33,0.064,8.1,CAMPANHA_PILOTO_01
2026-08-05,08:06:34,0.064,8.1,CAMPANHA_PILOTO_01
2026-08-05,08:06:35,0.064,8.1,CAMPANHA_PILOTO_01
2026-08-05,08:06:36,0.064,8.1,CAMPANHA_PILOTO_01
2026-08-05,08:06:37,0.064,8.1,CAMPANHA_PILOTO_01
2026-08-05,08:06:38,0.064,8.1,CAMPANHA_PILOTO_01
2026-08-05,08:06:39,0.064,8.1,CAMPANHA_PILOTO_01
2026-08-05,08:06:40,0.064,8.1,CAMPANHA_PILOTO_01
2026-08-05,08:06:41,0.064,8.1,CAMPANHA_PILOTO_01
2026-08-05,08:06:42,0.064,8.1,CAMPANHA_PILOTO_01
2026-08-05,08:06:43,0.064,8.1,CAMPANHA_PILOTO_01
2026-08-05,08:06:44,0.064,8.1,CAMPANHA_PILOTO_01
2026-08-05,08:06:45,0.064,8.1,CAMPANHA_PILOTO_01
2026-08-05,08:06:46,0.064,8.1,CAMPANHA_PILOTO_01
2026-08-05,08:06:47,0.064,8.1,CAMPANHA_PILOTO_01
2026-08-05,08:06:48,0.064,8.1,CAMPANHA_PILOTO_01
2026-08-05,08:06:49,0.064,8.1,CAMPANHA_PILOTO_01
2026-08-05,08:06:50,0.064,8.1,CAMPANHA_PILOTO_01
2026-08-05,08:06:51,0.064,8.1,CAMPANHA_PILOTO_01
2026-08-05,08:06:52,0.064,8.1,CAMPANHA_PILOTO_01
2026-08-05,08:06:53,0.064,8.1,CAMPANHA_PILOTO_01
2026-08-05,08:06:54,0.064,8.1,CAMPANHA_PILOTO_01
2026-08-05,08:06:55,0.064,8.1,CAMPANHA_PILOTO_01
2026-08-05,08:06:56,0.064,8.1,CAMPANHA_PILOTO_01
2026-08-05,08:06:57,0.064,8.1,CAMPANHA_PILOTO_01
2026-08-05,08:06:58,0.064,8.1,CAMPANHA_PILOTO_01
2026-08-05,08:06:59,0.064,8.1,CAMPANHA_PILOTO_01
2026-08-05,08:07:00,0.064,8.1,CAMPANHA_PILOTO_01
2026-08-05,08:07:01,0.064,8.1,CAMPANHA_PILOTO_01
2026-08-05,08:07:02,0.064,8.1,CAMPANHA_PILOTO_01
2026-08-05,08:07:03,0.064,8.1,CAMPANHA_PILOTO_01
2026-08-05,08:07:04,0.064,8.1,CAMPANHA_PILOTO_01
2026-08-05,08:07:05,0.064,8.1,CAMPANHA_PILOTO_01
2026-08-05,08:07:06,0.064,8.1,CAMPANHA_PILOTO_01
2026-08-05,08:07:07,0.064,8.1,CAMPANHA_PILOTO_01
2026-08-05,08:07:08,0.064,8.1,CAMPANHA_PILOTO_01
2026-08-05,08:07:09,0.064,8.1,CAMPANHA_PILOTO_01
2026-08-05,08:07:10,0.064,8.1,CAMPANHA_PILOTO_01
2026-08-05,08:07:11,0.064,8.1,CAMPANHA_PILOTO_01
2026-08-05,08:07:12,0.064,8.1,CAMPANHA_PILOTO_01
2026-08-05,08:07:13,0.064,8.1,CAMPANHA_PILOTO_01
2026-08-05,08:07:14,0.064,8.1,CAMPANHA_PILOTO_01
2026-08-05,08:07:15,0.064,8.1,CAMPANHA_PILOTO_01
2026-08-05,08:07:16,0.064,8.1,CAMPANHA_PILOTO_01
2026-08-05,08:07:17,0.064,8.1,CAMPANHA_PILOTO_01
2026-08-05,08:07:18,0.064,8.1,CAMPANHA_PILOTO_01
2026-08-05,08:07:19,0.064,8.1,CAMPANHA_PILOTO_01
2026-08-05,08:07:20,0.064,8.1,CAMPANHA_PILOTO_01
2026-08-05,08:07:21,0.064,8.1,CAMPANHA_PILOTO_01
2026-08-05,08:07:22,0.064,8.1,CAMPANHA_PILOTO_01
2026-08-05,08:07:23,0.064,8.1,CAMPANHA_PILOTO_01
2026-08-05,08:07:24,0.064,8.1,CAMPANHA_PILOTO_01
2026-08-05,08:07:25,0.064,8.1,CAMPANHA_PILOTO_01
2026-08-05,08:07:26,0.064,8.1,CAMPANHA_PILOTO_01
2026-08-05,08:07:27,0.064,8.1,CAMPANHA_PILOTO_01
2026-08-05,08:07:28,0.064,8.1,CAMPANHA_PILOTO_01
2026-08-05,08:07:29,0.064,8.1,CAMPANHA_PILOTO_01
2026-08-05,08:07:30,0.064,8.1,CAMPANHA_PILOTO_01
2026-08-05,08:07:31,0.063,8.1,CAMPANHA_PILOTO_01
2026-08-05,08:07:32,0.063,8.1,CAMPANHA_PILOTO_01
2026-08-05,08:07:33,0.063,8.1,CAMPANHA_PILOTO_01
2026-08-05,08:07:34,0.063,8.1,CAMPANHA_PILOTO_01
2026-08-05,08:07:35,0.063,8.1,CAMPANHA_PILOTO_01
2026-08-05,08:07:36,0.063,8.1,CAMPANHA_PILOTO_01
2026-08-05,08:07:37,0.063,8.1,CAMPANHA_PILOTO_01
2026-08-05,08:07:38,0.063,8.1,CAMPANHA_PILOTO_01
2026-08-05,08:07:39,0.063,8.1,CAMPANHA_PILOTO_01
2026-08-05,08:07:40,0.063,8.1,CAMPANHA_PILOTO_01
2026-08-05,08:07:41,0.063,8.1,CAMPANHA_PILOTO_01
2026-08-05,08:07:42,0.063,8.1,CAMPANHA_PILOTO_01
2026-08-05,08:07:43,0.063,8.1,CAMPANHA_PILOTO_01
2026-08-05,08:07:44,0.063,8.1,CAMPANHA_PILOTO_01
2026-08-05,08:07:45,0.063,8.1,CAMPANHA_PILOTO_01
2026-08-05,08:07:46,0.063,8.1,CAMPANHA_PILOTO_01
2026-08-05,08:07:47,0.063,8.1,CAMPANHA_PILOTO_01
2026-08-05,08:07:48,0.063,8.1,CAMPANHA_PILOTO_01
2026-08-05,08:07:49,0.063,8.1,CAMPANHA_PILOTO_01
2026-08-05,08:07:50,0.063,8.1,CAMPANHA_PILOTO_01
2026-08-05,08:07:51,0.063,8.1,CAMPANHA_PILOTO_01
2026-08-05,08:07:52,0.063,8.1,CAMPANHA_PILOTO_01
2026-08-05,08:07:53,0.063,8.1,CAMPANHA_PILOTO_01
2026-08-05,08:07:54,0.063,8.1,CAMPANHA_PILOTO_01
2026-08-05,08:07:55,0.063,8.1,CAMPANHA_PILOTO_01
2026-08-05,08:07:56,0.063,8.1,CAMPANHA_PILOTO_01
2026-08-05,08:07:57,0.063,8.1,CAMPANHA_PILOTO_01
2026-08-05,08:07:58,0.063,8.1,CAMPANHA_PILOTO_01
2026-08-05,08:07:59,0.063,8.1,CAMPANHA_PILOTO_01
2026-08-05,08:08:00,0.063,8.1,CAMPANHA_PILOTO_01
2026-08-05,08:08:01,0.063,8.1,CAMPANHA_PILOTO_01
2026-08-05,08:08:02,0.063,8.1,CAMPANHA_PILOTO_01
2026-08-05,08:08:03,0.063,8.1,CAMPANHA_PILOTO_01
2026-08-05,08:08:04,0.063,8.1,CAMPANHA_PILOTO_01
2026-08-05,08:08:05,0.063,8.1,CAMPANHA_PILOTO_01
2026-08-05,08:08:06,0.063,8.1,CAMPANHA_PILOTO_01
2026-08-05,08:08:07,0.063,8.1,CAMPANHA_PILOTO_01
2026-08-05,08:08:08,0.063,8.1,CAMPANHA_PILOTO_01
2026-08-05,08:08:09,0.063,8.1,CAMPANHA_PILOTO_01
2026-08-05,08:08:10,0.063,8.1,CAMPANHA_PILOTO_01
2026-08-05,08:08:11,0.063,8.1,CAMPANHA_PILOTO_01
2026-08-05,08:08:12,0.063,8.1,CAMPANHA_PILOTO_01
2026-08-05,08:08:13,0.063,8.1,CAMPANHA_PILOTO_01
2026-08-05,08:08:14,0.063,8.1,CAMPANHA_PILOTO_01
2026-08-05,08:08:15,0.063,8.1,CAMPANHA_PILOTO_01
2026-08-05,08:08:16,0.063,8.1,CAMPANHA_PILOTO_01
2026-08-05,08:08:17,0.063,8.1,CAMPANHA_PILOTO_01
2026-08-05,08:08:18,0.063,8.1,CAMPANHA_PILOTO_01
2026-08-05,08:08:19,0.063,8.1,CAMPANHA_PILOTO_01
2026-08-05,08:08:20,0.063,8.1,CAMPANHA_PILOTO_01
2026-08-05,08:08:21,0.063,8.1,CAMPANHA_PILOTO_01
2026-08-05,08:08:22,0.063,8.1,CAMPANHA_PILOTO_01
2026-08-05,08:08:23,0.063,8.1,CAMPANHA_PILOTO_01
2026-08-05,08:08:24,0.063,8.1,CAMPANHA_PILOTO_01
2026-08-05,08:08:25,0.063,8.1,CAMPANHA_PILOTO_01
2026-08-05,08:08:26,0.063,8.1,CAMPANHA_PILOTO_01
2026-08-05,08:08:27,0.063,8.1,CAMPANHA_PILOTO_01
2026-08-05,08:08:28,0.063,8.1,CAMPANHA_PILOTO_01
2026-08-05,08:08:29,0.063,8.1,CAMPANHA_PILOTO_01
2026-08-05,08:08:30,0.063,8.0,CAMPANHA_PILOTO_01
2026-08-05,08:08:31,0.063,8.0,CAMPANHA_PILOTO_01
2026-08-05,08:08:32,0.063,8.0,CAMPANHA_PILOTO_01
2026-08-05,08:08:33,0.063,8.0,CAMPANHA_PILOTO_01
2026-08-05,08:08:34,0.063,8.0,CAMPANHA_PILOTO_01
2026-08-05,08:08:35,0.063,8.0,CAMPANHA_PILOTO_01
2026-08-05,08:08:36,0.063,8.0,CAMPANHA_PILOTO_01
2026-08-05,08:08:37,0.063,8.0,CAMPANHA_PILOTO_01
2026-08-05,08:08:38,0.063,8.0,CAMPANHA_PILOTO_01
2026-08-05,08:08:39,0.063,8.0,CAMPANHA_PILOTO_01
2026-08-05,08:08:40,0.063,8.0,CAMPANHA_PILOTO_01
2026-08-05,08:08:41,0.063,8.0,CAMPANHA_PILOTO_01
2026-08-05,08:08:42,0.063,8.0,CAMPANHA_PILOTO_01
2026-08-05,08:08:43,0.063,8.0,CAMPANHA_PILOTO_01
2026-08-05,08:08:44,0.063,8.0,CAMPANHA_PILOTO_01
2026-08-05,08:08:45,0.063,8.0,CAMPANHA_PILOTO_01
2026-08-05,08:08:46,0.063,8.0,CAMPANHA_PILOTO_01
2026-08-05,08:08:47,0.063,8.0,CAMPANHA_PILOTO_01
2026-08-05,08:08:48,0.063,8.0,CAMPANHA_PILOTO_01
2026-08-05,08:08:49,0.063,8.0,CAMPANHA_PILOTO_01
2026-08-05,08:08:50,0.063,8.0,CAMPANHA_PILOTO_01
2026-08-05,08:08:51,0.063,8.0,CAMPANHA_PILOTO_01
2026-08-05,08:08:52,0.063,8.0,CAMPANHA_PILOTO_01
2026-08-05,08:08:53,0.063,8.0,CAMPANHA_PILOTO_01
2026-08-05,08:08:54,0.063,8.0,CAMPANHA_PILOTO_01
2026-08-05,08:08:55,0.063,8.0,CAMPANHA_PILOTO_01
2026-08-05,08:08:56,0.063,8.0,CAMPANHA_PILOTO_01
2026-08-05,08:08:57,0.063,8.0,CAMPANHA_PILOTO_01
2026-08-05,08:08:58,0.063,8.0,CAMPANHA_PILOTO_01
2026-08-05,08:08:59,0.063,8.0,CAMPANHA_PILOTO_01
2026-08-05,08:09:00,0.063,8.0,CAMPANHA_PILOTO_01
2026-08-05,08:09:01,0.063,8.0,CAMPANHA_PILOTO_01
2026-08-05,08:09:02,0.063,8.0,CAMPANHA_PILOTO_01
2026-08-05,08:09:03,0.063,8.0,CAMPANHA_PILOTO_01
2026-08-05,08:09:04,0.063,8.0,CAMPANHA_PILOTO_01
2026-08-05,08:09:05,0.063,8.0,CAMPANHA_PILOTO_01
2026-08-05,08:09:06,0.063,8.0,CAMPANHA_PILOTO_01
2026-08-05,08:09:07,0.063,8.0,CAMPANHA_PILOTO_01
2026-08-05,08:09:08,0.063,8.0,CAMPANHA_PILOTO_01
2026-08-05,08:09:09,0.063,8.0,CAMPANHA_PILOTO_01
2026-08-05,08:09:10,0.063,8.0,CAMPANHA_PILOTO_01
2026-08-05,08:09:11,0.063,8.0,CAMPANHA_PILOTO_01
2026-08-05,08:09:12,0.063,8.0,CAMPANHA_PILOTO_01
2026-08-05,08:09:13,0.063,8.0,CAMPANHA_PILOTO_01
2026-08-05,08:09:14,0.063,8.0,CAMPANHA_PILOTO_01
2026-08-05,08:09:15,0.063,8.0,CAMPANHA_PILOTO_01
2026-08-05,08:09:16,0.063,8.0,CAMPANHA_PILOTO_01
2026-08-05,08:09:17,0.063,8.0,CAMPANHA_PILOTO_01
2026-08-05,08:09:18,0.063,8.0,CAMPANHA_PILOTO_01
2026-08-05,08:09:19,0.063,8.0,CAMPANHA_PILOTO_01
2026-08-05,08:09:20,0.063,8.0,CAMPANHA_PILOTO_01
2026-08-05,08:09:21,0.063,8.0,CAMPANHA_PILOTO_01
2026-08-05,08:09:22,0.063,8.0,CAMPANHA_PILOTO_01
2026-08-05,08:09:23,0.063,8.0,CAMPANHA_PILOTO_01
2026-08-05,08:09:24,0.063,8.0,CAMPANHA_PILOTO_01
2026-08-05,08:09:25,0.063,8.0,CAMPANHA_PILOTO_01
2026-08-05,08:09:26,0.063,8.0,CAMPANHA_PILOTO_01
2026-08-05,08:09:27,0.063,8.0,CAMPANHA_PILOTO_01
2026-08-05,08:09:28,0.063,8.0,CAMPANHA_PILOTO_01
2026-08-05,08:09:29,0.063,8.0,CAMPANHA_PILOTO_01
2026-08-05,08:09:30,0.063,8.0,CAMPANHA_PILOTO_01
2026-08-05,08:09:31,0.063,8.0,CAMPANHA_PILOTO_01
2026-08-05,08:09:32,0.063,8.0,CAMPANHA_PILOTO_01
2026-08-05,08:09:33,0.063,8.0,CAMPANHA_PILOTO_01
2026-08-05,08:09:34,0.063,8.0,CAMPANHA_PILOTO_01
2026-08-05,08:09:35,0.063,8.0,CAMPANHA_PILOTO_01
2026-08-05,08:09:36,0.063,8.0,CAMPANHA_PILOTO_01
2026-08-05,08:09:37,0.063,8.0,CAMPANHA_PILOTO_01
2026-08-05,08:09:38,0.063,8.0,CAMPANHA_PILOTO_01
2026-08-05,08:09:39,0.063,8.0,CAMPANHA_PILOTO_01
2026-08-05,08:09:40,0.063,8.0,CAMPANHA_PILOTO_01
2026-08-05,08:09:41,0.063,8.0,CAMPANHA_PILOTO_01
2026-08-05,08:09:42,0.063,8.0,CAMPANHA_PILOTO_01
2026-08-05,08:09:43,0.063,8.0,CAMPANHA_PILOTO_01
2026-08-05,08:09:44,0.063,8.0,CAMPANHA_PILOTO_01
2026-08-05,08:09:45,0.063,8.0,CAMPANHA_PILOTO_01
2026-08-05,08:09:46,0.063,8.0,CAMPANHA_PILOTO_01
2026-08-05,08:09:47,0.063,8.0,CAMPANHA_PILOTO_01
2026-08-05,08:09:48,0.063,8.0,CAMPANHA_PILOTO_01
2026-08-05,08:09:49,0.063,8.0,CAMPANHA_PILOTO_01
2026-08-05,08:09:50,0.063,8.0,CAMPANHA_PILOTO_01
2026-08-05,08:09:51,0.063,8.0,CAMPANHA_PILOTO_01
2026-08-05,08:09:52,0.063,8.0,CAMPANHA_PILOTO_01
2026-08-05,08:09:53,0.063,8.0,CAMPANHA_PILOTO_01
2026-08-05,08:09:54,0.063,8.0,CAMPANHA_PILOTO_01
2026-08-05,08:09:55,0.063,8.0,CAMPANHA_PILOTO_01
2026-08-05,08:09:56,0.063,8.0,CAMPANHA_PILOTO_01
2026-08-05,08:09:57,0.063,8.0,CAMPANHA_PILOTO_01
2026-08-05,08:09:58,0.063,8.0,CAMPANHA_PILOTO_01
2026-08-05,08:09:59,0.063,8.0,CAMPANHA_PILOTO_01
2026-08-05,08:10:00,0.063,8.0,CAMPANHA_PILOTO_01
2026-08-05,08:10:01,0.063,8.0,CAMPANHA_PILOTO_01
2026-08-05,08:10:02,0.063,8.0,CAMPANHA_PILOTO_01
2026-08-05,08:10:03,0.063,8.0,CAMPANHA_PILOTO_01
2026-08-05,08:10:04,0.063,8.0,CAMPANHA_PILOTO_01
2026-08-05,08:10:05,0.063,8.0,CAMPANHA_PILOTO_01
2026-08-05,08:10:06,0.063,8.0,CAMPANHA_PILOTO_01
2026-08-05,08:10:07,0.063,8.0,CAMPANHA_PILOTO_01
2026-08-05,08:10:08,0.063,8.0,CAMPANHA_PILOTO_01
2026-08-05,08:10:09,0.063,8.0,CAMPANHA_PILOTO_01
2026-08-05,08:10:10,0.063,8.0,CAMPANHA_PILOTO_01
2026-08-05,08:10:11,0.063,8.0,CAMPANHA_PILOTO_01
2026-08-05,08:10:12,0.063,8.0,CAMPANHA_PILOTO_01
2026-08-05,08:10:13,0.063,8.0,CAMPANHA_PILOTO_01
2026-08-05,08:10:14,0.063,8.0,CAMPANHA_PILOTO_01
2026-08-05,08:10:15,0.063,8.0,CAMPANHA_PILOTO_01
2026-08-05,08:10:16,0.063,8.0,CAMPANHA_PILOTO_01
2026-08-05,08:10:17,0.063,8.0,CAMPANHA_PILOTO_01
2026-08-05,08:10:18,0.063,8.0,CAMPANHA_PILOTO_01
2026-08-05,08:10:19,0.063,8.0,CAMPANHA_PILOTO_01
2026-08-05,08:10:20,0.063,8.0,CAMPANHA_PILOTO_01
2026-08-05,08:10:21,0.063,8.0,CAMPANHA_PILOTO_01
2026-08-05,08:10:22,0.063,8.0,CAMPANHA_PILOTO_01
2026-08-05,08:10:23,0.063,8.0,CAMPANHA_PILOTO_01
2026-08-05,08:10:24,0.063,8.0,CAMPANHA_PILOTO_01
2026-08-05,08:10:25,0.063,8.0,CAMPANHA_PILOTO_01
2026-08-05,08:10:26,0.063,8.0,CAMPANHA_PILOTO_01
2026-08-05,08:10:27,0.063,8.0,CAMPANHA_PILOTO_01
2026-08-05,08:10:28,0.063,8.0,CAMPANHA_PILOTO_01
2026-08-05,08:10:29,0.063,8.0,CAMPANHA_PILOTO_01
2026-08-05,08:10:30,0.063,8.0,CAMPANHA_PILOTO_01
2026-08-05,08:10:31,0.063,8.0,CAMPANHA_PILOTO_01
2026-08-05,08:10:32,0.063,8.0,CAMPANHA_PILOTO_01
2026-08-05,08:10:33,0.063,8.0,CAMPANHA_PILOTO_01
2026-08-05,08:10:34,0.063,8.0,CAMPANHA_PILOTO_01
2026-08-05,08:10:35,0.063,8.0,CAMPANHA_PILOTO_01
2026-08-05,08:10:36,0.063,8.0,CAMPANHA_PILOTO_01
2026-08-05,08:10:37,0.063,8.0,CAMPANHA_PILOTO_01
2026-08-05,08:10:38,0.063,8.0,CAMPANHA_PILOTO_01
2026-08-05,08:10:39,0.063,8.0,CAMPANHA_PILOTO_01
2026-08-05,08:10:40,0.063,8.0,CAMPANHA_PILOTO_01
2026-08-05,08:10:41,0.063,8.0,CAMPANHA_PILOTO_01
2026-08-05,08:10:42,0.063,8.0,CAMPANHA_PILOTO_01
2026-08-05,08:10:43,0.063,8.0,CAMPANHA_PILOTO_01
2026-08-05,08:10:44,0.063,8.0,CAMPANHA_PILOTO_01
2026-08-05,08:10:45,0.063,8.0,CAMPANHA_PILOTO_01
2026-08-05,08:10:46,0.063,8.0,CAMPANHA_PILOTO_01
2026-08-05,08:10:47,0.063,8.0,CAMPANHA_PILOTO_01
2026-08-05,08:10:48,0.063,8.0,CAMPANHA_PILOTO_01
2026-08-05,08:10:49,0.063,8.0,CAMPANHA_PILOTO_01
2026-08-05,08:10:50,0.063,8.0,CAMPANHA_PILOTO_01
2026-08-05,08:10:51,0.063,8.0,CAMPANHA_PILOTO_01
2026-08-05,08:10:52,0.063,8.0,CAMPANHA_PILOTO_01
2026-08-05,08:10:53,0.063,8.0,CAMPANHA_PILOTO_01
2026-08-05,08:10:54,0.063,8.0,CAMPANHA_PILOTO_01
2026-08-05,08:10:55,0.063,8.0,CAMPANHA_PILOTO_01
2026-08-05,08:10:56,0.063,8.0,CAMPANHA_PILOTO_01
2026-08-05,08:10:57,0.063,8.0,CAMPANHA_PILOTO_01
2026-08-05,08:10:58,0.063,8.0,CAMPANHA_PILOTO_01
2026-08-05,08:10:59,0.063,8.0,CAMPANHA_PILOTO_01
2026-08-05,08:11:00,0.063,8.0,CAMPANHA_PILOTO_01
2026-08-05,08:11:01,0.063,8.0,CAMPANHA_PILOTO_01
2026-08-05,08:11:02,0.063,8.0,CAMPANHA_PILOTO_01
2026-08-05,08:11:03,0.063,8.0,CAMPANHA_PILOTO_01
2026-08-05,08:11:04,0.063,8.0,CAMPANHA_PILOTO_01
2026-08-05,08:11:05,0.063,8.0,CAMPANHA_PILOTO_01
2026-08-05,08:11:06,0.063,8.0,CAMPANHA_PILOTO_01
2026-08-05,08:11:07,0.063,8.0,CAMPANHA_PILOTO_01
2026-08-05,08:11:08,0.063,8.0,CAMPANHA_PILOTO_01
2026-08-05,08:11:09,0.063,8.0,CAMPANHA_PILOTO_01
2026-08-05,08:11:10,0.063,8.0,CAMPANHA_PILOTO_01
2026-08-05,08:11:11,0.063,8.0,CAMPANHA_PILOTO_01
2026-08-05,08:11:12,0.063,8.0,CAMPANHA_PILOTO_01
2026-08-05,08:11:13,0.063,8.0,CAMPANHA_PILOTO_01
2026-08-05,08:11:14,0.063,8.0,CAMPANHA_PILOTO_01
2026-08-05,08:11:15,0.063,8.0,CAMPANHA_PILOTO_01
2026-08-05,08:11:16,0.063,8.0,CAMPANHA_PILOTO_01
2026-08-05,08:11:17,0.063,8.0,CAMPANHA_PILOTO_01
2026-08-05,08:11:18,0.063,8.0,CAMPANHA_PILOTO_01
2026-08-05,08:11:19,0.063,8.0,CAMPANHA_PILOTO_01
2026-08-05,08:11:20,0.063,8.0,CAMPANHA_PILOTO_01
2026-08-05,08:11:21,0.063,8.0,CAMPANHA_PILOTO_01
2026-08-05,08:11:22,0.063,8.0,CAMPANHA_PILOTO_01
2026-08-05,08:11:23,0.063,8.0,CAMPANHA_PILOTO_01
2026-08-05,08:11:24,0.063,8.0,CAMPANHA_PILOTO_01
2026-08-05,08:11:25,0.063,8.0,CAMPANHA_PILOTO_01
2026-08-05,08:11:26,0.063,8.0,CAMPANHA_PILOTO_01
2026-08-05,08:11:27,0.063,8.0,CAMPANHA_PILOTO_01
2026-08-05,08:11:28,0.063,8.0,CAMPANHA_PILOTO_01
2026-08-05,08:11:29,0.063,8.0,CAMPANHA_PILOTO_01
2026-08-05,08:11:30,0.063,8.0,CAMPANHA_PILOTO_01
2026-08-05,08:11:31,0.063,8.0,CAMPANHA_PILOTO_01
2026-08-05,08:11:32,0.063,8.0,CAMPANHA_PILOTO_01
2026-08-05,08:11:33,0.063,8.0,CAMPANHA_PILOTO_01
2026-08-05,08:11:34,0.063,8.0,CAMPANHA_PILOTO_01
2026-08-05,08:11:35,0.063,8.0,CAMPANHA_PILOTO_01
2026-08-05,08:11:36,0.063,8.0,CAMPANHA_PILOTO_01
2026-08-05,08:11:37,0.063,8.0,CAMPANHA_PILOTO_01
2026-08-05,08:11:38,0.063,8.0,CAMPANHA_PILOTO_01
2026-08-05,08:11:39,0.063,8.0,CAMPANHA_PILOTO_01
2026-08-05,08:11:40,0.063,8.0,CAMPANHA_PILOTO_01
2026-08-05,08:11:41,0.063,8.0,CAMPANHA_PILOTO_01
2026-08-05,08:11:42,0.063,8.0,CAMPANHA_PILOTO_01
2026-08-05,08:11:43,0.063,8.0,CAMPANHA_PILOTO_01
2026-08-05,08:11:44,0.063,8.0,CAMPANHA_PILOTO_01
2026-08-05,08:11:45,0.063,8.0,CAMPANHA_PILOTO_01
2026-08-05,08:11:46,0.063,8.0,CAMPANHA_PILOTO_01
2026-08-05,08:11:47,0.063,8.0,CAMPANHA_PILOTO_01
2026-08-05,08:11:48,0.063,8.0,CAMPANHA_PILOTO_01
2026-08-05,08:11:49,0.063,8.0,CAMPANHA_PILOTO_01
2026-08-05,08:11:50,0.063,8.0,CAMPANHA_PILOTO_01
2026-08-05,08:11:51,0.063,8.0,CAMPANHA_PILOTO_01
2026-08-05,08:11:52,0.063,8.0,CAMPANHA_PILOTO_01
2026-08-05,08:11:53,0.063,8.0,CAMPANHA_PILOTO_01
2026-08-05,08:11:54,0.063,8.0,CAMPANHA_PILOTO_01
2026-08-05,08:11:55,0.063,8.0,CAMPANHA_PILOTO_01
2026-08-05,08:11:56,0.063,8.0,CAMPANHA_PILOTO_01
2026-08-05,08:11:57,0.063,8.0,CAMPANHA_PILOTO_01
2026-08-05,08:11:58,0.063,8.0,CAMPANHA_PILOTO_01
2026-08-05,08:11:59,0.063,8.0,CAMPANHA_PILOTO_01
2026-08-05,08:12:00,0.063,8.0,CAMPANHA_PILOTO_01
2026-08-05,08:12:01,0.063,8.0,CAMPANHA_PILOTO_01
2026-08-05,08:12:02,0.063,8.0,CAMPANHA_PILOTO_01
2026-08-05,08:12:03,0.063,8.0,CAMPANHA_PILOTO_01
2026-08-05,08:12:04,0.063,8.0,CAMPANHA_PILOTO_01
2026-08-05,08:12:05,0.063,8.0,CAMPANHA_PILOTO_01
2026-08-05,08:12:06,0.063,8.0,CAMPANHA_PILOTO_01
2026-08-05,08:12:07,0.063,8.0,CAMPANHA_PILOTO_01
2026-08-05,08:12:08,0.063,8.0,CAMPANHA_PILOTO_01
2026-08-05,08:12:09,0.063,8.0,CAMPANHA_PILOTO_01
2026-08-05,08:12:10,0.063,8.0,CAMPANHA_PILOTO_01
2026-08-05,08:12:11,0.063,8.0,CAMPANHA_PILOTO_01
2026-08-05,08:12:12,0.063,8.0,CAMPANHA_PILOTO_01
2026-08-05,08:12:13,0.063,8.0,CAMPANHA_PILOTO_01
2026-08-05,08:12:14,0.063,8.0,CAMPANHA_PILOTO_01
2026-08-05,08:12:15,0.063,8.0,CAMPANHA_PILOTO_01
2026-08-05,08:12:16,0.063,8.0,CAMPANHA_PILOTO_01
2026-08-05,08:12:17,0.063,8.0,CAMPANHA_PILOTO_01
2026-08-05,08:12:18,0.063,8.0,CAMPANHA_PILOTO_01
2026-08-05,08:12:19,0.063,8.0,CAMPANHA_PILOTO_01
2026-08-05,08:12:20,0.063,8.0,CAMPANHA_PILOTO_01
2026-08-05,08:12:21,0.063,8.0,CAMPANHA_PILOTO_01
2026-08-05,08:12:22,0.063,8.0,CAMPANHA_PILOTO_01
2026-08-05,08:12:23,0.063,8.0,CAMPANHA_PILOTO_01
2026-08-05,08:12:24,0.063,8.0,CAMPANHA_PILOTO_01
2026-08-05,08:12:25,0.063,8.0,CAMPANHA_PILOTO_01
2026-08-05,08:12:26,0.063,8.0,CAMPANHA_PILOTO_01
2026-08-05,08:12:27,0.063,8.0,CAMPANHA_PILOTO_01
2026-08-05,08:12:28,0.063,8.0,CAMPANHA_PILOTO_01
2026-08-05,08:12:29,0.063,8.0,CAMPANHA_PILOTO_01
2026-08-05,08:12:30,0.063,8.0,CAMPANHA_PILOTO_01
2026-08-05,08:12:31,0.063,8.0,CAMPANHA_PILOTO_01
2026-08-05,08:12:32,0.063,8.0,CAMPANHA_PILOTO_01
2026-08-05,08:12:33,0.063,8.0,CAMPANHA_PILOTO_01
2026-08-05,08:12:34,0.063,8.0,CAMPANHA_PILOTO_01
2026-08-05,08:12:35,0.063,8.0,CAMPANHA_PILOTO_01
2026-08-05,08:12:36,0.063,8.0,CAMPANHA_PILOTO_01
2026-08-05,08:12:37,0.063,8.0,CAMPANHA_PILOTO_01
2026-08-05,08:12:38,0.063,8.0,CAMPANHA_PILOTO_01
2026-08-05,08:12:39,0.063,8.0,CAMPANHA_PILOTO_01
2026-08-05,08:12:40,0.063,8.0,CAMPANHA_PILOTO_01
2026-08-05,08:12:41,0.063,8.0,CAMPANHA_PILOTO_01
2026-08-05,08:12:42,0.063,8.0,CAMPANHA_PILOTO_01
2026-08-05,08:12:43,0.063,8.0,CAMPANHA_PILOTO_01
2026-08-05,08:12:44,0.063,8.0,CAMPANHA_PILOTO_01
2026-08-05,08:12:45,0.063,8.0,CAMPANHA_PILOTO_01
2026-08-05,08:12:46,0.063,8.0,CAMPANHA_PILOTO_01
2026-08-05,08:12:47,0.063,8.0,CAMPANHA_PILOTO_01
2026-08-05,08:12:48,0.063,8.0,CAMPANHA_PILOTO_01
2026-08-05,08:12:49,0.063,8.0,CAMPANHA_PILOTO_01
2026-08-05,08:12:50,0.063,8.0,CAMPANHA_PILOTO_01
2026-08-05,08:12:51,0.063,8.0,CAMPANHA_PILOTO_01
2026-08-05,08:12:52,0.063,8.0,CAMPANHA_PILOTO_01
2026-08-05,08:12:53,0.063,8.0,CAMPANHA_PILOTO_01
2026-08-05,08:12:54,0.063,8.0,CAMPANHA_PILOTO_01
2026-08-05,08:12:55,0.063,8.0,CAMPANHA_PILOTO_01
2026-08-05,08:12:56,0.063,8.0,CAMPANHA_PILOTO_01
2026-08-05,08:12:57,0.063,8.0,CAMPANHA_PILOTO_01
2026-08-05,08:12:58,0.063,8.0,CAMPANHA_PILOTO_01
2026-08-05,08:12:59,0.063,8.0,CAMPANHA_PILOTO_01
2026-08-05,08:13:00,0.063,8.0,CAMPANHA_PILOTO_01
2026-08-05,08:13:01,0.063,8.0,CAMPANHA_PILOTO_01
2026-08-05,08:13:02,0.063,8.0,CAMPANHA_PILOTO_01
2026-08-05,08:13:03,0.063,8.0,CAMPANHA_PILOTO_01
2026-08-05,08:13:04,0.063,8.0,CAMPANHA_PILOTO_01
2026-08-05,08:13:05,0.063,8.0,CAMPANHA_PILOTO_01
2026-08-05,08:13:06,0.063,8.0,CAMPANHA_PILOTO_01
2026-08-05,08:13:07,0.063,8.0,CAMPANHA_PILOTO_01
2026-08-05,08:13:08,0.063,8.0,CAMPANHA_PILOTO_01
2026-08-05,08:13:09,0.063,8.0,CAMPANHA_PILOTO_01
2026-08-05,08:13:10,0.063,8.0,CAMPANHA_PILOTO_01
2026-08-05,08:13:11,0.063,8.0,CAMPANHA_PILOTO_01
2026-08-05,08:13:12,0.063,8.0,CAMPANHA_PILOTO_01
2026-08-05,08:13:13,0.063,8.0,CAMPANHA_PILOTO_01
2026-08-05,08:13:14,0.063,8.0,CAMPANHA_PILOTO_01
2026-08-05,08:13:15,0.063,8.0,CAMPANHA_PILOTO_01
2026-08-05,08:13:16,0.063,8.0,CAMPANHA_PILOTO_01
2026-08-05,08:13:17,0.063,8.0,CAMPANHA_PILOTO_01
2026-08-05,08:13:18,0.063,8.0,CAMPANHA_PILOTO_01
2026-08-05,08:13:19,0.063,8.0,CAMPANHA_PILOTO_01
2026-08-05,08:13:20,0.063,8.0,CAMPANHA_PILOTO_01
2026-08-05,08:13:21,0.063,8.0,CAMPANHA_PILOTO_01
2026-08-05,08:13:22,0.063,8.0,CAMPANHA_PILOTO_01
2026-08-05,08:13:23,0.063,8.0,CAMPANHA_PILOTO_01
2026-08-05,08:13:24,0.063,8.0,CAMPANHA_PILOTO_01
2026-08-05,08:13:25,0.063,8.0,CAMPANHA_PILOTO_01
2026-08-05,08:13:26,0.063,8.0,CAMPANHA_PILOTO_01
2026-08-05,08:13:27,0.063,8.0,CAMPANHA_PILOTO_01
2026-08-05,08:13:28,0.063,8.0,CAMPANHA_PILOTO_01
2026-08-05,08:13:29,0.063,8.0,CAMPANHA_PILOTO_01
2026-08-05,08:13:30,0.063,8.0,CAMPANHA_PILOTO_01
2026-08-05,08:13:31,0.063,8.0,CAMPANHA_PILOTO_01
2026-08-05,08:13:32,0.063,8.0,CAMPANHA_PILOTO_01
2026-08-05,08:13:33,0.063,8.0,CAMPANHA_PILOTO_01
2026-08-05,08:13:34,0.063,8.0,CAMPANHA_PILOTO_01
2026-08-05,08:13:35,0.063,8.0,CAMPANHA_PILOTO_01
2026-08-05,08:13:36,0.063,8.0,CAMPANHA_PILOTO_01
2026-08-05,08:13:37,0.063,8.0,CAMPANHA_PILOTO_01
2026-08-05,08:13:38,0.063,8.0,CAMPANHA_PILOTO_01
2026-08-05,08:13:39,0.063,8.0,CAMPANHA_PILOTO_01
2026-08-05,08:13:40,0.063,8.0,CAMPANHA_PILOTO_01
2026-08-05,08:13:41,0.063,8.0,CAMPANHA_PILOTO_01
2026-08-05,08:13:42,0.063,8.0,CAMPANHA_PILOTO_01
2026-08-05,08:13:43,0.063,8.0,CAMPANHA_PILOTO_01
2026-08-05,08:13:44,0.063,8.0,CAMPANHA_PILOTO_01
2026-08-05,08:13:45,0.063,8.0,CAMPANHA_PILOTO_01
2026-08-05,08:13:46,0.063,8.0,CAMPANHA_PILOTO_01
2026-08-05,08:13:47,0.063,8.0,CAMPANHA_PILOTO_01
2026-08-05,08:13:48,0.063,8.0,CAMPANHA_PILOTO_01
2026-08-05,08:13:49,0.063,8.0,CAMPANHA_PILOTO_01
2026-08-05,08:13:50,0.063,8.0,CAMPANHA_PILOTO_01
2026-08-05,08:13:51,0.063,8.0,CAMPANHA_PILOTO_01
2026-08-05,08:13:52,0.063,8.0,CAMPANHA_PILOTO_01
2026-08-05,08:13:53,0.063,8.0,CAMPANHA_PILOTO_01
2026-08-05,08:13:54,0.063,8.0,CAMPANHA_PILOTO_01
2026-08-05,08:13:55,0.063,8.0,CAMPANHA_PILOTO_01
2026-08-05,08:13:56,0.063,8.0,CAMPANHA_PILOTO_01
2026-08-05,08:13:57,0.063,8.0,CAMPANHA_PILOTO_01
2026-08-05,08:13:58,0.063,8.0,CAMPANHA_PILOTO_01
2026-08-05,08:13:59,0.063,8.0,CAMPANHA_PILOTO_01
2026-08-05,08:14:00,0.063,8.0,CAMPANHA_PILOTO_01
2026-08-05,08:14:01,0.063,8.0,CAMPANHA_PILOTO_01
2026-08-05,08:14:02,0.063,8.0,CAMPANHA_PILOTO_01
2026-08-05,08:14:03,0.063,8.0,CAMPANHA_PILOTO_01
2026-08-05,08:14:04,0.063,8.0,CAMPANHA_PILOTO_01
2026-08-05,08:14:05,0.063,8.0,CAMPANHA_PILOTO_01
2026-08-05,08:14:06,0.063,8.0,CAMPANHA_PILOTO_01
2026-08-05,08:14:07,0.063,8.0,CAMPANHA_PILOTO_01
2026-08-05,08:14:08,0.063,8.0,CAMPANHA_PILOTO_01
2026-08-05,08:14:09,0.063,8.0,CAMPANHA_PILOTO_01
2026-08-05,08:14:10,0.063,8.0,CAMPANHA_PILOTO_01
2026-08-05,08:14:11,0.063,8.0,CAMPANHA_PILOTO_01
2026-08-05,08:14:12,0.063,8.0,CAMPANHA_PILOTO_01
2026-08-05,08:14:13,0.063,8.0,CAMPANHA_PILOTO_01
2026-08-05,08:14:14,0.063,8.0,CAMPANHA_PILOTO_01
2026-08-05,08:14:15,0.063,8.0,CAMPANHA_PILOTO_01
2026-08-05,08:14:16,0.063,8.0,CAMPANHA_PILOTO_01
2026-08-05,08:14:17,0.063,8.0,CAMPANHA_PILOTO_01
2026-08-05,08:14:18,0.063,8.0,CAMPANHA_PILOTO_01
2026-08-05,08:14:19,0.063,8.0,CAMPANHA_PILOTO_01
2026-08-05,08:14:20,0.063,8.0,CAMPANHA_PILOTO_01
2026-08-05,08:14:21,0.063,8.0,CAMPANHA_PILOTO_01
2026-08-05,08:14:22,0.063,8.0,CAMPANHA_PILOTO_01
2026-08-05,08:14:23,0.063,8.0,CAMPANHA_PILOTO_01
2026-08-05,08:14:24,0.063,8.0,CAMPANHA_PILOTO_01
2026-08-05,08:14:25,0.063,8.0,CAMPANHA_PILOTO_01
2026-08-05,08:14:26,0.063,8.0,CAMPANHA_PILOTO_01
2026-08-05,08:14:27,0.063,8.0,CAMPANHA_PILOTO_01
2026-08-05,08:14:28,0.063,8.0,CAMPANHA_PILOTO_01
2026-08-05,08:14:29,0.063,8.0,CAMPANHA_PILOTO_01
2026-08-05,08:14:30,0.063,8.0,CAMPANHA_PILOTO_01
2026-08-05,08:14:31,0.063,8.0,CAMPANHA_PILOTO_01
2026-08-05,08:14:32,0.063,8.0,CAMPANHA_PILOTO_01
2026-08-05,08:14:33,0.063,8.0,CAMPANHA_PILOTO_01
2026-08-05,08:14:34,0.063,8.0,CAMPANHA_PILOTO_01
2026-08-05,08:14:35,0.063,8.0,CAMPANHA_PILOTO_01
2026-08-05,08:14:36,0.063,8.0,CAMPANHA_PILOTO_01
2026-08-05,08:14:37,0.063,8.0,CAMPANHA_PILOTO_01
2026-08-05,08:14:38,0.063,8.0,CAMPANHA_PILOTO_01
2026-08-05,08:14:39,0.063,8.0,CAMPANHA_PILOTO_01
2026-08-05,08:14:40,0.063,8.0,CAMPANHA_PILOTO_01
2026-08-05,08:14:41,0.063,8.0,CAMPANHA_PILOTO_01
2026-08-05,08:14:42,0.063,8.0,CAMPANHA_PILOTO_01
2026-08-05,08:14:43,0.063,8.0,CAMPANHA_PILOTO_01
2026-08-05,08:14:44,0.063,8.0,CAMPANHA_PILOTO_01
2026-08-05,08:14:45,0.063,8.0,CAMPANHA_PILOTO_01
2026-08-05,08:14:46,0.063,8.0,CAMPANHA_PILOTO_01
2026-08-05,08:14:47,0.063,8.0,CAMPANHA_PILOTO_01
2026-08-05,08:14:48,0.063,8.0,CAMPANHA_PILOTO_01
2026-08-05,08:14:49,0.063,8.0,CAMPANHA_PILOTO_01
2026-08-05,08:14:50,0.063,8.0,CAMPANHA_PILOTO_01
2026-08-05,08:14:51,0.063,8.0,CAMPANHA_PILOTO_01
2026-08-05,08:14:52,0.063,8.0,CAMPANHA_PILOTO_01
2026-08-05,08:14:53,0.063,8.0,CAMPANHA_PILOTO_01
2026-08-05,08:14:54,0.063,8.0,CAMPANHA_PILOTO_01
2026-08-05,08:14:55,0.063,8.0,CAMPANHA_PILOTO_01
2026-08-05,08:14:56,0.063,8.0,CAMPANHA_PILOTO_01
2026-08-05,08:14:57,0.063,8.0,CAMPANHA_PILOTO_01
2026-08-05,08:14:58,0.063,8.0,CAMPANHA_PILOTO_01
2026-08-05,08:14:59,0.063,8.0,CAMPANHA_PILOTO_01
2026-08-05,08:15:00,0.063,8.0,CAMPANHA_PILOTO_01
2026-08-05,08:15:01,0.063,8.0,CAMPANHA_PILOTO_01
2026-08-05,08:15:02,0.063,8.0,CAMPANHA_PILOTO_01
2026-08-05,08:15:03,0.063,8.0,CAMPANHA_PILOTO_01
2026-08-05,08:15:04,0.063,8.0,CAMPANHA_PILOTO_01
2026-08-05,08:15:05,0.063,8.0,CAMPANHA_PILOTO_01
2026-08-05,08:15:06,0.063,8.0,CAMPANHA_PILOTO_01
2026-08-05,08:15:07,0.063,8.0,CAMPANHA_PILOTO_01
2026-08-05,08:15:08,0.063,8.0,CAMPANHA_PILOTO_01
2026-08-05,08:15:09,0.063,8.0,CAMPANHA_PILOTO_01
2026-08-05,08:15:10,0.063,8.0,CAMPANHA_PILOTO_01
2026-08-05,08:15:11,0.063,8.0,CAMPANHA_PILOTO_01
2026-08-05,08:15:12,0.063,8.0,CAMPANHA_PILOTO_01
2026-08-05,08:15:13,0.063,8.0,CAMPANHA_PILOTO_01
2026-08-05,08:15:14,0.063,8.0,CAMPANHA_PILOTO_01
2026-08-05,08:15:15,0.063,8.0,CAMPANHA_PILOTO_01
2026-08-05,08:15:16,0.063,8.0,CAMPANHA_PILOTO_01
2026-08-05,08:15:17,0.063,8.0,CAMPANHA_PILOTO_01
2026-08-05,08:15:18,0.063,8.0,CAMPANHA_PILOTO_01
2026-08-05,08:15:19,0.063,8.0,CAMPANHA_PILOTO_01
2026-08-05,08:15:20,0.063,8.0,CAMPANHA_PILOTO_01
2026-08-05,08:15:21,0.063,8.0,CAMPANHA_PILOTO_01
2026-08-05,08:15:22,0.063,8.0,CAMPANHA_PILOTO_01
2026-08-05,08:15:23,0.063,8.0,CAMPANHA_PILOTO_01
2026-08-05,08:15:24,0.063,8.0,CAMPANHA_PILOTO_01
2026-08-05,08:15:25,0.063,8.0,CAMPANHA_PILOTO_01
2026-08-05,08:15:26,0.063,8.0,CAMPANHA_PILOTO_01
2026-08-05,08:15:27,0.063,7.9,CAMPANHA_PILOTO_01
2026-08-05,08:15:28,0.063,7.9,CAMPANHA_PILOTO_01
2026-08-05,08:15:29,0.063,7.9,CAMPANHA_PILOTO_01
2026-08-05,08:15:30,0.063,7.9,CAMPANHA_PILOTO_01
2026-08-05,08:15:31,0.063,7.9,CAMPANHA_PILOTO_01
2026-08-05,08:15:32,0.063,7.9,CAMPANHA_PILOTO_01
2026-08-05,08:15:33,0.063,7.9,CAMPANHA_PILOTO_01
2026-08-05,08:15:34,0.063,7.9,CAMPANHA_PILOTO_01
2026-08-05,08:15:35,0.063,7.9,CAMPANHA_PILOTO_01
2026-08-05,08:15:36,0.063,7.9,CAMPANHA_PILOTO_01
2026-08-05,08:15:37,0.063,7.9,CAMPANHA_PILOTO_01
2026-08-05,08:15:38,0.063,7.9,CAMPANHA_PILOTO_01
2026-08-05,08:15:39,0.063,7.9,CAMPANHA_PILOTO_01
2026-08-05,08:15:40,0.063,7.9,CAMPANHA_PILOTO_01
2026-08-05,08:15:41,0.063,7.9,CAMPANHA_PILOTO_01
2026-08-05,08:15:42,0.063,7.9,CAMPANHA_PILOTO_01
2026-08-05,08:15:43,0.063,7.9,CAMPANHA_PILOTO_01
2026-08-05,08:15:44,0.063,7.9,CAMPANHA_PILOTO_01
2026-08-05,08:15:45,0.063,7.9,CAMPANHA_PILOTO_01
2026-08-05,08:15:46,0.063,7.9,CAMPANHA_PILOTO_01
2026-08-05,08:15:47,0.063,7.9,CAMPANHA_PILOTO_01
2026-08-05,08:15:48,0.063,7.9,CAMPANHA_PILOTO_01
2026-08-05,08:15:49,0.063,7.9,CAMPANHA_PILOTO_01
2026-08-05,08:15:50,0.063,7.9,CAMPANHA_PILOTO_01
2026-08-05,08:15:51,0.063,7.9,CAMPANHA_PILOTO_01
2026-08-05,08:15:52,0.063,7.9,CAMPANHA_PILOTO_01
2026-08-05,08:15:53,0.063,7.9,CAMPANHA_PILOTO_01
2026-08-05,08:15:54,0.063,7.9,CAMPANHA_PILOTO_01
2026-08-05,08:15:55,0.063,7.9,CAMPANHA_PILOTO_01
2026-08-05,08:15:56,0.063,7.9,CAMPANHA_PILOTO_01
2026-08-05,08:15:57,0.063,7.9,CAMPANHA_PILOTO_01
2026-08-05,08:15:58,0.063,7.9,CAMPANHA_PILOTO_01
2026-08-05,08:15:59,0.063,7.9,CAMPANHA_PILOTO_01
2026-08-05,08:16:00,0.063,7.9,CAMPANHA_PILOTO_01
2026-08-05,08:16:01,0.063,7.9,CAMPANHA_PILOTO_01
2026-08-05,08:16:02,0.063,7.9,CAMPANHA_PILOTO_01
2026-08-05,08:16:03,0.063,7.9,CAMPANHA_PILOTO_01
2026-08-05,08:16:04,0.063,7.9,CAMPANHA_PILOTO_01
2026-08-05,08:16:05,0.063,7.9,CAMPANHA_PILOTO_01
2026-08-05,08:16:06,0.063,7.9,CAMPANHA_PILOTO_01
2026-08-05,08:16:07,0.063,7.9,CAMPANHA_PILOTO_01
2026-08-05,08:16:08,0.063,7.9,CAMPANHA_PILOTO_01
2026-08-05,08:16:09,0.063,7.9,CAMPANHA_PILOTO_01
2026-08-05,08:16:10,0.063,7.9,CAMPANHA_PILOTO_01
2026-08-05,08:16:11,0.063,7.9,CAMPANHA_PILOTO_01
2026-08-05,08:16:12,0.063,7.9,CAMPANHA_PILOTO_01
2026-08-05,08:16:13,0.063,7.9,CAMPANHA_PILOTO_01
2026-08-05,08:16:14,0.063,7.9,CAMPANHA_PILOTO_01
2026-08-05,08:16:15,0.063,7.9,CAMPANHA_PILOTO_01
2026-08-05,08:16:16,0.063,7.9,CAMPANHA_PILOTO_01
2026-08-05,08:16:17,0.063,7.9,CAMPANHA_PILOTO_01
2026-08-05,08:16:18,0.063,7.9,CAMPANHA_PILOTO_01
2026-08-05,08:16:19,0.063,7.9,CAMPANHA_PILOTO_01
2026-08-05,08:16:20,0.062,7.9,CAMPANHA_PILOTO_01
2026-08-05,08:16:21,0.062,7.9,CAMPANHA_PILOTO_01
2026-08-05,08:16:22,0.062,7.9,CAMPANHA_PILOTO_01
2026-08-05,08:16:23,0.062,7.9,CAMPANHA_PILOTO_01
2026-08-05,08:16:24,0.062,7.9,CAMPANHA_PILOTO_01
2026-08-05,08:16:25,0.062,7.9,CAMPANHA_PILOTO_01
2026-08-05,08:16:26,0.062,7.9,CAMPANHA_PILOTO_01
2026-08-05,08:16:27,0.062,7.9,CAMPANHA_PILOTO_01
2026-08-05,08:16:28,0.062,7.9,CAMPANHA_PILOTO_01
2026-08-05,08:16:29,0.062,7.9,CAMPANHA_PILOTO_01
2026-08-05,08:16:30,0.062,7.9,CAMPANHA_PILOTO_01
2026-08-05,08:16:31,0.062,7.9,CAMPANHA_PILOTO_01
2026-08-05,08:16:32,0.062,7.9,CAMPANHA_PILOTO_01
2026-08-05,08:16:33,0.062,7.9,CAMPANHA_PILOTO_01
2026-08-05,08:16:34,0.062,7.9,CAMPANHA_PILOTO_01
2026-08-05,08:16:35,0.062,7.9,CAMPANHA_PILOTO_01
2026-08-05,08:16:36,0.062,7.9,CAMPANHA_PILOTO_01
2026-08-05,08:16:37,0.062,7.9,CAMPANHA_PILOTO_01
2026-08-05,08:16:38,0.062,7.9,CAMPANHA_PILOTO_01
2026-08-05,08:16:39,0.062,7.9,CAMPANHA_PILOTO_01
2026-08-05,08:16:40,0.062,7.9,CAMPANHA_PILOTO_01
2026-08-05,08:16:41,0.062,7.9,CAMPANHA_PILOTO_01
2026-08-05,08:16:42,0.062,7.9,CAMPANHA_PILOTO_01
2026-08-05,08:16:43,0.062,7.9,CAMPANHA_PILOTO_01
2026-08-05,08:16:44,0.062,7.9,CAMPANHA_PILOTO_01
2026-08-05,08:16:45,0.062,7.9,CAMPANHA_PILOTO_01
2026-08-05,08:16:46,0.062,7.9,CAMPANHA_PILOTO_01
2026-08-05,08:16:47,0.062,7.9,CAMPANHA_PILOTO_01
2026-08-05,08:16:48,0.062,7.9,CAMPANHA_PILOTO_01
2026-08-05,08:16:49,0.062,7.9,CAMPANHA_PILOTO_01
2026-08-05,08:16:50,0.062,7.9,CAMPANHA_PILOTO_01
2026-08-05,08:16:51,0.062,7.9,CAMPANHA_PILOTO_01
2026-08-05,08:16:52,0.062,7.9,CAMPANHA_PILOTO_01
2026-08-05,08:16:53,0.062,7.9,CAMPANHA_PILOTO_01
2026-08-05,08:16:54,0.062,7.9,CAMPANHA_PILOTO_01
2026-08-05,08:16:55,0.062,7.9,CAMPANHA_PILOTO_01
2026-08-05,08:16:56,0.062,7.9,CAMPANHA_PILOTO_01
2026-08-05,08:16:57,0.062,7.9,CAMPANHA_PILOTO_01
2026-08-05,08:16:58,0.062,7.9,CAMPANHA_PILOTO_01
2026-08-05,08:16:59,0.062,7.9,CAMPANHA_PILOTO_01
2026-08-05,08:17:00,0.062,7.9,CAMPANHA_PILOTO_01
2026-08-05,08:17:01,0.062,7.9,CAMPANHA_PILOTO_01
2026-08-05,08:17:02,0.062,7.9,CAMPANHA_PILOTO_01
2026-08-05,08:17:03,0.062,7.9,CAMPANHA_PILOTO_01
2026-08-05,08:17:04,0.062,7.9,CAMPANHA_PILOTO_01
2026-08-05,08:17:05,0.062,7.9,CAMPANHA_PILOTO_01
2026-08-05,08:17:06,0.062,7.9,CAMPANHA_PILOTO_01
2026-08-05,08:17:07,0.062,7.9,CAMPANHA_PILOTO_01
2026-08-05,08:17:08,0.062,7.9,CAMPANHA_PILOTO_01
2026-08-05,08:17:09,0.062,7.9,CAMPANHA_PILOTO_01
2026-08-05,08:17:10,0.062,7.9,CAMPANHA_PILOTO_01
2026-08-05,08:17:11,0.062,7.9,CAMPANHA_PILOTO_01
2026-08-05,08:17:12,0.062,7.9,CAMPANHA_PILOTO_01
2026-08-05,08:17:13,0.062,7.9,CAMPANHA_PILOTO_01
2026-08-05,08:17:14,0.062,7.9,CAMPANHA_PILOTO_01
2026-08-05,08:17:15,0.062,7.9,CAMPANHA_PILOTO_01
2026-08-05,08:17:16,0.062,7.9,CAMPANHA_PILOTO_01
2026-08-05,08:17:17,0.062,7.9,CAMPANHA_PILOTO_01
2026-08-05,08:17:18,0.062,7.9,CAMPANHA_PILOTO_01
2026-08-05,08:17:19,0.062,7.9,CAMPANHA_PILOTO_01
2026-08-05,08:17:20,0.062,7.9,CAMPANHA_PILOTO_01
2026-08-05,08:17:21,0.062,7.9,CAMPANHA_PILOTO_01
2026-08-05,08:17:22,0.062,7.9,CAMPANHA_PILOTO_01
2026-08-05,08:17:23,0.062,7.9,CAMPANHA_PILOTO_01
2026-08-05,08:17:24,0.062,7.9,CAMPANHA_PILOTO_01
2026-08-05,08:17:25,0.062,7.9,CAMPANHA_PILOTO_01
2026-08-05,08:17:26,0.062,7.9,CAMPANHA_PILOTO_01
2026-08-05,08:17:27,0.062,7.9,CAMPANHA_PILOTO_01
2026-08-05,08:17:28,0.062,7.9,CAMPANHA_PILOTO_01
2026-08-05,08:17:29,0.062,7.9,CAMPANHA_PILOTO_01
2026-08-05,08:17:30,0.062,7.9,CAMPANHA_PILOTO_01
2026-08-05,08:17:31,0.062,7.9,CAMPANHA_PILOTO_01
2026-08-05,08:17:32,0.062,7.9,CAMPANHA_PILOTO_01
2026-08-05,08:17:33,0.062,7.9,CAMPANHA_PILOTO_01
2026-08-05,08:17:34,0.062,7.9,CAMPANHA_PILOTO_01
2026-08-05,08:17:35,0.062,7.9,CAMPANHA_PILOTO_01
2026-08-05,08:17:36,0.062,7.9,CAMPANHA_PILOTO_01
2026-08-05,08:17:37,0.062,7.9,CAMPANHA_PILOTO_01
2026-08-05,08:17:38,0.062,7.9,CAMPANHA_PILOTO_01
2026-08-05,08:17:39,0.062,7.9,CAMPANHA_PILOTO_01
2026-08-05,08:17:40,0.062,7.9,CAMPANHA_PILOTO_01
2026-08-05,08:17:41,0.062,7.9,CAMPANHA_PILOTO_01
2026-08-05,08:17:42,0.062,7.9,CAMPANHA_PILOTO_01
2026-08-05,08:17:43,0.062,7.9,CAMPANHA_PILOTO_01
2026-08-05,08:17:44,0.062,7.9,CAMPANHA_PILOTO_01
2026-08-05,08:17:45,0.062,7.9,CAMPANHA_PILOTO_01
2026-08-05,08:17:46,0.062,7.9,CAMPANHA_PILOTO_01
2026-08-05,08:17:47,0.062,7.9,CAMPANHA_PILOTO_01
2026-08-05,08:17:48,0.062,7.9,CAMPANHA_PILOTO_01
2026-08-05,08:17:49,0.062,7.9,CAMPANHA_PILOTO_01
2026-08-05,08:17:50,0.062,7.9,CAMPANHA_PILOTO_01
2026-08-05,08:17:51,0.062,7.9,CAMPANHA_PILOTO_01
2026-08-05,08:17:52,0.062,7.9,CAMPANHA_PILOTO_01
2026-08-05,08:17:53,0.062,7.9,CAMPANHA_PILOTO_01
2026-08-05,08:17:54,0.062,7.9,CAMPANHA_PILOTO_01
2026-08-05,08:17:55,0.062,7.9,CAMPANHA_PILOTO_01
2026-08-05,08:17:56,0.062,7.9,CAMPANHA_PILOTO_01
2026-08-05,08:17:57,0.062,7.9,CAMPANHA_PILOTO_01
2026-08-05,08:17:58,0.062,7.9,CAMPANHA_PILOTO_01
2026-08-05,08:17:59,0.062,7.9,CAMPANHA_PILOTO_01
2026-08-05,08:18:00,0.062,7.9,CAMPANHA_PILOTO_01
2026-08-05,08:18:01,0.062,7.9,CAMPANHA_PILOTO_01
2026-08-05,08:18:02,0.062,7.9,CAMPANHA_PILOTO_01
2026-08-05,08:18:03,0.062,7.9,CAMPANHA_PILOTO_01
2026-08-05,08:18:04,0.062,7.9,CAMPANHA_PILOTO_01
2026-08-05,08:18:05,0.062,7.9,CAMPANHA_PILOTO_01
2026-08-05,08:18:06,0.062,7.9,CAMPANHA_PILOTO_01
2026-08-05,08:18:07,0.062,7.9,CAMPANHA_PILOTO_01
2026-08-05,08:18:08,0.062,7.9,CAMPANHA_PILOTO_01
2026-08-05,08:18:09,0.062,7.9,CAMPANHA_PILOTO_01
2026-08-05,08:18:10,0.062,7.9,CAMPANHA_PILOTO_01
2026-08-05,08:18:11,0.062,7.9,CAMPANHA_PILOTO_01
2026-08-05,08:18:12,0.062,7.9,CAMPANHA_PILOTO_01
2026-08-05,08:18:13,0.062,7.9,CAMPANHA_PILOTO_01
2026-08-05,08:18:14,0.062,7.9,CAMPANHA_PILOTO_01
2026-08-05,08:18:15,0.062,7.9,CAMPANHA_PILOTO_01
2026-08-05,08:18:16,0.062,7.9,CAMPANHA_PILOTO_01
2026-08-05,08:18:17,0.062,7.9,CAMPANHA_PILOTO_01
2026-08-05,08:18:18,0.062,7.9,CAMPANHA_PILOTO_01
2026-08-05,08:18:19,0.062,7.9,CAMPANHA_PILOTO_01
2026-08-05,08:18:20,0.062,7.9,CAMPANHA_PILOTO_01
2026-08-05,08:18:21,0.062,7.9,CAMPANHA_PILOTO_01
2026-08-05,08:18:22,0.062,7.9,CAMPANHA_PILOTO_01
2026-08-05,08:18:23,0.062,7.9,CAMPANHA_PILOTO_01
2026-08-05,08:18:24,0.062,7.9,CAMPANHA_PILOTO_01
2026-08-05,08:18:25,0.062,7.9,CAMPANHA_PILOTO_01
2026-08-05,08:18:26,0.062,7.9,CAMPANHA_PILOTO_01
2026-08-05,08:18:27,0.062,7.9,CAMPANHA_PILOTO_01
2026-08-05,08:18:28,0.062,7.9,CAMPANHA_PILOTO_01
2026-08-05,08:18:29,0.062,7.9,CAMPANHA_PILOTO_01
2026-08-05,08:18:30,0.062,7.9,CAMPANHA_PILOTO_01
2026-08-05,08:18:31,0.062,7.9,CAMPANHA_PILOTO_01
2026-08-05,08:18:32,0.062,7.9,CAMPANHA_PILOTO_01
2026-08-05,08:18:33,0.062,7.9,CAMPANHA_PILOTO_01
2026-08-05,08:18:34,0.062,7.9,CAMPANHA_PILOTO_01
2026-08-05,08:18:35,0.062,7.9,CAMPANHA_PILOTO_01
2026-08-05,08:18:36,0.062,7.9,CAMPANHA_PILOTO_01
2026-08-05,08:18:37,0.062,7.9,CAMPANHA_PILOTO_01
2026-08-05,08:18:38,0.062,7.9,CAMPANHA_PILOTO_01
2026-08-05,08:18:39,0.062,7.9,CAMPANHA_PILOTO_01
2026-08-05,08:18:40,0.062,7.9,CAMPANHA_PILOTO_01
2026-08-05,08:18:41,0.062,7.9,CAMPANHA_PILOTO_01
2026-08-05,08:18:42,0.062,7.9,CAMPANHA_PILOTO_01
2026-08-05,08:18:43,0.062,7.9,CAMPANHA_PILOTO_01
2026-08-05,08:18:44,0.062,7.9,CAMPANHA_PILOTO_01
2026-08-05,08:18:45,0.062,7.9,CAMPANHA_PILOTO_01
2026-08-05,08:18:46,0.062,7.9,CAMPANHA_PILOTO_01
2026-08-05,08:18:47,0.062,7.9,CAMPANHA_PILOTO_01
2026-08-05,08:18:48,0.062,7.9,CAMPANHA_PILOTO_01
2026-08-05,08:18:49,0.062,7.9,CAMPANHA_PILOTO_01
2026-08-05,08:18:50,0.062,7.9,CAMPANHA_PILOTO_01
2026-08-05,08:18:51,0.062,7.9,CAMPANHA_PILOTO_01
2026-08-05,08:18:52,0.062,7.9,CAMPANHA_PILOTO_01
2026-08-05,08:18:53,0.062,7.9,CAMPANHA_PILOTO_01
2026-08-05,08:18:54,0.062,7.9,CAMPANHA_PILOTO_01
2026-08-05,08:18:55,0.062,7.9,CAMPANHA_PILOTO_01
2026-08-05,08:18:56,0.062,7.9,CAMPANHA_PILOTO_01
2026-08-05,08:18:57,0.062,7.9,CAMPANHA_PILOTO_01
2026-08-05,08:18:58,0.062,7.9,CAMPANHA_PILOTO_01
2026-08-05,08:18:59,0.062,7.9,CAMPANHA_PILOTO_01
2026-08-05,08:19:00,0.062,7.9,CAMPANHA_PILOTO_01
2026-08-05,08:19:01,0.062,7.9,CAMPANHA_PILOTO_01
2026-08-05,08:19:02,0.062,7.9,CAMPANHA_PILOTO_01
2026-08-05,08:19:03,0.062,7.9,CAMPANHA_PILOTO_01
2026-08-05,08:19:04,0.062,7.9,CAMPANHA_PILOTO_01
2026-08-05,08:19:05,0.062,7.9,CAMPANHA_PILOTO_01
2026-08-05,08:19:06,0.062,7.9,CAMPANHA_PILOTO_01
2026-08-05,08:19:07,0.062,7.9,CAMPANHA_PILOTO_01
2026-08-05,08:19:08,0.062,7.9,CAMPANHA_PILOTO_01
2026-08-05,08:19:09,0.062,7.9,CAMPANHA_PILOTO_01
2026-08-05,08:19:10,0.062,7.9,CAMPANHA_PILOTO_01
2026-08-05,08:19:11,0.062,7.9,CAMPANHA_PILOTO_01
2026-08-05,08:19:12,0.062,7.9,CAMPANHA_PILOTO_01
2026-08-05,08:19:13,0.062,7.9,CAMPANHA_PILOTO_01
2026-08-05,08:19:14,0.062,7.9,CAMPANHA_PILOTO_01
2026-08-05,08:19:15,0.062,7.9,CAMPANHA_PILOTO_01
2026-08-05,08:19:16,0.062,7.9,CAMPANHA_PILOTO_01
2026-08-05,08:19:17,0.062,7.9,CAMPANHA_PILOTO_01
2026-08-05,08:19:18,0.062,7.9,CAMPANHA_PILOTO_01
2026-08-05,08:19:19,0.062,7.9,CAMPANHA_PILOTO_01
2026-08-05,08:19:20,0.062,7.9,CAMPANHA_PILOTO_01
2026-08-05,08:19:21,0.062,7.9,CAMPANHA_PILOTO_01
2026-08-05,08:19:22,0.062,7.9,CAMPANHA_PILOTO_01
2026-08-05,08:19:23,0.062,7.9,CAMPANHA_PILOTO_01
2026-08-05,08:19:24,0.062,7.9,CAMPANHA_PILOTO_01
2026-08-05,08:19:25,0.062,7.9,CAMPANHA_PILOTO_01
2026-08-05,08:19:26,0.062,7.9,CAMPANHA_PILOTO_01
2026-08-05,08:19:27,0.062,7.9,CAMPANHA_PILOTO_01
2026-08-05,08:19:28,0.062,7.9,CAMPANHA_PILOTO_01
2026-08-05,08:19:29,0.062,7.9,CAMPANHA_PILOTO_01
2026-08-05,08:19:30,0.062,7.9,CAMPANHA_PILOTO_01
2026-08-05,08:19:31,0.062,7.9,CAMPANHA_PILOTO_01
2026-08-05,08:19:32,0.062,7.9,CAMPANHA_PILOTO_01
2026-08-05,08:19:33,0.062,7.9,CAMPANHA_PILOTO_01
2026-08-05,08:19:34,0.062,7.9,CAMPANHA_PILOTO_01
2026-08-05,08:19:35,0.062,7.9,CAMPANHA_PILOTO_01
2026-08-05,08:19:36,0.062,7.9,CAMPANHA_PILOTO_01
2026-08-05,08:19:37,0.062,7.9,CAMPANHA_PILOTO_01
2026-08-05,08:19:38,0.062,7.9,CAMPANHA_PILOTO_01
2026-08-05,08:19:39,0.062,7.9,CAMPANHA_PILOTO_01
2026-08-05,08:19:40,0.062,7.9,CAMPANHA_PILOTO_01
2026-08-05,08:19:41,0.062,7.9,CAMPANHA_PILOTO_01
2026-08-05,08:19:42,0.062,7.9,CAMPANHA_PILOTO_01
2026-08-05,08:19:43,0.062,7.9,CAMPANHA_PILOTO_01
2026-08-05,08:19:44,0.062,7.9,CAMPANHA_PILOTO_01
2026-08-05,08:19:45,0.062,7.9,CAMPANHA_PILOTO_01
2026-08-05,08:19:46,0.062,7.9,CAMPANHA_PILOTO_01
2026-08-05,08:19:47,0.062,7.9,CAMPANHA_PILOTO_01
2026-08-05,08:19:48,0.062,7.9,CAMPANHA_PILOTO_01
2026-08-05,08:19:49,0.062,7.9,CAMPANHA_PILOTO_01
2026-08-05,08:19:50,0.062,7.9,CAMPANHA_PILOTO_01
2026-08-05,08:19:51,0.062,7.9,CAMPANHA_PILOTO_01
2026-08-05,08:19:52,0.062,7.9,CAMPANHA_PILOTO_01
2026-08-05,08:19:53,0.062,7.9,CAMPANHA_PILOTO_01
2026-08-05,08:19:54,0.062,7.9,CAMPANHA_PILOTO_01
2026-08-05,08:19:55,0.062,7.9,CAMPANHA_PILOTO_01
2026-08-05,08:19:56,0.062,7.9,CAMPANHA_PILOTO_01
2026-08-05,08:19:57,0.062,7.9,CAMPANHA_PILOTO_01
2026-08-05,08:19:58,0.062,7.9,CAMPANHA_PILOTO_01
2026-08-05,08:19:59,0.062,7.9,CAMPANHA_PILOTO_01
2026-08-05,08:20:00,0.062,7.9,CAMPANHA_PILOTO_01
2026-08-05,08:20:01,0.062,7.9,CAMPANHA_PILOTO_01
2026-08-05,08:20:02,0.062,7.9,CAMPANHA_PILOTO_01
2026-08-05,08:20:03,0.062,7.9,CAMPANHA_PILOTO_01
2026-08-05,08:20:04,0.062,7.9,CAMPANHA_PILOTO_01
2026-08-05,08:20:05,0.062,7.9,CAMPANHA_PILOTO_01
2026-08-05,08:20:06,0.062,7.9,CAMPANHA_PILOTO_01
2026-08-05,08:20:07,0.062,7.9,CAMPANHA_PILOTO_01
2026-08-05,08:20:08,0.062,7.9,CAMPANHA_PILOTO_01
2026-08-05,08:20:09,0.062,7.9,CAMPANHA_PILOTO_01
2026-08-05,08:20:10,0.062,7.9,CAMPANHA_PILOTO_01
2026-08-05,08:20:11,0.062,7.9,CAMPANHA_PILOTO_01
2026-08-05,08:20:12,0.062,7.9,CAMPANHA_PILOTO_01
2026-08-05,08:20:13,0.062,7.9,CAMPANHA_PILOTO_01
2026-08-05,08:20:14,0.062,7.9,CAMPANHA_PILOTO_01
2026-08-05,08:20:15,0.062,7.9,CAMPANHA_PILOTO_01
2026-08-05,08:20:16,0.062,7.9,CAMPANHA_PILOTO_01
2026-08-05,08:20:17,0.062,7.9,CAMPANHA_PILOTO_01
2026-08-05,08:20:18,0.062,7.9,CAMPANHA_PILOTO_01
2026-08-05,08:20:19,0.062,7.9,CAMPANHA_PILOTO_01
2026-08-05,08:20:20,0.062,7.9,CAMPANHA_PILOTO_01
2026-08-05,08:20:21,0.062,7.9,CAMPANHA_PILOTO_01
2026-08-05,08:20:22,0.062,7.9,CAMPANHA_PILOTO_01
2026-08-05,08:20:23,0.062,7.9,CAMPANHA_PILOTO_01
2026-08-05,08:20:24,0.062,7.9,CAMPANHA_PILOTO_01
2026-08-05,08:20:25,0.062,7.9,CAMPANHA_PILOTO_01
2026-08-05,08:20:26,0.062,7.9,CAMPANHA_PILOTO_01
2026-08-05,08:20:27,0.062,7.9,CAMPANHA_PILOTO_01
2026-08-05,08:20:28,0.062,7.9,CAMPANHA_PILOTO_01
2026-08-05,08:20:29,0.062,7.9,CAMPANHA_PILOTO_01
2026-08-05,08:20:30,0.062,7.9,CAMPANHA_PILOTO_01
2026-08-05,08:20:31,0.062,7.9,CAMPANHA_PILOTO_01
2026-08-05,08:20:32,0.062,7.9,CAMPANHA_PILOTO_01
2026-08-05,08:20:33,0.062,7.9,CAMPANHA_PILOTO_01
2026-08-05,08:20:34,0.062,7.9,CAMPANHA_PILOTO_01
2026-08-05,08:20:35,0.062,7.9,CAMPANHA_PILOTO_01
2026-08-05,08:20:36,0.062,7.9,CAMPANHA_PILOTO_01
2026-08-05,08:20:37,0.062,7.9,CAMPANHA_PILOTO_01
2026-08-05,08:20:38,0.062,7.9,CAMPANHA_PILOTO_01
2026-08-05,08:20:39,0.062,7.9,CAMPANHA_PILOTO_01
2026-08-05,08:20:40,0.062,7.9,CAMPANHA_PILOTO_01
2026-08-05,08:20:41,0.062,7.9,CAMPANHA_PILOTO_01
2026-08-05,08:20:42,0.062,7.9,CAMPANHA_PILOTO_01
2026-08-05,08:20:43,0.062,7.9,CAMPANHA_PILOTO_01
2026-08-05,08:20:44,0.062,7.9,CAMPANHA_PILOTO_01
2026-08-05,08:20:45,0.062,7.9,CAMPANHA_PILOTO_01
2026-08-05,08:20:46,0.062,7.9,CAMPANHA_PILOTO_01
2026-08-05,08:20:47,0.062,7.9,CAMPANHA_PILOTO_01
2026-08-05,08:20:48,0.062,7.9,CAMPANHA_PILOTO_01
2026-08-05,08:20:49,0.062,7.9,CAMPANHA_PILOTO_01
2026-08-05,08:20:50,0.062,7.9,CAMPANHA_PILOTO_01
2026-08-05,08:20:51,0.062,7.9,CAMPANHA_PILOTO_01
2026-08-05,08:20:52,0.062,7.9,CAMPANHA_PILOTO_01
2026-08-05,08:20:53,0.062,7.9,CAMPANHA_PILOTO_01
2026-08-05,08:20:54,0.062,7.9,CAMPANHA_PILOTO_01
2026-08-05,08:20:55,0.062,7.9,CAMPANHA_PILOTO_01
2026-08-05,08:20:56,0.062,7.9,CAMPANHA_PILOTO_01
2026-08-05,08:20:57,0.062,7.9,CAMPANHA_PILOTO_01
2026-08-05,08:20:58,0.062,7.9,CAMPANHA_PILOTO_01
2026-08-05,08:20:59,0.062,7.9,CAMPANHA_PILOTO_01
2026-08-05,08:21:00,0.062,7.9,CAMPANHA_PILOTO_01
2026-08-05,08:21:01,0.062,7.9,CAMPANHA_PILOTO_01
2026-08-05,08:21:02,0.062,7.9,CAMPANHA_PILOTO_01
2026-08-05,08:21:03,0.062,7.9,CAMPANHA_PILOTO_01
2026-08-05,08:21:04,0.062,7.9,CAMPANHA_PILOTO_01
2026-08-05,08:21:05,0.062,7.9,CAMPANHA_PILOTO_01
2026-08-05,08:21:06,0.062,7.9,CAMPANHA_PILOTO_01
2026-08-05,08:21:07,0.062,7.9,CAMPANHA_PILOTO_01
2026-08-05,08:21:08,0.062,7.9,CAMPANHA_PILOTO_01
2026-08-05,08:21:09,0.062,7.9,CAMPANHA_PILOTO_01
2026-08-05,08:21:10,0.062,7.9,CAMPANHA_PILOTO_01
2026-08-05,08:21:11,0.062,7.9,CAMPANHA_PILOTO_01
2026-08-05,08:21:12,0.062,7.9,CAMPANHA_PILOTO_01
2026-08-05,08:21:13,0.062,7.9,CAMPANHA_PILOTO_01
2026-08-05,08:21:14,0.062,7.9,CAMPANHA_PILOTO_01
2026-08-05,08:21:15,0.062,7.9,CAMPANHA_PILOTO_01
2026-08-05,08:21:16,0.062,7.9,CAMPANHA_PILOTO_01
2026-08-05,08:21:17,0.062,7.9,CAMPANHA_PILOTO_01
2026-08-05,08:21:18,0.062,7.9,CAMPANHA_PILOTO_01
2026-08-05,08:21:19,0.062,7.9,CAMPANHA_PILOTO_01
2026-08-05,08:21:20,0.062,7.9,CAMPANHA_PILOTO_01
2026-08-05,08:21:21,0.062,7.9,CAMPANHA_PILOTO_01
2026-08-05,08:21:22,0.062,7.9,CAMPANHA_PILOTO_01
2026-08-05,08:21:23,0.062,7.9,CAMPANHA_PILOTO_01
2026-08-05,08:21:24,0.062,7.9,CAMPANHA_PILOTO_01
2026-08-05,08:21:25,0.062,7.9,CAMPANHA_PILOTO_01
2026-08-05,08:21:26,0.062,7.9,CAMPANHA_PILOTO_01
2026-08-05,08:21:27,0.062,7.9,CAMPANHA_PILOTO_01
2026-08-05,08:21:28,0.062,7.9,CAMPANHA_PILOTO_01
2026-08-05,08:21:29,0.062,7.9,CAMPANHA_PILOTO_01
2026-08-05,08:21:30,0.062,7.9,CAMPANHA_PILOTO_01
2026-08-05,08:21:31,0.062,7.9,CAMPANHA_PILOTO_01
2026-08-05,08:21:32,0.062,7.9,CAMPANHA_PILOTO_01
2026-08-05,08:21:33,0.062,7.9,CAMPANHA_PILOTO_01
2026-08-05,08:21:34,0.062,7.9,CAMPANHA_PILOTO_01
2026-08-05,08:21:35,0.062,7.9,CAMPANHA_PILOTO_01
2026-08-05,08:21:36,0.062,7.9,CAMPANHA_PILOTO_01
2026-08-05,08:21:37,0.062,7.9,CAMPANHA_PILOTO_01
2026-08-05,08:21:38,0.062,7.9,CAMPANHA_PILOTO_01
2026-08-05,08:21:39,0.062,7.9,CAMPANHA_PILOTO_01
2026-08-05,08:21:40,0.062,7.9,CAMPANHA_PILOTO_01
2026-08-05,08:21:41,0.062,7.9,CAMPANHA_PILOTO_01
2026-08-05,08:21:42,0.062,7.9,CAMPANHA_PILOTO_01
2026-08-05,08:21:43,0.062,7.9,CAMPANHA_PILOTO_01
2026-08-05,08:21:44,0.062,7.9,CAMPANHA_PILOTO_01
2026-08-05,08:21:45,0.062,7.9,CAMPANHA_PILOTO_01
2026-08-05,08:21:46,0.062,7.9,CAMPANHA_PILOTO_01
2026-08-05,08:21:47,0.062,7.9,CAMPANHA_PILOTO_01
2026-08-05,08:21:48,0.062,7.9,CAMPANHA_PILOTO_01
2026-08-05,08:21:49,0.062,7.9,CAMPANHA_PILOTO_01
2026-08-05,08:21:50,0.062,7.9,CAMPANHA_PILOTO_01
2026-08-05,08:21:51,0.062,7.9,CAMPANHA_PILOTO_01
2026-08-05,08:21:52,0.062,7.9,CAMPANHA_PILOTO_01
2026-08-05,08:21:53,0.062,7.9,CAMPANHA_PILOTO_01
2026-08-05,08:21:54,0.062,7.9,CAMPANHA_PILOTO_01
2026-08-05,08:21:55,0.062,7.9,CAMPANHA_PILOTO_01
2026-08-05,08:21:56,0.062,7.9,CAMPANHA_PILOTO_01
2026-08-05,08:21:57,0.062,7.9,CAMPANHA_PILOTO_01
2026-08-05,08:21:58,0.062,7.9,CAMPANHA_PILOTO_01
2026-08-05,08:21:59,0.062,7.9,CAMPANHA_PILOTO_01
2026-08-05,08:22:00,0.062,7.9,CAMPANHA_PILOTO_01
2026-08-05,08:22:01,0.062,7.9,CAMPANHA_PILOTO_01
2026-08-05,08:22:02,0.062,7.9,CAMPANHA_PILOTO_01
2026-08-05,08:22:03,0.062,7.9,CAMPANHA_PILOTO_01
2026-08-05,08:22:04,0.062,7.9,CAMPANHA_PILOTO_01
2026-08-05,08:22:05,0.062,7.9,CAMPANHA_PILOTO_01
2026-08-05,08:22:06,0.062,7.9,CAMPANHA_PILOTO_01
2026-08-05,08:22:07,0.062,7.9,CAMPANHA_PILOTO_01
2026-08-05,08:22:08,0.062,7.9,CAMPANHA_PILOTO_01
2026-08-05,08:22:09,0.062,7.9,CAMPANHA_PILOTO_01
2026-08-05,08:22:10,0.062,7.9,CAMPANHA_PILOTO_01
2026-08-05,08:22:11,0.062,7.9,CAMPANHA_PILOTO_01
2026-08-05,08:22:12,0.062,7.9,CAMPANHA_PILOTO_01
2026-08-05,08:22:13,0.062,7.9,CAMPANHA_PILOTO_01
2026-08-05,08:22:14,0.062,7.9,CAMPANHA_PILOTO_01
2026-08-05,08:22:15,0.062,7.9,CAMPANHA_PILOTO_01
2026-08-05,08:22:16,0.062,7.9,CAMPANHA_PILOTO_01
2026-08-05,08:22:17,0.062,7.9,CAMPANHA_PILOTO_01
2026-08-05,08:22:18,0.062,7.9,CAMPANHA_PILOTO_01
2026-08-05,08:22:19,0.062,7.9,CAMPANHA_PILOTO_01
2026-08-05,08:22:20,0.062,7.9,CAMPANHA_PILOTO_01
2026-08-05,08:22:21,0.062,7.9,CAMPANHA_PILOTO_01
2026-08-05,08:22:22,0.062,7.9,CAMPANHA_PILOTO_01
2026-08-05,08:22:23,0.062,7.9,CAMPANHA_PILOTO_01
2026-08-05,08:22:24,0.062,7.9,CAMPANHA_PILOTO_01
2026-08-05,08:22:25,0.062,7.9,CAMPANHA_PILOTO_01
2026-08-05,08:22:26,0.062,7.9,CAMPANHA_PILOTO_01
2026-08-05,08:22:27,0.062,7.9,CAMPANHA_PILOTO_01
2026-08-05,08:22:28,0.062,7.9,CAMPANHA_PILOTO_01
2026-08-05,08:22:29,0.062,7.9,CAMPANHA_PILOTO_01
2026-08-05,08:22:30,0.062,7.9,CAMPANHA_PILOTO_01
2026-08-05,08:22:31,0.062,7.9,CAMPANHA_PILOTO_01
2026-08-05,08:22:32,0.062,7.9,CAMPANHA_PILOTO_01
2026-08-05,08:22:33,0.062,7.9,CAMPANHA_PILOTO_01
2026-08-05,08:22:34,0.062,7.9,CAMPANHA_PILOTO_01
2026-08-05,08:22:35,0.062,7.8,CAMPANHA_PILOTO_01
2026-08-05,08:22:36,0.062,7.8,CAMPANHA_PILOTO_01
2026-08-05,08:22:37,0.062,7.8,CAMPANHA_PILOTO_01
2026-08-05,08:22:38,0.062,7.8,CAMPANHA_PILOTO_01
2026-08-05,08:22:39,0.062,7.8,CAMPANHA_PILOTO_01
2026-08-05,08:22:40,0.062,7.8,CAMPANHA_PILOTO_01
2026-08-05,08:22:41,0.062,7.8,CAMPANHA_PILOTO_01
2026-08-05,08:22:42,0.062,7.8,CAMPANHA_PILOTO_01
2026-08-05,08:22:43,0.062,7.8,CAMPANHA_PILOTO_01
2026-08-05,08:22:44,0.062,7.8,CAMPANHA_PILOTO_01
2026-08-05,08:22:45,0.062,7.8,CAMPANHA_PILOTO_01
2026-08-05,08:22:46,0.062,7.8,CAMPANHA_PILOTO_01
2026-08-05,08:22:47,0.062,7.8,CAMPANHA_PILOTO_01
2026-08-05,08:22:48,0.062,7.8,CAMPANHA_PILOTO_01
2026-08-05,08:22:49,0.062,7.8,CAMPANHA_PILOTO_01
2026-08-05,08:22:50,0.062,7.8,CAMPANHA_PILOTO_01
2026-08-05,08:22:51,0.062,7.8,CAMPANHA_PILOTO_01
2026-08-05,08:22:52,0.062,7.8,CAMPANHA_PILOTO_01
2026-08-05,08:22:53,0.062,7.8,CAMPANHA_PILOTO_01
2026-08-05,08:22:54,0.062,7.8,CAMPANHA_PILOTO_01
2026-08-05,08:22:55,0.062,7.8,CAMPANHA_PILOTO_01
2026-08-05,08:22:56,0.062,7.8,CAMPANHA_PILOTO_01
2026-08-05,08:22:57,0.062,7.8,CAMPANHA_PILOTO_01
2026-08-05,08:22:58,0.062,7.8,CAMPANHA_PILOTO_01
2026-08-05,08:22:59,0.062,7.8,CAMPANHA_PILOTO_01
2026-08-05,08:23:00,0.062,7.8,CAMPANHA_PILOTO_01
2026-08-05,08:23:01,0.062,7.8,CAMPANHA_PILOTO_01
2026-08-05,08:23:02,0.062,7.8,CAMPANHA_PILOTO_01
2026-08-05,08:23:03,0.062,7.8,CAMPANHA_PILOTO_01
2026-08-05,08:23:04,0.062,7.8,CAMPANHA_PILOTO_01
2026-08-05,08:23:05,0.062,7.8,CAMPANHA_PILOTO_01
2026-08-05,08:23:06,0.062,7.8,CAMPANHA_PILOTO_01
2026-08-05,08:23:07,0.062,7.8,CAMPANHA_PILOTO_01
2026-08-05,08:23:08,0.062,7.8,CAMPANHA_PILOTO_01
2026-08-05,08:23:09,0.062,7.8,CAMPANHA_PILOTO_01
2026-08-05,08:23:10,0.062,7.8,CAMPANHA_PILOTO_01
2026-08-05,08:23:11,0.062,7.8,CAMPANHA_PILOTO_01
2026-08-05,08:23:12,0.062,7.8,CAMPANHA_PILOTO_01
2026-08-05,08:23:13,0.062,7.8,CAMPANHA_PILOTO_01
2026-08-05,08:23:14,0.062,7.8,CAMPANHA_PILOTO_01
2026-08-05,08:23:15,0.062,7.8,CAMPANHA_PILOTO_01
2026-08-05,08:23:16,0.062,7.8,CAMPANHA_PILOTO_01
2026-08-05,08:23:17,0.062,7.8,CAMPANHA_PILOTO_01
2026-08-05,08:23:18,0.062,7.8,CAMPANHA_PILOTO_01
2026-08-05,08:23:19,0.062,7.8,CAMPANHA_PILOTO_01
2026-08-05,08:23:20,0.062,7.8,CAMPANHA_PILOTO_01
2026-08-05,08:23:21,0.062,7.8,CAMPANHA_PILOTO_01
2026-08-05,08:23:22,0.062,7.8,CAMPANHA_PILOTO_01
2026-08-05,08:23:23,0.062,7.8,CAMPANHA_PILOTO_01
2026-08-05,08:23:24,0.062,7.8,CAMPANHA_PILOTO_01
2026-08-05,08:23:25,0.062,7.8,CAMPANHA_PILOTO_01
2026-08-05,08:23:26,0.062,7.8,CAMPANHA_PILOTO_01
2026-08-05,08:23:27,0.062,7.8,CAMPANHA_PILOTO_01
2026-08-05,08:23:28,0.062,7.8,CAMPANHA_PILOTO_01
2026-08-05,08:23:29,0.062,7.8,CAMPANHA_PILOTO_01
2026-08-05,08:23:30,0.062,7.8,CAMPANHA_PILOTO_01
2026-08-05,08:23:31,0.062,7.8,CAMPANHA_PILOTO_01
2026-08-05,08:23:32,0.062,7.8,CAMPANHA_PILOTO_01
2026-08-05,08:23:33,0.062,7.8,CAMPANHA_PILOTO_01
2026-08-05,08:23:34,0.062,7.8,CAMPANHA_PILOTO_01
2026-08-05,08:23:35,0.062,7.8,CAMPANHA_PILOTO_01
2026-08-05,08:23:36,0.062,7.8,CAMPANHA_PILOTO_01
2026-08-05,08:23:37,0.062,7.8,CAMPANHA_PILOTO_01
2026-08-05,08:23:38,0.062,7.8,CAMPANHA_PILOTO_01
2026-08-05,08:23:39,0.062,7.8,CAMPANHA_PILOTO_01
2026-08-05,08:23:40,0.062,7.8,CAMPANHA_PILOTO_01
2026-08-05,08:23:41,0.062,7.8,CAMPANHA_PILOTO_01
2026-08-05,08:23:42,0.062,7.8,CAMPANHA_PILOTO_01
2026-08-05,08:23:43,0.062,7.8,CAMPANHA_PILOTO_01
2026-08-05,08:23:44,0.062,7.8,CAMPANHA_PILOTO_01
2026-08-05,08:23:45,0.062,7.8,CAMPANHA_PILOTO_01
2026-08-05,08:23:46,0.062,7.8,CAMPANHA_PILOTO_01
2026-08-05,08:23:47,0.062,7.8,CAMPANHA_PILOTO_01
2026-08-05,08:23:48,0.062,7.8,CAMPANHA_PILOTO_01
2026-08-05,08:23:49,0.062,7.8,CAMPANHA_PILOTO_01
2026-08-05,08:23:50,0.062,7.8,CAMPANHA_PILOTO_01
2026-08-05,08:23:51,0.062,7.8,CAMPANHA_PILOTO_01
2026-08-05,08:23:52,0.062,7.8,CAMPANHA_PILOTO_01
2026-08-05,08:23:53,0.062,7.8,CAMPANHA_PILOTO_01
2026-08-05,08:23:54,0.062,7.8,CAMPANHA_PILOTO_01
2026-08-05,08:23:55,0.062,7.8,CAMPANHA_PILOTO_01
2026-08-05,08:23:56,0.062,7.8,CAMPANHA_PILOTO_01
2026-08-05,08:23:57,0.062,7.8,CAMPANHA_PILOTO_01
2026-08-05,08:23:58,0.062,7.8,CAMPANHA_PILOTO_01
2026-08-05,08:23:59,0.062,7.8,CAMPANHA_PILOTO_01
2026-08-05,08:24:00,0.062,7.8,CAMPANHA_PILOTO_01
2026-08-05,08:24:01,0.062,7.8,CAMPANHA_PILOTO_01
2026-08-05,08:24:02,0.062,7.8,CAMPANHA_PILOTO_01
2026-08-05,08:24:03,0.062,7.8,CAMPANHA_PILOTO_01
2026-08-05,08:24:04,0.062,7.8,CAMPANHA_PILOTO_01
2026-08-05,08:24:05,0.062,7.8,CAMPANHA_PILOTO_01
2026-08-05,08:24:06,0.062,7.8,CAMPANHA_PILOTO_01
2026-08-05,08:24:07,0.062,7.8,CAMPANHA_PILOTO_01
2026-08-05,08:24:08,0.062,7.8,CAMPANHA_PILOTO_01
2026-08-05,08:24:09,0.062,7.8,CAMPANHA_PILOTO_01
2026-08-05,08:24:10,0.062,7.8,CAMPANHA_PILOTO_01
2026-08-05,08:24:11,0.062,7.8,CAMPANHA_PILOTO_01
2026-08-05,08:24:12,0.062,7.8,CAMPANHA_PILOTO_01
2026-08-05,08:24:13,0.062,7.8,CAMPANHA_PILOTO_01
2026-08-05,08:24:14,0.062,7.8,CAMPANHA_PILOTO_01
2026-08-05,08:24:15,0.062,7.8,CAMPANHA_PILOTO_01
2026-08-05,08:24:16,0.062,7.8,CAMPANHA_PILOTO_01
2026-08-05,08:24:17,0.062,7.8,CAMPANHA_PILOTO_01
2026-08-05,08:24:18,0.062,7.8,CAMPANHA_PILOTO_01
2026-08-05,08:24:19,0.062,7.8,CAMPANHA_PILOTO_01
2026-08-05,08:24:20,0.062,7.8,CAMPANHA_PILOTO_01
2026-08-05,08:24:21,0.062,7.8,CAMPANHA_PILOTO_01
2026-08-05,08:24:22,0.062,7.8,CAMPANHA_PILOTO_01
2026-08-05,08:24:23,0.062,7.8,CAMPANHA_PILOTO_01
2026-08-05,08:24:24,0.062,7.8,CAMPANHA_PILOTO_01
2026-08-05,08:24:25,0.062,7.8,CAMPANHA_PILOTO_01
2026-08-05,08:24:26,0.062,7.8,CAMPANHA_PILOTO_01
2026-08-05,08:24:27,0.062,7.8,CAMPANHA_PILOTO_01
2026-08-05,08:24:28,0.062,7.8,CAMPANHA_PILOTO_01
2026-08-05,08:24:29,0.062,7.8,CAMPANHA_PILOTO_01
2026-08-05,08:24:30,0.062,7.8,CAMPANHA_PILOTO_01
2026-08-05,08:24:31,0.062,7.8,CAMPANHA_PILOTO_01
2026-08-05,08:24:32,0.062,7.8,CAMPANHA_PILOTO_01
2026-08-05,08:24:33,0.062,7.8,CAMPANHA_PILOTO_01
2026-08-05,08:24:34,0.062,7.8,CAMPANHA_PILOTO_01
2026-08-05,08:24:35,0.062,7.8,CAMPANHA_PILOTO_01
2026-08-05,08:24:36,0.062,7.8,CAMPANHA_PILOTO_01
2026-08-05,08:24:37,0.062,7.8,CAMPANHA_PILOTO_01
2026-08-05,08:24:38,0.062,7.8,CAMPANHA_PILOTO_01
2026-08-05,08:24:39,0.062,7.8,CAMPANHA_PILOTO_01
2026-08-05,08:24:40,0.062,7.8,CAMPANHA_PILOTO_01
2026-08-05,08:24:41,0.062,7.8,CAMPANHA_PILOTO_01
2026-08-05,08:24:42,0.062,7.8,CAMPANHA_PILOTO_01
2026-08-05,08:24:43,0.062,7.8,CAMPANHA_PILOTO_01
2026-08-05,08:24:44,0.062,7.8,CAMPANHA_PILOTO_01
2026-08-05,08:24:45,0.062,7.8,CAMPANHA_PILOTO_01
2026-08-05,08:24:46,0.062,7.8,CAMPANHA_PILOTO_01
2026-08-05,08:24:47,0.062,7.8,CAMPANHA_PILOTO_01
2026-08-05,08:24:48,0.062,7.8,CAMPANHA_PILOTO_01
2026-08-05,08:24:49,0.062,7.8,CAMPANHA_PILOTO_01
2026-08-05,08:24:50,0.062,7.8,CAMPANHA_PILOTO_01
2026-08-05,08:24:51,0.062,7.8,CAMPANHA_PILOTO_01
2026-08-05,08:24:52,0.062,7.8,CAMPANHA_PILOTO_01
2026-08-05,08:24:53,0.062,7.8,CAMPANHA_PILOTO_01
2026-08-05,08:24:54,0.062,7.8,CAMPANHA_PILOTO_01
2026-08-05,08:24:55,0.062,7.8,CAMPANHA_PILOTO_01
2026-08-05,08:24:56,0.062,7.8,CAMPANHA_PILOTO_01
2026-08-05,08:24:57,0.062,7.8,CAMPANHA_PILOTO_01
2026-08-05,08:24:58,0.062,7.8,CAMPANHA_PILOTO_01
2026-08-05,08:24:59,0.062,7.8,CAMPANHA_PILOTO_01
2026-08-05,08:25:00,0.062,7.8,CAMPANHA_PILOTO_01
2026-08-05,08:25:01,0.062,7.8,CAMPANHA_PILOTO_01
2026-08-05,08:25:02,0.062,7.8,CAMPANHA_PILOTO_01
2026-08-05,08:25:03,0.062,7.8,CAMPANHA_PILOTO_01
2026-08-05,08:25:04,0.062,7.8,CAMPANHA_PILOTO_01
2026-08-05,08:25:05,0.062,7.8,CAMPANHA_PILOTO_01
2026-08-05,08:25:06,0.062,7.8,CAMPANHA_PILOTO_01
2026-08-05,08:25:07,0.062,7.8,CAMPANHA_PILOTO_01
2026-08-05,08:25:08,0.062,7.8,CAMPANHA_PILOTO_01
2026-08-05,08:25:09,0.062,7.8,CAMPANHA_PILOTO_01
2026-08-05,08:25:10,0.062,7.8,CAMPANHA_PILOTO_01
2026-08-05,08:25:11,0.062,7.8,CAMPANHA_PILOTO_01
2026-08-05,08:25:12,0.062,7.8,CAMPANHA_PILOTO_01
2026-08-05,08:25:13,0.062,7.8,CAMPANHA_PILOTO_01
2026-08-05,08:25:14,0.062,7.8,CAMPANHA_PILOTO_01
2026-08-05,08:25:15,0.062,7.8,CAMPANHA_PILOTO_01
2026-08-05,08:25:16,0.062,7.8,CAMPANHA_PILOTO_01
2026-08-05,08:25:17,0.062,7.8,CAMPANHA_PILOTO_01
2026-08-05,08:25:18,0.062,7.8,CAMPANHA_PILOTO_01
2026-08-05,08:25:19,0.062,7.8,CAMPANHA_PILOTO_01
2026-08-05,08:25:20,0.062,7.8,CAMPANHA_PILOTO_01
2026-08-05,08:25:21,0.062,7.8,CAMPANHA_PILOTO_01
2026-08-05,08:25:22,0.062,7.8,CAMPANHA_PILOTO_01
2026-08-05,08:25:23,0.062,7.8,CAMPANHA_PILOTO_01
2026-08-05,08:25:24,0.062,7.8,CAMPANHA_PILOTO_01
2026-08-05,08:25:25,0.062,7.8,CAMPANHA_PILOTO_01
2026-08-05,08:25:26,0.062,7.8,CAMPANHA_PILOTO_01
2026-08-05,08:25:27,0.061,7.8,CAMPANHA_PILOTO_01
2026-08-05,08:25:28,0.061,7.8,CAMPANHA_PILOTO_01
2026-08-05,08:25:29,0.061,7.8,CAMPANHA_PILOTO_01
2026-08-05,08:25:30,0.061,7.8,CAMPANHA_PILOTO_01
2026-08-05,08:25:31,0.061,7.8,CAMPANHA_PILOTO_01
2026-08-05,08:25:32,0.061,7.8,CAMPANHA_PILOTO_01
2026-08-05,08:25:33,0.061,7.8,CAMPANHA_PILOTO_01
2026-08-05,08:25:34,0.061,7.8,CAMPANHA_PILOTO_01
2026-08-05,08:25:35,0.061,7.8,CAMPANHA_PILOTO_01
2026-08-05,08:25:36,0.061,7.8,CAMPANHA_PILOTO_01
2026-08-05,08:25:37,0.061,7.8,CAMPANHA_PILOTO_01
2026-08-05,08:25:38,0.061,7.8,CAMPANHA_PILOTO_01
2026-08-05,08:25:39,0.061,7.8,CAMPANHA_PILOTO_01
2026-08-05,08:25:40,0.061,7.8,CAMPANHA_PILOTO_01
2026-08-05,08:25:41,0.061,7.8,CAMPANHA_PILOTO_01
2026-08-05,08:25:42,0.061,7.8,CAMPANHA_PILOTO_01
2026-08-05,08:25:43,0.061,7.8,CAMPANHA_PILOTO_01
2026-08-05,08:25:44,0.061,7.8,CAMPANHA_PILOTO_01
2026-08-05,08:25:45,0.061,7.8,CAMPANHA_PILOTO_01
2026-08-05,08:25:46,0.061,7.8,CAMPANHA_PILOTO_01
2026-08-05,08:25:47,0.061,7.8,CAMPANHA_PILOTO_01
2026-08-05,08:25:48,0.061,7.8,CAMPANHA_PILOTO_01
2026-08-05,08:25:49,0.061,7.8,CAMPANHA_PILOTO_01
2026-08-05,08:25:50,0.061,7.8,CAMPANHA_PILOTO_01
2026-08-05,08:25:51,0.061,7.8,CAMPANHA_PILOTO_01
2026-08-05,08:25:52,0.061,7.8,CAMPANHA_PILOTO_01
2026-08-05,08:25:53,0.061,7.8,CAMPANHA_PILOTO_01
2026-08-05,08:25:54,0.061,7.8,CAMPANHA_PILOTO_01
2026-08-05,08:25:55,0.061,7.8,CAMPANHA_PILOTO_01
2026-08-05,08:25:56,0.061,7.8,CAMPANHA_PILOTO_01
2026-08-05,08:25:57,0.061,7.8,CAMPANHA_PILOTO_01
2026-08-05,08:25:58,0.061,7.8,CAMPANHA_PILOTO_01
2026-08-05,08:25:59,0.061,7.8,CAMPANHA_PILOTO_01
2026-08-05,08:26:00,0.061,7.8,CAMPANHA_PILOTO_01
2026-08-05,08:26:01,0.061,7.8,CAMPANHA_PILOTO_01
2026-08-05,08:26:02,0.061,7.8,CAMPANHA_PILOTO_01
2026-08-05,08:26:03,0.061,7.8,CAMPANHA_PILOTO_01
2026-08-05,08:26:04,0.061,7.8,CAMPANHA_PILOTO_01
2026-08-05,08:26:05,0.061,7.8,CAMPANHA_PILOTO_01
2026-08-05,08:26:06,0.061,7.8,CAMPANHA_PILOTO_01
2026-08-05,08:26:07,0.061,7.8,CAMPANHA_PILOTO_01
2026-08-05,08:26:08,0.061,7.8,CAMPANHA_PILOTO_01
2026-08-05,08:26:09,0.061,7.8,CAMPANHA_PILOTO_01
2026-08-05,08:26:10,0.061,7.8,CAMPANHA_PILOTO_01
2026-08-05,08:26:11,0.061,7.8,CAMPANHA_PILOTO_01
2026-08-05,08:26:12,0.061,7.8,CAMPANHA_PILOTO_01
2026-08-05,08:26:13,0.061,7.8,CAMPANHA_PILOTO_01
2026-08-05,08:26:14,0.061,7.8,CAMPANHA_PILOTO_01
2026-08-05,08:26:15,0.061,7.8,CAMPANHA_PILOTO_01
2026-08-05,08:26:16,0.061,7.8,CAMPANHA_PILOTO_01
2026-08-05,08:26:17,0.061,7.8,CAMPANHA_PILOTO_01
2026-08-05,08:26:18,0.061,7.8,CAMPANHA_PILOTO_01
2026-08-05,08:26:19,0.061,7.8,CAMPANHA_PILOTO_01
2026-08-05,08:26:20,0.061,7.8,CAMPANHA_PILOTO_01
2026-08-05,08:26:21,0.061,7.8,CAMPANHA_PILOTO_01
2026-08-05,08:26:22,0.061,7.8,CAMPANHA_PILOTO_01
2026-08-05,08:26:23,0.061,7.8,CAMPANHA_PILOTO_01
2026-08-05,08:26:24,0.061,7.8,CAMPANHA_PILOTO_01
2026-08-05,08:26:25,0.061,7.8,CAMPANHA_PILOTO_01
2026-08-05,08:26:26,0.061,7.8,CAMPANHA_PILOTO_01
2026-08-05,08:26:27,0.061,7.8,CAMPANHA_PILOTO_01
2026-08-05,08:26:28,0.061,7.8,CAMPANHA_PILOTO_01
2026-08-05,08:26:29,0.061,7.8,CAMPANHA_PILOTO_01
2026-08-05,08:26:30,0.061,7.8,CAMPANHA_PILOTO_01
2026-08-05,08:26:31,0.061,7.8,CAMPANHA_PILOTO_01
2026-08-05,08:26:32,0.061,7.8,CAMPANHA_PILOTO_01
2026-08-05,08:26:33,0.061,7.8,CAMPANHA_PILOTO_01
2026-08-05,08:26:34,0.061,7.8,CAMPANHA_PILOTO_01
2026-08-05,08:26:35,0.061,7.8,CAMPANHA_PILOTO_01
2026-08-05,08:26:36,0.061,7.8,CAMPANHA_PILOTO_01
2026-08-05,08:26:37,0.061,7.8,CAMPANHA_PILOTO_01
2026-08-05,08:26:38,0.061,7.8,CAMPANHA_PILOTO_01
2026-08-05,08:26:39,0.061,7.8,CAMPANHA_PILOTO_01
2026-08-05,08:26:40,0.061,7.8,CAMPANHA_PILOTO_01
2026-08-05,08:26:41,0.061,7.8,CAMPANHA_PILOTO_01
2026-08-05,08:26:42,0.061,7.8,CAMPANHA_PILOTO_01
2026-08-05,08:26:43,0.061,7.8,CAMPANHA_PILOTO_01
2026-08-05,08:26:44,0.061,7.8,CAMPANHA_PILOTO_01
2026-08-05,08:26:45,0.061,7.8,CAMPANHA_PILOTO_01
2026-08-05,08:26:46,0.061,7.8,CAMPANHA_PILOTO_01
2026-08-05,08:26:47,0.061,7.8,CAMPANHA_PILOTO_01
2026-08-05,08:26:48,0.061,7.8,CAMPANHA_PILOTO_01
2026-08-05,08:26:49,0.061,7.8,CAMPANHA_PILOTO_01
2026-08-05,08:26:50,0.061,7.8,CAMPANHA_PILOTO_01
2026-08-05,08:26:51,0.061,7.8,CAMPANHA_PILOTO_01
2026-08-05,08:26:52,0.061,7.8,CAMPANHA_PILOTO_01
2026-08-05,08:26:53,0.061,7.8,CAMPANHA_PILOTO_01
2026-08-05,08:26:54,0.061,7.8,CAMPANHA_PILOTO_01
2026-08-05,08:26:55,0.061,7.8,CAMPANHA_PILOTO_01
2026-08-05,08:26:56,0.061,7.8,CAMPANHA_PILOTO_01
2026-08-05,08:26:57,0.061,7.8,CAMPANHA_PILOTO_01
2026-08-05,08:26:58,0.061,7.8,CAMPANHA_PILOTO_01
2026-08-05,08:26:59,0.061,7.8,CAMPANHA_PILOTO_01
2026-08-05,08:27:00,0.061,7.8,CAMPANHA_PILOTO_01
2026-08-05,08:27:01,0.061,7.8,CAMPANHA_PILOTO_01
2026-08-05,08:27:02,0.061,7.8,CAMPANHA_PILOTO_01
2026-08-05,08:27:03,0.061,7.8,CAMPANHA_PILOTO_01
2026-08-05,08:27:04,0.061,7.8,CAMPANHA_PILOTO_01
2026-08-05,08:27:05,0.061,7.8,CAMPANHA_PILOTO_01
2026-08-05,08:27:06,0.061,7.8,CAMPANHA_PILOTO_01
2026-08-05,08:27:07,0.061,7.8,CAMPANHA_PILOTO_01
2026-08-05,08:27:08,0.061,7.8,CAMPANHA_PILOTO_01
2026-08-05,08:27:09,0.061,7.8,CAMPANHA_PILOTO_01
2026-08-05,08:27:10,0.061,7.8,CAMPANHA_PILOTO_01
2026-08-05,08:27:11,0.061,7.8,CAMPANHA_PILOTO_01
2026-08-05,08:27:12,0.061,7.8,CAMPANHA_PILOTO_01
2026-08-05,08:27:13,0.061,7.8,CAMPANHA_PILOTO_01
2026-08-05,08:27:14,0.061,7.8,CAMPANHA_PILOTO_01
2026-08-05,08:27:15,0.061,7.8,CAMPANHA_PILOTO_01
2026-08-05,08:27:16,0.061,7.8,CAMPANHA_PILOTO_01
2026-08-05,08:27:17,0.061,7.8,CAMPANHA_PILOTO_01
2026-08-05,08:27:18,0.061,7.8,CAMPANHA_PILOTO_01
2026-08-05,08:27:19,0.061,7.8,CAMPANHA_PILOTO_01
2026-08-05,08:27:20,0.061,7.8,CAMPANHA_PILOTO_01
2026-08-05,08:27:21,0.061,7.8,CAMPANHA_PILOTO_01
2026-08-05,08:27:22,0.061,7.8,CAMPANHA_PILOTO_01
2026-08-05,08:27:23,0.061,7.8,CAMPANHA_PILOTO_01
2026-08-05,08:27:24,0.061,7.8,CAMPANHA_PILOTO_01
2026-08-05,08:27:25,0.061,7.8,CAMPANHA_PILOTO_01
2026-08-05,08:27:26,0.061,7.8,CAMPANHA_PILOTO_01
2026-08-05,08:27:27,0.061,7.8,CAMPANHA_PILOTO_01
2026-08-05,08:27:28,0.061,7.8,CAMPANHA_PILOTO_01
2026-08-05,08:27:29,0.061,7.8,CAMPANHA_PILOTO_01
2026-08-05,08:27:30,0.061,7.8,CAMPANHA_PILOTO_01
2026-08-05,08:27:31,0.061,7.8,CAMPANHA_PILOTO_01
2026-08-05,08:27:32,0.061,7.8,CAMPANHA_PILOTO_01
2026-08-05,08:27:33,0.061,7.8,CAMPANHA_PILOTO_01
2026-08-05,08:27:34,0.061,7.8,CAMPANHA_PILOTO_01
2026-08-05,08:27:35,0.061,7.8,CAMPANHA_PILOTO_01
2026-08-05,08:27:36,0.061,7.8,CAMPANHA_PILOTO_01
2026-08-05,08:27:37,0.061,7.8,CAMPANHA_PILOTO_01
2026-08-05,08:27:38,0.061,7.8,CAMPANHA_PILOTO_01
2026-08-05,08:27:39,0.061,7.8,CAMPANHA_PILOTO_01
2026-08-05,08:27:40,0.061,7.8,CAMPANHA_PILOTO_01
2026-08-05,08:27:41,0.061,7.8,CAMPANHA_PILOTO_01
2026-08-05,08:27:42,0.061,7.8,CAMPANHA_PILOTO_01
2026-08-05,08:27:43,0.061,7.8,CAMPANHA_PILOTO_01
2026-08-05,08:27:44,0.061,7.8,CAMPANHA_PILOTO_01
2026-08-05,08:27:45,0.061,7.8,CAMPANHA_PILOTO_01
2026-08-05,08:27:46,0.061,7.8,CAMPANHA_PILOTO_01
2026-08-05,08:27:47,0.061,7.8,CAMPANHA_PILOTO_01
2026-08-05,08:27:48,0.061,7.8,CAMPANHA_PILOTO_01
2026-08-05,08:27:49,0.061,7.8,CAMPANHA_PILOTO_01
2026-08-05,08:27:50,0.061,7.8,CAMPANHA_PILOTO_01
2026-08-05,08:27:51,0.061,7.8,CAMPANHA_PILOTO_01
2026-08-05,08:27:52,0.061,7.8,CAMPANHA_PILOTO_01
2026-08-05,08:27:53,0.061,7.8,CAMPANHA_PILOTO_01
2026-08-05,08:27:54,0.061,7.8,CAMPANHA_PILOTO_01
2026-08-05,08:27:55,0.061,7.8,CAMPANHA_PILOTO_01
2026-08-05,08:27:56,0.061,7.8,CAMPANHA_PILOTO_01
2026-08-05,08:27:57,0.061,7.8,CAMPANHA_PILOTO_01
2026-08-05,08:27:58,0.061,7.8,CAMPANHA_PILOTO_01
2026-08-05,08:27:59,0.061,7.8,CAMPANHA_PILOTO_01
2026-08-05,08:28:00,0.061,7.8,CAMPANHA_PILOTO_01
2026-08-05,08:28:01,0.061,7.8,CAMPANHA_PILOTO_01
2026-08-05,08:28:02,0.061,7.8,CAMPANHA_PILOTO_01
2026-08-05,08:28:03,0.061,7.8,CAMPANHA_PILOTO_01
2026-08-05,08:28:04,0.061,7.8,CAMPANHA_PILOTO_01
2026-08-05,08:28:05,0.061,7.8,CAMPANHA_PILOTO_01
2026-08-05,08:28:06,0.061,7.8,CAMPANHA_PILOTO_01
2026-08-05,08:28:07,0.061,7.8,CAMPANHA_PILOTO_01
2026-08-05,08:28:08,0.061,7.8,CAMPANHA_PILOTO_01
2026-08-05,08:28:09,0.061,7.8,CAMPANHA_PILOTO_01
2026-08-05,08:28:10,0.061,7.8,CAMPANHA_PILOTO_01
2026-08-05,08:28:11,0.061,7.8,CAMPANHA_PILOTO_01
2026-08-05,08:28:12,0.061,7.8,CAMPANHA_PILOTO_01
2026-08-05,08:28:13,0.061,7.8,CAMPANHA_PILOTO_01
2026-08-05,08:28:14,0.061,7.8,CAMPANHA_PILOTO_01
2026-08-05,08:28:15,0.061,7.8,CAMPANHA_PILOTO_01
2026-08-05,08:28:16,0.061,7.8,CAMPANHA_PILOTO_01
2026-08-05,08:28:17,0.061,7.8,CAMPANHA_PILOTO_01
2026-08-05,08:28:18,0.061,7.8,CAMPANHA_PILOTO_01
2026-08-05,08:28:19,0.061,7.8,CAMPANHA_PILOTO_01
2026-08-05,08:28:20,0.061,7.8,CAMPANHA_PILOTO_01
2026-08-05,08:28:21,0.061,7.8,CAMPANHA_PILOTO_01
2026-08-05,08:28:22,0.061,7.8,CAMPANHA_PILOTO_01
2026-08-05,08:28:23,0.061,7.8,CAMPANHA_PILOTO_01
2026-08-05,08:28:24,0.061,7.8,CAMPANHA_PILOTO_01
2026-08-05,08:28:25,0.061,7.8,CAMPANHA_PILOTO_01
2026-08-05,08:28:26,0.061,7.8,CAMPANHA_PILOTO_01
2026-08-05,08:28:27,0.061,7.8,CAMPANHA_PILOTO_01
2026-08-05,08:28:28,0.061,7.8,CAMPANHA_PILOTO_01
2026-08-05,08:28:29,0.061,7.8,CAMPANHA_PILOTO_01
2026-08-05,08:28:30,0.061,7.8,CAMPANHA_PILOTO_01
2026-08-05,08:28:31,0.061,7.8,CAMPANHA_PILOTO_01
2026-08-05,08:28:32,0.061,7.8,CAMPANHA_PILOTO_01
2026-08-05,08:28:33,0.061,7.8,CAMPANHA_PILOTO_01
2026-08-05,08:28:34,0.061,7.8,CAMPANHA_PILOTO_01
2026-08-05,08:28:35,0.061,7.8,CAMPANHA_PILOTO_01
2026-08-05,08:28:36,0.061,7.8,CAMPANHA_PILOTO_01
2026-08-05,08:28:37,0.061,7.8,CAMPANHA_PILOTO_01
2026-08-05,08:28:38,0.061,7.8,CAMPANHA_PILOTO_01
2026-08-05,08:28:39,0.061,7.8,CAMPANHA_PILOTO_01
2026-08-05,08:28:40,0.061,7.8,CAMPANHA_PILOTO_01
2026-08-05,08:28:41,0.061,7.8,CAMPANHA_PILOTO_01
2026-08-05,08:28:42,0.061,7.8,CAMPANHA_PILOTO_01
2026-08-05,08:28:43,0.061,7.8,CAMPANHA_PILOTO_01
2026-08-05,08:28:44,0.061,7.8,CAMPANHA_PILOTO_01
2026-08-05,08:28:45,0.061,7.8,CAMPANHA_PILOTO_01
2026-08-05,08:28:46,0.061,7.8,CAMPANHA_PILOTO_01
2026-08-05,08:28:47,0.061,7.8,CAMPANHA_PILOTO_01
2026-08-05,08:28:48,0.061,7.8,CAMPANHA_PILOTO_01
2026-08-05,08:28:49,0.061,7.8,CAMPANHA_PILOTO_01
2026-08-05,08:28:50,0.061,7.8,CAMPANHA_PILOTO_01
2026-08-05,08:28:51,0.061,7.8,CAMPANHA_PILOTO_01
2026-08-05,08:28:52,0.061,7.8,CAMPANHA_PILOTO_01
2026-08-05,08:28:53,0.061,7.8,CAMPANHA_PILOTO_01
2026-08-05,08:28:54,0.061,7.8,CAMPANHA_PILOTO_01
2026-08-05,08:28:55,0.061,7.8,CAMPANHA_PILOTO_01
2026-08-05,08:28:56,0.061,7.8,CAMPANHA_PILOTO_01
2026-08-05,08:28:57,0.061,7.8,CAMPANHA_PILOTO_01
2026-08-05,08:28:58,0.061,7.8,CAMPANHA_PILOTO_01
2026-08-05,08:28:59,0.061,7.8,CAMPANHA_PILOTO_01
2026-08-05,08:29:00,0.061,7.8,CAMPANHA_PILOTO_01
2026-08-05,08:29:01,0.061,7.8,CAMPANHA_PILOTO_01
2026-08-05,08:29:02,0.061,7.8,CAMPANHA_PILOTO_01
2026-08-05,08:29:03,0.061,7.8,CAMPANHA_PILOTO_01
2026-08-05,08:29:04,0.061,7.8,CAMPANHA_PILOTO_01
2026-08-05,08:29:05,0.061,7.8,CAMPANHA_PILOTO_01
2026-08-05,08:29:06,0.061,7.8,CAMPANHA_PILOTO_01
2026-08-05,08:29:07,0.061,7.8,CAMPANHA_PILOTO_01
2026-08-05,08:29:08,0.061,7.8,CAMPANHA_PILOTO_01
2026-08-05,08:29:09,0.061,7.8,CAMPANHA_PILOTO_01
2026-08-05,08:29:10,0.061,7.8,CAMPANHA_PILOTO_01
2026-08-05,08:29:11,0.061,7.8,CAMPANHA_PILOTO_01
2026-08-05,08:29:12,0.061,7.8,CAMPANHA_PILOTO_01
2026-08-05,08:29:13,0.061,7.8,CAMPANHA_PILOTO_01
2026-08-05,08:29:14,0.061,7.8,CAMPANHA_PILOTO_01
2026-08-05,08:29:15,0.061,7.8,CAMPANHA_PILOTO_01
2026-08-05,08:29:16,0.061,7.8,CAMPANHA_PILOTO_01
2026-08-05,08:29:17,0.061,7.8,CAMPANHA_PILOTO_01
2026-08-05,08:29:18,0.061,7.8,CAMPANHA_PILOTO_01
2026-08-05,08:29:19,0.061,7.8,CAMPANHA_PILOTO_01
2026-08-05,08:29:20,0.061,7.8,CAMPANHA_PILOTO_01
2026-08-05,08:29:21,0.061,7.8,CAMPANHA_PILOTO_01
2026-08-05,08:29:22,0.061,7.8,CAMPANHA_PILOTO_01
2026-08-05,08:29:23,0.061,7.8,CAMPANHA_PILOTO_01
2026-08-05,08:29:24,0.061,7.8,CAMPANHA_PILOTO_01
2026-08-05,08:29:25,0.061,7.8,CAMPANHA_PILOTO_01
2026-08-05,08:29:26,0.061,7.8,CAMPANHA_PILOTO_01
2026-08-05,08:29:27,0.061,7.8,CAMPANHA_PILOTO_01
2026-08-05,08:29:28,0.061,7.8,CAMPANHA_PILOTO_01
2026-08-05,08:29:29,0.061,7.8,CAMPANHA_PILOTO_01
2026-08-05,08:29:30,0.061,7.8,CAMPANHA_PILOTO_01
2026-08-05,08:29:31,0.061,7.8,CAMPANHA_PILOTO_01
2026-08-05,08:29:32,0.061,7.8,CAMPANHA_PILOTO_01
2026-08-05,08:29:33,0.061,7.8,CAMPANHA_PILOTO_01
2026-08-05,08:29:34,0.061,7.8,CAMPANHA_PILOTO_01
2026-08-05,08:29:35,0.061,7.8,CAMPANHA_PILOTO_01
2026-08-05,08:29:36,0.061,7.8,CAMPANHA_PILOTO_01
2026-08-05,08:29:37,0.061,7.8,CAMPANHA_PILOTO_01
2026-08-05,08:29:38,0.061,7.8,CAMPANHA_PILOTO_01
2026-08-05,08:29:39,0.061,7.8,CAMPANHA_PILOTO_01
2026-08-05,08:29:40,0.061,7.8,CAMPANHA_PILOTO_01
2026-08-05,08:29:41,0.061,7.8,CAMPANHA_PILOTO_01
2026-08-05,08:29:42,0.061,7.8,CAMPANHA_PILOTO_01
2026-08-05,08:29:43,0.061,7.8,CAMPANHA_PILOTO_01
2026-08-05,08:29:44,0.061,7.8,CAMPANHA_PILOTO_01
2026-08-05,08:29:45,0.061,7.8,CAMPANHA_PILOTO_01
2026-08-05,08:29:46,0.061,7.8,CAMPANHA_PILOTO_01
2026-08-05,08:29:47,0.061,7.8,CAMPANHA_PILOTO_01
2026-08-05,08:29:48,0.061,7.8,CAMPANHA_PILOTO_01
2026-08-05,08:29:49,0.061,7.8,CAMPANHA_PILOTO_01
2026-08-05,08:29:50,0.061,7.8,CAMPANHA_PILOTO_01
2026-08-05,08:29:51,0.061,7.8,CAMPANHA_PILOTO_01
2026-08-05,08:29:52,0.061,7.8,CAMPANHA_PILOTO_01
2026-08-05,08:29:53,0.061,7.7,CAMPANHA_PILOTO_01
2026-08-05,08:29:54,0.061,7.7,CAMPANHA_PILOTO_01
2026-08-05,08:29:55,0.061,7.7,CAMPANHA_PILOTO_01
2026-08-05,08:29:56,0.061,7.7,CAMPANHA_PILOTO_01
2026-08-05,08:29:57,0.061,7.7,CAMPANHA_PILOTO_01
2026-08-05,08:29:58,0.061,7.7,CAMPANHA_PILOTO_01
2026-08-05,08:29:59,0.061,7.7,CAMPANHA_PILOTO_01
2026-08-05,08:30:00,0.061,7.7,CAMPANHA_PILOTO_01
2026-08-05,08:30:01,0.061,7.7,CAMPANHA_PILOTO_01
2026-08-05,08:30:02,0.061,7.7,CAMPANHA_PILOTO_01
2026-08-05,08:30:03,0.061,7.7,CAMPANHA_PILOTO_01
2026-08-05,08:30:04,0.061,7.7,CAMPANHA_PILOTO_01
2026-08-05,08:30:05,0.061,7.7,CAMPANHA_PILOTO_01
2026-08-05,08:30:06,0.061,7.7,CAMPANHA_PILOTO_01
2026-08-05,08:30:07,0.061,7.7,CAMPANHA_PILOTO_01
2026-08-05,08:30:08,0.061,7.7,CAMPANHA_PILOTO_01
2026-08-05,08:30:09,0.061,7.7,CAMPANHA_PILOTO_01
2026-08-05,08:30:10,0.061,7.7,CAMPANHA_PILOTO_01
2026-08-05,08:30:11,0.061,7.7,CAMPANHA_PILOTO_01
2026-08-05,08:30:12,0.061,7.7,CAMPANHA_PILOTO_01
2026-08-05,08:30:13,0.061,7.7,CAMPANHA_PILOTO_01
2026-08-05,08:30:14,0.061,7.7,CAMPANHA_PILOTO_01
2026-08-05,08:30:15,0.061,7.7,CAMPANHA_PILOTO_01
2026-08-05,08:30:16,0.061,7.7,CAMPANHA_PILOTO_01
2026-08-05,08:30:17,0.061,7.7,CAMPANHA_PILOTO_01
2026-08-05,08:30:18,0.061,7.7,CAMPANHA_PILOTO_01
2026-08-05,08:30:19,0.061,7.7,CAMPANHA_PILOTO_01
2026-08-05,08:30:20,0.061,7.7,CAMPANHA_PILOTO_01
2026-08-05,08:30:21,0.061,7.7,CAMPANHA_PILOTO_01
2026-08-05,08:30:22,0.061,7.7,CAMPANHA_PILOTO_01
2026-08-05,08:30:23,0.061,7.7,CAMPANHA_PILOTO_01
2026-08-05,08:30:24,0.061,7.7,CAMPANHA_PILOTO_01
2026-08-05,08:30:25,0.061,7.7,CAMPANHA_PILOTO_01
2026-08-05,08:30:26,0.061,7.7,CAMPANHA_PILOTO_01
2026-08-05,08:30:27,0.061,7.7,CAMPANHA_PILOTO_01
2026-08-05,08:30:28,0.061,7.7,CAMPANHA_PILOTO_01
2026-08-05,08:30:29,0.061,7.7,CAMPANHA_PILOTO_01
2026-08-05,08:30:30,0.061,7.7,CAMPANHA_PILOTO_01
2026-08-05,08:30:31,0.061,7.7,CAMPANHA_PILOTO_01
2026-08-05,08:30:32,0.061,7.7,CAMPANHA_PILOTO_01
2026-08-05,08:30:33,0.061,7.7,CAMPANHA_PILOTO_01
2026-08-05,08:30:34,0.061,7.7,CAMPANHA_PILOTO_01
2026-08-05,08:30:35,0.061,7.7,CAMPANHA_PILOTO_01
2026-08-05,08:30:36,0.061,7.7,CAMPANHA_PILOTO_01
2026-08-05,08:30:37,0.061,7.7,CAMPANHA_PILOTO_01
2026-08-05,08:30:38,0.061,7.7,CAMPANHA_PILOTO_01
2026-08-05,08:30:39,0.061,7.7,CAMPANHA_PILOTO_01
2026-08-05,08:30:40,0.061,7.7,CAMPANHA_PILOTO_01
2026-08-05,08:30:41,0.061,7.7,CAMPANHA_PILOTO_01
2026-08-05,08:30:42,0.061,7.7,CAMPANHA_PILOTO_01
2026-08-05,08:30:43,0.061,7.7,CAMPANHA_PILOTO_01
2026-08-05,08:30:44,0.061,7.7,CAMPANHA_PILOTO_01
2026-08-05,08:30:45,0.061,7.7,CAMPANHA_PILOTO_01
2026-08-05,08:30:46,0.061,7.7,CAMPANHA_PILOTO_01
2026-08-05,08:30:47,0.061,7.7,CAMPANHA_PILOTO_01
2026-08-05,08:30:48,0.061,7.7,CAMPANHA_PILOTO_01
2026-08-05,08:30:49,0.061,7.7,CAMPANHA_PILOTO_01
2026-08-05,08:30:50,0.061,7.7,CAMPANHA_PILOTO_01
2026-08-05,08:30:51,0.061,7.7,CAMPANHA_PILOTO_01
2026-08-05,08:30:52,0.061,7.7,CAMPANHA_PILOTO_01
2026-08-05,08:30:53,0.061,7.7,CAMPANHA_PILOTO_01
2026-08-05,08:30:54,0.061,7.7,CAMPANHA_PILOTO_01
2026-08-05,08:30:55,0.061,7.7,CAMPANHA_PILOTO_01
2026-08-05,08:30:56,0.061,7.7,CAMPANHA_PILOTO_01
2026-08-05,08:30:57,0.061,7.7,CAMPANHA_PILOTO_01
2026-08-05,08:30:58,0.061,7.7,CAMPANHA_PILOTO_01
2026-08-05,08:30:59,0.061,7.7,CAMPANHA_PILOTO_01
2026-08-05,08:31:00,0.061,7.7,CAMPANHA_PILOTO_01
2026-08-05,08:31:01,0.061,7.7,CAMPANHA_PILOTO_01
2026-08-05,08:31:02,0.061,7.7,CAMPANHA_PILOTO_01
2026-08-05,08:31:03,0.061,7.7,CAMPANHA_PILOTO_01
2026-08-05,08:31:04,0.061,7.7,CAMPANHA_PILOTO_01
2026-08-05,08:31:05,0.061,7.7,CAMPANHA_PILOTO_01
2026-08-05,08:31:06,0.061,7.7,CAMPANHA_PILOTO_01
2026-08-05,08:31:07,0.061,7.7,CAMPANHA_PILOTO_01
2026-08-05,08:31:08,0.061,7.7,CAMPANHA_PILOTO_01
2026-08-05,08:31:09,0.061,7.7,CAMPANHA_PILOTO_01
2026-08-05,08:31:10,0.061,7.7,CAMPANHA_PILOTO_01
2026-08-05,08:31:11,0.061,7.7,CAMPANHA_PILOTO_01
2026-08-05,08:31:12,0.061,7.7,CAMPANHA_PILOTO_01
2026-08-05,08:31:13,0.061,7.7,CAMPANHA_PILOTO_01
2026-08-05,08:31:14,0.061,7.7,CAMPANHA_PILOTO_01
2026-08-05,08:31:15,0.061,7.7,CAMPANHA_PILOTO_01
2026-08-05,08:31:16,0.061,7.7,CAMPANHA_PILOTO_01
2026-08-05,08:31:17,0.061,7.7,CAMPANHA_PILOTO_01
2026-08-05,08:31:18,0.061,7.7,CAMPANHA_PILOTO_01
2026-08-05,08:31:19,0.061,7.7,CAMPANHA_PILOTO_01
2026-08-05,08:31:20,0.061,7.7,CAMPANHA_PILOTO_01
2026-08-05,08:31:21,0.061,7.7,CAMPANHA_PILOTO_01
2026-08-05,08:31:22,0.061,7.7,CAMPANHA_PILOTO_01
2026-08-05,08:31:23,0.061,7.7,CAMPANHA_PILOTO_01
2026-08-05,08:31:24,0.061,7.7,CAMPANHA_PILOTO_01
2026-08-05,08:31:25,0.061,7.7,CAMPANHA_PILOTO_01
2026-08-05,08:31:26,0.061,7.7,CAMPANHA_PILOTO_01
2026-08-05,08:31:27,0.061,7.7,CAMPANHA_PILOTO_01
2026-08-05,08:31:28,0.061,7.7,CAMPANHA_PILOTO_01
2026-08-05,08:31:29,0.061,7.7,CAMPANHA_PILOTO_01
2026-08-05,08:31:30,0.061,7.7,CAMPANHA_PILOTO_01
2026-08-05,08:31:31,0.061,7.7,CAMPANHA_PILOTO_01
2026-08-05,08:31:32,0.061,7.7,CAMPANHA_PILOTO_01
2026-08-05,08:31:33,0.061,7.7,CAMPANHA_PILOTO_01
2026-08-05,08:31:34,0.061,7.7,CAMPANHA_PILOTO_01
2026-08-05,08:31:35,0.061,7.7,CAMPANHA_PILOTO_01
2026-08-05,08:31:36,0.061,7.7,CAMPANHA_PILOTO_01
2026-08-05,08:31:37,0.061,7.7,CAMPANHA_PILOTO_01
2026-08-05,08:31:38,0.061,7.7,CAMPANHA_PILOTO_01
2026-08-05,08:31:39,0.061,7.7,CAMPANHA_PILOTO_01
2026-08-05,08:31:40,0.061,7.7,CAMPANHA_PILOTO_01
2026-08-05,08:31:41,0.061,7.7,CAMPANHA_PILOTO_01
2026-08-05,08:31:42,0.061,7.7,CAMPANHA_PILOTO_01
2026-08-05,08:31:43,0.061,7.7,CAMPANHA_PILOTO_01
2026-08-05,08:31:44,0.061,7.7,CAMPANHA_PILOTO_01
2026-08-05,08:31:45,0.061,7.7,CAMPANHA_PILOTO_01
2026-08-05,08:31:46,0.061,7.7,CAMPANHA_PILOTO_01
2026-08-05,08:31:47,0.061,7.7,CAMPANHA_PILOTO_01
2026-08-05,08:31:48,0.061,7.7,CAMPANHA_PILOTO_01
2026-08-05,08:31:49,0.061,7.7,CAMPANHA_PILOTO_01
2026-08-05,08:31:50,0.061,7.7,CAMPANHA_PILOTO_01
2026-08-05,08:31:51,0.061,7.7,CAMPANHA_PILOTO_01
2026-08-05,08:31:52,0.061,7.7,CAMPANHA_PILOTO_01
2026-08-05,08:31:53,0.061,7.7,CAMPANHA_PILOTO_01
2026-08-05,08:31:54,0.061,7.7,CAMPANHA_PILOTO_01
2026-08-05,08:31:55,0.061,7.7,CAMPANHA_PILOTO_01
2026-08-05,08:31:56,0.061,7.7,CAMPANHA_PILOTO_01
2026-08-05,08:31:57,0.061,7.7,CAMPANHA_PILOTO_01
2026-08-05,08:31:58,0.061,7.7,CAMPANHA_PILOTO_01
2026-08-05,08:31:59,0.061,7.7,CAMPANHA_PILOTO_01
2026-08-05,08:32:00,0.061,7.7,CAMPANHA_PILOTO_01
2026-08-05,08:32:01,0.061,7.7,CAMPANHA_PILOTO_01
2026-08-05,08:32:02,0.061,7.7,CAMPANHA_PILOTO_01
2026-08-05,08:32:03,0.061,7.7,CAMPANHA_PILOTO_01
2026-08-05,08:32:04,0.061,7.7,CAMPANHA_PILOTO_01
2026-08-05,08:32:05,0.061,7.7,CAMPANHA_PILOTO_01
2026-08-05,08:32:06,0.061,7.7,CAMPANHA_PILOTO_01
2026-08-05,08:32:07,0.061,7.7,CAMPANHA_PILOTO_01
2026-08-05,08:32:08,0.061,7.7,CAMPANHA_PILOTO_01
2026-08-05,08:32:09,0.061,7.7,CAMPANHA_PILOTO_01
2026-08-05,08:32:10,0.061,7.7,CAMPANHA_PILOTO_01
2026-08-05,08:32:11,0.061,7.7,CAMPANHA_PILOTO_01
2026-08-05,08:32:12,0.061,7.7,CAMPANHA_PILOTO_01
2026-08-05,08:32:13,0.061,7.7,CAMPANHA_PILOTO_01
2026-08-05,08:32:14,0.061,7.7,CAMPANHA_PILOTO_01
2026-08-05,08:32:15,0.061,7.7,CAMPANHA_PILOTO_01
2026-08-05,08:32:16,0.061,7.7,CAMPANHA_PILOTO_01
2026-08-05,08:32:17,0.061,7.7,CAMPANHA_PILOTO_01
2026-08-05,08:32:18,0.061,7.7,CAMPANHA_PILOTO_01
2026-08-05,08:32:19,0.061,7.7,CAMPANHA_PILOTO_01
2026-08-05,08:32:20,0.061,7.7,CAMPANHA_PILOTO_01
2026-08-05,08:32:21,0.061,7.7,CAMPANHA_PILOTO_01
2026-08-05,08:32:22,0.061,7.7,CAMPANHA_PILOTO_01
2026-08-05,08:32:23,0.061,7.7,CAMPANHA_PILOTO_01
2026-08-05,08:32:24,0.061,7.7,CAMPANHA_PILOTO_01
2026-08-05,08:32:25,0.061,7.7,CAMPANHA_PILOTO_01
2026-08-05,08:32:26,0.061,7.7,CAMPANHA_PILOTO_01
2026-08-05,08:32:27,0.061,7.7,CAMPANHA_PILOTO_01
2026-08-05,08:32:28,0.061,7.7,CAMPANHA_PILOTO_01
2026-08-05,08:32:29,0.061,7.7,CAMPANHA_PILOTO_01
2026-08-05,08:32:30,0.061,7.7,CAMPANHA_PILOTO_01
2026-08-05,08:32:31,0.061,7.7,CAMPANHA_PILOTO_01
2026-08-05,08:32:32,0.061,7.7,CAMPANHA_PILOTO_01
2026-08-05,08:32:33,0.061,7.7,CAMPANHA_PILOTO_01
2026-08-05,08:32:34,0.061,7.7,CAMPANHA_PILOTO_01
2026-08-05,08:32:35,0.061,7.7,CAMPANHA_PILOTO_01
2026-08-05,08:32:36,0.061,7.7,CAMPANHA_PILOTO_01
2026-08-05,08:32:37,0.061,7.7,CAMPANHA_PILOTO_01
2026-08-05,08:32:38,0.061,7.7,CAMPANHA_PILOTO_01
2026-08-05,08:32:39,0.061,7.7,CAMPANHA_PILOTO_01
2026-08-05,08:32:40,0.061,7.7,CAMPANHA_PILOTO_01
2026-08-05,08:32:41,0.061,7.7,CAMPANHA_PILOTO_01
2026-08-05,08:32:42,0.061,7.7,CAMPANHA_PILOTO_01
2026-08-05,08:32:43,0.061,7.7,CAMPANHA_PILOTO_01
2026-08-05,08:32:44,0.061,7.7,CAMPANHA_PILOTO_01
2026-08-05,08:32:45,0.061,7.7,CAMPANHA_PILOTO_01
2026-08-05,08:32:46,0.061,7.7,CAMPANHA_PILOTO_01
2026-08-05,08:32:47,0.061,7.7,CAMPANHA_PILOTO_01
2026-08-05,08:32:48,0.061,7.7,CAMPANHA_PILOTO_01
2026-08-05,08:32:49,0.061,7.7,CAMPANHA_PILOTO_01
2026-08-05,08:32:50,0.061,7.7,CAMPANHA_PILOTO_01
2026-08-05,08:32:51,0.061,7.7,CAMPANHA_PILOTO_01
2026-08-05,08:32:52,0.061,7.7,CAMPANHA_PILOTO_01
2026-08-05,08:32:53,0.061,7.7,CAMPANHA_PILOTO_01
2026-08-05,08:32:54,0.061,7.7,CAMPANHA_PILOTO_01
2026-08-05,08:32:55,0.061,7.7,CAMPANHA_PILOTO_01
2026-08-05,08:32:56,0.061,7.7,CAMPANHA_PILOTO_01
2026-08-05,08:32:57,0.061,7.7,CAMPANHA_PILOTO_01
2026-08-05,08:32:58,0.061,7.7,CAMPANHA_PILOTO_01
2026-08-05,08:32:59,0.061,7.7,CAMPANHA_PILOTO_01
2026-08-05,08:33:00,0.061,7.7,CAMPANHA_PILOTO_01
2026-08-05,08:33:01,0.061,7.7,CAMPANHA_PILOTO_01
2026-08-05,08:33:02,0.061,7.7,CAMPANHA_PILOTO_01
2026-08-05,08:33:03,0.061,7.7,CAMPANHA_PILOTO_01
2026-08-05,08:33:04,0.061,7.7,CAMPANHA_PILOTO_01
2026-08-05,08:33:05,0.061,7.7,CAMPANHA_PILOTO_01
2026-08-05,08:33:06,0.061,7.7,CAMPANHA_PILOTO_01
2026-08-05,08:33:07,0.061,7.7,CAMPANHA_PILOTO_01
2026-08-05,08:33:08,0.061,7.7,CAMPANHA_PILOTO_01
2026-08-05,08:33:09,0.061,7.7,CAMPANHA_PILOTO_01
2026-08-05,08:33:10,0.061,7.7,CAMPANHA_PILOTO_01
2026-08-05,08:33:11,0.061,7.7,CAMPANHA_PILOTO_01
2026-08-05,08:33:12,0.061,7.7,CAMPANHA_PILOTO_01
2026-08-05,08:33:13,0.061,7.7,CAMPANHA_PILOTO_01
2026-08-05,08:33:14,0.061,7.7,CAMPANHA_PILOTO_01
2026-08-05,08:33:15,0.061,7.7,CAMPANHA_PILOTO_01
2026-08-05,08:33:16,0.061,7.7,CAMPANHA_PILOTO_01
2026-08-05,08:33:17,0.061,7.7,CAMPANHA_PILOTO_01
2026-08-05,08:33:18,0.061,7.7,CAMPANHA_PILOTO_01
2026-08-05,08:33:19,0.061,7.7,CAMPANHA_PILOTO_01
2026-08-05,08:33:20,0.061,7.7,CAMPANHA_PILOTO_01
2026-08-05,08:33:21,0.061,7.7,CAMPANHA_PILOTO_01
2026-08-05,08:33:22,0.061,7.7,CAMPANHA_PILOTO_01
2026-08-05,08:33:23,0.061,7.7,CAMPANHA_PILOTO_01
2026-08-05,08:33:24,0.061,7.7,CAMPANHA_PILOTO_01
2026-08-05,08:33:25,0.061,7.7,CAMPANHA_PILOTO_01
2026-08-05,08:33:26,0.061,7.7,CAMPANHA_PILOTO_01
2026-08-05,08:33:27,0.061,7.7,CAMPANHA_PILOTO_01
2026-08-05,08:33:28,0.061,7.7,CAMPANHA_PILOTO_01
2026-08-05,08:33:29,0.061,7.7,CAMPANHA_PILOTO_01
2026-08-05,08:33:30,0.061,7.7,CAMPANHA_PILOTO_01
2026-08-05,08:33:31,0.061,7.7,CAMPANHA_PILOTO_01
2026-08-05,08:33:32,0.061,7.7,CAMPANHA_PILOTO_01
2026-08-05,08:33:33,0.061,7.7,CAMPANHA_PILOTO_01
2026-08-05,08:33:34,0.061,7.7,CAMPANHA_PILOTO_01
2026-08-05,08:33:35,0.061,7.7,CAMPANHA_PILOTO_01
2026-08-05,08:33:36,0.061,7.7,CAMPANHA_PILOTO_01
2026-08-05,08:33:37,0.061,7.7,CAMPANHA_PILOTO_01
2026-08-05,08:33:38,0.061,7.7,CAMPANHA_PILOTO_01
2026-08-05,08:33:39,0.061,7.7,CAMPANHA_PILOTO_01
2026-08-05,08:33:40,0.061,7.7,CAMPANHA_PILOTO_01
2026-08-05,08:33:41,0.061,7.7,CAMPANHA_PILOTO_01
2026-08-05,08:33:42,0.061,7.7,CAMPANHA_PILOTO_01
2026-08-05,08:33:43,0.061,7.7,CAMPANHA_PILOTO_01
2026-08-05,08:33:44,0.061,7.7,CAMPANHA_PILOTO_01
2026-08-05,08:33:45,0.061,7.7,CAMPANHA_PILOTO_01
2026-08-05,08:33:46,0.061,7.7,CAMPANHA_PILOTO_01
2026-08-05,08:33:47,0.061,7.7,CAMPANHA_PILOTO_01
2026-08-05,08:33:48,0.061,7.7,CAMPANHA_PILOTO_01
2026-08-05,08:33:49,0.061,7.7,CAMPANHA_PILOTO_01
2026-08-05,08:33:50,0.061,7.7,CAMPANHA_PILOTO_01
2026-08-05,08:33:51,0.061,7.7,CAMPANHA_PILOTO_01
2026-08-05,08:33:52,0.061,7.7,CAMPANHA_PILOTO_01
2026-08-05,08:33:53,0.061,7.7,CAMPANHA_PILOTO_01
2026-08-05,08:33:54,0.061,7.7,CAMPANHA_PILOTO_01
2026-08-05,08:33:55,0.061,7.7,CAMPANHA_PILOTO_01
2026-08-05,08:33:56,0.061,7.7,CAMPANHA_PILOTO_01
2026-08-05,08:33:57,0.061,7.7,CAMPANHA_PILOTO_01
2026-08-05,08:33:58,0.061,7.7,CAMPANHA_PILOTO_01
2026-08-05,08:33:59,0.061,7.7,CAMPANHA_PILOTO_01
2026-08-05,08:34:00,0.061,7.7,CAMPANHA_PILOTO_01
2026-08-05,08:34:01,0.061,7.7,CAMPANHA_PILOTO_01
2026-08-05,08:34:02,0.061,7.7,CAMPANHA_PILOTO_01
2026-08-05,08:34:03,0.061,7.7,CAMPANHA_PILOTO_01
2026-08-05,08:34:04,0.061,7.7,CAMPANHA_PILOTO_01
2026-08-05,08:34:05,0.061,7.7,CAMPANHA_PILOTO_01
2026-08-05,08:34:06,0.061,7.7,CAMPANHA_PILOTO_01
2026-08-05,08:34:07,0.061,7.7,CAMPANHA_PILOTO_01
2026-08-05,08:34:08,0.061,7.7,CAMPANHA_PILOTO_01
2026-08-05,08:34:09,0.061,7.7,CAMPANHA_PILOTO_01
2026-08-05,08:34:10,0.061,7.7,CAMPANHA_PILOTO_01
2026-08-05,08:34:11,0.061,7.7,CAMPANHA_PILOTO_01
2026-08-05,08:34:12,0.061,7.7,CAMPANHA_PILOTO_01
2026-08-05,08:34:13,0.061,7.7,CAMPANHA_PILOTO_01
2026-08-05,08:34:14,0.061,7.7,CAMPANHA_PILOTO_01
2026-08-05,08:34:15,0.061,7.7,CAMPANHA_PILOTO_01
2026-08-05,08:34:16,0.061,7.7,CAMPANHA_PILOTO_01
2026-08-05,08:34:17,0.061,7.7,CAMPANHA_PILOTO_01
2026-08-05,08:34:18,0.061,7.7,CAMPANHA_PILOTO_01
2026-08-05,08:34:19,0.061,7.7,CAMPANHA_PILOTO_01
2026-08-05,08:34:20,0.061,7.7,CAMPANHA_PILOTO_01
2026-08-05,08:34:21,0.061,7.7,CAMPANHA_PILOTO_01
2026-08-05,08:34:22,0.061,7.7,CAMPANHA_PILOTO_01
2026-08-05,08:34:23,0.061,7.7,CAMPANHA_PILOTO_01
2026-08-05,08:34:24,0.061,7.7,CAMPANHA_PILOTO_01
2026-08-05,08:34:25,0.061,7.7,CAMPANHA_PILOTO_01
2026-08-05,08:34:26,0.061,7.7,CAMPANHA_PILOTO_01
2026-08-05,08:34:27,0.061,7.7,CAMPANHA_PILOTO_01
2026-08-05,08:34:28,0.061,7.7,CAMPANHA_PILOTO_01
2026-08-05,08:34:29,0.061,7.7,CAMPANHA_PILOTO_01
2026-08-05,08:34:30,0.061,7.7,CAMPANHA_PILOTO_01
2026-08-05,08:34:31,0.061,7.7,CAMPANHA_PILOTO_01
2026-08-05,08:34:32,0.061,7.7,CAMPANHA_PILOTO_01
2026-08-05,08:34:33,0.061,7.7,CAMPANHA_PILOTO_01
2026-08-05,08:34:34,0.061,7.7,CAMPANHA_PILOTO_01
2026-08-05,08:34:35,0.061,7.7,CAMPANHA_PILOTO_01
2026-08-05,08:34:36,0.061,7.7,CAMPANHA_PILOTO_01
2026-08-05,08:34:37,0.061,7.7,CAMPANHA_PILOTO_01
2026-08-05,08:34:38,0.061,7.7,CAMPANHA_PILOTO_01
2026-08-05,08:34:39,0.061,7.7,CAMPANHA_PILOTO_01
2026-08-05,08:34:40,0.061,7.7,CAMPANHA_PILOTO_01
2026-08-05,08:34:41,0.061,7.7,CAMPANHA_PILOTO_01
2026-08-05,08:34:42,0.061,7.7,CAMPANHA_PILOTO_01
2026-08-05,08:34:43,0.061,7.7,CAMPANHA_PILOTO_01
2026-08-05,08:34:44,0.061,7.7,CAMPANHA_PILOTO_01
2026-08-05,08:34:45,0.061,7.7,CAMPANHA_PILOTO_01
2026-08-05,08:34:46,0.061,7.7,CAMPANHA_PILOTO_01
2026-08-05,08:34:47,0.061,7.7,CAMPANHA_PILOTO_01
2026-08-05,08:34:48,0.061,7.7,CAMPANHA_PILOTO_01
2026-08-05,08:34:49,0.061,7.7,CAMPANHA_PILOTO_01
2026-08-05,08:34:50,0.061,7.7,CAMPANHA_PILOTO_01
2026-08-05,08:34:51,0.06,7.7,CAMPANHA_PILOTO_01
2026-08-05,08:34:52,0.06,7.7,CAMPANHA_PILOTO_01
2026-08-05,08:34:53,0.06,7.7,CAMPANHA_PILOTO_01
2026-08-05,08:34:54,0.06,7.7,CAMPANHA_PILOTO_01
2026-08-05,08:34:55,0.06,7.7,CAMPANHA_PILOTO_01
2026-08-05,08:34:56,0.06,7.7,CAMPANHA_PILOTO_01
2026-08-05,08:34:57,0.06,7.7,CAMPANHA_PILOTO_01
2026-08-05,08:34:58,0.06,7.7,CAMPANHA_PILOTO_01
2026-08-05,08:34:59,0.06,7.7,CAMPANHA_PILOTO_01
2026-08-05,08:35:00,0.06,7.7,CAMPANHA_PILOTO_01
2026-08-05,08:35:01,0.06,7.7,CAMPANHA_PILOTO_01
2026-08-05,08:35:02,0.06,7.7,CAMPANHA_PILOTO_01
2026-08-05,08:35:03,0.06,7.7,CAMPANHA_PILOTO_01
2026-08-05,08:35:04,0.06,7.7,CAMPANHA_PILOTO_01
2026-08-05,08:35:05,0.06,7.7,CAMPANHA_PILOTO_01
2026-08-05,08:35:06,0.06,7.7,CAMPANHA_PILOTO_01
2026-08-05,08:35:07,0.06,7.7,CAMPANHA_PILOTO_01
2026-08-05,08:35:08,0.06,7.7,CAMPANHA_PILOTO_01
2026-08-05,08:35:09,0.06,7.7,CAMPANHA_PILOTO_01
2026-08-05,08:35:10,0.06,7.7,CAMPANHA_PILOTO_01
2026-08-05,08:35:11,0.06,7.7,CAMPANHA_PILOTO_01
2026-08-05,08:35:12,0.06,7.7,CAMPANHA_PILOTO_01
2026-08-05,08:35:13,0.06,7.7,CAMPANHA_PILOTO_01
2026-08-05,08:35:14,0.06,7.7,CAMPANHA_PILOTO_01
2026-08-05,08:35:15,0.06,7.7,CAMPANHA_PILOTO_01
2026-08-05,08:35:16,0.06,7.7,CAMPANHA_PILOTO_01
2026-08-05,08:35:17,0.06,7.7,CAMPANHA_PILOTO_01
2026-08-05,08:35:18,0.06,7.7,CAMPANHA_PILOTO_01
2026-08-05,08:35:19,0.06,7.7,CAMPANHA_PILOTO_01
2026-08-05,08:35:20,0.06,7.7,CAMPANHA_PILOTO_01
2026-08-05,08:35:21,0.06,7.7,CAMPANHA_PILOTO_01
2026-08-05,08:35:22,0.06,7.7,CAMPANHA_PILOTO_01
2026-08-05,08:35:23,0.06,7.7,CAMPANHA_PILOTO_01
2026-08-05,08:35:24,0.06,7.7,CAMPANHA_PILOTO_01
2026-08-05,08:35:25,0.06,7.7,CAMPANHA_PILOTO_01
2026-08-05,08:35:26,0.06,7.7,CAMPANHA_PILOTO_01
2026-08-05,08:35:27,0.06,7.7,CAMPANHA_PILOTO_01
2026-08-05,08:35:28,0.06,7.7,CAMPANHA_PILOTO_01
2026-08-05,08:35:29,0.06,7.7,CAMPANHA_PILOTO_01
2026-08-05,08:35:30,0.06,7.7,CAMPANHA_PILOTO_01
2026-08-05,08:35:31,0.06,7.7,CAMPANHA_PILOTO_01
2026-08-05,08:35:32,0.06,7.7,CAMPANHA_PILOTO_01
2026-08-05,08:35:33,0.06,7.7,CAMPANHA_PILOTO_01
2026-08-05,08:35:34,0.06,7.7,CAMPANHA_PILOTO_01
2026-08-05,08:35:35,0.06,7.7,CAMPANHA_PILOTO_01
2026-08-05,08:35:36,0.06,7.7,CAMPANHA_PILOTO_01
2026-08-05,08:35:37,0.06,7.7,CAMPANHA_PILOTO_01
2026-08-05,08:35:38,0.06,7.7,CAMPANHA_PILOTO_01
2026-08-05,08:35:39,0.06,7.7,CAMPANHA_PILOTO_01
2026-08-05,08:35:40,0.06,7.7,CAMPANHA_PILOTO_01
2026-08-05,08:35:41,0.06,7.7,CAMPANHA_PILOTO_01
2026-08-05,08:35:42,0.06,7.7,CAMPANHA_PILOTO_01
2026-08-05,08:35:43,0.06,7.7,CAMPANHA_PILOTO_01
2026-08-05,08:35:44,0.06,7.7,CAMPANHA_PILOTO_01
2026-08-05,08:35:45,0.06,7.7,CAMPANHA_PILOTO_01
2026-08-05,08:35:46,0.06,7.7,CAMPANHA_PILOTO_01
2026-08-05,08:35:47,0.06,7.7,CAMPANHA_PILOTO_01
2026-08-05,08:35:48,0.06,7.7,CAMPANHA_PILOTO_01
2026-08-05,08:35:49,0.06,7.7,CAMPANHA_PILOTO_01
2026-08-05,08:35:50,0.06,7.7,CAMPANHA_PILOTO_01
2026-08-05,08:35:51,0.06,7.7,CAMPANHA_PILOTO_01
2026-08-05,08:35:52,0.06,7.7,CAMPANHA_PILOTO_01
2026-08-05,08:35:53,0.06,7.7,CAMPANHA_PILOTO_01
2026-08-05,08:35:54,0.06,7.7,CAMPANHA_PILOTO_01
2026-08-05,08:35:55,0.06,7.7,CAMPANHA_PILOTO_01
2026-08-05,08:35:56,0.06,7.7,CAMPANHA_PILOTO_01
2026-08-05,08:35:57,0.06,7.7,CAMPANHA_PILOTO_01
2026-08-05,08:35:58,0.06,7.7,CAMPANHA_PILOTO_01
2026-08-05,08:35:59,0.06,7.7,CAMPANHA_PILOTO_01
2026-08-05,08:36:00,0.06,7.7,CAMPANHA_PILOTO_01
2026-08-05,08:36:01,0.06,7.7,CAMPANHA_PILOTO_01
2026-08-05,08:36:02,0.06,7.7,CAMPANHA_PILOTO_01
2026-08-05,08:36:03,0.06,7.7,CAMPANHA_PILOTO_01
2026-08-05,08:36:04,0.06,7.7,CAMPANHA_PILOTO_01
2026-08-05,08:36:05,0.06,7.7,CAMPANHA_PILOTO_01
2026-08-05,08:36:06,0.06,7.7,CAMPANHA_PILOTO_01
2026-08-05,08:36:07,0.06,7.7,CAMPANHA_PILOTO_01
2026-08-05,08:36:08,0.06,7.7,CAMPANHA_PILOTO_01
2026-08-05,08:36:09,0.06,7.7,CAMPANHA_PILOTO_01
2026-08-05,08:36:10,0.06,7.7,CAMPANHA_PILOTO_01
2026-08-05,08:36:11,0.06,7.7,CAMPANHA_PILOTO_01
2026-08-05,08:36:12,0.06,7.7,CAMPANHA_PILOTO_01
2026-08-05,08:36:13,0.06,7.7,CAMPANHA_PILOTO_01
2026-08-05,08:36:14,0.06,7.7,CAMPANHA_PILOTO_01
2026-08-05,08:36:15,0.06,7.7,CAMPANHA_PILOTO_01
2026-08-05,08:36:16,0.06,7.7,CAMPANHA_PILOTO_01
2026-08-05,08:36:17,0.06,7.7,CAMPANHA_PILOTO_01
2026-08-05,08:36:18,0.06,7.7,CAMPANHA_PILOTO_01
2026-08-05,08:36:19,0.06,7.7,CAMPANHA_PILOTO_01
2026-08-05,08:36:20,0.06,7.7,CAMPANHA_PILOTO_01
2026-08-05,08:36:21,0.06,7.7,CAMPANHA_PILOTO_01
2026-08-05,08:36:22,0.06,7.7,CAMPANHA_PILOTO_01
2026-08-05,08:36:23,0.06,7.7,CAMPANHA_PILOTO_01
2026-08-05,08:36:24,0.06,7.7,CAMPANHA_PILOTO_01
2026-08-05,08:36:25,0.06,7.7,CAMPANHA_PILOTO_01
2026-08-05,08:36:26,0.06,7.7,CAMPANHA_PILOTO_01
2026-08-05,08:36:27,0.06,7.7,CAMPANHA_PILOTO_01
2026-08-05,08:36:28,0.06,7.7,CAMPANHA_PILOTO_01
2026-08-05,08:36:29,0.06,7.7,CAMPANHA_PILOTO_01
2026-08-05,08:36:30,0.06,7.7,CAMPANHA_PILOTO_01
2026-08-05,08:36:31,0.06,7.7,CAMPANHA_PILOTO_01
2026-08-05,08:36:32,0.06,7.7,CAMPANHA_PILOTO_01
2026-08-05,08:36:33,0.06,7.7,CAMPANHA_PILOTO_01
2026-08-05,08:36:34,0.06,7.7,CAMPANHA_PILOTO_01
2026-08-05,08:36:35,0.06,7.7,CAMPANHA_PILOTO_01
2026-08-05,08:36:36,0.06,7.7,CAMPANHA_PILOTO_01
2026-08-05,08:36:37,0.06,7.7,CAMPANHA_PILOTO_01
2026-08-05,08:36:38,0.06,7.7,CAMPANHA_PILOTO_01
2026-08-05,08:36:39,0.06,7.7,CAMPANHA_PILOTO_01
2026-08-05,08:36:40,0.06,7.7,CAMPANHA_PILOTO_01
2026-08-05,08:36:41,0.06,7.7,CAMPANHA_PILOTO_01
2026-08-05,08:36:42,0.06,7.7,CAMPANHA_PILOTO_01
2026-08-05,08:36:43,0.06,7.7,CAMPANHA_PILOTO_01
2026-08-05,08:36:44,0.06,7.7,CAMPANHA_PILOTO_01
2026-08-05,08:36:45,0.06,7.7,CAMPANHA_PILOTO_01
2026-08-05,08:36:46,0.06,7.7,CAMPANHA_PILOTO_01
2026-08-05,08:36:47,0.06,7.7,CAMPANHA_PILOTO_01
2026-08-05,08:36:48,0.06,7.7,CAMPANHA_PILOTO_01
2026-08-05,08:36:49,0.06,7.7,CAMPANHA_PILOTO_01
2026-08-05,08:36:50,0.06,7.7,CAMPANHA_PILOTO_01
2026-08-05,08:36:51,0.06,7.7,CAMPANHA_PILOTO_01
2026-08-05,08:36:52,0.06,7.7,CAMPANHA_PILOTO_01
2026-08-05,08:36:53,0.06,7.7,CAMPANHA_PILOTO_01
2026-08-05,08:36:54,0.06,7.7,CAMPANHA_PILOTO_01
2026-08-05,08:36:55,0.06,7.7,CAMPANHA_PILOTO_01
2026-08-05,08:36:56,0.06,7.7,CAMPANHA_PILOTO_01
2026-08-05,08:36:57,0.06,7.7,CAMPANHA_PILOTO_01
2026-08-05,08:36:58,0.06,7.7,CAMPANHA_PILOTO_01
2026-08-05,08:36:59,0.06,7.7,CAMPANHA_PILOTO_01
2026-08-05,08:37:00,0.06,7.7,CAMPANHA_PILOTO_01
2026-08-05,08:37:01,0.06,7.7,CAMPANHA_PILOTO_01
2026-08-05,08:37:02,0.06,7.7,CAMPANHA_PILOTO_01
2026-08-05,08:37:03,0.06,7.7,CAMPANHA_PILOTO_01
2026-08-05,08:37:04,0.06,7.7,CAMPANHA_PILOTO_01
2026-08-05,08:37:05,0.06,7.7,CAMPANHA_PILOTO_01
2026-08-05,08:37:06,0.06,7.7,CAMPANHA_PILOTO_01
2026-08-05,08:37:07,0.06,7.7,CAMPANHA_PILOTO_01
2026-08-05,08:37:08,0.06,7.7,CAMPANHA_PILOTO_01
2026-08-05,08:37:09,0.06,7.7,CAMPANHA_PILOTO_01
2026-08-05,08:37:10,0.06,7.7,CAMPANHA_PILOTO_01
2026-08-05,08:37:11,0.06,7.7,CAMPANHA_PILOTO_01
2026-08-05,08:37:12,0.06,7.7,CAMPANHA_PILOTO_01
2026-08-05,08:37:13,0.06,7.7,CAMPANHA_PILOTO_01
2026-08-05,08:37:14,0.06,7.7,CAMPANHA_PILOTO_01
2026-08-05,08:37:15,0.06,7.7,CAMPANHA_PILOTO_01
2026-08-05,08:37:16,0.06,7.7,CAMPANHA_PILOTO_01
2026-08-05,08:37:17,0.06,7.7,CAMPANHA_PILOTO_01
2026-08-05,08:37:18,0.06,7.7,CAMPANHA_PILOTO_01
2026-08-05,08:37:19,0.06,7.7,CAMPANHA_PILOTO_01
2026-08-05,08:37:20,0.06,7.7,CAMPANHA_PILOTO_01
2026-08-05,08:37:21,0.06,7.7,CAMPANHA_PILOTO_01
2026-08-05,08:37:22,0.06,7.7,CAMPANHA_PILOTO_01
2026-08-05,08:37:23,0.06,7.6,CAMPANHA_PILOTO_01
2026-08-05,08:37:24,0.06,7.6,CAMPANHA_PILOTO_01
2026-08-05,08:37:25,0.06,7.6,CAMPANHA_PILOTO_01
2026-08-05,08:37:26,0.06,7.6,CAMPANHA_PILOTO_01
2026-08-05,08:37:27,0.06,7.6,CAMPANHA_PILOTO_01
2026-08-05,08:37:28,0.06,7.6,CAMPANHA_PILOTO_01
2026-08-05,08:37:29,0.06,7.6,CAMPANHA_PILOTO_01
2026-08-05,08:37:30,0.06,7.6,CAMPANHA_PILOTO_01
2026-08-05,08:37:31,0.06,7.6,CAMPANHA_PILOTO_01
2026-08-05,08:37:32,0.06,7.6,CAMPANHA_PILOTO_01
2026-08-05,08:37:33,0.06,7.6,CAMPANHA_PILOTO_01
2026-08-05,08:37:34,0.06,7.6,CAMPANHA_PILOTO_01
2026-08-05,08:37:35,0.06,7.6,CAMPANHA_PILOTO_01
2026-08-05,08:37:36,0.06,7.6,CAMPANHA_PILOTO_01
2026-08-05,08:37:37,0.06,7.6,CAMPANHA_PILOTO_01
2026-08-05,08:37:38,0.06,7.6,CAMPANHA_PILOTO_01
2026-08-05,08:37:39,0.06,7.6,CAMPANHA_PILOTO_01
2026-08-05,08:37:40,0.06,7.6,CAMPANHA_PILOTO_01
2026-08-05,08:37:41,0.06,7.6,CAMPANHA_PILOTO_01
2026-08-05,08:37:42,0.06,7.6,CAMPANHA_PILOTO_01
2026-08-05,08:37:43,0.06,7.6,CAMPANHA_PILOTO_01
2026-08-05,08:37:44,0.06,7.6,CAMPANHA_PILOTO_01
2026-08-05,08:37:45,0.06,7.6,CAMPANHA_PILOTO_01
2026-08-05,08:37:46,0.06,7.6,CAMPANHA_PILOTO_01
2026-08-05,08:37:47,0.06,7.6,CAMPANHA_PILOTO_01
2026-08-05,08:37:48,0.06,7.6,CAMPANHA_PILOTO_01
2026-08-05,08:37:49,0.06,7.6,CAMPANHA_PILOTO_01
2026-08-05,08:37:50,0.06,7.6,CAMPANHA_PILOTO_01
2026-08-05,08:37:51,0.06,7.6,CAMPANHA_PILOTO_01
2026-08-05,08:37:52,0.06,7.6,CAMPANHA_PILOTO_01
2026-08-05,08:37:53,0.06,7.6,CAMPANHA_PILOTO_01
2026-08-05,08:37:54,0.06,7.6,CAMPANHA_PILOTO_01
2026-08-05,08:37:55,0.06,7.6,CAMPANHA_PILOTO_01
2026-08-05,08:37:56,0.06,7.6,CAMPANHA_PILOTO_01
